 frequency       v(cap)          v(cap)          i_loop          i_loop         
 1.00000000e+01  1.00009997e+00 -2.00040498e-04  3.18374393e-09  1.59170880e-05 
 1.00230524e+01  1.00010043e+00 -2.00501824e-04  3.19844237e-09  1.59537880e-05 
 1.00461579e+01  1.00010090e+00 -2.00964215e-04  3.21320869e-09  1.59905727e-05 
 1.00693167e+01  1.00010136e+00 -2.01427673e-04  3.22804320e-09  1.60274422e-05 
 1.00925289e+01  1.00010183e+00 -2.01892201e-04  3.24294621e-09  1.60643968e-05 
 1.01157945e+01  1.00010230e+00 -2.02357800e-04  3.25791802e-09  1.61014366e-05 
 1.01391139e+01  1.00010277e+00 -2.02824475e-04  3.27295899e-09  1.61385619e-05 
 1.01624869e+01  1.00010325e+00 -2.03292227e-04  3.28806940e-09  1.61757728e-05 
 1.01859139e+01  1.00010372e+00 -2.03761058e-04  3.30324957e-09  1.62130695e-05 
 1.02093948e+01  1.00010420e+00 -2.04230971e-04  3.31849986e-09  1.62504523e-05 
 1.02329299e+01  1.00010468e+00 -2.04701969e-04  3.33382057e-09  1.62879213e-05 
 1.02565193e+01  1.00010517e+00 -2.05174054e-04  3.34921203e-09  1.63254767e-05 
 1.02801630e+01  1.00010565e+00 -2.05647229e-04  3.36467456e-09  1.63631188e-05 
 1.03038612e+01  1.00010614e+00 -2.06121496e-04  3.38020848e-09  1.64008477e-05 
 1.03276141e+01  1.00010663e+00 -2.06596857e-04  3.39581415e-09  1.64386636e-05 
 1.03514217e+01  1.00010712e+00 -2.07073316e-04  3.41149187e-09  1.64765667e-05 
 1.03752842e+01  1.00010762e+00 -2.07550875e-04  3.42724199e-09  1.65145573e-05 
 1.03992017e+01  1.00010811e+00 -2.08029536e-04  3.44306484e-09  1.65526355e-05 
 1.04231743e+01  1.00010861e+00 -2.08509301e-04  3.45896076e-09  1.65908015e-05 
 1.04472022e+01  1.00010911e+00 -2.08990175e-04  3.47493008e-09  1.66290556e-05 
 1.04712855e+01  1.00010962e+00 -2.09472158e-04  3.49097315e-09  1.66673980e-05 
 1.04954243e+01  1.00011012e+00 -2.09955253e-04  3.50709029e-09  1.67058287e-05 
 1.05196187e+01  1.00011063e+00 -2.10439464e-04  3.52328187e-09  1.67443481e-05 
 1.05438690e+01  1.00011114e+00 -2.10924793e-04  3.53954822e-09  1.67829564e-05 
 1.05681751e+01  1.00011165e+00 -2.11411242e-04  3.55588968e-09  1.68216538e-05 
 1.05925373e+01  1.00011217e+00 -2.11898813e-04  3.57230660e-09  1.68604404e-05 
 1.06169556e+01  1.00011269e+00 -2.12387511e-04  3.58879935e-09  1.68993165e-05 
 1.06414302e+01  1.00011321e+00 -2.12877336e-04  3.60536824e-09  1.69382822e-05 
 1.06659612e+01  1.00011373e+00 -2.13368292e-04  3.62201364e-09  1.69773379e-05 
 1.06905488e+01  1.00011426e+00 -2.13860381e-04  3.63873592e-09  1.70164836e-05 
 1.07151931e+01  1.00011478e+00 -2.14353606e-04  3.65553543e-09  1.70557196e-05 
 1.07398941e+01  1.00011531e+00 -2.14847970e-04  3.67241250e-09  1.70950462e-05 
 1.07646521e+01  1.00011584e+00 -2.15343475e-04  3.68936752e-09  1.71344635e-05 
 1.07894672e+01  1.00011638e+00 -2.15840124e-04  3.70640083e-09  1.71739717e-05 
 1.08143395e+01  1.00011692e+00 -2.16337919e-04  3.72351278e-09  1.72135710e-05 
 1.08392691e+01  1.00011746e+00 -2.16836864e-04  3.74070379e-09  1.72532617e-05 
 1.08642562e+01  1.00011800e+00 -2.17336960e-04  3.75797416e-09  1.72930439e-05 
 1.08893009e+01  1.00011854e+00 -2.17838211e-04  3.77532431e-09  1.73329180e-05 
 1.09144034e+01  1.00011909e+00 -2.18340619e-04  3.79275455e-09  1.73728840e-05 
 1.09395637e+01  1.00011964e+00 -2.18844187e-04  3.81026530e-09  1.74129422e-05 
 1.09647820e+01  1.00012019e+00 -2.19348917e-04  3.82785692e-09  1.74530928e-05 
 1.09900584e+01  1.00012075e+00 -2.19854812e-04  3.84552978e-09  1.74933360e-05 
 1.10153931e+01  1.00012131e+00 -2.20361876e-04  3.86328424e-09  1.75336721e-05 
 1.10407862e+01  1.00012187e+00 -2.20870110e-04  3.88112069e-09  1.75741012e-05 
 1.10662378e+01  1.00012243e+00 -2.21379517e-04  3.89903953e-09  1.76146236e-05 
 1.10917482e+01  1.00012299e+00 -2.21890100e-04  3.91704109e-09  1.76552395e-05 
 1.11173173e+01  1.00012356e+00 -2.22401862e-04  3.93512580e-09  1.76959491e-05 
 1.11429453e+01  1.00012413e+00 -2.22914806e-04  3.95329403e-09  1.77367526e-05 
 1.11686325e+01  1.00012470e+00 -2.23428934e-04  3.97154616e-09  1.77776502e-05 
 1.11943788e+01  1.00012528e+00 -2.23944248e-04  3.98988258e-09  1.78186422e-05 
 1.12201845e+01  1.00012586e+00 -2.24460753e-04  4.00830366e-09  1.78597287e-05 
 1.12460497e+01  1.00012644e+00 -2.24978450e-04  4.02680986e-09  1.79009100e-05 
 1.12719746e+01  1.00012702e+00 -2.25497342e-04  4.04540148e-09  1.79421864e-05 
 1.12979591e+01  1.00012761e+00 -2.26017432e-04  4.06407897e-09  1.79835579e-05 
 1.13240036e+01  1.00012820e+00 -2.26538723e-04  4.08284272e-09  1.80250249e-05 
 1.13501082e+01  1.00012879e+00 -2.27061217e-04  4.10169311e-09  1.80665876e-05 
 1.13762729e+01  1.00012938e+00 -2.27584918e-04  4.12063058e-09  1.81082461e-05 
 1.14024979e+01  1.00012998e+00 -2.28109828e-04  4.13965547e-09  1.81500008e-05 
 1.14287833e+01  1.00013058e+00 -2.28635950e-04  4.15876826e-09  1.81918518e-05 
 1.14551294e+01  1.00013118e+00 -2.29163287e-04  4.17796931e-09  1.82337993e-05 
 1.14815362e+01  1.00013179e+00 -2.29691841e-04  4.19725899e-09  1.82758436e-05 
 1.15080039e+01  1.00013240e+00 -2.30221615e-04  4.21663781e-09  1.83179850e-05 
 1.15345326e+01  1.00013301e+00 -2.30752613e-04  4.23610611e-09  1.83602235e-05 
 1.15611224e+01  1.00013362e+00 -2.31284837e-04  4.25566432e-09  1.84025595e-05 
 1.15877736e+01  1.00013424e+00 -2.31818289e-04  4.27531284e-09  1.84449931e-05 
 1.16144861e+01  1.00013486e+00 -2.32352974e-04  4.29505210e-09  1.84875247e-05 
 1.16412603e+01  1.00013548e+00 -2.32888893e-04  4.31488254e-09  1.85301544e-05 
 1.16680962e+01  1.00013611e+00 -2.33426049e-04  4.33480456e-09  1.85728824e-05 
 1.16949939e+01  1.00013674e+00 -2.33964446e-04  4.35481858e-09  1.86157090e-05 
 1.17219537e+01  1.00013737e+00 -2.34504086e-04  4.37492503e-09  1.86586344e-05 
 1.17489755e+01  1.00013800e+00 -2.35044971e-04  4.39512435e-09  1.87016589e-05 
 1.17760597e+01  1.00013864e+00 -2.35587106e-04  4.41541694e-09  1.87447826e-05 
 1.18032064e+01  1.00013928e+00 -2.36130493e-04  4.43580325e-09  1.87880058e-05 
 1.18304156e+01  1.00013992e+00 -2.36675134e-04  4.45628373e-09  1.88313287e-05 
 1.18576875e+01  1.00014057e+00 -2.37221033e-04  4.47685878e-09  1.88747516e-05 
 1.18850223e+01  1.00014122e+00 -2.37768193e-04  4.49752885e-09  1.89182747e-05 
 1.19124201e+01  1.00014187e+00 -2.38316616e-04  4.51829439e-09  1.89618982e-05 
 1.19398810e+01  1.00014252e+00 -2.38866305e-04  4.53915584e-09  1.90056223e-05 
 1.19674053e+01  1.00014318e+00 -2.39417264e-04  4.56011363e-09  1.90494473e-05 
 1.19949930e+01  1.00014384e+00 -2.39969495e-04  4.58116822e-09  1.90933735e-05 
 1.20226443e+01  1.00014451e+00 -2.40523001e-04  4.60232005e-09  1.91374009e-05 
 1.20503594e+01  1.00014517e+00 -2.41077786e-04  4.62356957e-09  1.91815300e-05 
 1.20781384e+01  1.00014584e+00 -2.41633851e-04  4.64491722e-09  1.92257609e-05 
 1.21059813e+01  1.00014652e+00 -2.42191201e-04  4.66636346e-09  1.92700938e-05 
 1.21338885e+01  1.00014719e+00 -2.42749838e-04  4.68790875e-09  1.93145290e-05 
 1.21618600e+01  1.00014787e+00 -2.43309765e-04  4.70955357e-09  1.93590668e-05 
 1.21898960e+01  1.00014856e+00 -2.43870985e-04  4.73129834e-09  1.94037073e-05 
 1.22179966e+01  1.00014924e+00 -2.44433501e-04  4.75314354e-09  1.94484508e-05 
 1.22461620e+01  1.00014993e+00 -2.44997316e-04  4.77508963e-09  1.94932975e-05 
 1.22743923e+01  1.00015062e+00 -2.45562433e-04  4.79713708e-09  1.95382477e-05 
 1.23026877e+01  1.00015132e+00 -2.46128855e-04  4.81928637e-09  1.95833016e-05 
 1.23310483e+01  1.00015202e+00 -2.46696585e-04  4.84153794e-09  1.96284595e-05 
 1.23594743e+01  1.00015272e+00 -2.47265627e-04  4.86389231e-09  1.96737216e-05 
 1.23879659e+01  1.00015342e+00 -2.47835982e-04  4.88634989e-09  1.97190881e-05 
 1.24165231e+01  1.00015413e+00 -2.48407655e-04  4.90891121e-09  1.97645593e-05 
 1.24451461e+01  1.00015484e+00 -2.48980648e-04  4.93157673e-09  1.98101354e-05 
 1.24738351e+01  1.00015556e+00 -2.49554965e-04  4.95434693e-09  1.98558167e-05 
 1.25025903e+01  1.00015628e+00 -2.50130608e-04  4.97722233e-09  1.99016034e-05 
 1.25314117e+01  1.00015700e+00 -2.50707580e-04  5.00020335e-09  1.99474957e-05 
 1.25602996e+01  1.00015772e+00 -2.51285885e-04  5.02329053e-09  1.99934939e-05 
 1.25892541e+01  1.00015845e+00 -2.51865526e-04  5.04648433e-09  2.00395983e-05 
 1.26182753e+01  1.00015918e+00 -2.52446505e-04  5.06978524e-09  2.00858090e-05 
 1.26473635e+01  1.00015992e+00 -2.53028826e-04  5.09319381e-09  2.01321264e-05 
 1.26765187e+01  1.00016066e+00 -2.53612492e-04  5.11671047e-09  2.01785506e-05 
 1.27057411e+01  1.00016140e+00 -2.54197506e-04  5.14033577e-09  2.02250820e-05 
 1.27350308e+01  1.00016214e+00 -2.54783872e-04  5.16407017e-09  2.02717207e-05 
 1.27643881e+01  1.00016289e+00 -2.55371592e-04  5.18791419e-09  2.03184670e-05 
 1.27938130e+01  1.00016364e+00 -2.55960669e-04  5.21186838e-09  2.03653212e-05 
 1.28233058e+01  1.00016440e+00 -2.56551107e-04  5.23593316e-09  2.04122836e-05 
 1.28528666e+01  1.00016516e+00 -2.57142909e-04  5.26010912e-09  2.04593543e-05 
 1.28824955e+01  1.00016592e+00 -2.57736077e-04  5.28439673e-09  2.05065336e-05 
 1.29121927e+01  1.00016669e+00 -2.58330616e-04  5.30879654e-09  2.05538218e-05 
 1.29419584e+01  1.00016746e+00 -2.58926528e-04  5.33330903e-09  2.06012191e-05 
 1.29717927e+01  1.00016823e+00 -2.59523817e-04  5.35793477e-09  2.06487258e-05 
 1.30016958e+01  1.00016901e+00 -2.60122485e-04  5.38267423e-09  2.06963421e-05 
 1.30316678e+01  1.00016979e+00 -2.60722536e-04  5.40752795e-09  2.07440682e-05 
 1.30617089e+01  1.00017057e+00 -2.61323973e-04  5.43249649e-09  2.07919045e-05 
 1.30918192e+01  1.00017136e+00 -2.61926800e-04  5.45758036e-09  2.08398512e-05 
 1.31219990e+01  1.00017215e+00 -2.62531019e-04  5.48278008e-09  2.08879086e-05 
 1.31522483e+01  1.00017294e+00 -2.63136634e-04  5.50809620e-09  2.09360768e-05 
 1.31825674e+01  1.00017374e+00 -2.63743647e-04  5.53352924e-09  2.09843562e-05 
 1.32129563e+01  1.00017454e+00 -2.64352063e-04  5.55907977e-09  2.10327470e-05 
 1.32434154e+01  1.00017535e+00 -2.64961885e-04  5.58474832e-09  2.10812495e-05 
 1.32739446e+01  1.00017616e+00 -2.65573115e-04  5.61053543e-09  2.11298639e-05 
 1.33045442e+01  1.00017697e+00 -2.66185757e-04  5.63644166e-09  2.11785905e-05 
 1.33352143e+01  1.00017779e+00 -2.66799815e-04  5.66246754e-09  2.12274295e-05 
 1.33659552e+01  1.00017861e+00 -2.67415291e-04  5.68861364e-09  2.12763813e-05 
 1.33967669e+01  1.00017943e+00 -2.68032189e-04  5.71488052e-09  2.13254460e-05 
 1.34276496e+01  1.00018026e+00 -2.68650512e-04  5.74126871e-09  2.13746239e-05 
 1.34586035e+01  1.00018109e+00 -2.69270263e-04  5.76777880e-09  2.14239153e-05 
 1.34896288e+01  1.00018193e+00 -2.69891447e-04  5.79441135e-09  2.14733205e-05 
 1.35207256e+01  1.00018277e+00 -2.70514065e-04  5.82116693e-09  2.15228397e-05 
 1.35518941e+01  1.00018361e+00 -2.71138122e-04  5.84804607e-09  2.15724731e-05 
 1.35831345e+01  1.00018446e+00 -2.71763621e-04  5.87504938e-09  2.16222212e-05 
 1.36144468e+01  1.00018531e+00 -2.72390565e-04  5.90217744e-09  2.16720840e-05 
 1.36458314e+01  1.00018617e+00 -2.73018957e-04  5.92943080e-09  2.17220619e-05 
 1.36772883e+01  1.00018703e+00 -2.73648801e-04  5.95681004e-09  2.17721551e-05 
 1.37088177e+01  1.00018789e+00 -2.74280100e-04  5.98431576e-09  2.18223639e-05 
 1.37404198e+01  1.00018876e+00 -2.74912858e-04  6.01194853e-09  2.18726887e-05 
 1.37720947e+01  1.00018963e+00 -2.75547078e-04  6.03970894e-09  2.19231295e-05 
 1.38038426e+01  1.00019051e+00 -2.76182763e-04  6.06759762e-09  2.19736868e-05 
 1.38356638e+01  1.00019139e+00 -2.76819917e-04  6.09561509e-09  2.20243607e-05 
 1.38675583e+01  1.00019227e+00 -2.77458543e-04  6.12376199e-09  2.20751516e-05 
 1.38995263e+01  1.00019316e+00 -2.78098645e-04  6.15203892e-09  2.21260597e-05 
 1.39315680e+01  1.00019405e+00 -2.78740226e-04  6.18044646e-09  2.21770853e-05 
 1.39636836e+01  1.00019494e+00 -2.79383289e-04  6.20898523e-09  2.22282287e-05 
 1.39958732e+01  1.00019584e+00 -2.80027838e-04  6.23765583e-09  2.22794901e-05 
 1.40281370e+01  1.00019675e+00 -2.80673876e-04  6.26645889e-09  2.23308698e-05 
 1.40604752e+01  1.00019766e+00 -2.81321407e-04  6.29539497e-09  2.23823681e-05 
 1.40928880e+01  1.00019857e+00 -2.81970435e-04  6.32446474e-09  2.24339853e-05 
 1.41253754e+01  1.00019949e+00 -2.82620962e-04  6.35366879e-09  2.24857216e-05 
 1.41579378e+01  1.00020041e+00 -2.83272992e-04  6.38300776e-09  2.25375773e-05 
 1.41905752e+01  1.00020133e+00 -2.83926529e-04  6.41248225e-09  2.25895527e-05 
 1.42232879e+01  1.00020226e+00 -2.84581577e-04  6.44209290e-09  2.26416480e-05 
 1.42560759e+01  1.00020320e+00 -2.85238138e-04  6.47184032e-09  2.26938636e-05 
 1.42889396e+01  1.00020413e+00 -2.85896216e-04  6.50172517e-09  2.27461997e-05 
 1.43218790e+01  1.00020508e+00 -2.86555815e-04  6.53174810e-09  2.27986565e-05 
 1.43548943e+01  1.00020602e+00 -2.87216938e-04  6.56190971e-09  2.28512345e-05 
 1.43879858e+01  1.00020697e+00 -2.87879589e-04  6.59221064e-09  2.29039338e-05 
 1.44211535e+01  1.00020793e+00 -2.88543772e-04  6.62265155e-09  2.29567548e-05 
 1.44543977e+01  1.00020889e+00 -2.89209489e-04  6.65323311e-09  2.30096976e-05 
 1.44877185e+01  1.00020985e+00 -2.89876745e-04  6.68395593e-09  2.30627627e-05 
 1.45211162e+01  1.00021082e+00 -2.90545543e-04  6.71482067e-09  2.31159503e-05 
 1.45545908e+01  1.00021180e+00 -2.91215886e-04  6.74582801e-09  2.31692606e-05 
 1.45881426e+01  1.00021277e+00 -2.91887779e-04  6.77697860e-09  2.32226939e-05 
 1.46217717e+01  1.00021376e+00 -2.92561225e-04  6.80827307e-09  2.32762506e-05 
 1.46554784e+01  1.00021474e+00 -2.93236227e-04  6.83971215e-09  2.33299310e-05 
 1.46892628e+01  1.00021573e+00 -2.93912789e-04  6.87129644e-09  2.33837352e-05 
 1.47231250e+01  1.00021673e+00 -2.94590914e-04  6.90302666e-09  2.34376636e-05 
 1.47570653e+01  1.00021773e+00 -2.95270608e-04  6.93490346e-09  2.34917165e-05 
 1.47910839e+01  1.00021874e+00 -2.95951872e-04  6.96692752e-09  2.35458942e-05 
 1.48251809e+01  1.00021975e+00 -2.96634710e-04  6.99909953e-09  2.36001969e-05 
 1.48593564e+01  1.00022076e+00 -2.97319127e-04  7.03142018e-09  2.36546249e-05 
 1.48936108e+01  1.00022178e+00 -2.98005126e-04  7.06389013e-09  2.37091786e-05 
 1.49279441e+01  1.00022280e+00 -2.98692710e-04  7.09651012e-09  2.37638583e-05 
 1.49623566e+01  1.00022383e+00 -2.99381884e-04  7.12928078e-09  2.38186641e-05 
 1.49968484e+01  1.00022487e+00 -3.00072651e-04  7.16220285e-09  2.38735965e-05 
 1.50314197e+01  1.00022590e+00 -3.00765014e-04  7.19527702e-09  2.39286556e-05 
 1.50660707e+01  1.00022695e+00 -3.01458978e-04  7.22850398e-09  2.39838419e-05 
 1.51008015e+01  1.00022799e+00 -3.02154546e-04  7.26188445e-09  2.40391555e-05 
 1.51356125e+01  1.00022905e+00 -3.02851721e-04  7.29541914e-09  2.40945969e-05 
 1.51705037e+01  1.00023011e+00 -3.03550509e-04  7.32910876e-09  2.41501662e-05 
 1.52054753e+01  1.00023117e+00 -3.04250911e-04  7.36295404e-09  2.42058638e-05 
 1.52405275e+01  1.00023223e+00 -3.04952933e-04  7.39695568e-09  2.42616899e-05 
 1.52756606e+01  1.00023331e+00 -3.05656578e-04  7.43111441e-09  2.43176450e-05 
 1.53108746e+01  1.00023438e+00 -3.06361849e-04  7.46543097e-09  2.43737292e-05 
 1.53461698e+01  1.00023547e+00 -3.07068750e-04  7.49990605e-09  2.44299429e-05 
 1.53815464e+01  1.00023655e+00 -3.07777286e-04  7.53454044e-09  2.44862863e-05 
 1.54170045e+01  1.00023765e+00 -3.08487460e-04  7.56933482e-09  2.45427598e-05 
 1.54525444e+01  1.00023874e+00 -3.09199275e-04  7.60428997e-09  2.45993637e-05 
 1.54881662e+01  1.00023984e+00 -3.09912736e-04  7.63940661e-09  2.46560983e-05 
 1.55238701e+01  1.00024095e+00 -3.10627847e-04  7.67468551e-09  2.47129638e-05 
 1.55596563e+01  1.00024206e+00 -3.11344611e-04  7.71012740e-09  2.47699606e-05 
 1.55955250e+01  1.00024318e+00 -3.12063032e-04  7.74573305e-09  2.48270890e-05 
 1.56314764e+01  1.00024431e+00 -3.12783114e-04  7.78150319e-09  2.48843493e-05 
 1.56675107e+01  1.00024543e+00 -3.13504860e-04  7.81743862e-09  2.49417418e-05 
 1.57036280e+01  1.00024657e+00 -3.14228276e-04  7.85354008e-09  2.49992668e-05 
 1.57398286e+01  1.00024770e+00 -3.14953364e-04  7.88980834e-09  2.50569245e-05 
 1.57761127e+01  1.00024885e+00 -3.15680128e-04  7.92624416e-09  2.51147154e-05 
 1.58124804e+01  1.00025000e+00 -3.16408573e-04  7.96284833e-09  2.51726397e-05 
 1.58489319e+01  1.00025115e+00 -3.17138702e-04  7.99962164e-09  2.52306978e-05 
 1.58854675e+01  1.00025231e+00 -3.17870520e-04  8.03656486e-09  2.52888899e-05 
 1.59220873e+01  1.00025348e+00 -3.18604029e-04  8.07367877e-09  2.53472163e-05 
 1.59587915e+01  1.00025465e+00 -3.19339235e-04  8.11096414e-09  2.54056774e-05 
 1.59955803e+01  1.00025582e+00 -3.20076140e-04  8.14842182e-09  2.54642735e-05 
 1.60324539e+01  1.00025700e+00 -3.20814750e-04  8.18605255e-09  2.55230048e-05 
 1.60694125e+01  1.00025819e+00 -3.21555067e-04  8.22385719e-09  2.55818718e-05 
 1.61064564e+01  1.00025938e+00 -3.22297097e-04  8.26183647e-09  2.56408746e-05 
 1.61435856e+01  1.00026058e+00 -3.23040842e-04  8.29999126e-09  2.57000137e-05 
 1.61808004e+01  1.00026178e+00 -3.23786307e-04  8.33832234e-09  2.57592893e-05 
 1.62181010e+01  1.00026299e+00 -3.24533496e-04  8.37683053e-09  2.58187018e-05 
 1.62554876e+01  1.00026420e+00 -3.25282413e-04  8.41551666e-09  2.58782515e-05 
 1.62929603e+01  1.00026542e+00 -3.26033061e-04  8.45438156e-09  2.59379387e-05 
 1.63305195e+01  1.00026665e+00 -3.26785446e-04  8.49342602e-09  2.59977636e-05 
 1.63681652e+01  1.00026788e+00 -3.27539571e-04  8.53265089e-09  2.60577267e-05 
 1.64058977e+01  1.00026912e+00 -3.28295440e-04  8.57205702e-09  2.61178283e-05 
 1.64437172e+01  1.00027036e+00 -3.29053056e-04  8.61164524e-09  2.61780686e-05 
 1.64816239e+01  1.00027161e+00 -3.29812425e-04  8.65141640e-09  2.62384481e-05 
 1.65196180e+01  1.00027286e+00 -3.30573550e-04  8.69137130e-09  2.62989669e-05 
 1.65576996e+01  1.00027412e+00 -3.31336436e-04  8.73151086e-09  2.63596255e-05 
 1.65958691e+01  1.00027539e+00 -3.32101086e-04  8.77183587e-09  2.64204241e-05 
 1.66341265e+01  1.00027666e+00 -3.32867504e-04  8.81234724e-09  2.64813632e-05 
 1.66724721e+01  1.00027794e+00 -3.33635696e-04  8.85304581e-09  2.65424429e-05 
 1.67109061e+01  1.00027922e+00 -3.34405663e-04  8.89393245e-09  2.66036637e-05 
 1.67494288e+01  1.00028051e+00 -3.35177412e-04  8.93500799e-09  2.66650258e-05 
 1.67880402e+01  1.00028180e+00 -3.35950946e-04  8.97627337e-09  2.67265297e-05 
 1.68267406e+01  1.00028311e+00 -3.36726269e-04  9.01772943e-09  2.67881755e-05 
 1.68655303e+01  1.00028441e+00 -3.37503386e-04  9.05937704e-09  2.68499637e-05 
 1.69044093e+01  1.00028573e+00 -3.38282300e-04  9.10121714e-09  2.69118946e-05 
 1.69433780e+01  1.00028705e+00 -3.39063015e-04  9.14325057e-09  2.69739685e-05 
 1.69824365e+01  1.00028837e+00 -3.39845537e-04  9.18547825e-09  2.70361858e-05 
 1.70215851e+01  1.00028970e+00 -3.40629869e-04  9.22790106e-09  2.70985467e-05 
 1.70608239e+01  1.00029104e+00 -3.41416015e-04  9.27051991e-09  2.71610516e-05 
 1.71001532e+01  1.00029238e+00 -3.42203980e-04  9.31333570e-09  2.72237009e-05 
 1.71395731e+01  1.00029373e+00 -3.42993768e-04  9.35634938e-09  2.72864948e-05 
 1.71790839e+01  1.00029509e+00 -3.43785382e-04  9.39956182e-09  2.73494337e-05 
 1.72186857e+01  1.00029645e+00 -3.44578828e-04  9.44297394e-09  2.74125180e-05 
 1.72583789e+01  1.00029782e+00 -3.45374110e-04  9.48658670e-09  2.74757480e-05 
 1.72981636e+01  1.00029920e+00 -3.46171232e-04  9.53040099e-09  2.75391240e-05 
 1.73380400e+01  1.00030058e+00 -3.46970197e-04  9.57441780e-09  2.76026464e-05 
 1.73780083e+01  1.00030197e+00 -3.47771011e-04  9.61863800e-09  2.76663154e-05 
 1.74180687e+01  1.00030336e+00 -3.48573678e-04  9.66306256e-09  2.77301315e-05 
 1.74582215e+01  1.00030476e+00 -3.49378202e-04  9.70769242e-09  2.77940950e-05 
 1.74984669e+01  1.00030617e+00 -3.50184587e-04  9.75252852e-09  2.78582062e-05 
 1.75388050e+01  1.00030758e+00 -3.50992838e-04  9.79757185e-09  2.79224654e-05 
 1.75792361e+01  1.00030900e+00 -3.51802960e-04  9.84282333e-09  2.79868731e-05 
 1.76197605e+01  1.00031043e+00 -3.52614955e-04  9.88828397e-09  2.80514295e-05 
 1.76603782e+01  1.00031186e+00 -3.53428830e-04  9.93395469e-09  2.81161350e-05 
 1.77010896e+01  1.00031330e+00 -3.54244587e-04  9.97983647e-09  2.81809900e-05 
 1.77418948e+01  1.00031475e+00 -3.55062233e-04  1.00259303e-08  2.82459947e-05 
 1.77827941e+01  1.00031620e+00 -3.55881770e-04  1.00722372e-08  2.83111496e-05 
 1.78237877e+01  1.00031766e+00 -3.56703204e-04  1.01187580e-08  2.83764549e-05 
 1.78648757e+01  1.00031913e+00 -3.57526538e-04  1.01654939e-08  2.84419111e-05 
 1.79060585e+01  1.00032060e+00 -3.58351778e-04  1.02124458e-08  2.85075185e-05 
 1.79473363e+01  1.00032208e+00 -3.59178927e-04  1.02596147e-08  2.85732774e-05 
 1.79887092e+01  1.00032357e+00 -3.60007991e-04  1.03070016e-08  2.86391882e-05 
 1.80301774e+01  1.00032506e+00 -3.60838973e-04  1.03546075e-08  2.87052512e-05 
 1.80717413e+01  1.00032656e+00 -3.61671878e-04  1.04024334e-08  2.87714668e-05 
 1.81134009e+01  1.00032807e+00 -3.62506711e-04  1.04504804e-08  2.88378354e-05 
 1.81551566e+01  1.00032959e+00 -3.63343476e-04  1.04987494e-08  2.89043572e-05 
 1.81970086e+01  1.00033111e+00 -3.64182178e-04  1.05472415e-08  2.89710327e-05 
 1.82389570e+01  1.00033264e+00 -3.65022820e-04  1.05959577e-08  2.90378622e-05 
 1.82810022e+01  1.00033417e+00 -3.65865408e-04  1.06448992e-08  2.91048461e-05 
 1.83231442e+01  1.00033572e+00 -3.66709947e-04  1.06940668e-08  2.91719847e-05 
 1.83653834e+01  1.00033727e+00 -3.67556440e-04  1.07434616e-08  2.92392784e-05 
 1.84077200e+01  1.00033882e+00 -3.68404892e-04  1.07930848e-08  2.93067275e-05 
 1.84501542e+01  1.00034039e+00 -3.69255308e-04  1.08429374e-08  2.93743324e-05 
 1.84926862e+01  1.00034196e+00 -3.70107693e-04  1.08930203e-08  2.94420935e-05 
 1.85353162e+01  1.00034354e+00 -3.70962051e-04  1.09433348e-08  2.95100111e-05 
 1.85780446e+01  1.00034512e+00 -3.71818386e-04  1.09938818e-08  2.95780856e-05 
 1.86208714e+01  1.00034672e+00 -3.72676703e-04  1.10446624e-08  2.96463174e-05 
 1.86637969e+01  1.00034832e+00 -3.73537008e-04  1.10956778e-08  2.97147067e-05 
 1.87068214e+01  1.00034993e+00 -3.74399304e-04  1.11469290e-08  2.97832541e-05 
 1.87499451e+01  1.00035154e+00 -3.75263596e-04  1.11984170e-08  2.98519598e-05 
 1.87931682e+01  1.00035317e+00 -3.76129888e-04  1.12501431e-08  2.99208242e-05 
 1.88364909e+01  1.00035480e+00 -3.76998187e-04  1.13021083e-08  2.99898477e-05 
 1.88799135e+01  1.00035644e+00 -3.77868495e-04  1.13543136e-08  3.00590307e-05 
 1.89234362e+01  1.00035808e+00 -3.78740819e-04  1.14067603e-08  3.01283735e-05 
 1.89670592e+01  1.00035973e+00 -3.79615161e-04  1.14594494e-08  3.01978765e-05 
 1.90107828e+01  1.00036140e+00 -3.80491529e-04  1.15123820e-08  3.02675400e-05 
 1.90546072e+01  1.00036306e+00 -3.81369925e-04  1.15655594e-08  3.03373645e-05 
 1.90985326e+01  1.00036474e+00 -3.82250355e-04  1.16189825e-08  3.04073503e-05 
 1.91425593e+01  1.00036643e+00 -3.83132823e-04  1.16726526e-08  3.04774978e-05 
 1.91866874e+01  1.00036812e+00 -3.84017335e-04  1.17265708e-08  3.05478074e-05 
 1.92309173e+01  1.00036982e+00 -3.84903894e-04  1.17807382e-08  3.06182794e-05 
 1.92752491e+01  1.00037152e+00 -3.85792507e-04  1.18351561e-08  3.06889142e-05 
 1.93196832e+01  1.00037324e+00 -3.86683177e-04  1.18898255e-08  3.07597122e-05 
 1.93642196e+01  1.00037496e+00 -3.87575909e-04  1.19447476e-08  3.08306738e-05 
 1.94088588e+01  1.00037669e+00 -3.88470709e-04  1.19999236e-08  3.09017993e-05 
 1.94536008e+01  1.00037843e+00 -3.89367581e-04  1.20553546e-08  3.09730892e-05 
 1.94984460e+01  1.00038018e+00 -3.90266530e-04  1.21110419e-08  3.10445437e-05 
 1.95433946e+01  1.00038194e+00 -3.91167560e-04  1.21669867e-08  3.11161634e-05 
 1.95884467e+01  1.00038370e+00 -3.92070677e-04  1.22231901e-08  3.11879485e-05 
 1.96336028e+01  1.00038547e+00 -3.92975885e-04  1.22796532e-08  3.12598996e-05 
 1.96788629e+01  1.00038725e+00 -3.93883190e-04  1.23363774e-08  3.13320168e-05 
 1.97242274e+01  1.00038904e+00 -3.94792597e-04  1.23933639e-08  3.14043007e-05 
 1.97696964e+01  1.00039084e+00 -3.95704109e-04  1.24506138e-08  3.14767516e-05 
 1.98152703e+01  1.00039264e+00 -3.96617732e-04  1.25081284e-08  3.15493699e-05 
 1.98609492e+01  1.00039446e+00 -3.97533472e-04  1.25659088e-08  3.16221561e-05 
 1.99067334e+01  1.00039628e+00 -3.98451332e-04  1.26239564e-08  3.16951104e-05 
 1.99526231e+01  1.00039811e+00 -3.99371319e-04  1.26822723e-08  3.17682332e-05 
 1.99986187e+01  1.00039994e+00 -4.00293436e-04  1.27408579e-08  3.18415251e-05 
 2.00447203e+01  1.00040179e+00 -4.01217690e-04  1.27997143e-08  3.19149863e-05 
 2.00909281e+01  1.00040365e+00 -4.02144084e-04  1.28588427e-08  3.19886173e-05 
 2.01372425e+01  1.00040551e+00 -4.03072624e-04  1.29182446e-08  3.20624184e-05 
 2.01836636e+01  1.00040738e+00 -4.04003315e-04  1.29779211e-08  3.21363901e-05 
 2.02301918e+01  1.00040926e+00 -4.04936162e-04  1.30378735e-08  3.22105327e-05 
 2.02768272e+01  1.00041115e+00 -4.05871170e-04  1.30981031e-08  3.22848466e-05 
 2.03235701e+01  1.00041305e+00 -4.06808344e-04  1.31586112e-08  3.23593323e-05 
 2.03704208e+01  1.00041496e+00 -4.07747689e-04  1.32193990e-08  3.24339901e-05 
 2.04173794e+01  1.00041688e+00 -4.08689211e-04  1.32804678e-08  3.25088204e-05 
 2.04644464e+01  1.00041880e+00 -4.09632913e-04  1.33418191e-08  3.25838237e-05 
 2.05116218e+01  1.00042074e+00 -4.10578802e-04  1.34034539e-08  3.26590003e-05 
 2.05589060e+01  1.00042268e+00 -4.11526883e-04  1.34653738e-08  3.27343506e-05 
 2.06062991e+01  1.00042463e+00 -4.12477160e-04  1.35275799e-08  3.28098751e-05 
 2.06538016e+01  1.00042659e+00 -4.13429639e-04  1.35900737e-08  3.28855741e-05 
 2.07014135e+01  1.00042856e+00 -4.14384325e-04  1.36528564e-08  3.29614481e-05 
 2.07491352e+01  1.00043054e+00 -4.15341223e-04  1.37159294e-08  3.30374974e-05 
 2.07969669e+01  1.00043253e+00 -4.16300339e-04  1.37792940e-08  3.31137225e-05 
 2.08449088e+01  1.00043453e+00 -4.17261677e-04  1.38429516e-08  3.31901238e-05 
 2.08929613e+01  1.00043653e+00 -4.18225242e-04  1.39069036e-08  3.32667017e-05 
 2.09411246e+01  1.00043855e+00 -4.19191040e-04  1.39711512e-08  3.33434565e-05 
 2.09893988e+01  1.00044057e+00 -4.20159077e-04  1.40356959e-08  3.34203888e-05 
 2.10377844e+01  1.00044261e+00 -4.21129357e-04  1.41005391e-08  3.34974989e-05 
 2.10862815e+01  1.00044465e+00 -4.22101885e-04  1.41656822e-08  3.35747872e-05 
 2.11348904e+01  1.00044670e+00 -4.23076668e-04  1.42311264e-08  3.36522541e-05 
 2.11836114e+01  1.00044877e+00 -4.24053709e-04  1.42968733e-08  3.37299001e-05 
 2.12324446e+01  1.00045084e+00 -4.25033015e-04  1.43629242e-08  3.38077256e-05 
 2.12813905e+01  1.00045292e+00 -4.26014591e-04  1.44292805e-08  3.38857310e-05 
 2.13304491e+01  1.00045501e+00 -4.26998441e-04  1.44959436e-08  3.39639167e-05 
 2.13796209e+01  1.00045711e+00 -4.27984573e-04  1.45629151e-08  3.40422831e-05 
 2.14289060e+01  1.00045923e+00 -4.28972990e-04  1.46301962e-08  3.41208306e-05 
 2.14783047e+01  1.00046135e+00 -4.29963698e-04  1.46977884e-08  3.41995598e-05 
 2.15278173e+01  1.00046348e+00 -4.30956702e-04  1.47656932e-08  3.42784709e-05 
 2.15774441e+01  1.00046562e+00 -4.31952008e-04  1.48339120e-08  3.43575644e-05 
 2.16271852e+01  1.00046777e+00 -4.32949622e-04  1.49024463e-08  3.44368408e-05 
 2.16770410e+01  1.00046993e+00 -4.33949548e-04  1.49712976e-08  3.45163004e-05 
 2.17270118e+01  1.00047210e+00 -4.34951792e-04  1.50404672e-08  3.45959438e-05 
 2.17770977e+01  1.00047428e+00 -4.35956360e-04  1.51099567e-08  3.46757712e-05 
 2.18272991e+01  1.00047647e+00 -4.36963257e-04  1.51797676e-08  3.47557832e-05 
 2.18776162e+01  1.00047867e+00 -4.37972488e-04  1.52499013e-08  3.48359802e-05 
 2.19280494e+01  1.00048088e+00 -4.38984059e-04  1.53203593e-08  3.49163625e-05 
 2.19785987e+01  1.00048310e+00 -4.39997976e-04  1.53911432e-08  3.49969308e-05 
 2.20292646e+01  1.00048533e+00 -4.41014243e-04  1.54622545e-08  3.50776852e-05 
 2.20800473e+01  1.00048757e+00 -4.42032867e-04  1.55336946e-08  3.51586264e-05 
 2.21309471e+01  1.00048982e+00 -4.43053852e-04  1.56054652e-08  3.52397547e-05 
 2.21819642e+01  1.00049208e+00 -4.44077205e-04  1.56775676e-08  3.53210706e-05 
 2.22330989e+01  1.00049436e+00 -4.45102931e-04  1.57500036e-08  3.54025745e-05 
 2.22843515e+01  1.00049664e+00 -4.46131036e-04  1.58227745e-08  3.54842668e-05 
 2.23357222e+01  1.00049893e+00 -4.47161525e-04  1.58958820e-08  3.55661480e-05 
 2.23872114e+01  1.00050124e+00 -4.48194403e-04  1.59693276e-08  3.56482186e-05 
 2.24388192e+01  1.00050355e+00 -4.49229677e-04  1.60431129e-08  3.57304789e-05 
 2.24905461e+01  1.00050588e+00 -4.50267352e-04  1.61172395e-08  3.58129294e-05 
 2.25423921e+01  1.00050821e+00 -4.51307434e-04  1.61917089e-08  3.58955705e-05 
 2.25943577e+01  1.00051056e+00 -4.52349927e-04  1.62665228e-08  3.59784028e-05 
 2.26464431e+01  1.00051292e+00 -4.53394839e-04  1.63416827e-08  3.60614265e-05 
 2.26986485e+01  1.00051529e+00 -4.54442174e-04  1.64171903e-08  3.61446423e-05 
 2.27509743e+01  1.00051767e+00 -4.55491939e-04  1.64930470e-08  3.62280504e-05 
 2.28034207e+01  1.00052006e+00 -4.56544138e-04  1.65692547e-08  3.63116515e-05 
 2.28559880e+01  1.00052246e+00 -4.57598779e-04  1.66458148e-08  3.63954459e-05 
 2.29086765e+01  1.00052487e+00 -4.58655865e-04  1.67227291e-08  3.64794340e-05 
 2.29614865e+01  1.00052730e+00 -4.59715404e-04  1.67999991e-08  3.65636164e-05 
 2.30144182e+01  1.00052973e+00 -4.60777401e-04  1.68776265e-08  3.66479934e-05 
 2.30674719e+01  1.00053218e+00 -4.61841862e-04  1.69556131e-08  3.67325656e-05 
 2.31206479e+01  1.00053464e+00 -4.62908792e-04  1.70339603e-08  3.68173333e-05 
 2.31739465e+01  1.00053711e+00 -4.63978197e-04  1.71126700e-08  3.69022971e-05 
 2.32273680e+01  1.00053959e+00 -4.65050084e-04  1.71917437e-08  3.69874574e-05 
 2.32809126e+01  1.00054208e+00 -4.66124457e-04  1.72711833e-08  3.70728146e-05 
 2.33345806e+01  1.00054458e+00 -4.67201324e-04  1.73509903e-08  3.71583692e-05 
 2.33883724e+01  1.00054710e+00 -4.68280689e-04  1.74311664e-08  3.72441218e-05 
 2.34422882e+01  1.00054962e+00 -4.69362558e-04  1.75117135e-08  3.73300726e-05 
 2.34963282e+01  1.00055216e+00 -4.70446938e-04  1.75926332e-08  3.74162222e-05 
 2.35504928e+01  1.00055471e+00 -4.71533834e-04  1.76739272e-08  3.75025711e-05 
 2.36047823e+01  1.00055727e+00 -4.72623253e-04  1.77555973e-08  3.75891197e-05 
 2.36591970e+01  1.00055985e+00 -4.73715199e-04  1.78376452e-08  3.76758685e-05 
 2.37137371e+01  1.00056243e+00 -4.74809680e-04  1.79200727e-08  3.77628179e-05 
 2.37684029e+01  1.00056503e+00 -4.75906701e-04  1.80028815e-08  3.78499685e-05 
 2.38231947e+01  1.00056764e+00 -4.77006268e-04  1.80860733e-08  3.79373206e-05 
 2.38781128e+01  1.00057026e+00 -4.78108387e-04  1.81696501e-08  3.80248748e-05 
 2.39331576e+01  1.00057289e+00 -4.79213064e-04  1.82536135e-08  3.81126315e-05 
 2.39883292e+01  1.00057554e+00 -4.80320305e-04  1.83379653e-08  3.82005912e-05 
 2.40436280e+01  1.00057820e+00 -4.81430116e-04  1.84227075e-08  3.82887544e-05 
 2.40990543e+01  1.00058087e+00 -4.82542503e-04  1.85078416e-08  3.83771215e-05 
 2.41546083e+01  1.00058355e+00 -4.83657472e-04  1.85933697e-08  3.84656930e-05 
 2.42102905e+01  1.00058625e+00 -4.84775030e-04  1.86792934e-08  3.85544694e-05 
 2.42661010e+01  1.00058895e+00 -4.85895182e-04  1.87656147e-08  3.86434512e-05 
 2.43220401e+01  1.00059167e+00 -4.87017935e-04  1.88523353e-08  3.87326389e-05 
 2.43781082e+01  1.00059441e+00 -4.88143294e-04  1.89394572e-08  3.88220329e-05 
 2.44343055e+01  1.00059715e+00 -4.89271265e-04  1.90269822e-08  3.89116337e-05 
 2.44906324e+01  1.00059991e+00 -4.90401856e-04  1.91149122e-08  3.90014417e-05 
 2.45470892e+01  1.00060268e+00 -4.91535072e-04  1.92032490e-08  3.90914576e-05 
 2.46036760e+01  1.00060547e+00 -4.92670919e-04  1.92919945e-08  3.91816817e-05 
 2.46603934e+01  1.00060826e+00 -4.93809403e-04  1.93811507e-08  3.92721146e-05 
 2.47172415e+01  1.00061107e+00 -4.94950531e-04  1.94707193e-08  3.93627567e-05 
 2.47742206e+01  1.00061389e+00 -4.96094309e-04  1.95607025e-08  3.94536085e-05 
 2.48313311e+01  1.00061673e+00 -4.97240743e-04  1.96511020e-08  3.95446705e-05 
 2.48885732e+01  1.00061958e+00 -4.98389840e-04  1.97419197e-08  3.96359432e-05 
 2.49459473e+01  1.00062244e+00 -4.99541605e-04  1.98331578e-08  3.97274271e-05 
 2.50034536e+01  1.00062531e+00 -5.00696045e-04  1.99248180e-08  3.98191227e-05 
 2.50610925e+01  1.00062820e+00 -5.01853166e-04  2.00169023e-08  3.99110304e-05 
 2.51188643e+01  1.00063110e+00 -5.03012975e-04  2.01094128e-08  4.00031508e-05 
 2.51767693e+01  1.00063402e+00 -5.04175477e-04  2.02023513e-08  4.00954844e-05 
 2.52348077e+01  1.00063695e+00 -5.05340680e-04  2.02957200e-08  4.01880317e-05 
 2.52929800e+01  1.00063989e+00 -5.06508589e-04  2.03895207e-08  4.02807931e-05 
 2.53512863e+01  1.00064284e+00 -5.07679212e-04  2.04837554e-08  4.03737691e-05 
 2.54097271e+01  1.00064581e+00 -5.08852554e-04  2.05784263e-08  4.04669604e-05 
 2.54683025e+01  1.00064880e+00 -5.10028621e-04  2.06735353e-08  4.05603673e-05 
 2.55270130e+01  1.00065179e+00 -5.11207421e-04  2.07690844e-08  4.06539903e-05 
 2.55858589e+01  1.00065480e+00 -5.12388960e-04  2.08650757e-08  4.07478300e-05 
 2.56448404e+01  1.00065783e+00 -5.13573243e-04  2.09615113e-08  4.08418869e-05 
 2.57039578e+01  1.00066087e+00 -5.14760279e-04  2.10583931e-08  4.09361615e-05 
 2.57632116e+01  1.00066392e+00 -5.15950072e-04  2.11557233e-08  4.10306542e-05 
 2.58226019e+01  1.00066698e+00 -5.17142630e-04  2.12535040e-08  4.11253657e-05 
 2.58821292e+01  1.00067007e+00 -5.18337959e-04  2.13517372e-08  4.12202964e-05 
 2.59417936e+01  1.00067316e+00 -5.19536066e-04  2.14504251e-08  4.13154467e-05 
 2.60015956e+01  1.00067627e+00 -5.20736957e-04  2.15495697e-08  4.14108174e-05 
 2.60615355e+01  1.00067939e+00 -5.21940639e-04  2.16491732e-08  4.15064087e-05 
 2.61216135e+01  1.00068253e+00 -5.23147118e-04  2.17492377e-08  4.16022213e-05 
 2.61818301e+01  1.00068568e+00 -5.24356401e-04  2.18497653e-08  4.16982557e-05 
 2.62421854e+01  1.00068885e+00 -5.25568495e-04  2.19507582e-08  4.17945124e-05 
 2.63026799e+01  1.00069203e+00 -5.26783406e-04  2.20522185e-08  4.18909919e-05 
 2.63633139e+01  1.00069523e+00 -5.28001141e-04  2.21541485e-08  4.19876947e-05 
 2.64240876e+01  1.00069844e+00 -5.29221706e-04  2.22565503e-08  4.20846214e-05 
 2.64850014e+01  1.00070167e+00 -5.30445109e-04  2.23594261e-08  4.21817725e-05 
 2.65460556e+01  1.00070491e+00 -5.31671356e-04  2.24627780e-08  4.22791484e-05 
 2.66072506e+01  1.00070816e+00 -5.32900454e-04  2.25666084e-08  4.23767498e-05 
 2.66685866e+01  1.00071143e+00 -5.34132409e-04  2.26709193e-08  4.24745772e-05 
 2.67300641e+01  1.00071472e+00 -5.35367228e-04  2.27757131e-08  4.25726310e-05 
 2.67916832e+01  1.00071802e+00 -5.36604918e-04  2.28809921e-08  4.26709118e-05 
 2.68534445e+01  1.00072134e+00 -5.37845486e-04  2.29867583e-08  4.27694202e-05 
 2.69153480e+01  1.00072467e+00 -5.39088938e-04  2.30930142e-08  4.28681566e-05 
 2.69773943e+01  1.00072802e+00 -5.40335282e-04  2.31997619e-08  4.29671216e-05 
 2.70395836e+01  1.00073138e+00 -5.41584524e-04  2.33070038e-08  4.30663158e-05 
 2.71019163e+01  1.00073476e+00 -5.42836671e-04  2.34147422e-08  4.31657396e-05 
 2.71643927e+01  1.00073815e+00 -5.44091730e-04  2.35229793e-08  4.32653936e-05 
 2.72270131e+01  1.00074156e+00 -5.45349708e-04  2.36317175e-08  4.33652784e-05 
 2.72897778e+01  1.00074499e+00 -5.46610612e-04  2.37409591e-08  4.34653945e-05 
 2.73526873e+01  1.00074843e+00 -5.47874448e-04  2.38507065e-08  4.35657424e-05 
 2.74157417e+01  1.00075189e+00 -5.49141224e-04  2.39609619e-08  4.36663227e-05 
 2.74789415e+01  1.00075536e+00 -5.50410947e-04  2.40717278e-08  4.37671358e-05 
 2.75422870e+01  1.00075885e+00 -5.51683623e-04  2.41830065e-08  4.38681824e-05 
 2.76057786e+01  1.00076235e+00 -5.52959259e-04  2.42948005e-08  4.39694631e-05 
 2.76694165e+01  1.00076588e+00 -5.54237863e-04  2.44071120e-08  4.40709782e-05 
 2.77332010e+01  1.00076941e+00 -5.55519442e-04  2.45199435e-08  4.41727285e-05 
 2.77971327e+01  1.00077297e+00 -5.56804002e-04  2.46332974e-08  4.42747144e-05 
 2.78612117e+01  1.00077654e+00 -5.58091551e-04  2.47471762e-08  4.43769364e-05 
 2.79254384e+01  1.00078013e+00 -5.59382096e-04  2.48615822e-08  4.44793953e-05 
 2.79898132e+01  1.00078373e+00 -5.60675644e-04  2.49765179e-08  4.45820914e-05 
 2.80543364e+01  1.00078735e+00 -5.61972201e-04  2.50919859e-08  4.46850254e-05 
 2.81190083e+01  1.00079099e+00 -5.63271776e-04  2.52079885e-08  4.47881978e-05 
 2.81838293e+01  1.00079464e+00 -5.64574375e-04  2.53245282e-08  4.48916091e-05 
 2.82487997e+01  1.00079831e+00 -5.65880005e-04  2.54416076e-08  4.49952600e-05 
 2.83139200e+01  1.00080200e+00 -5.67188674e-04  2.55592292e-08  4.50991510e-05 
 2.83791903e+01  1.00080570e+00 -5.68500389e-04  2.56773953e-08  4.52032826e-05 
 2.84446111e+01  1.00080943e+00 -5.69815157e-04  2.57961087e-08  4.53076554e-05 
 2.85101827e+01  1.00081317e+00 -5.71132985e-04  2.59153718e-08  4.54122700e-05 
 2.85759054e+01  1.00081692e+00 -5.72453880e-04  2.60351872e-08  4.55171270e-05 
 2.86417797e+01  1.00082070e+00 -5.73777851e-04  2.61555575e-08  4.56222268e-05 
 2.87078058e+01  1.00082449e+00 -5.75104903e-04  2.62764852e-08  4.57275701e-05 
 2.87739841e+01  1.00082830e+00 -5.76435045e-04  2.63979729e-08  4.58331575e-05 
 2.88403150e+01  1.00083212e+00 -5.77768284e-04  2.65200232e-08  4.59389895e-05 
 2.89067988e+01  1.00083597e+00 -5.79104627e-04  2.66426388e-08  4.60450666e-05 
 2.89734359e+01  1.00083983e+00 -5.80444082e-04  2.67658222e-08  4.61513896e-05 
 2.90402265e+01  1.00084371e+00 -5.81786655e-04  2.68895762e-08  4.62579588e-05 
 2.91071712e+01  1.00084761e+00 -5.83132354e-04  2.70139032e-08  4.63647750e-05 
 2.91742701e+01  1.00085152e+00 -5.84481188e-04  2.71388062e-08  4.64718387e-05 
 2.92415238e+01  1.00085546e+00 -5.85833162e-04  2.72642876e-08  4.65791504e-05 
 2.93089325e+01  1.00085941e+00 -5.87188285e-04  2.73903501e-08  4.66867108e-05 
 2.93764965e+01  1.00086338e+00 -5.88546564e-04  2.75169966e-08  4.67945204e-05 
 2.94442163e+01  1.00086737e+00 -5.89908007e-04  2.76442297e-08  4.69025798e-05 
 2.95120923e+01  1.00087137e+00 -5.91272620e-04  2.77720521e-08  4.70108896e-05 
 2.95801247e+01  1.00087540e+00 -5.92640413e-04  2.79004665e-08  4.71194504e-05 
 2.96483139e+01  1.00087944e+00 -5.94011391e-04  2.80294758e-08  4.72282628e-05 
 2.97166603e+01  1.00088351e+00 -5.95385564e-04  2.81590826e-08  4.73373274e-05 
 2.97851643e+01  1.00088759e+00 -5.96762937e-04  2.82892898e-08  4.74466447e-05 
 2.98538262e+01  1.00089169e+00 -5.98143520e-04  2.84201001e-08  4.75562153e-05 
 2.99226464e+01  1.00089581e+00 -5.99527319e-04  2.85515165e-08  4.76660399e-05 
 2.99916252e+01  1.00089995e+00 -6.00914343e-04  2.86835415e-08  4.77761190e-05 
 3.00607630e+01  1.00090410e+00 -6.02304599e-04  2.88161782e-08  4.78864533e-05 
 3.01300602e+01  1.00090828e+00 -6.03698094e-04  2.89494293e-08  4.79970432e-05 
 3.01995172e+01  1.00091248e+00 -6.05094836e-04  2.90832977e-08  4.81078895e-05 
 3.02691343e+01  1.00091669e+00 -6.06494834e-04  2.92177862e-08  4.82189928e-05 
 3.03389118e+01  1.00092093e+00 -6.07898094e-04  2.93528979e-08  4.83303535e-05 
 3.04088503e+01  1.00092518e+00 -6.09304625e-04  2.94886354e-08  4.84419724e-05 
 3.04789499e+01  1.00092946e+00 -6.10714434e-04  2.96250019e-08  4.85538500e-05 
 3.05492111e+01  1.00093375e+00 -6.12127530e-04  2.97620001e-08  4.86659870e-05 
 3.06196343e+01  1.00093807e+00 -6.13543919e-04  2.98996330e-08  4.87783839e-05 
 3.06902199e+01  1.00094240e+00 -6.14963611e-04  3.00379036e-08  4.88910414e-05 
 3.07609681e+01  1.00094675e+00 -6.16386612e-04  3.01768149e-08  4.90039601e-05 
 3.08318795e+01  1.00095113e+00 -6.17812930e-04  3.03163698e-08  4.91171405e-05 
 3.09029543e+01  1.00095552e+00 -6.19242575e-04  3.04565712e-08  4.92305833e-05 
 3.09741930e+01  1.00095994e+00 -6.20675552e-04  3.05974223e-08  4.93442892e-05 
 3.10455959e+01  1.00096437e+00 -6.22111871e-04  3.07389261e-08  4.94582587e-05 
 3.11171634e+01  1.00096883e+00 -6.23551540e-04  3.08810855e-08  4.95724924e-05 
 3.11888958e+01  1.00097330e+00 -6.24994565e-04  3.10239036e-08  4.96869910e-05 
 3.12607937e+01  1.00097780e+00 -6.26440956e-04  3.11673836e-08  4.98017551e-05 
 3.13328572e+01  1.00098232e+00 -6.27890721e-04  3.13115284e-08  4.99167853e-05 
 3.14050869e+01  1.00098686e+00 -6.29343867e-04  3.14563411e-08  5.00320822e-05 
 3.14774831e+01  1.00099142e+00 -6.30800402e-04  3.16018250e-08  5.01476465e-05 
 3.15500462e+01  1.00099600e+00 -6.32260335e-04  3.17479830e-08  5.02634787e-05 
 3.16227766e+01  1.00100060e+00 -6.33723673e-04  3.18948183e-08  5.03795796e-05 
 3.16956746e+01  1.00100522e+00 -6.35190426e-04  3.20423342e-08  5.04959498e-05 
 3.17687407e+01  1.00100987e+00 -6.36660600e-04  3.21905336e-08  5.06125898e-05 
 3.18419752e+01  1.00101453e+00 -6.38134205e-04  3.23394199e-08  5.07295003e-05 
 3.19153786e+01  1.00101922e+00 -6.39611248e-04  3.24889963e-08  5.08466820e-05 
 3.19889511e+01  1.00102393e+00 -6.41091737e-04  3.26392658e-08  5.09641355e-05 
 3.20626932e+01  1.00102866e+00 -6.42575681e-04  3.27902318e-08  5.10818614e-05 
 3.21366054e+01  1.00103341e+00 -6.44063089e-04  3.29418976e-08  5.11998603e-05 
 3.22106879e+01  1.00103819e+00 -6.45553967e-04  3.30942662e-08  5.13181330e-05 
 3.22849412e+01  1.00104299e+00 -6.47048325e-04  3.32473411e-08  5.14366800e-05 
 3.23593657e+01  1.00104781e+00 -6.48546172e-04  3.34011255e-08  5.15555020e-05 
 3.24339617e+01  1.00105265e+00 -6.50047514e-04  3.35556228e-08  5.16745996e-05 
 3.25087297e+01  1.00105751e+00 -6.51552361e-04  3.37108361e-08  5.17939735e-05 
 3.25836701e+01  1.00106240e+00 -6.53060721e-04  3.38667690e-08  5.19136244e-05 
 3.26587832e+01  1.00106731e+00 -6.54572603e-04  3.40234246e-08  5.20335528e-05 
 3.27340695e+01  1.00107224e+00 -6.56088014e-04  3.41808065e-08  5.21537595e-05 
 3.28095293e+01  1.00107719e+00 -6.57606964e-04  3.43389179e-08  5.22742450e-05 
 3.28851631e+01  1.00108217e+00 -6.59129460e-04  3.44977623e-08  5.23950101e-05 
 3.29609712e+01  1.00108717e+00 -6.60655512e-04  3.46573430e-08  5.25160554e-05 
 3.30369541e+01  1.00109220e+00 -6.62185127e-04  3.48176635e-08  5.26373816e-05 
 3.31131121e+01  1.00109724e+00 -6.63718315e-04  3.49787273e-08  5.27589892e-05 
 3.31894458e+01  1.00110231e+00 -6.65255084e-04  3.51405378e-08  5.28808791e-05 
 3.32659553e+01  1.00110741e+00 -6.66795442e-04  3.53030985e-08  5.30030518e-05 
 3.33426413e+01  1.00111252e+00 -6.68339398e-04  3.54664128e-08  5.31255080e-05 
 3.34195040e+01  1.00111766e+00 -6.69886961e-04  3.56304844e-08  5.32482484e-05 
 3.34965439e+01  1.00112283e+00 -6.71438139e-04  3.57953166e-08  5.33712736e-05 
 3.35737614e+01  1.00112802e+00 -6.72992941e-04  3.59609131e-08  5.34945843e-05 
 3.36511569e+01  1.00113323e+00 -6.74551375e-04  3.61272774e-08  5.36181813e-05 
 3.37287309e+01  1.00113847e+00 -6.76113451e-04  3.62944131e-08  5.37420650e-05 
 3.38064836e+01  1.00114373e+00 -6.77679178e-04  3.64623238e-08  5.38662364e-05 
 3.38844156e+01  1.00114901e+00 -6.79248563e-04  3.66310131e-08  5.39906959e-05 
 3.39625273e+01  1.00115432e+00 -6.80821615e-04  3.68004846e-08  5.41154443e-05 
 3.40408190e+01  1.00115966e+00 -6.82398345e-04  3.69707419e-08  5.42404823e-05 
 3.41192912e+01  1.00116502e+00 -6.83978759e-04  3.71417888e-08  5.43658105e-05 
 3.41979443e+01  1.00117040e+00 -6.85562867e-04  3.73136289e-08  5.44914297e-05 
 3.42767787e+01  1.00117581e+00 -6.87150679e-04  3.74862659e-08  5.46173405e-05 
 3.43557948e+01  1.00118124e+00 -6.88742202e-04  3.76597035e-08  5.47435435e-05 
 3.44349931e+01  1.00118670e+00 -6.90337447e-04  3.78339455e-08  5.48700396e-05 
 3.45143739e+01  1.00119218e+00 -6.91936420e-04  3.80089955e-08  5.49968294e-05 
 3.45939378e+01  1.00119769e+00 -6.93539133e-04  3.81848574e-08  5.51239135e-05 
 3.46736850e+01  1.00120323e+00 -6.95145593e-04  3.83615349e-08  5.52512927e-05 
 3.47536161e+01  1.00120879e+00 -6.96755810e-04  3.85390319e-08  5.53789676e-05 
 3.48337315e+01  1.00121438e+00 -6.98369793e-04  3.87173521e-08  5.55069390e-05 
 3.49140315e+01  1.00121999e+00 -6.99987550e-04  3.88964994e-08  5.56352076e-05 
 3.49945167e+01  1.00122563e+00 -7.01609092e-04  3.90764777e-08  5.57637740e-05 
 3.50751874e+01  1.00123129e+00 -7.03234426e-04  3.92572908e-08  5.58926390e-05 
 3.51560441e+01  1.00123698e+00 -7.04863562e-04  3.94389426e-08  5.60218032e-05 
 3.52370871e+01  1.00124270e+00 -7.06496510e-04  3.96214370e-08  5.61512674e-05 
 3.53183170e+01  1.00124844e+00 -7.08133278e-04  3.98047780e-08  5.62810323e-05 
 3.53997341e+01  1.00125421e+00 -7.09773876e-04  3.99889694e-08  5.64110985e-05 
 3.54813389e+01  1.00126001e+00 -7.11418312e-04  4.01740154e-08  5.65414669e-05 
 3.55631319e+01  1.00126583e+00 -7.13066597e-04  4.03599198e-08  5.66721380e-05 
 3.56451133e+01  1.00127168e+00 -7.14718739e-04  4.05466866e-08  5.68031127e-05 
 3.57272838e+01  1.00127756e+00 -7.16374747e-04  4.07343199e-08  5.69343916e-05 
 3.58096437e+01  1.00128346e+00 -7.18034631e-04  4.09228237e-08  5.70659754e-05 
 3.58921935e+01  1.00128939e+00 -7.19698401e-04  4.11122021e-08  5.71978649e-05 
 3.59749335e+01  1.00129535e+00 -7.21366066e-04  4.13024591e-08  5.73300608e-05 
 3.60578643e+01  1.00130134e+00 -7.23037634e-04  4.14935989e-08  5.74625638e-05 
 3.61409863e+01  1.00130735e+00 -7.24713116e-04  4.16856255e-08  5.75953747e-05 
 3.62242998e+01  1.00131340e+00 -7.26392521e-04  4.18785432e-08  5.77284941e-05 
 3.63078055e+01  1.00131947e+00 -7.28075858e-04  4.20723560e-08  5.78619228e-05 
 3.63915036e+01  1.00132557e+00 -7.29763137e-04  4.22670681e-08  5.79956615e-05 
 3.64753947e+01  1.00133169e+00 -7.31454367e-04  4.24626837e-08  5.81297110e-05 
 3.65594792e+01  1.00133785e+00 -7.33149559e-04  4.26592071e-08  5.82640720e-05 
 3.66437575e+01  1.00134403e+00 -7.34848720e-04  4.28566425e-08  5.83987451e-05 
 3.67282300e+01  1.00135024e+00 -7.36551862e-04  4.30549940e-08  5.85337313e-05 
 3.68128974e+01  1.00135648e+00 -7.38258994e-04  4.32542661e-08  5.86690311e-05 
 3.68977599e+01  1.00136275e+00 -7.39970125e-04  4.34544630e-08  5.88046454e-05 
 3.69828180e+01  1.00136905e+00 -7.41685264e-04  4.36555890e-08  5.89405749e-05 
 3.70680722e+01  1.00137538e+00 -7.43404423e-04  4.38576485e-08  5.90768202e-05 
 3.71535229e+01  1.00138174e+00 -7.45127610e-04  4.40606457e-08  5.92133823e-05 
 3.72391706e+01  1.00138812e+00 -7.46854835e-04  4.42645852e-08  5.93502618e-05 
 3.73250158e+01  1.00139454e+00 -7.48586108e-04  4.44694712e-08  5.94874594e-05 
 3.74110588e+01  1.00140099e+00 -7.50321438e-04  4.46753082e-08  5.96249759e-05 
 3.74973002e+01  1.00140746e+00 -7.52060836e-04  4.48821006e-08  5.97628122e-05 
 3.75837404e+01  1.00141397e+00 -7.53804312e-04  4.50898530e-08  5.99009688e-05 
 3.76703799e+01  1.00142050e+00 -7.55551875e-04  4.52985697e-08  6.00394467e-05 
 3.77572191e+01  1.00142707e+00 -7.57303534e-04  4.55082553e-08  6.01782465e-05 
 3.78442585e+01  1.00143367e+00 -7.59059301e-04  4.57189143e-08  6.03173690e-05 
 3.79314985e+01  1.00144029e+00 -7.60819185e-04  4.59305512e-08  6.04568149e-05 
 3.80189396e+01  1.00144695e+00 -7.62583196e-04  4.61431706e-08  6.05965851e-05 
 3.81065823e+01  1.00145364e+00 -7.64351344e-04  4.63567772e-08  6.07366804e-05 
 3.81944271e+01  1.00146036e+00 -7.66123638e-04  4.65713754e-08  6.08771013e-05 
 3.82824743e+01  1.00146711e+00 -7.67900090e-04  4.67869700e-08  6.10178488e-05 
 3.83707245e+01  1.00147389e+00 -7.69680709e-04  4.70035656e-08  6.11589237e-05 
 3.84591782e+01  1.00148071e+00 -7.71465505e-04  4.72211668e-08  6.13003266e-05 
 3.85478358e+01  1.00148755e+00 -7.73254489e-04  4.74397784e-08  6.14420584e-05 
 3.86366977e+01  1.00149443e+00 -7.75047670e-04  4.76594051e-08  6.15841198e-05 
 3.87257645e+01  1.00150133e+00 -7.76845059e-04  4.78800516e-08  6.17265116e-05 
 3.88150366e+01  1.00150828e+00 -7.78646665e-04  4.81017227e-08  6.18692347e-05 
 3.89045145e+01  1.00151525e+00 -7.80452500e-04  4.83244231e-08  6.20122897e-05 
 3.89941987e+01  1.00152225e+00 -7.82262574e-04  4.85481577e-08  6.21556775e-05 
 3.90840896e+01  1.00152929e+00 -7.84076896e-04  4.87729314e-08  6.22993989e-05 
 3.91741877e+01  1.00153636e+00 -7.85895477e-04  4.89987489e-08  6.24434546e-05 
 3.92644935e+01  1.00154346e+00 -7.87718328e-04  4.92256151e-08  6.25878455e-05 
 3.93550075e+01  1.00155060e+00 -7.89545458e-04  4.94535350e-08  6.27325723e-05 
 3.94457302e+01  1.00155777e+00 -7.91376879e-04  4.96825135e-08  6.28776359e-05 
 3.95366620e+01  1.00156497e+00 -7.93212600e-04  4.99125555e-08  6.30230369e-05 
 3.96278034e+01  1.00157220e+00 -7.95052632e-04  5.01436660e-08  6.31687763e-05 
 3.97191549e+01  1.00157947e+00 -7.96896986e-04  5.03758499e-08  6.33148549e-05 
 3.98107171e+01  1.00158677e+00 -7.98745672e-04  5.06091123e-08  6.34612734e-05 
 3.99024902e+01  1.00159411e+00 -8.00598701e-04  5.08434583e-08  6.36080326e-05 
 3.99944750e+01  1.00160148e+00 -8.02456083e-04  5.10788929e-08  6.37551334e-05 
 4.00866718e+01  1.00160888e+00 -8.04317829e-04  5.13154211e-08  6.39025765e-05 
 4.01790811e+01  1.00161632e+00 -8.06183949e-04  5.15530482e-08  6.40503628e-05 
 4.02717034e+01  1.00162379e+00 -8.08054455e-04  5.17917792e-08  6.41984931e-05 
 4.03645393e+01  1.00163130e+00 -8.09929356e-04  5.20316193e-08  6.43469682e-05 
 4.04575892e+01  1.00163884e+00 -8.11808664e-04  5.22725737e-08  6.44957889e-05 
 4.05508535e+01  1.00164642e+00 -8.13692389e-04  5.25146476e-08  6.46449561e-05 
 4.06443329e+01  1.00165403e+00 -8.15580542e-04  5.27578462e-08  6.47944705e-05 
 4.07380278e+01  1.00166168e+00 -8.17473134e-04  5.30021748e-08  6.49443330e-05 
 4.08319386e+01  1.00166936e+00 -8.19370176e-04  5.32476387e-08  6.50945444e-05 
 4.09260660e+01  1.00167708e+00 -8.21271678e-04  5.34942432e-08  6.52451056e-05 
 4.10204103e+01  1.00168483e+00 -8.23177652e-04  5.37419936e-08  6.53960173e-05 
 4.11149721e+01  1.00169262e+00 -8.25088108e-04  5.39908953e-08  6.55472805e-05 
 4.12097519e+01  1.00170045e+00 -8.27003058e-04  5.42409537e-08  6.56988958e-05 
 4.13047502e+01  1.00170831e+00 -8.28922511e-04  5.44921741e-08  6.58508643e-05 
 4.13999675e+01  1.00171621e+00 -8.30846480e-04  5.47445621e-08  6.60031867e-05 
 4.14954043e+01  1.00172415e+00 -8.32774976e-04  5.49981230e-08  6.61558638e-05 
 4.15910610e+01  1.00173212e+00 -8.34708009e-04  5.52528625e-08  6.63088965e-05 
 4.16869383e+01  1.00174013e+00 -8.36645590e-04  5.55087859e-08  6.64622857e-05 
 4.17830367e+01  1.00174817e+00 -8.38587731e-04  5.57658988e-08  6.66160321e-05 
 4.18793565e+01  1.00175626e+00 -8.40534443e-04  5.60242068e-08  6.67701367e-05 
 4.19758984e+01  1.00176438e+00 -8.42485737e-04  5.62837155e-08  6.69246003e-05 
 4.20726628e+01  1.00177254e+00 -8.44441624e-04  5.65444305e-08  6.70794237e-05 
 4.21696503e+01  1.00178073e+00 -8.46402116e-04  5.68063574e-08  6.72346079e-05 
 4.22668614e+01  1.00178897e+00 -8.48367223e-04  5.70695020e-08  6.73901536e-05 
 4.23642966e+01  1.00179724e+00 -8.50336958e-04  5.73338699e-08  6.75460617e-05 
 4.24619564e+01  1.00180555e+00 -8.52311331e-04  5.75994669e-08  6.77023331e-05 
 4.25598413e+01  1.00181390e+00 -8.54290354e-04  5.78662987e-08  6.78589686e-05 
 4.26579519e+01  1.00182229e+00 -8.56274037e-04  5.81343710e-08  6.80159691e-05 
 4.27562886e+01  1.00183071e+00 -8.58262394e-04  5.84036898e-08  6.81733356e-05 
 4.28548520e+01  1.00183918e+00 -8.60255435e-04  5.86742608e-08  6.83310687e-05 
 4.29536427e+01  1.00184768e+00 -8.62253171e-04  5.89460899e-08  6.84891695e-05 
 4.30526610e+01  1.00185623e+00 -8.64255614e-04  5.92191830e-08  6.86476389e-05 
 4.31519077e+01  1.00186481e+00 -8.66262776e-04  5.94935460e-08  6.88064775e-05 
 4.32513831e+01  1.00187344e+00 -8.68274669e-04  5.97691848e-08  6.89656865e-05 
 4.33510878e+01  1.00188210e+00 -8.70291303e-04  6.00461055e-08  6.91252666e-05 
 4.34510224e+01  1.00189080e+00 -8.72312691e-04  6.03243141e-08  6.92852187e-05 
 4.35511874e+01  1.00189955e+00 -8.74338844e-04  6.06038165e-08  6.94455437e-05 
 4.36515832e+01  1.00190833e+00 -8.76369774e-04  6.08846189e-08  6.96062425e-05 
 4.37522105e+01  1.00191716e+00 -8.78405493e-04  6.11667273e-08  6.97673160e-05 
 4.38530698e+01  1.00192602e+00 -8.80446012e-04  6.14501479e-08  6.99287651e-05 
 4.39541615e+01  1.00193493e+00 -8.82491344e-04  6.17348868e-08  7.00905906e-05 
 4.40554864e+01  1.00194388e+00 -8.84541500e-04  6.20209501e-08  7.02527936e-05 
 4.41570447e+01  1.00195287e+00 -8.86596492e-04  6.23083442e-08  7.04153748e-05 
 4.42588372e+01  1.00196190e+00 -8.88656331e-04  6.25970751e-08  7.05783352e-05 
 4.43608644e+01  1.00197097e+00 -8.90721031e-04  6.28871493e-08  7.07416757e-05 
 4.44631267e+01  1.00198009e+00 -8.92790603e-04  6.31785730e-08  7.09053972e-05 
 4.45656248e+01  1.00198925e+00 -8.94865059e-04  6.34713525e-08  7.10695005e-05 
 4.46683592e+01  1.00199845e+00 -8.96944410e-04  6.37654941e-08  7.12339867e-05 
 4.47713304e+01  1.00200769e+00 -8.99028670e-04  6.40610044e-08  7.13988566e-05 
 4.48745390e+01  1.00201698e+00 -9.01117850e-04  6.43578896e-08  7.15641112e-05 
 4.49779855e+01  1.00202631e+00 -9.03211962e-04  6.46561562e-08  7.17297513e-05 
 4.50816705e+01  1.00203568e+00 -9.05311019e-04  6.49558108e-08  7.18957779e-05 
 4.51855944e+01  1.00204509e+00 -9.07415032e-04  6.52568598e-08  7.20621919e-05 
 4.52897580e+01  1.00205455e+00 -9.09524014e-04  6.55593097e-08  7.22289942e-05 
 4.53941617e+01  1.00206406e+00 -9.11637978e-04  6.58631672e-08  7.23961858e-05 
 4.54988060e+01  1.00207360e+00 -9.13756935e-04  6.61684388e-08  7.25637676e-05 
 4.56036916e+01  1.00208319e+00 -9.15880898e-04  6.64751312e-08  7.27317405e-05 
 4.57088190e+01  1.00209283e+00 -9.18009880e-04  6.67832510e-08  7.29001054e-05 
 4.58141887e+01  1.00210251e+00 -9.20143892e-04  6.70928050e-08  7.30688634e-05 
 4.59198013e+01  1.00211224e+00 -9.22282947e-04  6.74037999e-08  7.32380153e-05 
 4.60256574e+01  1.00212201e+00 -9.24427058e-04  6.77162423e-08  7.34075620e-05 
 4.61317575e+01  1.00213182e+00 -9.26576237e-04  6.80301393e-08  7.35775046e-05 
 4.62381021e+01  1.00214168e+00 -9.28730497e-04  6.83454974e-08  7.37478439e-05 
 4.63446920e+01  1.00215159e+00 -9.30889850e-04  6.86623237e-08  7.39185810e-05 
 4.64515275e+01  1.00216154e+00 -9.33054310e-04  6.89806250e-08  7.40897167e-05 
 4.65586094e+01  1.00217154e+00 -9.35223887e-04  6.93004082e-08  7.42612521e-05 
 4.66659380e+01  1.00218159e+00 -9.37398597e-04  6.96216803e-08  7.44331880e-05 
 4.67735141e+01  1.00219168e+00 -9.39578450e-04  6.99444483e-08  7.46055255e-05 
 4.68813382e+01  1.00220182e+00 -9.41763460e-04  7.02687192e-08  7.47782655e-05 
 4.69894109e+01  1.00221200e+00 -9.43953640e-04  7.05945001e-08  7.49514089e-05 
 4.70977326e+01  1.00222223e+00 -9.46149002e-04  7.09217980e-08  7.51249568e-05 
 4.72063041e+01  1.00223252e+00 -9.48349560e-04  7.12506201e-08  7.52989101e-05 
 4.73151259e+01  1.00224284e+00 -9.50555326e-04  7.15809736e-08  7.54732697e-05 
 4.74241985e+01  1.00225322e+00 -9.52766313e-04  7.19128656e-08  7.56480367e-05 
 4.75335226e+01  1.00226364e+00 -9.54982534e-04  7.22463034e-08  7.58232121e-05 
 4.76430987e+01  1.00227412e+00 -9.57204003e-04  7.25812942e-08  7.59987967e-05 
 4.77529274e+01  1.00228464e+00 -9.59430732e-04  7.29178453e-08  7.61747916e-05 
 4.78630092e+01  1.00229521e+00 -9.61662734e-04  7.32559642e-08  7.63511978e-05 
 4.79733449e+01  1.00230582e+00 -9.63900023e-04  7.35956580e-08  7.65280162e-05 
 4.80839348e+01  1.00231649e+00 -9.66142612e-04  7.39369343e-08  7.67052479e-05 
 4.81947798e+01  1.00232721e+00 -9.68390514e-04  7.42798004e-08  7.68828938e-05 
 4.83058802e+01  1.00233798e+00 -9.70643742e-04  7.46242639e-08  7.70609550e-05 
 4.84172368e+01  1.00234879e+00 -9.72902309e-04  7.49703323e-08  7.72394324e-05 
 4.85288500e+01  1.00235966e+00 -9.75166229e-04  7.53180131e-08  7.74183270e-05 
 4.86407206e+01  1.00237058e+00 -9.77435516e-04  7.56673138e-08  7.75976398e-05 
 4.87528490e+01  1.00238155e+00 -9.79710182e-04  7.60182422e-08  7.77773719e-05 
 4.88652359e+01  1.00239256e+00 -9.81990240e-04  7.63708059e-08  7.79575242e-05 
 4.89778819e+01  1.00240364e+00 -9.84275706e-04  7.67250125e-08  7.81380978e-05 
 4.90907876e+01  1.00241476e+00 -9.86566591e-04  7.70808697e-08  7.83190937e-05 
 4.92039536e+01  1.00242593e+00 -9.88862910e-04  7.74383854e-08  7.85005128e-05 
 4.93173804e+01  1.00243715e+00 -9.91164676e-04  7.77975674e-08  7.86823562e-05 
 4.94310687e+01  1.00244843e+00 -9.93471903e-04  7.81584235e-08  7.88646250e-05 
 4.95450191e+01  1.00245976e+00 -9.95784604e-04  7.85209615e-08  7.90473200e-05 
 4.96592321e+01  1.00247114e+00 -9.98102794e-04  7.88851895e-08  7.92304425e-05 
 4.97737085e+01  1.00248258e+00 -1.00042648e-03  7.92511152e-08  7.94139933e-05 
 4.98884487e+01  1.00249406e+00 -1.00275569e-03  7.96187468e-08  7.95979736e-05 
 5.00034535e+01  1.00250561e+00 -1.00509043e-03  7.99880923e-08  7.97823844e-05 
 5.01187234e+01  1.00251720e+00 -1.00743071e-03  8.03591597e-08  7.99672266e-05 
 5.02342590e+01  1.00252885e+00 -1.00977655e-03  8.07319571e-08  8.01525014e-05 
 5.03500609e+01  1.00254055e+00 -1.01212795e-03  8.11064927e-08  8.03382097e-05 
 5.04661298e+01  1.00255231e+00 -1.01448495e-03  8.14827747e-08  8.05243527e-05 
 5.05824662e+01  1.00256412e+00 -1.01684754e-03  8.18608112e-08  8.07109314e-05 
 5.06990708e+01  1.00257598e+00 -1.01921575e-03  8.22406106e-08  8.08979467e-05 
 5.08159443e+01  1.00258790e+00 -1.02158958e-03  8.26221812e-08  8.10853999e-05 
 5.09330871e+01  1.00259988e+00 -1.02396905e-03  8.30055313e-08  8.12732919e-05 
 5.10505000e+01  1.00261191e+00 -1.02635419e-03  8.33906693e-08  8.14616237e-05 
 5.11681836e+01  1.00262400e+00 -1.02874499e-03  8.37776036e-08  8.16503965e-05 
 5.12861384e+01  1.00263614e+00 -1.03114147e-03  8.41663426e-08  8.18396114e-05 
 5.14043652e+01  1.00264834e+00 -1.03354365e-03  8.45568950e-08  8.20292693e-05 
 5.15228645e+01  1.00266060e+00 -1.03595155e-03  8.49492692e-08  8.22193713e-05 
 5.16416369e+01  1.00267291e+00 -1.03836518e-03  8.53434737e-08  8.24099186e-05 
 5.17606832e+01  1.00268529e+00 -1.04078454e-03  8.57395174e-08  8.26009122e-05 
 5.18800039e+01  1.00269771e+00 -1.04320966e-03  8.61374087e-08  8.27923532e-05 
 5.19995997e+01  1.00271020e+00 -1.04564055e-03  8.65371565e-08  8.29842426e-05 
 5.21194711e+01  1.00272274e+00 -1.04807723e-03  8.69387694e-08  8.31765815e-05 
 5.22396189e+01  1.00273535e+00 -1.05051971e-03  8.73422563e-08  8.33693711e-05 
 5.23600437e+01  1.00274801e+00 -1.05296800e-03  8.77476261e-08  8.35626124e-05 
 5.24807460e+01  1.00276073e+00 -1.05542212e-03  8.81548875e-08  8.37563065e-05 
 5.26017266e+01  1.00277350e+00 -1.05788209e-03  8.85640495e-08  8.39504545e-05 
 5.27229861e+01  1.00278634e+00 -1.06034791e-03  8.89751212e-08  8.41450575e-05 
 5.28445252e+01  1.00279924e+00 -1.06281961e-03  8.93881114e-08  8.43401166e-05 
 5.29663444e+01  1.00281220e+00 -1.06529720e-03  8.98030293e-08  8.45356329e-05 
 5.30884444e+01  1.00282521e+00 -1.06778069e-03  9.02198838e-08  8.47316075e-05 
 5.32108259e+01  1.00283829e+00 -1.07027010e-03  9.06386843e-08  8.49280416e-05 
 5.33334895e+01  1.00285143e+00 -1.07276544e-03  9.10594399e-08  8.51249361e-05 
 5.34564359e+01  1.00286463e+00 -1.07526673e-03  9.14821597e-08  8.53222923e-05 
 5.35796658e+01  1.00287789e+00 -1.07777398e-03  9.19068531e-08  8.55201113e-05 
 5.37031796e+01  1.00289121e+00 -1.08028721e-03  9.23335294e-08  8.57183942e-05 
 5.38269783e+01  1.00290459e+00 -1.08280644e-03  9.27621980e-08  8.59171421e-05 
 5.39510623e+01  1.00291804e+00 -1.08533167e-03  9.31928682e-08  8.61163561e-05 
 5.40754323e+01  1.00293155e+00 -1.08786293e-03  9.36255495e-08  8.63160374e-05 
 5.42000890e+01  1.00294512e+00 -1.09040023e-03  9.40602515e-08  8.65161871e-05 
 5.43250331e+01  1.00295875e+00 -1.09294358e-03  9.44969836e-08  8.67168064e-05 
 5.44502653e+01  1.00297245e+00 -1.09549300e-03  9.49357554e-08  8.69178963e-05 
 5.45757861e+01  1.00298621e+00 -1.09804851e-03  9.53765766e-08  8.71194580e-05 
 5.47015963e+01  1.00300004e+00 -1.10061012e-03  9.58194569e-08  8.73214927e-05 
 5.48276965e+01  1.00301393e+00 -1.10317785e-03  9.62644060e-08  8.75240015e-05 
 5.49540874e+01  1.00302788e+00 -1.10575171e-03  9.67114336e-08  8.77269856e-05 
 5.50807696e+01  1.00304190e+00 -1.10833172e-03  9.71605497e-08  8.79304461e-05 
 5.52077439e+01  1.00305598e+00 -1.11091789e-03  9.76117640e-08  8.81343842e-05 
 5.53350109e+01  1.00307013e+00 -1.11351024e-03  9.80650866e-08  8.83388011e-05 
 5.54625713e+01  1.00308435e+00 -1.11610878e-03  9.85205273e-08  8.85436978e-05 
 5.55904257e+01  1.00309863e+00 -1.11871354e-03  9.89780962e-08  8.87490756e-05 
 5.57185749e+01  1.00311297e+00 -1.12132452e-03  9.94378033e-08  8.89549356e-05 
 5.58470195e+01  1.00312739e+00 -1.12394175e-03  9.98996588e-08  8.91612791e-05 
 5.59757601e+01  1.00314187e+00 -1.12656523e-03  1.00363673e-07  8.93681071e-05 
 5.61047976e+01  1.00315642e+00 -1.12919499e-03  1.00829856e-07  8.95754209e-05 
 5.62341325e+01  1.00317103e+00 -1.13183104e-03  1.01298217e-07  8.97832217e-05 
 5.63637656e+01  1.00318572e+00 -1.13447340e-03  1.01768768e-07  8.99915105e-05 
 5.64936975e+01  1.00320047e+00 -1.13712208e-03  1.02241519e-07  9.02002888e-05 
 5.66239289e+01  1.00321529e+00 -1.13977710e-03  1.02716480e-07  9.04095575e-05 
 5.67544605e+01  1.00323018e+00 -1.14243847e-03  1.03193661e-07  9.06193179e-05 
 5.68852931e+01  1.00324514e+00 -1.14510622e-03  1.03673074e-07  9.08295713e-05 
 5.70164272e+01  1.00326016e+00 -1.14778035e-03  1.04154728e-07  9.10403187e-05 
 5.71478637e+01  1.00327526e+00 -1.15046089e-03  1.04638634e-07  9.12515615e-05 
 5.72796031e+01  1.00329043e+00 -1.15314785e-03  1.05124803e-07  9.14633008e-05 
 5.74116462e+01  1.00330567e+00 -1.15584124e-03  1.05613246e-07  9.16755379e-05 
 5.75439937e+01  1.00332098e+00 -1.15854110e-03  1.06103973e-07  9.18882739e-05 
 5.76766463e+01  1.00333636e+00 -1.16124742e-03  1.06596995e-07  9.21015100e-05 
 5.78096047e+01  1.00335181e+00 -1.16396023e-03  1.07092324e-07  9.23152476e-05 
 5.79428696e+01  1.00336733e+00 -1.16667954e-03  1.07589969e-07  9.25294878e-05 
 5.80764418e+01  1.00338293e+00 -1.16940537e-03  1.08089942e-07  9.27442318e-05 
 5.82103218e+01  1.00339859e+00 -1.17213774e-03  1.08592255e-07  9.29594808e-05 
 5.83445104e+01  1.00341433e+00 -1.17487667e-03  1.09096918e-07  9.31752362e-05 
 5.84790084e+01  1.00343015e+00 -1.17762216e-03  1.09603941e-07  9.33914992e-05 
 5.86138165e+01  1.00344604e+00 -1.18037425e-03  1.10113338e-07  9.36082709e-05 
 5.87489353e+01  1.00346200e+00 -1.18313293e-03  1.10625118e-07  9.38255527e-05 
 5.88843655e+01  1.00347803e+00 -1.18589825e-03  1.11139293e-07  9.40433457e-05 
 5.90201080e+01  1.00349414e+00 -1.18867020e-03  1.11655874e-07  9.42616513e-05 
 5.91561634e+01  1.00351033e+00 -1.19144880e-03  1.12174873e-07  9.44804706e-05 
 5.92925325e+01  1.00352659e+00 -1.19423408e-03  1.12696302e-07  9.46998050e-05 
 5.94292159e+01  1.00354292e+00 -1.19702606e-03  1.13220171e-07  9.49196557e-05 
 5.95662144e+01  1.00355933e+00 -1.19982474e-03  1.13746492e-07  9.51400239e-05 
 5.97035287e+01  1.00357582e+00 -1.20263014e-03  1.14275278e-07  9.53609111e-05 
 5.98411595e+01  1.00359239e+00 -1.20544229e-03  1.14806539e-07  9.55823183e-05 
 5.99791076e+01  1.00360903e+00 -1.20826120e-03  1.15340288e-07  9.58042469e-05 
 6.01173737e+01  1.00362575e+00 -1.21108689e-03  1.15876536e-07  9.60266981e-05 
 6.02559586e+01  1.00364254e+00 -1.21391937e-03  1.16415295e-07  9.62496733e-05 
 6.03948629e+01  1.00365942e+00 -1.21675867e-03  1.16956577e-07  9.64731738e-05 
 6.05340875e+01  1.00367637e+00 -1.21960479e-03  1.17500394e-07  9.66972007e-05 
 6.06736330e+01  1.00369340e+00 -1.22245777e-03  1.18046759e-07  9.69217555e-05 
 6.08135001e+01  1.00371051e+00 -1.22531761e-03  1.18595682e-07  9.71468393e-05 
 6.09536897e+01  1.00372771e+00 -1.22818434e-03  1.19147177e-07  9.73724536e-05 
 6.10942025e+01  1.00374498e+00 -1.23105797e-03  1.19701255e-07  9.75985996e-05 
 6.12350392e+01  1.00376233e+00 -1.23393852e-03  1.20257930e-07  9.78252786e-05 
 6.13762005e+01  1.00377976e+00 -1.23682601e-03  1.20817212e-07  9.80524920e-05 
 6.15176873e+01  1.00379727e+00 -1.23972045e-03  1.21379115e-07  9.82802410e-05 
 6.16595002e+01  1.00381487e+00 -1.24262187e-03  1.21943651e-07  9.85085269e-05 
 6.18016400e+01  1.00383254e+00 -1.24553028e-03  1.22510833e-07  9.87373512e-05 
 6.19441075e+01  1.00385030e+00 -1.24844570e-03  1.23080673e-07  9.89667150e-05 
 6.20869034e+01  1.00386814e+00 -1.25136816e-03  1.23653183e-07  9.91966198e-05 
 6.22300285e+01  1.00388607e+00 -1.25429766e-03  1.24228377e-07  9.94270668e-05 
 6.23734835e+01  1.00390407e+00 -1.25723422e-03  1.24806268e-07  9.96580575e-05 
 6.25172693e+01  1.00392216e+00 -1.26017787e-03  1.25386867e-07  9.98895931e-05 
 6.26613865e+01  1.00394034e+00 -1.26312863e-03  1.25970189e-07  1.00121675e-04 
 6.28058359e+01  1.00395860e+00 -1.26608650e-03  1.26556245e-07  1.00354304e-04 
 6.29506183e+01  1.00397694e+00 -1.26905152e-03  1.27145049e-07  1.00587483e-04 
 6.30957344e+01  1.00399537e+00 -1.27202369e-03  1.27736615e-07  1.00821212e-04 
 6.32411851e+01  1.00401389e+00 -1.27500305e-03  1.28330955e-07  1.01055492e-04 
 6.33869711e+01  1.00403249e+00 -1.27798960e-03  1.28928082e-07  1.01290326e-04 
 6.35330932e+01  1.00405118e+00 -1.28098336e-03  1.29528009e-07  1.01525714e-04 
 6.36795521e+01  1.00406995e+00 -1.28398436e-03  1.30130751e-07  1.01761658e-04 
 6.38263486e+01  1.00408882e+00 -1.28699262e-03  1.30736320e-07  1.01998159e-04 
 6.39734835e+01  1.00410777e+00 -1.29000814e-03  1.31344731e-07  1.02235218e-04 
 6.41209577e+01  1.00412681e+00 -1.29303096e-03  1.31955995e-07  1.02472838e-04 
 6.42687717e+01  1.00414593e+00 -1.29606109e-03  1.32570128e-07  1.02711019e-04 
 6.44169266e+01  1.00416515e+00 -1.29909855e-03  1.33187142e-07  1.02949762e-04 
 6.45654229e+01  1.00418446e+00 -1.30214336e-03  1.33807052e-07  1.03189070e-04 
 6.47142616e+01  1.00420385e+00 -1.30519554e-03  1.34429871e-07  1.03428943e-04 
 6.48634434e+01  1.00422334e+00 -1.30825511e-03  1.35055614e-07  1.03669383e-04 
 6.50129690e+01  1.00424292e+00 -1.31132208e-03  1.35684293e-07  1.03910391e-04 
 6.51628394e+01  1.00426258e+00 -1.31439649e-03  1.36315924e-07  1.04151969e-04 
 6.53130553e+01  1.00428234e+00 -1.31747834e-03  1.36950520e-07  1.04394118e-04 
 6.54636174e+01  1.00430219e+00 -1.32056765e-03  1.37588095e-07  1.04636839e-04 
 6.56145266e+01  1.00432214e+00 -1.32366446e-03  1.38228663e-07  1.04880135e-04 
 6.57657837e+01  1.00434217e+00 -1.32676877e-03  1.38872240e-07  1.05124006e-04 
 6.59173895e+01  1.00436230e+00 -1.32988060e-03  1.39518839e-07  1.05368454e-04 
 6.60693448e+01  1.00438253e+00 -1.33299999e-03  1.40168474e-07  1.05613480e-04 
 6.62216504e+01  1.00440285e+00 -1.33612694e-03  1.40821161e-07  1.05859085e-04 
 6.63743070e+01  1.00442326e+00 -1.33926147e-03  1.41476913e-07  1.06105272e-04 
 6.65273156e+01  1.00444377e+00 -1.34240361e-03  1.42135746e-07  1.06352041e-04 
 6.66806769e+01  1.00446437e+00 -1.34555338e-03  1.42797674e-07  1.06599394e-04 
 6.68343918e+01  1.00448507e+00 -1.34871080e-03  1.43462712e-07  1.06847333e-04 
 6.69884609e+01  1.00450586e+00 -1.35187588e-03  1.44130875e-07  1.07095859e-04 
 6.71428853e+01  1.00452676e+00 -1.35504865e-03  1.44802177e-07  1.07344973e-04 
 6.72976656e+01  1.00454775e+00 -1.35822913e-03  1.45476634e-07  1.07594677e-04 
 6.74528028e+01  1.00456883e+00 -1.36141734e-03  1.46154261e-07  1.07844972e-04 
 6.76082975e+01  1.00459002e+00 -1.36461330e-03  1.46835072e-07  1.08095860e-04 
 6.77641508e+01  1.00461130e+00 -1.36781703e-03  1.47519084e-07  1.08347342e-04 
 6.79203633e+01  1.00463269e+00 -1.37102855e-03  1.48206312e-07  1.08599420e-04 
 6.80769359e+01  1.00465417e+00 -1.37424788e-03  1.48896770e-07  1.08852095e-04 
 6.82338694e+01  1.00467575e+00 -1.37747504e-03  1.49590475e-07  1.09105369e-04 
 6.83911647e+01  1.00469744e+00 -1.38071006e-03  1.50287441e-07  1.09359243e-04 
 6.85488226e+01  1.00471922e+00 -1.38395295e-03  1.50987685e-07  1.09613719e-04 
 6.87068440e+01  1.00474111e+00 -1.38720374e-03  1.51691223e-07  1.09868798e-04 
 6.88652296e+01  1.00476309e+00 -1.39046244e-03  1.52398069e-07  1.10124481e-04 
 6.90239804e+01  1.00478518e+00 -1.39372908e-03  1.53108240e-07  1.10380771e-04 
 6.91830971e+01  1.00480738e+00 -1.39700368e-03  1.53821752e-07  1.10637669e-04 
 6.93425806e+01  1.00482968e+00 -1.40028627e-03  1.54538621e-07  1.10895176e-04 
 6.95024318e+01  1.00485208e+00 -1.40357685e-03  1.55258862e-07  1.11153294e-04 
 6.96626514e+01  1.00487458e+00 -1.40687546e-03  1.55982493e-07  1.11412024e-04 
 6.98232404e+01  1.00489719e+00 -1.41018211e-03  1.56709528e-07  1.11671367e-04 
 6.99841996e+01  1.00491991e+00 -1.41349683e-03  1.57439986e-07  1.11931327e-04 
 7.01455298e+01  1.00494273e+00 -1.41681964e-03  1.58173881e-07  1.12191903e-04 
 7.03072320e+01  1.00496566e+00 -1.42015056e-03  1.58911231e-07  1.12453097e-04 
 7.04693069e+01  1.00498869e+00 -1.42348961e-03  1.59652052e-07  1.12714912e-04 
 7.06317554e+01  1.00501183e+00 -1.42683682e-03  1.60396360e-07  1.12977348e-04 
 7.07945784e+01  1.00503508e+00 -1.43019220e-03  1.61144173e-07  1.13240408e-04 
 7.09577768e+01  1.00505844e+00 -1.43355578e-03  1.61895508e-07  1.13504092e-04 
 7.11213514e+01  1.00508191e+00 -1.43692758e-03  1.62650380e-07  1.13768402e-04 
 7.12853030e+01  1.00510549e+00 -1.44030762e-03  1.63408808e-07  1.14033340e-04 
 7.14496326e+01  1.00512917e+00 -1.44369593e-03  1.64170808e-07  1.14298908e-04 
 7.16143410e+01  1.00515297e+00 -1.44709253e-03  1.64936397e-07  1.14565106e-04 
 7.17794291e+01  1.00517688e+00 -1.45049744e-03  1.65705593e-07  1.14831937e-04 
 7.19448978e+01  1.00520090e+00 -1.45391067e-03  1.66478413e-07  1.15099403e-04 
 7.21107479e+01  1.00522503e+00 -1.45733227e-03  1.67254874e-07  1.15367504e-04 
 7.22769804e+01  1.00524927e+00 -1.46076224e-03  1.68034994e-07  1.15636242e-04 
 7.24435960e+01  1.00527363e+00 -1.46420061e-03  1.68818791e-07  1.15905619e-04 
 7.26105957e+01  1.00529810e+00 -1.46764741e-03  1.69606282e-07  1.16175637e-04 
 7.27779805e+01  1.00532269e+00 -1.47110265e-03  1.70397484e-07  1.16446298e-04 
 7.29457510e+01  1.00534739e+00 -1.47456636e-03  1.71192417e-07  1.16717602e-04 
 7.31139083e+01  1.00537220e+00 -1.47803856e-03  1.71991097e-07  1.16989551e-04 
 7.32824533e+01  1.00539713e+00 -1.48151928e-03  1.72793543e-07  1.17262148e-04 
 7.34513868e+01  1.00542218e+00 -1.48500854e-03  1.73599773e-07  1.17535393e-04 
 7.36207097e+01  1.00544734e+00 -1.48850636e-03  1.74409805e-07  1.17809288e-04 
 7.37904230e+01  1.00547262e+00 -1.49201277e-03  1.75223657e-07  1.18083836e-04 
 7.39605275e+01  1.00549802e+00 -1.49552778e-03  1.76041348e-07  1.18359037e-04 
 7.41310241e+01  1.00552354e+00 -1.49905143e-03  1.76862897e-07  1.18634893e-04 
 7.43019138e+01  1.00554918e+00 -1.50258373e-03  1.77688321e-07  1.18911407e-04 
 7.44731974e+01  1.00557493e+00 -1.50612471e-03  1.78517640e-07  1.19188579e-04 
 7.46448758e+01  1.00560081e+00 -1.50967440e-03  1.79350872e-07  1.19466411e-04 
 7.48169501e+01  1.00562681e+00 -1.51323281e-03  1.80188036e-07  1.19744905e-04 
 7.49894209e+01  1.00565293e+00 -1.51679998e-03  1.81029152e-07  1.20024063e-04 
 7.51622894e+01  1.00567917e+00 -1.52037592e-03  1.81874237e-07  1.20303886e-04 
 7.53355564e+01  1.00570553e+00 -1.52396066e-03  1.82723312e-07  1.20584376e-04 
 7.55092228e+01  1.00573202e+00 -1.52755423e-03  1.83576395e-07  1.20865535e-04 
 7.56832895e+01  1.00575863e+00 -1.53115664e-03  1.84433507e-07  1.21147364e-04 
 7.58577575e+01  1.00578536e+00 -1.53476793e-03  1.85294666e-07  1.21429865e-04 
 7.60326277e+01  1.00581222e+00 -1.53838811e-03  1.86159891e-07  1.21713040e-04 
 7.62079010e+01  1.00583921e+00 -1.54201722e-03  1.87029203e-07  1.21996891e-04 
 7.63835784e+01  1.00586632e+00 -1.54565527e-03  1.87902622e-07  1.22281418e-04 
 7.65596607e+01  1.00589355e+00 -1.54930229e-03  1.88780166e-07  1.22566625e-04 
 7.67361489e+01  1.00592092e+00 -1.55295831e-03  1.89661857e-07  1.22852512e-04 
 7.69130440e+01  1.00594841e+00 -1.55662335e-03  1.90547713e-07  1.23139082e-04 
 7.70903469e+01  1.00597603e+00 -1.56029743e-03  1.91437756e-07  1.23426336e-04 
 7.72680585e+01  1.00600378e+00 -1.56398059e-03  1.92332005e-07  1.23714275e-04 
 7.74461798e+01  1.00603166e+00 -1.56767284e-03  1.93230481e-07  1.24002902e-04 
 7.76247117e+01  1.00605967e+00 -1.57137421e-03  1.94133204e-07  1.24292219e-04 
 7.78036551e+01  1.00608781e+00 -1.57508473e-03  1.95040195e-07  1.24582227e-04 
 7.79830111e+01  1.00611608e+00 -1.57880442e-03  1.95951474e-07  1.24872927e-04 
 7.81627805e+01  1.00614449e+00 -1.58253331e-03  1.96867062e-07  1.25164323e-04 
 7.83429643e+01  1.00617302e+00 -1.58627142e-03  1.97786981e-07  1.25456414e-04 
 7.85235635e+01  1.00620169e+00 -1.59001878e-03  1.98711250e-07  1.25749204e-04 
 7.87045790e+01  1.00623050e+00 -1.59377541e-03  1.99639891e-07  1.26042694e-04 
 7.88860118e+01  1.00625944e+00 -1.59754135e-03  2.00572926e-07  1.26336886e-04 
 7.90678628e+01  1.00628851e+00 -1.60131661e-03  2.01510375e-07  1.26631781e-04 
 7.92501330e+01  1.00631772e+00 -1.60510122e-03  2.02452259e-07  1.26927382e-04 
 7.94328235e+01  1.00634707e+00 -1.60889522e-03  2.03398601e-07  1.27223690e-04 
 7.96159350e+01  1.00637655e+00 -1.61269862e-03  2.04349423e-07  1.27520706e-04 
 7.97994687e+01  1.00640617e+00 -1.61651144e-03  2.05304744e-07  1.27818434e-04 
 7.99834255e+01  1.00643593e+00 -1.62033373e-03  2.06264588e-07  1.28116874e-04 
 8.01678063e+01  1.00646583e+00 -1.62416550e-03  2.07228977e-07  1.28416029e-04 
 8.03526122e+01  1.00649587e+00 -1.62800678e-03  2.08197932e-07  1.28715900e-04 
 8.05378441e+01  1.00652605e+00 -1.63185760e-03  2.09171476e-07  1.29016489e-04 
 8.07235030e+01  1.00655637e+00 -1.63571799e-03  2.10149631e-07  1.29317798e-04 
 8.09095899e+01  1.00658683e+00 -1.63958796e-03  2.11132419e-07  1.29619829e-04 
 8.10961058e+01  1.00661743e+00 -1.64346755e-03  2.12119862e-07  1.29922584e-04 
 8.12830516e+01  1.00664818e+00 -1.64735679e-03  2.13111984e-07  1.30226064e-04 
 8.14704284e+01  1.00667907e+00 -1.65125570e-03  2.14108808e-07  1.30530272e-04 
 8.16582371e+01  1.00671011e+00 -1.65516432e-03  2.15110355e-07  1.30835209e-04 
 8.18464788e+01  1.00674129e+00 -1.65908265e-03  2.16116649e-07  1.31140877e-04 
 8.20351544e+01  1.00677262e+00 -1.66301075e-03  2.17127713e-07  1.31447278e-04 
 8.22242650e+01  1.00680409e+00 -1.66694862e-03  2.18143570e-07  1.31754414e-04 
 8.24138115e+01  1.00683571e+00 -1.67089631e-03  2.19164244e-07  1.32062287e-04 
 8.26037950e+01  1.00686748e+00 -1.67485383e-03  2.20189758e-07  1.32370898e-04 
 8.27942164e+01  1.00689940e+00 -1.67882122e-03  2.21220135e-07  1.32680251e-04 
 8.29850768e+01  1.00693146e+00 -1.68279851e-03  2.22255399e-07  1.32990345e-04 
 8.31763771e+01  1.00696368e+00 -1.68678571e-03  2.23295575e-07  1.33301185e-04 
 8.33681185e+01  1.00699605e+00 -1.69078287e-03  2.24340685e-07  1.33612770e-04 
 8.35603018e+01  1.00702857e+00 -1.69479000e-03  2.25390754e-07  1.33925104e-04 
 8.37529282e+01  1.00706124e+00 -1.69880715e-03  2.26445806e-07  1.34238188e-04 
 8.39459987e+01  1.00709406e+00 -1.70283432e-03  2.27505865e-07  1.34552025e-04 
 8.41395142e+01  1.00712704e+00 -1.70687156e-03  2.28570956e-07  1.34866616e-04 
 8.43334758e+01  1.00716017e+00 -1.71091890e-03  2.29641104e-07  1.35181962e-04 
 8.45278845e+01  1.00719346e+00 -1.71497635e-03  2.30716332e-07  1.35498067e-04 
 8.47227414e+01  1.00722691e+00 -1.71904396e-03  2.31796666e-07  1.35814932e-04 
 8.49180475e+01  1.00726051e+00 -1.72312175e-03  2.32882130e-07  1.36132559e-04 
 8.51138038e+01  1.00729426e+00 -1.72720974e-03  2.33972751e-07  1.36450950e-04 
 8.53100114e+01  1.00732818e+00 -1.73130798e-03  2.35068552e-07  1.36770106e-04 
 8.55066713e+01  1.00736225e+00 -1.73541648e-03  2.36169559e-07  1.37090031e-04 
 8.57037845e+01  1.00739649e+00 -1.73953527e-03  2.37275797e-07  1.37410726e-04 
 8.59013522e+01  1.00743088e+00 -1.74366440e-03  2.38387293e-07  1.37732192e-04 
 8.60993752e+01  1.00746544e+00 -1.74780388e-03  2.39504072e-07  1.38054433e-04 
 8.62978548e+01  1.00750015e+00 -1.75195375e-03  2.40626159e-07  1.38377450e-04 
 8.64967919e+01  1.00753503e+00 -1.75611403e-03  2.41753580e-07  1.38701244e-04 
 8.66961876e+01  1.00757008e+00 -1.76028476e-03  2.42886362e-07  1.39025819e-04 
 8.68960429e+01  1.00760528e+00 -1.76446597e-03  2.44024531e-07  1.39351176e-04 
 8.70963590e+01  1.00764066e+00 -1.76865768e-03  2.45168114e-07  1.39677317e-04 
 8.72971368e+01  1.00767619e+00 -1.77285993e-03  2.46317135e-07  1.40004244e-04 
 8.74983775e+01  1.00771190e+00 -1.77707274e-03  2.47471624e-07  1.40331959e-04 
 8.77000821e+01  1.00774777e+00 -1.78129616e-03  2.48631605e-07  1.40660465e-04 
 8.79022517e+01  1.00778381e+00 -1.78553020e-03  2.49797106e-07  1.40989763e-04 
 8.81048873e+01  1.00782002e+00 -1.78977491e-03  2.50968154e-07  1.41319855e-04 
 8.83079900e+01  1.00785640e+00 -1.79403030e-03  2.52144776e-07  1.41650744e-04 
 8.85115610e+01  1.00789295e+00 -1.79829642e-03  2.53327000e-07  1.41982431e-04 
 8.87156012e+01  1.00792967e+00 -1.80257328e-03  2.54514853e-07  1.42314920e-04 
 8.89201118e+01  1.00796656e+00 -1.80686094e-03  2.55708362e-07  1.42648210e-04 
 8.91250938e+01  1.00800363e+00 -1.81115941e-03  2.56907556e-07  1.42982306e-04 
 8.93305484e+01  1.00804087e+00 -1.81546872e-03  2.58112462e-07  1.43317209e-04 
 8.95364766e+01  1.00807829e+00 -1.81978892e-03  2.59323108e-07  1.43652921e-04 
 8.97428795e+01  1.00811588e+00 -1.82412002e-03  2.60539522e-07  1.43989444e-04 
 8.99497582e+01  1.00815364e+00 -1.82846207e-03  2.61761734e-07  1.44326781e-04 
 9.01571138e+01  1.00819159e+00 -1.83281510e-03  2.62989770e-07  1.44664933e-04 
 9.03649474e+01  1.00822971e+00 -1.83717913e-03  2.64223660e-07  1.45003903e-04 
 9.05732601e+01  1.00826801e+00 -1.84155420e-03  2.65463433e-07  1.45343692e-04 
 9.07820530e+01  1.00830649e+00 -1.84594034e-03  2.66709117e-07  1.45684304e-04 
 9.09913273e+01  1.00834515e+00 -1.85033758e-03  2.67960742e-07  1.46025740e-04 
 9.12010839e+01  1.00838399e+00 -1.85474597e-03  2.69218337e-07  1.46368002e-04 
 9.14113241e+01  1.00842302e+00 -1.85916552e-03  2.70481931e-07  1.46711092e-04 
 9.16220490e+01  1.00846222e+00 -1.86359627e-03  2.71751553e-07  1.47055014e-04 
 9.18332596e+01  1.00850162e+00 -1.86803826e-03  2.73027234e-07  1.47399768e-04 
 9.20449572e+01  1.00854119e+00 -1.87249152e-03  2.74309003e-07  1.47745357e-04 
 9.22571427e+01  1.00858095e+00 -1.87695608e-03  2.75596890e-07  1.48091784e-04 
 9.24698174e+01  1.00862090e+00 -1.88143198e-03  2.76890926e-07  1.48439050e-04 
 9.26829823e+01  1.00866104e+00 -1.88591925e-03  2.78191140e-07  1.48787158e-04 
 9.28966387e+01  1.00870137e+00 -1.89041791e-03  2.79497563e-07  1.49136110e-04 
 9.31107875e+01  1.00874188e+00 -1.89492802e-03  2.80810226e-07  1.49485908e-04 
 9.33254301e+01  1.00878259e+00 -1.89944960e-03  2.82129160e-07  1.49836555e-04 
 9.35405674e+01  1.00882348e+00 -1.90398268e-03  2.83454395e-07  1.50188052e-04 
 9.37562007e+01  1.00886457e+00 -1.90852730e-03  2.84785962e-07  1.50540402e-04 
 9.39723311e+01  1.00890585e+00 -1.91308349e-03  2.86123893e-07  1.50893608e-04 
 9.41889597e+01  1.00894733e+00 -1.91765129e-03  2.87468220e-07  1.51247671e-04 
 9.44060876e+01  1.00898900e+00 -1.92223074e-03  2.88818973e-07  1.51602594e-04 
 9.46237161e+01  1.00903086e+00 -1.92682186e-03  2.90176185e-07  1.51958379e-04 
 9.48418463e+01  1.00907292e+00 -1.93142469e-03  2.91539887e-07  1.52315028e-04 
 9.50604794e+01  1.00911518e+00 -1.93603927e-03  2.92910112e-07  1.52672544e-04 
 9.52796164e+01  1.00915764e+00 -1.94066563e-03  2.94286891e-07  1.53030929e-04 
 9.54992586e+01  1.00920030e+00 -1.94530382e-03  2.95670258e-07  1.53390186e-04 
 9.57194071e+01  1.00924316e+00 -1.94995385e-03  2.97060245e-07  1.53750316e-04 
 9.59400632e+01  1.00928622e+00 -1.95461577e-03  2.98456884e-07  1.54111322e-04 
 9.61612278e+01  1.00932948e+00 -1.95928962e-03  2.99860209e-07  1.54473207e-04 
 9.63829024e+01  1.00937295e+00 -1.96397543e-03  3.01270253e-07  1.54835972e-04 
 9.66050879e+01  1.00941662e+00 -1.96867324e-03  3.02687049e-07  1.55199620e-04 
 9.68277856e+01  1.00946050e+00 -1.97338307e-03  3.04110630e-07  1.55564154e-04 
 9.70509967e+01  1.00950458e+00 -1.97810498e-03  3.05541030e-07  1.55929575e-04 
 9.72747224e+01  1.00954887e+00 -1.98283899e-03  3.06978283e-07  1.56295887e-04 
 9.74989638e+01  1.00959337e+00 -1.98758515e-03  3.08422423e-07  1.56663091e-04 
 9.77237221e+01  1.00963808e+00 -1.99234348e-03  3.09873484e-07  1.57031190e-04 
 9.79489985e+01  1.00968299e+00 -1.99711404e-03  3.11331501e-07  1.57400187e-04 
 9.81747943e+01  1.00972812e+00 -2.00189684e-03  3.12796508e-07  1.57770083e-04 
 9.84011106e+01  1.00977347e+00 -2.00669193e-03  3.14268539e-07  1.58140882e-04 
 9.86279486e+01  1.00981902e+00 -2.01149935e-03  3.15747630e-07  1.58512585e-04 
 9.88553095e+01  1.00986479e+00 -2.01631914e-03  3.17233816e-07  1.58885195e-04 
 9.90831945e+01  1.00991077e+00 -2.02115133e-03  3.18727131e-07  1.59258715e-04 
 9.93116048e+01  1.00995698e+00 -2.02599596e-03  3.20227612e-07  1.59633147e-04 
 9.95405417e+01  1.01000339e+00 -2.03085307e-03  3.21735295e-07  1.60008493e-04 
 9.97700064e+01  1.01005003e+00 -2.03572270e-03  3.23250214e-07  1.60384756e-04 
 1.00000000e+02  1.01009689e+00 -2.04060488e-03  3.24772406e-07  1.60761939e-04 
 1.00230524e+02  1.01014397e+00 -2.04549966e-03  3.26301908e-07  1.61140043e-04 
 1.00461579e+02  1.01019127e+00 -2.05040706e-03  3.27838755e-07  1.61519072e-04 
 1.00693167e+02  1.01023879e+00 -2.05532714e-03  3.29382984e-07  1.61899028e-04 
 1.00925289e+02  1.01028653e+00 -2.06025993e-03  3.30934632e-07  1.62279913e-04 
 1.01157945e+02  1.01033451e+00 -2.06520547e-03  3.32493737e-07  1.62661730e-04 
 1.01391139e+02  1.01038270e+00 -2.07016380e-03  3.34060334e-07  1.63044482e-04 
 1.01624869e+02  1.01043113e+00 -2.07513495e-03  3.35634463e-07  1.63428170e-04 
 1.01859139e+02  1.01047978e+00 -2.08011898e-03  3.37216159e-07  1.63812798e-04 
 1.02093948e+02  1.01052866e+00 -2.08511591e-03  3.38805462e-07  1.64198368e-04 
 1.02329299e+02  1.01057777e+00 -2.09012578e-03  3.40402409e-07  1.64584883e-04 
 1.02565193e+02  1.01062712e+00 -2.09514865e-03  3.42007037e-07  1.64972345e-04 
 1.02801630e+02  1.01067669e+00 -2.10018454e-03  3.43619387e-07  1.65360757e-04 
 1.03038612e+02  1.01072650e+00 -2.10523350e-03  3.45239496e-07  1.65750121e-04 
 1.03276141e+02  1.01077655e+00 -2.11029557e-03  3.46867403e-07  1.66140441e-04 
 1.03514217e+02  1.01082683e+00 -2.11537078e-03  3.48503147e-07  1.66531718e-04 
 1.03752842e+02  1.01087734e+00 -2.12045919e-03  3.50146767e-07  1.66923955e-04 
 1.03992017e+02  1.01092810e+00 -2.12556083e-03  3.51798303e-07  1.67317155e-04 
 1.04231743e+02  1.01097910e+00 -2.13067574e-03  3.53457795e-07  1.67711320e-04 
 1.04472022e+02  1.01103033e+00 -2.13580397e-03  3.55125282e-07  1.68106454e-04 
 1.04712855e+02  1.01108181e+00 -2.14094555e-03  3.56800804e-07  1.68502558e-04 
 1.04954243e+02  1.01113353e+00 -2.14610053e-03  3.58484402e-07  1.68899636e-04 
 1.05196187e+02  1.01118549e+00 -2.15126895e-03  3.60176117e-07  1.69297690e-04 
 1.05438690e+02  1.01123770e+00 -2.15645085e-03  3.61875988e-07  1.69696723e-04 
 1.05681751e+02  1.01129016e+00 -2.16164628e-03  3.63584057e-07  1.70096737e-04 
 1.05925373e+02  1.01134286e+00 -2.16685527e-03  3.65300365e-07  1.70497736e-04 
 1.06169556e+02  1.01139582e+00 -2.17207787e-03  3.67024954e-07  1.70899722e-04 
 1.06414302e+02  1.01144902e+00 -2.17731412e-03  3.68757865e-07  1.71302697e-04 
 1.06659612e+02  1.01150247e+00 -2.18256407e-03  3.70499140e-07  1.71706664e-04 
 1.06905488e+02  1.01155618e+00 -2.18782776e-03  3.72248821e-07  1.72111627e-04 
 1.07151931e+02  1.01161014e+00 -2.19310523e-03  3.74006950e-07  1.72517587e-04 
 1.07398941e+02  1.01166436e+00 -2.19839653e-03  3.75773570e-07  1.72924548e-04 
 1.07646521e+02  1.01171883e+00 -2.20370169e-03  3.77548724e-07  1.73332513e-04 
 1.07894672e+02  1.01177355e+00 -2.20902077e-03  3.79332454e-07  1.73741483e-04 
 1.08143395e+02  1.01182854e+00 -2.21435380e-03  3.81124804e-07  1.74151463e-04 
 1.08392691e+02  1.01188379e+00 -2.21970084e-03  3.82925818e-07  1.74562454e-04 
 1.08642562e+02  1.01193930e+00 -2.22506193e-03  3.84735538e-07  1.74974460e-04 
 1.08893009e+02  1.01199507e+00 -2.23043710e-03  3.86554010e-07  1.75387483e-04 
 1.09144034e+02  1.01205110e+00 -2.23582641e-03  3.88381276e-07  1.75801527e-04 
 1.09395637e+02  1.01210740e+00 -2.24122991e-03  3.90217382e-07  1.76216593e-04 
 1.09647820e+02  1.01216396e+00 -2.24664763e-03  3.92062373e-07  1.76632686e-04 
 1.09900584e+02  1.01222079e+00 -2.25207962e-03  3.93916292e-07  1.77049807e-04 
 1.10153931e+02  1.01227790e+00 -2.25752594e-03  3.95779185e-07  1.77467959e-04 
 1.10407862e+02  1.01233527e+00 -2.26298661e-03  3.97651098e-07  1.77887146e-04 
 1.10662378e+02  1.01239291e+00 -2.26846170e-03  3.99532077e-07  1.78307371e-04 
 1.10917482e+02  1.01245082e+00 -2.27395124e-03  4.01422166e-07  1.78728636e-04 
 1.11173173e+02  1.01250901e+00 -2.27945529e-03  4.03321413e-07  1.79150943e-04 
 1.11429453e+02  1.01256748e+00 -2.28497389e-03  4.05229863e-07  1.79574297e-04 
 1.11686325e+02  1.01262622e+00 -2.29050708e-03  4.07147564e-07  1.79998700e-04 
 1.11943788e+02  1.01268524e+00 -2.29605492e-03  4.09074561e-07  1.80424155e-04 
 1.12201845e+02  1.01274454e+00 -2.30161745e-03  4.11010904e-07  1.80850665e-04 
 1.12460497e+02  1.01280411e+00 -2.30719472e-03  4.12956637e-07  1.81278233e-04 
 1.12719746e+02  1.01286398e+00 -2.31278678e-03  4.14911811e-07  1.81706861e-04 
 1.12979591e+02  1.01292412e+00 -2.31839367e-03  4.16876471e-07  1.82136554e-04 
 1.13240036e+02  1.01298455e+00 -2.32401544e-03  4.18850667e-07  1.82567313e-04 
 1.13501082e+02  1.01304526e+00 -2.32965215e-03  4.20834447e-07  1.82999142e-04 
 1.13762729e+02  1.01310627e+00 -2.33530384e-03  4.22827860e-07  1.83432043e-04 
 1.14024979e+02  1.01316756e+00 -2.34097056e-03  4.24830955e-07  1.83866021e-04 
 1.14287833e+02  1.01322914e+00 -2.34665235e-03  4.26843780e-07  1.84301077e-04 
 1.14551294e+02  1.01329102e+00 -2.35234928e-03  4.28866386e-07  1.84737216e-04 
 1.14815362e+02  1.01335318e+00 -2.35806138e-03  4.30898823e-07  1.85174439e-04 
 1.15080039e+02  1.01341565e+00 -2.36378871e-03  4.32941140e-07  1.85612751e-04 
 1.15345326e+02  1.01347840e+00 -2.36953132e-03  4.34993387e-07  1.86052153e-04 
 1.15611224e+02  1.01354146e+00 -2.37528925e-03  4.37055616e-07  1.86492650e-04 
 1.15877736e+02  1.01360481e+00 -2.38106257e-03  4.39127878e-07  1.86934244e-04 
 1.16144861e+02  1.01366847e+00 -2.38685131e-03  4.41210223e-07  1.87376939e-04 
 1.16412603e+02  1.01373243e+00 -2.39265553e-03  4.43302703e-07  1.87820737e-04 
 1.16680962e+02  1.01379669e+00 -2.39847528e-03  4.45405370e-07  1.88265642e-04 
 1.16949939e+02  1.01386125e+00 -2.40431061e-03  4.47518276e-07  1.88711656e-04 
 1.17219537e+02  1.01392612e+00 -2.41016158e-03  4.49641473e-07  1.89158784e-04 
 1.17489755e+02  1.01399130e+00 -2.41602824e-03  4.51775013e-07  1.89607028e-04 
 1.17760597e+02  1.01405679e+00 -2.42191063e-03  4.53918951e-07  1.90056391e-04 
 1.18032064e+02  1.01412259e+00 -2.42780881e-03  4.56073339e-07  1.90506877e-04 
 1.18304156e+02  1.01418870e+00 -2.43372284e-03  4.58238230e-07  1.90958489e-04 
 1.18576875e+02  1.01425513e+00 -2.43965276e-03  4.60413679e-07  1.91411229e-04 
 1.18850223e+02  1.01432187e+00 -2.44559863e-03  4.62599739e-07  1.91865102e-04 
 1.19124201e+02  1.01438892e+00 -2.45156050e-03  4.64796465e-07  1.92320111e-04 
 1.19398810e+02  1.01445630e+00 -2.45753842e-03  4.67003912e-07  1.92776258e-04 
 1.19674053e+02  1.01452400e+00 -2.46353246e-03  4.69222135e-07  1.93233547e-04 
 1.19949930e+02  1.01459201e+00 -2.46954266e-03  4.71451188e-07  1.93691981e-04 
 1.20226443e+02  1.01466035e+00 -2.47556908e-03  4.73691129e-07  1.94151564e-04 
 1.20503594e+02  1.01472902e+00 -2.48161177e-03  4.75942012e-07  1.94612299e-04 
 1.20781384e+02  1.01479801e+00 -2.48767079e-03  4.78203893e-07  1.95074189e-04 
 1.21059813e+02  1.01486733e+00 -2.49374618e-03  4.80476831e-07  1.95537237e-04 
 1.21338885e+02  1.01493698e+00 -2.49983802e-03  4.82760881e-07  1.96001447e-04 
 1.21618600e+02  1.01500696e+00 -2.50594635e-03  4.85056100e-07  1.96466823e-04 
 1.21898960e+02  1.01507727e+00 -2.51207123e-03  4.87362547e-07  1.96933367e-04 
 1.22179966e+02  1.01514792e+00 -2.51821271e-03  4.89680279e-07  1.97401083e-04 
 1.22461620e+02  1.01521890e+00 -2.52437086e-03  4.92009354e-07  1.97869974e-04 
 1.22743923e+02  1.01529022e+00 -2.53054572e-03  4.94349831e-07  1.98340045e-04 
 1.23026877e+02  1.01536188e+00 -2.53673736e-03  4.96701769e-07  1.98811297e-04 
 1.23310483e+02  1.01543389e+00 -2.54294583e-03  4.99065227e-07  1.99283735e-04 
 1.23594743e+02  1.01550623e+00 -2.54917119e-03  5.01440264e-07  1.99757362e-04 
 1.23879659e+02  1.01557892e+00 -2.55541350e-03  5.03826941e-07  2.00232181e-04 
 1.24165231e+02  1.01565195e+00 -2.56167281e-03  5.06225317e-07  2.00708197e-04 
 1.24451461e+02  1.01572533e+00 -2.56794919e-03  5.08635453e-07  2.01185412e-04 
 1.24738351e+02  1.01579906e+00 -2.57424269e-03  5.11057410e-07  2.01663830e-04 
 1.25025903e+02  1.01587315e+00 -2.58055337e-03  5.13491249e-07  2.02143454e-04 
 1.25314117e+02  1.01594758e+00 -2.58688129e-03  5.15937032e-07  2.02624288e-04 
 1.25602996e+02  1.01602237e+00 -2.59322651e-03  5.18394821e-07  2.03106336e-04 
 1.25892541e+02  1.01609752e+00 -2.59958908e-03  5.20864677e-07  2.03589601e-04 
 1.26182753e+02  1.01617302e+00 -2.60596908e-03  5.23346664e-07  2.04074087e-04 
 1.26473635e+02  1.01624889e+00 -2.61236656e-03  5.25840845e-07  2.04559797e-04 
 1.26765187e+02  1.01632511e+00 -2.61878158e-03  5.28347283e-07  2.05046735e-04 
 1.27057411e+02  1.01640170e+00 -2.62521419e-03  5.30866042e-07  2.05534904e-04 
 1.27350308e+02  1.01647865e+00 -2.63166447e-03  5.33397185e-07  2.06024308e-04 
 1.27643881e+02  1.01655597e+00 -2.63813248e-03  5.35940777e-07  2.06514951e-04 
 1.27938130e+02  1.01663366e+00 -2.64461826e-03  5.38496884e-07  2.07006836e-04 
 1.28233058e+02  1.01671172e+00 -2.65112190e-03  5.41065570e-07  2.07499968e-04 
 1.28528666e+02  1.01679016e+00 -2.65764344e-03  5.43646900e-07  2.07994348e-04 
 1.28824955e+02  1.01686896e+00 -2.66418296e-03  5.46240941e-07  2.08489983e-04 
 1.29121927e+02  1.01694815e+00 -2.67074051e-03  5.48847759e-07  2.08986874e-04 
 1.29419584e+02  1.01702771e+00 -2.67731616e-03  5.51467421e-07  2.09485026e-04 
 1.29717927e+02  1.01710765e+00 -2.68390997e-03  5.54099994e-07  2.09984443e-04 
 1.30016958e+02  1.01718797e+00 -2.69052201e-03  5.56745545e-07  2.10485128e-04 
 1.30316678e+02  1.01726867e+00 -2.69715233e-03  5.59404142e-07  2.10987085e-04 
 1.30617089e+02  1.01734976e+00 -2.70380102e-03  5.62075853e-07  2.11490318e-04 
 1.30918192e+02  1.01743124e+00 -2.71046812e-03  5.64760748e-07  2.11994831e-04 
 1.31219990e+02  1.01751311e+00 -2.71715370e-03  5.67458894e-07  2.12500627e-04 
 1.31522483e+02  1.01759537e+00 -2.72385783e-03  5.70170362e-07  2.13007710e-04 
 1.31825674e+02  1.01767802e+00 -2.73058058e-03  5.72895221e-07  2.13516085e-04 
 1.32129563e+02  1.01776107e+00 -2.73732202e-03  5.75633542e-07  2.14025754e-04 
 1.32434154e+02  1.01784451e+00 -2.74408219e-03  5.78385395e-07  2.14536722e-04 
 1.32739446e+02  1.01792835e+00 -2.75086119e-03  5.81150851e-07  2.15048993e-04 
 1.33045442e+02  1.01801260e+00 -2.75765906e-03  5.83929981e-07  2.15562571e-04 
 1.33352143e+02  1.01809724e+00 -2.76447589e-03  5.86722858e-07  2.16077459e-04 
 1.33659552e+02  1.01818229e+00 -2.77131173e-03  5.89529554e-07  2.16593661e-04 
 1.33967669e+02  1.01826775e+00 -2.77816666e-03  5.92350142e-07  2.17111182e-04 
 1.34276496e+02  1.01835362e+00 -2.78504074e-03  5.95184694e-07  2.17630026e-04 
 1.34586035e+02  1.01843990e+00 -2.79193405e-03  5.98033285e-07  2.18150195e-04 
 1.34896288e+02  1.01852659e+00 -2.79884664e-03  6.00895988e-07  2.18671696e-04 
 1.35207256e+02  1.01861369e+00 -2.80577860e-03  6.03772877e-07  2.19194530e-04 
 1.35518941e+02  1.01870122e+00 -2.81272999e-03  6.06664029e-07  2.19718703e-04 
 1.35831345e+02  1.01878916e+00 -2.81970087e-03  6.09569517e-07  2.20244219e-04 
 1.36144468e+02  1.01887752e+00 -2.82669133e-03  6.12489417e-07  2.20771081e-04 
 1.36458314e+02  1.01896631e+00 -2.83370144e-03  6.15423807e-07  2.21299293e-04 
 1.36772883e+02  1.01905552e+00 -2.84073125e-03  6.18372761e-07  2.21828861e-04 
 1.37088177e+02  1.01914516e+00 -2.84778086e-03  6.21336359e-07  2.22359787e-04 
 1.37404198e+02  1.01923523e+00 -2.85485032e-03  6.24314676e-07  2.22892076e-04 
 1.37720947e+02  1.01932573e+00 -2.86193971e-03  6.27307792e-07  2.23425732e-04 
 1.38038426e+02  1.01941667e+00 -2.86904910e-03  6.30315784e-07  2.23960759e-04 
 1.38356638e+02  1.01950804e+00 -2.87617857e-03  6.33338731e-07  2.24497162e-04 
 1.38675583e+02  1.01959985e+00 -2.88332818e-03  6.36376713e-07  2.25034945e-04 
 1.38995263e+02  1.01969210e+00 -2.89049803e-03  6.39429810e-07  2.25574111e-04 
 1.39315680e+02  1.01978479e+00 -2.89768816e-03  6.42498101e-07  2.26114666e-04 
 1.39636836e+02  1.01987793e+00 -2.90489867e-03  6.45581669e-07  2.26656612e-04 
 1.39958732e+02  1.01997151e+00 -2.91212963e-03  6.48680593e-07  2.27199956e-04 
 1.40281370e+02  1.02006554e+00 -2.91938111e-03  6.51794956e-07  2.27744700e-04 
 1.40604752e+02  1.02016003e+00 -2.92665319e-03  6.54924840e-07  2.28290850e-04 
 1.40928880e+02  1.02025497e+00 -2.93394594e-03  6.58070328e-07  2.28838409e-04 
 1.41253754e+02  1.02035036e+00 -2.94125944e-03  6.61231502e-07  2.29387382e-04 
 1.41579378e+02  1.02044621e+00 -2.94859377e-03  6.64408448e-07  2.29937773e-04 
 1.41905752e+02  1.02054253e+00 -2.95594901e-03  6.67601248e-07  2.30489586e-04 
 1.42232879e+02  1.02063930e+00 -2.96332523e-03  6.70809988e-07  2.31042827e-04 
 1.42560759e+02  1.02073654e+00 -2.97072251e-03  6.74034752e-07  2.31597499e-04 
 1.42889396e+02  1.02083425e+00 -2.97814093e-03  6.77275627e-07  2.32153607e-04 
 1.43218790e+02  1.02093243e+00 -2.98558057e-03  6.80532699e-07  2.32711155e-04 
 1.43548943e+02  1.02103108e+00 -2.99304151e-03  6.83806054e-07  2.33270148e-04 
 1.43879858e+02  1.02113021e+00 -3.00052382e-03  6.87095780e-07  2.33830590e-04 
 1.44211535e+02  1.02122981e+00 -3.00802760e-03  6.90401964e-07  2.34392486e-04 
 1.44543977e+02  1.02132989e+00 -3.01555291e-03  6.93724695e-07  2.34955840e-04 
 1.44877185e+02  1.02143046e+00 -3.02309984e-03  6.97064062e-07  2.35520657e-04 
 1.45211162e+02  1.02153150e+00 -3.03066848e-03  7.00420154e-07  2.36086942e-04 
 1.45545908e+02  1.02163304e+00 -3.03825890e-03  7.03793061e-07  2.36654698e-04 
 1.45881426e+02  1.02173506e+00 -3.04587119e-03  7.07182873e-07  2.37223931e-04 
 1.46217717e+02  1.02183757e+00 -3.05350542e-03  7.10589682e-07  2.37794645e-04 
 1.46554784e+02  1.02194058e+00 -3.06116169e-03  7.14013579e-07  2.38366845e-04 
 1.46892628e+02  1.02204409e+00 -3.06884007e-03  7.17454656e-07  2.38940535e-04 
 1.47231250e+02  1.02214809e+00 -3.07654066e-03  7.20913006e-07  2.39515720e-04 
 1.47570653e+02  1.02225260e+00 -3.08426353e-03  7.24388722e-07  2.40092406e-04 
 1.47910839e+02  1.02235760e+00 -3.09200877e-03  7.27881898e-07  2.40670596e-04 
 1.48251809e+02  1.02246312e+00 -3.09977646e-03  7.31392627e-07  2.41250295e-04 
 1.48593564e+02  1.02256914e+00 -3.10756670e-03  7.34921006e-07  2.41831509e-04 
 1.48936108e+02  1.02267568e+00 -3.11537957e-03  7.38467130e-07  2.42414241e-04 
 1.49279441e+02  1.02278273e+00 -3.12321515e-03  7.42031094e-07  2.42998497e-04 
 1.49623566e+02  1.02289030e+00 -3.13107353e-03  7.45612995e-07  2.43584282e-04 
 1.49968484e+02  1.02299838e+00 -3.13895481e-03  7.49212932e-07  2.44171600e-04 
 1.50314197e+02  1.02310699e+00 -3.14685906e-03  7.52831000e-07  2.44760456e-04 
 1.50660707e+02  1.02321612e+00 -3.15478638e-03  7.56467300e-07  2.45350855e-04 
 1.51008015e+02  1.02332578e+00 -3.16273686e-03  7.60121929e-07  2.45942802e-04 
 1.51356125e+02  1.02343597e+00 -3.17071059e-03  7.63794988e-07  2.46536302e-04 
 1.51705037e+02  1.02354669e+00 -3.17870765e-03  7.67486577e-07  2.47131361e-04 
 1.52054753e+02  1.02365795e+00 -3.18672814e-03  7.71196797e-07  2.47727982e-04 
 1.52405275e+02  1.02376974e+00 -3.19477215e-03  7.74925749e-07  2.48326171e-04 
 1.52756606e+02  1.02388208e+00 -3.20283977e-03  7.78673536e-07  2.48925933e-04 
 1.53108746e+02  1.02399496e+00 -3.21093110e-03  7.82440259e-07  2.49527272e-04 
 1.53461698e+02  1.02410838e+00 -3.21904622e-03  7.86226023e-07  2.50130195e-04 
 1.53815464e+02  1.02422235e+00 -3.22718523e-03  7.90030932e-07  2.50734706e-04 
 1.54170045e+02  1.02433688e+00 -3.23534823e-03  7.93855090e-07  2.51340810e-04 
 1.54525444e+02  1.02445196e+00 -3.24353531e-03  7.97698603e-07  2.51948513e-04 
 1.54881662e+02  1.02456760e+00 -3.25174655e-03  8.01561576e-07  2.52557819e-04 
 1.55238701e+02  1.02468379e+00 -3.25998207e-03  8.05444116e-07  2.53168733e-04 
 1.55596563e+02  1.02480055e+00 -3.26824195e-03  8.09346330e-07  2.53781262e-04 
 1.55955250e+02  1.02491788e+00 -3.27652629e-03  8.13268327e-07  2.54395410e-04 
 1.56314764e+02  1.02503577e+00 -3.28483519e-03  8.17210215e-07  2.55011182e-04 
 1.56675107e+02  1.02515424e+00 -3.29316875e-03  8.21172103e-07  2.55628583e-04 
 1.57036280e+02  1.02527328e+00 -3.30152706e-03  8.25154101e-07  2.56247620e-04 
 1.57398286e+02  1.02539289e+00 -3.30991022e-03  8.29156320e-07  2.56868296e-04 
 1.57761127e+02  1.02551309e+00 -3.31831833e-03  8.33178871e-07  2.57490619e-04 
 1.58124804e+02  1.02563387e+00 -3.32675150e-03  8.37221867e-07  2.58114592e-04 
 1.58489319e+02  1.02575524e+00 -3.33520982e-03  8.41285419e-07  2.58740221e-04 
 1.58854675e+02  1.02587719e+00 -3.34369339e-03  8.45369642e-07  2.59367513e-04 
 1.59220873e+02  1.02599974e+00 -3.35220231e-03  8.49474649e-07  2.59996471e-04 
 1.59587915e+02  1.02612289e+00 -3.36073669e-03  8.53600556e-07  2.60627102e-04 
 1.59955803e+02  1.02624663e+00 -3.36929663e-03  8.57747478e-07  2.61259412e-04 
 1.60324539e+02  1.02637097e+00 -3.37788223e-03  8.61915531e-07  2.61893404e-04 
 1.60694125e+02  1.02649592e+00 -3.38649360e-03  8.66104832e-07  2.62529087e-04 
 1.61064564e+02  1.02662147e+00 -3.39513084e-03  8.70315499e-07  2.63166463e-04 
 1.61435856e+02  1.02674763e+00 -3.40379406e-03  8.74547651e-07  2.63805541e-04 
 1.61808004e+02  1.02687441e+00 -3.41248336e-03  8.78801407e-07  2.64446324e-04 
 1.62181010e+02  1.02700181e+00 -3.42119884e-03  8.83076887e-07  2.65088819e-04 
 1.62554876e+02  1.02712982e+00 -3.42994062e-03  8.87374212e-07  2.65733031e-04 
 1.62929603e+02  1.02725846e+00 -3.43870880e-03  8.91693502e-07  2.66378966e-04 
 1.63305195e+02  1.02738772e+00 -3.44750349e-03  8.96034882e-07  2.67026629e-04 
 1.63681652e+02  1.02751762e+00 -3.45632480e-03  9.00398473e-07  2.67676027e-04 
 1.64058977e+02  1.02764814e+00 -3.46517284e-03  9.04784399e-07  2.68327166e-04 
 1.64437172e+02  1.02777930e+00 -3.47404772e-03  9.09192786e-07  2.68980050e-04 
 1.64816239e+02  1.02791110e+00 -3.48294954e-03  9.13623758e-07  2.69634686e-04 
 1.65196180e+02  1.02804355e+00 -3.49187843e-03  9.18077443e-07  2.70291080e-04 
 1.65576996e+02  1.02817664e+00 -3.50083448e-03  9.22553966e-07  2.70949237e-04 
 1.65958691e+02  1.02831037e+00 -3.50981783e-03  9.27053456e-07  2.71609164e-04 
 1.66341265e+02  1.02844476e+00 -3.51882856e-03  9.31576041e-07  2.72270866e-04 
 1.66724721e+02  1.02857981e+00 -3.52786682e-03  9.36121852e-07  2.72934350e-04 
 1.67109061e+02  1.02871552e+00 -3.53693269e-03  9.40691017e-07  2.73599621e-04 
 1.67494288e+02  1.02885188e+00 -3.54602631e-03  9.45283670e-07  2.74266686e-04 
 1.67880402e+02  1.02898892e+00 -3.55514778e-03  9.49899940e-07  2.74935550e-04 
 1.68267406e+02  1.02912662e+00 -3.56429723e-03  9.54539963e-07  2.75606219e-04 
 1.68655303e+02  1.02926499e+00 -3.57347477e-03  9.59203870e-07  2.76278700e-04 
 1.69044093e+02  1.02940404e+00 -3.58268052e-03  9.63891797e-07  2.76952999e-04 
 1.69433780e+02  1.02954378e+00 -3.59191460e-03  9.68603879e-07  2.77629122e-04 
 1.69824365e+02  1.02968419e+00 -3.60117712e-03  9.73340253e-07  2.78307075e-04 
 1.70215851e+02  1.02982529e+00 -3.61046821e-03  9.78101055e-07  2.78986864e-04 
 1.70608239e+02  1.02996708e+00 -3.61978799e-03  9.82886424e-07  2.79668496e-04 
 1.71001532e+02  1.03010957e+00 -3.62913658e-03  9.87696499e-07  2.80351976e-04 
 1.71395731e+02  1.03025275e+00 -3.63851410e-03  9.92531419e-07  2.81037312e-04 
 1.71790839e+02  1.03039663e+00 -3.64792067e-03  9.97391326e-07  2.81724510e-04 
 1.72186857e+02  1.03054122e+00 -3.65735642e-03  1.00227636e-06  2.82413575e-04 
 1.72583789e+02  1.03068652e+00 -3.66682148e-03  1.00718667e-06  2.83104515e-04 
 1.72981636e+02  1.03083252e+00 -3.67631596e-03  1.01212239e-06  2.83797336e-04 
 1.73380400e+02  1.03097925e+00 -3.68584000e-03  1.01708367e-06  2.84492044e-04 
 1.73780083e+02  1.03112669e+00 -3.69539371e-03  1.02207065e-06  2.85188645e-04 
 1.74180687e+02  1.03127486e+00 -3.70497724e-03  1.02708349e-06  2.85887147e-04 
 1.74582215e+02  1.03142375e+00 -3.71459070e-03  1.03212232e-06  2.86587556e-04 
 1.74984669e+02  1.03157337e+00 -3.72423423e-03  1.03718730e-06  2.87289878e-04 
 1.75388050e+02  1.03172373e+00 -3.73390795e-03  1.04227857e-06  2.87994120e-04 
 1.75792361e+02  1.03187482e+00 -3.74361200e-03  1.04739629e-06  2.88700289e-04 
 1.76197605e+02  1.03202666e+00 -3.75334650e-03  1.05254061e-06  2.89408391e-04 
 1.76603782e+02  1.03217924e+00 -3.76311160e-03  1.05771168e-06  2.90118433e-04 
 1.77010896e+02  1.03233258e+00 -3.77290741e-03  1.06290965e-06  2.90830423e-04 
 1.77418948e+02  1.03248666e+00 -3.78273408e-03  1.06813468e-06  2.91544366e-04 
 1.77827941e+02  1.03264151e+00 -3.79259175e-03  1.07338692e-06  2.92260269e-04 
 1.78237877e+02  1.03279711e+00 -3.80248054e-03  1.07866653e-06  2.92978140e-04 
 1.78648757e+02  1.03295349e+00 -3.81240059e-03  1.08397366e-06  2.93697985e-04 
 1.79060585e+02  1.03311063e+00 -3.82235204e-03  1.08930848e-06  2.94419811e-04 
 1.79473363e+02  1.03326854e+00 -3.83233503e-03  1.09467114e-06  2.95143626e-04 
 1.79887092e+02  1.03342723e+00 -3.84234969e-03  1.10006181e-06  2.95869435e-04 
 1.80301774e+02  1.03358670e+00 -3.85239617e-03  1.10548065e-06  2.96597247e-04 
 1.80717413e+02  1.03374696e+00 -3.86247461e-03  1.11092781e-06  2.97327068e-04 
 1.81134009e+02  1.03390801e+00 -3.87258515e-03  1.11640347e-06  2.98058905e-04 
 1.81551566e+02  1.03406985e+00 -3.88272792e-03  1.12190778e-06  2.98792766e-04 
 1.81970086e+02  1.03423249e+00 -3.89290308e-03  1.12744092e-06  2.99528658e-04 
 1.82389570e+02  1.03439594e+00 -3.90311077e-03  1.13300305e-06  3.00266587e-04 
 1.82810022e+02  1.03456019e+00 -3.91335113e-03  1.13859434e-06  3.01006562e-04 
 1.83231442e+02  1.03472525e+00 -3.92362431e-03  1.14421495e-06  3.01748588e-04 
 1.83653834e+02  1.03489112e+00 -3.93393045e-03  1.14986506e-06  3.02492675e-04 
 1.84077200e+02  1.03505781e+00 -3.94426971e-03  1.15554485e-06  3.03238828e-04 
 1.84501542e+02  1.03522533e+00 -3.95464223e-03  1.16125448e-06  3.03987056e-04 
 1.84926862e+02  1.03539368e+00 -3.96504816e-03  1.16699412e-06  3.04737366e-04 
 1.85353162e+02  1.03556285e+00 -3.97548765e-03  1.17276396e-06  3.05489766e-04 
 1.85780446e+02  1.03573287e+00 -3.98596086e-03  1.17856416e-06  3.06244262e-04 
 1.86208714e+02  1.03590372e+00 -3.99646793e-03  1.18439491e-06  3.07000862e-04 
 1.86637969e+02  1.03607542e+00 -4.00700902e-03  1.19025639e-06  3.07759575e-04 
 1.87068214e+02  1.03624797e+00 -4.01758428e-03  1.19614877e-06  3.08520407e-04 
 1.87499451e+02  1.03642138e+00 -4.02819388e-03  1.20207224e-06  3.09283366e-04 
 1.87931682e+02  1.03659564e+00 -4.03883795e-03  1.20802697e-06  3.10048460e-04 
 1.88364909e+02  1.03677077e+00 -4.04951668e-03  1.21401316e-06  3.10815697e-04 
 1.88799135e+02  1.03694676e+00 -4.06023020e-03  1.22003098e-06  3.11585085e-04 
 1.89234362e+02  1.03712363e+00 -4.07097868e-03  1.22608063e-06  3.12356631e-04 
 1.89670592e+02  1.03730137e+00 -4.08176229e-03  1.23216228e-06  3.13130343e-04 
 1.90107828e+02  1.03748000e+00 -4.09258118e-03  1.23827614e-06  3.13906229e-04 
 1.90546072e+02  1.03765951e+00 -4.10343551e-03  1.24442238e-06  3.14684297e-04 
 1.90985326e+02  1.03783991e+00 -4.11432545e-03  1.25060121e-06  3.15464555e-04 
 1.91425593e+02  1.03802121e+00 -4.12525117e-03  1.25681281e-06  3.16247011e-04 
 1.91866874e+02  1.03820341e+00 -4.13621282e-03  1.26305737e-06  3.17031673e-04 
 1.92309173e+02  1.03838651e+00 -4.14721058e-03  1.26933510e-06  3.17818549e-04 
 1.92752491e+02  1.03857053e+00 -4.15824461e-03  1.27564619e-06  3.18607648e-04 
 1.93196832e+02  1.03875546e+00 -4.16931509e-03  1.28199083e-06  3.19398977e-04 
 1.93642196e+02  1.03894131e+00 -4.18042217e-03  1.28836923e-06  3.20192546e-04 
 1.94088588e+02  1.03912809e+00 -4.19156605e-03  1.29478159e-06  3.20988361e-04 
 1.94536008e+02  1.03931579e+00 -4.20274687e-03  1.30122811e-06  3.21786431e-04 
 1.94984460e+02  1.03950443e+00 -4.21396483e-03  1.30770899e-06  3.22586765e-04 
 1.95433946e+02  1.03969401e+00 -4.22522009e-03  1.31422444e-06  3.23389372e-04 
 1.95884467e+02  1.03988453e+00 -4.23651283e-03  1.32077466e-06  3.24194259e-04 
 1.96336028e+02  1.04007601e+00 -4.24784323e-03  1.32735986e-06  3.25001435e-04 
 1.96788629e+02  1.04026843e+00 -4.25921146e-03  1.33398026e-06  3.25810909e-04 
 1.97242274e+02  1.04046182e+00 -4.27061770e-03  1.34063606e-06  3.26622690e-04 
 1.97696964e+02  1.04065617e+00 -4.28206214e-03  1.34732748e-06  3.27436785e-04 
 1.98152703e+02  1.04085150e+00 -4.29354495e-03  1.35405472e-06  3.28253204e-04 
 1.98609492e+02  1.04104780e+00 -4.30506632e-03  1.36081801e-06  3.29071955e-04 
 1.99067334e+02  1.04124508e+00 -4.31662644e-03  1.36761756e-06  3.29893047e-04 
 1.99526231e+02  1.04144334e+00 -4.32822548e-03  1.37445359e-06  3.30716489e-04 
 1.99986187e+02  1.04164260e+00 -4.33986363e-03  1.38132631e-06  3.31542290e-04 
 2.00447203e+02  1.04184285e+00 -4.35154109e-03  1.38823596e-06  3.32370459e-04 
 2.00909281e+02  1.04204410e+00 -4.36325804e-03  1.39518275e-06  3.33201005e-04 
 2.01372425e+02  1.04224637e+00 -4.37501467e-03  1.40216691e-06  3.34033936e-04 
 2.01836636e+02  1.04244964e+00 -4.38681117e-03  1.40918867e-06  3.34869263e-04 
 2.02301918e+02  1.04265393e+00 -4.39864773e-03  1.41624824e-06  3.35706993e-04 
 2.02768272e+02  1.04285925e+00 -4.41052455e-03  1.42334587e-06  3.36547136e-04 
 2.03235701e+02  1.04306559e+00 -4.42244183e-03  1.43048178e-06  3.37389702e-04 
 2.03704208e+02  1.04327297e+00 -4.43439976e-03  1.43765621e-06  3.38234699e-04 
 2.04173794e+02  1.04348139e+00 -4.44639854e-03  1.44486938e-06  3.39082137e-04 
 2.04644464e+02  1.04369086e+00 -4.45843837e-03  1.45212155e-06  3.39932026e-04 
 2.05116218e+02  1.04390138e+00 -4.47051944e-03  1.45941293e-06  3.40784374e-04 
 2.05589060e+02  1.04411295e+00 -4.48264197e-03  1.46674378e-06  3.41639191e-04 
 2.06062991e+02  1.04432559e+00 -4.49480616e-03  1.47411433e-06  3.42496488e-04 
 2.06538016e+02  1.04453930e+00 -4.50701220e-03  1.48152483e-06  3.43356272e-04 
 2.07014135e+02  1.04475408e+00 -4.51926031e-03  1.48897552e-06  3.44218555e-04 
 2.07491352e+02  1.04496994e+00 -4.53155069e-03  1.49646666e-06  3.45083345e-04 
 2.07969669e+02  1.04518689e+00 -4.54388356e-03  1.50399847e-06  3.45950652e-04 
 2.08449088e+02  1.04540493e+00 -4.55625912e-03  1.51157123e-06  3.46820487e-04 
 2.08929613e+02  1.04562406e+00 -4.56867758e-03  1.51918517e-06  3.47692859e-04 
 2.09411246e+02  1.04584430e+00 -4.58113916e-03  1.52684055e-06  3.48567777e-04 
 2.09893988e+02  1.04606566e+00 -4.59364408e-03  1.53453764e-06  3.49445253e-04 
 2.10377844e+02  1.04628812e+00 -4.60619255e-03  1.54227668e-06  3.50325295e-04 
 2.10862815e+02  1.04651171e+00 -4.61878479e-03  1.55005793e-06  3.51207915e-04 
 2.11348904e+02  1.04673643e+00 -4.63142101e-03  1.55788166e-06  3.52093122e-04 
 2.11836114e+02  1.04696228e+00 -4.64410145e-03  1.56574812e-06  3.52980926e-04 
 2.12324446e+02  1.04718927e+00 -4.65682631e-03  1.57365759e-06  3.53871337e-04 
 2.12813905e+02  1.04741741e+00 -4.66959584e-03  1.58161034e-06  3.54764367e-04 
 2.13304491e+02  1.04764671e+00 -4.68241024e-03  1.58960662e-06  3.55660024e-04 
 2.13796209e+02  1.04787716e+00 -4.69526975e-03  1.59764671e-06  3.56558321e-04 
 2.14289060e+02  1.04810878e+00 -4.70817460e-03  1.60573089e-06  3.57459266e-04 
 2.14783047e+02  1.04834157e+00 -4.72112501e-03  1.61385942e-06  3.58362871e-04 
 2.15278173e+02  1.04857553e+00 -4.73412123e-03  1.62203259e-06  3.59269147e-04 
 2.15774441e+02  1.04881069e+00 -4.74716348e-03  1.63025068e-06  3.60178103e-04 
 2.16271852e+02  1.04904703e+00 -4.76025200e-03  1.63851396e-06  3.61089751e-04 
 2.16770410e+02  1.04928458e+00 -4.77338702e-03  1.64682272e-06  3.62004102e-04 
 2.17270118e+02  1.04952333e+00 -4.78656879e-03  1.65517724e-06  3.62921166e-04 
 2.17770977e+02  1.04976329e+00 -4.79979755e-03  1.66357782e-06  3.63840954e-04 
 2.18272991e+02  1.05000446e+00 -4.81307353e-03  1.67202474e-06  3.64763477e-04 
 2.18776162e+02  1.05024687e+00 -4.82639698e-03  1.68051829e-06  3.65688746e-04 
 2.19280494e+02  1.05049050e+00 -4.83976815e-03  1.68905876e-06  3.66616773e-04 
 2.19785987e+02  1.05073537e+00 -4.85318729e-03  1.69764646e-06  3.67547569e-04 
 2.20292646e+02  1.05098149e+00 -4.86665464e-03  1.70628169e-06  3.68481144e-04 
 2.20800473e+02  1.05122886e+00 -4.88017045e-03  1.71496473e-06  3.69417510e-04 
 2.21309471e+02  1.05147749e+00 -4.89373498e-03  1.72369590e-06  3.70356679e-04 
 2.21819642e+02  1.05172738e+00 -4.90734848e-03  1.73247550e-06  3.71298661e-04 
 2.22330989e+02  1.05197855e+00 -4.92101121e-03  1.74130383e-06  3.72243469e-04 
 2.22843515e+02  1.05223100e+00 -4.93472342e-03  1.75018122e-06  3.73191113e-04 
 2.23357222e+02  1.05248473e+00 -4.94848538e-03  1.75910796e-06  3.74141607e-04 
 2.23872114e+02  1.05273976e+00 -4.96229735e-03  1.76808438e-06  3.75094960e-04 
 2.24388192e+02  1.05299609e+00 -4.97615960e-03  1.77711078e-06  3.76051185e-04 
 2.24905461e+02  1.05325373e+00 -4.99007237e-03  1.78618750e-06  3.77010295e-04 
 2.25423921e+02  1.05351269e+00 -5.00403596e-03  1.79531485e-06  3.77972300e-04 
 2.25943577e+02  1.05377297e+00 -5.01805062e-03  1.80449316e-06  3.78937212e-04 
 2.26464431e+02  1.05403458e+00 -5.03211663e-03  1.81372275e-06  3.79905045e-04 
 2.26986485e+02  1.05429753e+00 -5.04623426e-03  1.82300395e-06  3.80875810e-04 
 2.27509743e+02  1.05456182e+00 -5.06040378e-03  1.83233709e-06  3.81849518e-04 
 2.28034207e+02  1.05482747e+00 -5.07462549e-03  1.84172252e-06  3.82826183e-04 
 2.28559880e+02  1.05509448e+00 -5.08889964e-03  1.85116056e-06  3.83805817e-04 
 2.29086765e+02  1.05536286e+00 -5.10322653e-03  1.86065155e-06  3.84788432e-04 
 2.29614865e+02  1.05563261e+00 -5.11760644e-03  1.87019584e-06  3.85774041e-04 
 2.30144182e+02  1.05590375e+00 -5.13203966e-03  1.87979377e-06  3.86762655e-04 
 2.30674719e+02  1.05617628e+00 -5.14652647e-03  1.88944569e-06  3.87754289e-04 
 2.31206479e+02  1.05645021e+00 -5.16106716e-03  1.89915194e-06  3.88748955e-04 
 2.31739465e+02  1.05672554e+00 -5.17566203e-03  1.90891289e-06  3.89746664e-04 
 2.32273680e+02  1.05700229e+00 -5.19031138e-03  1.91872889e-06  3.90747431e-04 
 2.32809126e+02  1.05728047e+00 -5.20501549e-03  1.92860029e-06  3.91751269e-04 
 2.33345806e+02  1.05756008e+00 -5.21977467e-03  1.93852746e-06  3.92758189e-04 
 2.33883724e+02  1.05784112e+00 -5.23458922e-03  1.94851076e-06  3.93768206e-04 
 2.34422882e+02  1.05812362e+00 -5.24945944e-03  1.95855055e-06  3.94781333e-04 
 2.34963282e+02  1.05840756e+00 -5.26438564e-03  1.96864722e-06  3.95797582e-04 
 2.35504928e+02  1.05869298e+00 -5.27936812e-03  1.97880112e-06  3.96816968e-04 
 2.36047823e+02  1.05897986e+00 -5.29440720e-03  1.98901264e-06  3.97839503e-04 
 2.36591970e+02  1.05926823e+00 -5.30950320e-03  1.99928215e-06  3.98865202e-04 
 2.37137371e+02  1.05955809e+00 -5.32465641e-03  2.00961004e-06  3.99894077e-04 
 2.37684029e+02  1.05984944e+00 -5.33986717e-03  2.01999668e-06  4.00926143e-04 
 2.38231947e+02  1.06014230e+00 -5.35513580e-03  2.03044248e-06  4.01961413e-04 
 2.38781128e+02  1.06043667e+00 -5.37046260e-03  2.04094781e-06  4.02999902e-04 
 2.39331576e+02  1.06073257e+00 -5.38584792e-03  2.05151307e-06  4.04041622e-04 
 2.39883292e+02  1.06103000e+00 -5.40129208e-03  2.06213866e-06  4.05086589e-04 
 2.40436280e+02  1.06132897e+00 -5.41679540e-03  2.07282498e-06  4.06134816e-04 
 2.40990543e+02  1.06162949e+00 -5.43235822e-03  2.08357243e-06  4.07186317e-04 
 2.41546083e+02  1.06193157e+00 -5.44798088e-03  2.09438142e-06  4.08241107e-04 
 2.42102905e+02  1.06223521e+00 -5.46366371e-03  2.10525236e-06  4.09299201e-04 
 2.42661010e+02  1.06254044e+00 -5.47940705e-03  2.11618565e-06  4.10360612e-04 
 2.43220401e+02  1.06284724e+00 -5.49521125e-03  2.12718173e-06  4.11425355e-04 
 2.43781082e+02  1.06315565e+00 -5.51107665e-03  2.13824100e-06  4.12493445e-04 
 2.44343055e+02  1.06346565e+00 -5.52700360e-03  2.14936389e-06  4.13564897e-04 
 2.44906324e+02  1.06377727e+00 -5.54299245e-03  2.16055083e-06  4.14639726e-04 
 2.45470892e+02  1.06409051e+00 -5.55904355e-03  2.17180225e-06  4.15717946e-04 
 2.46036760e+02  1.06440539e+00 -5.57515726e-03  2.18311857e-06  4.16799573e-04 
 2.46603934e+02  1.06472190e+00 -5.59133394e-03  2.19450024e-06  4.17884621e-04 
 2.47172415e+02  1.06504006e+00 -5.60757395e-03  2.20594770e-06  4.18973106e-04 
 2.47742206e+02  1.06535989e+00 -5.62387766e-03  2.21746139e-06  4.20065044e-04 
 2.48313311e+02  1.06568138e+00 -5.64024543e-03  2.22904176e-06  4.21160449e-04 
 2.48885732e+02  1.06600455e+00 -5.65667764e-03  2.24068926e-06  4.22259337e-04 
 2.49459473e+02  1.06632942e+00 -5.67317465e-03  2.25240434e-06  4.23361725e-04 
 2.50034536e+02  1.06665598e+00 -5.68973685e-03  2.26418747e-06  4.24467627e-04 
 2.50610925e+02  1.06698425e+00 -5.70636461e-03  2.27603911e-06  4.25577059e-04 
 2.51188643e+02  1.06731423e+00 -5.72305832e-03  2.28795971e-06  4.26690038e-04 
 2.51767693e+02  1.06764595e+00 -5.73981836e-03  2.29994977e-06  4.27806579e-04 
 2.52348077e+02  1.06797941e+00 -5.75664512e-03  2.31200974e-06  4.28926699e-04 
 2.52929800e+02  1.06831461e+00 -5.77353899e-03  2.32414010e-06  4.30050414e-04 
 2.53512863e+02  1.06865158e+00 -5.79050036e-03  2.33634135e-06  4.31177740e-04 
 2.54097271e+02  1.06899031e+00 -5.80752964e-03  2.34861395e-06  4.32308694e-04 
 2.54683025e+02  1.06933082e+00 -5.82462723e-03  2.36095842e-06  4.33443292e-04 
 2.55270130e+02  1.06967312e+00 -5.84179352e-03  2.37337523e-06  4.34581552e-04 
 2.55858589e+02  1.07001723e+00 -5.85902894e-03  2.38586488e-06  4.35723488e-04 
 2.56448404e+02  1.07036314e+00 -5.87633387e-03  2.39842789e-06  4.36869120e-04 
 2.57039578e+02  1.07071088e+00 -5.89370876e-03  2.41106474e-06  4.38018463e-04 
 2.57632116e+02  1.07106045e+00 -5.91115400e-03  2.42377597e-06  4.39171535e-04 
 2.58226019e+02  1.07141186e+00 -5.92867002e-03  2.43656208e-06  4.40328354e-04 
 2.58821292e+02  1.07176513e+00 -5.94625724e-03  2.44942359e-06  4.41488936e-04 
 2.59417936e+02  1.07212026e+00 -5.96391610e-03  2.46236102e-06  4.42653298e-04 
 2.60015956e+02  1.07247727e+00 -5.98164703e-03  2.47537490e-06  4.43821459e-04 
 2.60615355e+02  1.07283616e+00 -5.99945045e-03  2.48846578e-06  4.44993437e-04 
 2.61216135e+02  1.07319696e+00 -6.01732680e-03  2.50163417e-06  4.46169249e-04 
 2.61818301e+02  1.07355966e+00 -6.03527654e-03  2.51488063e-06  4.47348912e-04 
 2.62421854e+02  1.07392428e+00 -6.05330010e-03  2.52820570e-06  4.48532446e-04 
 2.63026799e+02  1.07429084e+00 -6.07139793e-03  2.54160994e-06  4.49719868e-04 
 2.63633139e+02  1.07465934e+00 -6.08957049e-03  2.55509389e-06  4.50911197e-04 
 2.64240876e+02  1.07502980e+00 -6.10781823e-03  2.56865813e-06  4.52106451e-04 
 2.64850014e+02  1.07540222e+00 -6.12614162e-03  2.58230320e-06  4.53305648e-04 
 2.65460556e+02  1.07577662e+00 -6.14454111e-03  2.59602970e-06  4.54508808e-04 
 2.66072506e+02  1.07615302e+00 -6.16301718e-03  2.60983818e-06  4.55715949e-04 
 2.66685866e+02  1.07653141e+00 -6.18157030e-03  2.62372923e-06  4.56927091e-04 
 2.67300641e+02  1.07691182e+00 -6.20020093e-03  2.63770344e-06  4.58142251e-04 
 2.67916832e+02  1.07729426e+00 -6.21890958e-03  2.65176140e-06  4.59361450e-04 
 2.68534445e+02  1.07767873e+00 -6.23769671e-03  2.66590369e-06  4.60584707e-04 
 2.69153480e+02  1.07806526e+00 -6.25656281e-03  2.68013093e-06  4.61812041e-04 
 2.69773943e+02  1.07845385e+00 -6.27550838e-03  2.69444371e-06  4.63043471e-04 
 2.70395836e+02  1.07884451e+00 -6.29453391e-03  2.70884266e-06  4.64279019e-04 
 2.71019163e+02  1.07923726e+00 -6.31363991e-03  2.72332837e-06  4.65518703e-04 
 2.71643927e+02  1.07963212e+00 -6.33282687e-03  2.73790148e-06  4.66762543e-04 
 2.72270131e+02  1.08002909e+00 -6.35209532e-03  2.75256262e-06  4.68010561e-04 
 2.72897778e+02  1.08042818e+00 -6.37144575e-03  2.76731241e-06  4.69262775e-04 
 2.73526873e+02  1.08082941e+00 -6.39087869e-03  2.78215150e-06  4.70519207e-04 
 2.74157417e+02  1.08123280e+00 -6.41039465e-03  2.79708052e-06  4.71779876e-04 
 2.74789415e+02  1.08163835e+00 -6.42999418e-03  2.81210014e-06  4.73044805e-04 
 2.75422870e+02  1.08204607e+00 -6.44967778e-03  2.82721099e-06  4.74314013e-04 
 2.76057786e+02  1.08245599e+00 -6.46944601e-03  2.84241375e-06  4.75587522e-04 
 2.76694165e+02  1.08286812e+00 -6.48929941e-03  2.85770908e-06  4.76865352e-04 
 2.77332010e+02  1.08328246e+00 -6.50923850e-03  2.87309765e-06  4.78147526e-04 
 2.77971327e+02  1.08369903e+00 -6.52926386e-03  2.88858014e-06  4.79434065e-04 
 2.78612117e+02  1.08411785e+00 -6.54937602e-03  2.90415724e-06  4.80724990e-04 
 2.79254384e+02  1.08453893e+00 -6.56957555e-03  2.91982964e-06  4.82020323e-04 
 2.79898132e+02  1.08496229e+00 -6.58986301e-03  2.93559803e-06  4.83320085e-04 
 2.80543364e+02  1.08538792e+00 -6.61023897e-03  2.95146313e-06  4.84624300e-04 
 2.81190083e+02  1.08581586e+00 -6.63070400e-03  2.96742563e-06  4.85932990e-04 
 2.81838293e+02  1.08624612e+00 -6.65125869e-03  2.98348625e-06  4.87246176e-04 
 2.82487997e+02  1.08667870e+00 -6.67190361e-03  2.99964572e-06  4.88563881e-04 
 2.83139200e+02  1.08711363e+00 -6.69263935e-03  3.01590477e-06  4.89886129e-04 
 2.83791903e+02  1.08755092e+00 -6.71346651e-03  3.03226413e-06  4.91212941e-04 
 2.84446111e+02  1.08799057e+00 -6.73438569e-03  3.04872455e-06  4.92544342e-04 
 2.85101827e+02  1.08843262e+00 -6.75539749e-03  3.06528676e-06  4.93880354e-04 
 2.85759054e+02  1.08887707e+00 -6.77650252e-03  3.08195154e-06  4.95221000e-04 
 2.86417797e+02  1.08932393e+00 -6.79770139e-03  3.09871964e-06  4.96566305e-04 
 2.87078058e+02  1.08977323e+00 -6.81899472e-03  3.11559183e-06  4.97916292e-04 
 2.87739841e+02  1.09022497e+00 -6.84038315e-03  3.13256889e-06  4.99270984e-04 
 2.88403150e+02  1.09067918e+00 -6.86186730e-03  3.14965160e-06  5.00630407e-04 
 2.89067988e+02  1.09113586e+00 -6.88344780e-03  3.16684075e-06  5.01994583e-04 
 2.89734359e+02  1.09159504e+00 -6.90512531e-03  3.18413715e-06  5.03363539e-04 
 2.90402265e+02  1.09205672e+00 -6.92690047e-03  3.20154160e-06  5.04737298e-04 
 2.91071712e+02  1.09252093e+00 -6.94877392e-03  3.21905490e-06  5.06115885e-04 
 2.91742701e+02  1.09298768e+00 -6.97074635e-03  3.23667789e-06  5.07499325e-04 
 2.92415238e+02  1.09345699e+00 -6.99281840e-03  3.25441139e-06  5.08887643e-04 
 2.93089325e+02  1.09392886e+00 -7.01499075e-03  3.27225624e-06  5.10280865e-04 
 2.93764965e+02  1.09440333e+00 -7.03726408e-03  3.29021328e-06  5.11679016e-04 
 2.94442163e+02  1.09488040e+00 -7.05963907e-03  3.30828336e-06  5.13082122e-04 
 2.95120923e+02  1.09536009e+00 -7.08211642e-03  3.32646734e-06  5.14490209e-04 
 2.95801247e+02  1.09584242e+00 -7.10469682e-03  3.34476609e-06  5.15903303e-04 
 2.96483139e+02  1.09632740e+00 -7.12738096e-03  3.36318049e-06  5.17321431e-04 
 2.97166603e+02  1.09681505e+00 -7.15016957e-03  3.38171141e-06  5.18744618e-04 
 2.97851643e+02  1.09730539e+00 -7.17306335e-03  3.40035976e-06  5.20172891e-04 
 2.98538262e+02  1.09779844e+00 -7.19606304e-03  3.41912644e-06  5.21606279e-04 
 2.99226464e+02  1.09829421e+00 -7.21916935e-03  3.43801234e-06  5.23044807e-04 
 2.99916252e+02  1.09879271e+00 -7.24238302e-03  3.45701840e-06  5.24488502e-04 
 3.00607630e+02  1.09929398e+00 -7.26570480e-03  3.47614553e-06  5.25937394e-04 
 3.01300602e+02  1.09979801e+00 -7.28913543e-03  3.49539468e-06  5.27391508e-04 
 3.01995172e+02  1.10030484e+00 -7.31267567e-03  3.51476679e-06  5.28850874e-04 
 3.02691343e+02  1.10081448e+00 -7.33632629e-03  3.53426281e-06  5.30315519e-04 
 3.03389118e+02  1.10132695e+00 -7.36008804e-03  3.55388370e-06  5.31785471e-04 
 3.04088503e+02  1.10184226e+00 -7.38396172e-03  3.57363044e-06  5.33260760e-04 
 3.04789499e+02  1.10236044e+00 -7.40794810e-03  3.59350400e-06  5.34741415e-04 
 3.05492111e+02  1.10288150e+00 -7.43204798e-03  3.61350539e-06  5.36227463e-04 
 3.06196343e+02  1.10340546e+00 -7.45626215e-03  3.63363559e-06  5.37718935e-04 
 3.06902199e+02  1.10393234e+00 -7.48059142e-03  3.65389562e-06  5.39215860e-04 
 3.07609681e+02  1.10446216e+00 -7.50503661e-03  3.67428650e-06  5.40718268e-04 
 3.08318795e+02  1.10499493e+00 -7.52959853e-03  3.69480925e-06  5.42226188e-04 
 3.09029543e+02  1.10553069e+00 -7.55427802e-03  3.71546493e-06  5.43739651e-04 
 3.09741930e+02  1.10606944e+00 -7.57907591e-03  3.73625457e-06  5.45258688e-04 
 3.10455959e+02  1.10661120e+00 -7.60399305e-03  3.75717923e-06  5.46783328e-04 
 3.11171634e+02  1.10715600e+00 -7.62903030e-03  3.77824000e-06  5.48313603e-04 
 3.11888958e+02  1.10770386e+00 -7.65418850e-03  3.79943794e-06  5.49849545e-04 
 3.12607937e+02  1.10825479e+00 -7.67946854e-03  3.82077415e-06  5.51391183e-04 
 3.13328572e+02  1.10880881e+00 -7.70487128e-03  3.84224974e-06  5.52938551e-04 
 3.14050869e+02  1.10936595e+00 -7.73039763e-03  3.86386581e-06  5.54491680e-04 
 3.14774831e+02  1.10992623e+00 -7.75604846e-03  3.88562349e-06  5.56050601e-04 
 3.15500462e+02  1.11048966e+00 -7.78182469e-03  3.90752391e-06  5.57615349e-04 
 3.16227766e+02  1.11105626e+00 -7.80772722e-03  3.92956823e-06  5.59185954e-04 
 3.16956746e+02  1.11162607e+00 -7.83375698e-03  3.95175759e-06  5.60762450e-04 
 3.17687407e+02  1.11219909e+00 -7.85991489e-03  3.97409317e-06  5.62344871e-04 
 3.18419752e+02  1.11277536e+00 -7.88620190e-03  3.99657616e-06  5.63933249e-04 
 3.19153786e+02  1.11335488e+00 -7.91261894e-03  4.01920773e-06  5.65527618e-04 
 3.19889511e+02  1.11393769e+00 -7.93916699e-03  4.04198910e-06  5.67128013e-04 
 3.20626932e+02  1.11452380e+00 -7.96584700e-03  4.06492149e-06  5.68734467e-04 
 3.21366054e+02  1.11511324e+00 -7.99265994e-03  4.08800612e-06  5.70347016e-04 
 3.22106879e+02  1.11570603e+00 -8.01960682e-03  4.11124424e-06  5.71965693e-04 
 3.22849412e+02  1.11630218e+00 -8.04668861e-03  4.13463710e-06  5.73590535e-04 
 3.23593657e+02  1.11690173e+00 -8.07390632e-03  4.15818596e-06  5.75221575e-04 
 3.24339617e+02  1.11750470e+00 -8.10126097e-03  4.18189211e-06  5.76858851e-04 
 3.25087297e+02  1.11811111e+00 -8.12875359e-03  4.20575684e-06  5.78502398e-04 
 3.25836701e+02  1.11872097e+00 -8.15638519e-03  4.22978146e-06  5.80152252e-04 
 3.26587832e+02  1.11933433e+00 -8.18415684e-03  4.25396728e-06  5.81808450e-04 
 3.27340695e+02  1.11995119e+00 -8.21206959e-03  4.27831564e-06  5.83471029e-04 
 3.28095293e+02  1.12057158e+00 -8.24012449e-03  4.30282789e-06  5.85140025e-04 
 3.28851631e+02  1.12119553e+00 -8.26832263e-03  4.32750538e-06  5.86815476e-04 
 3.29609712e+02  1.12182306e+00 -8.29666509e-03  4.35234949e-06  5.88497421e-04 
 3.30369541e+02  1.12245419e+00 -8.32515297e-03  4.37736160e-06  5.90185897e-04 
 3.31131121e+02  1.12308895e+00 -8.35378739e-03  4.40254313e-06  5.91880942e-04 
 3.31894458e+02  1.12372736e+00 -8.38256945e-03  4.42789549e-06  5.93582595e-04 
 3.32659553e+02  1.12436945e+00 -8.41150029e-03  4.45342011e-06  5.95290896e-04 
 3.33426413e+02  1.12501525e+00 -8.44058105e-03  4.47911844e-06  5.97005883e-04 
 3.34195040e+02  1.12566477e+00 -8.46981289e-03  4.50499194e-06  5.98727596e-04 
 3.34965439e+02  1.12631804e+00 -8.49919697e-03  4.53104209e-06  6.00456076e-04 
 3.35737614e+02  1.12697510e+00 -8.52873447e-03  4.55727037e-06  6.02191362e-04 
 3.36511569e+02  1.12763596e+00 -8.55842658e-03  4.58367831e-06  6.03933496e-04 
 3.37287309e+02  1.12830065e+00 -8.58827449e-03  4.61026743e-06  6.05682518e-04 
 3.38064836e+02  1.12896919e+00 -8.61827943e-03  4.63703926e-06  6.07438470e-04 
 3.38844156e+02  1.12964162e+00 -8.64844262e-03  4.66399537e-06  6.09201393e-04 
 3.39625273e+02  1.13031796e+00 -8.67876530e-03  4.69113732e-06  6.10971330e-04 
 3.40408190e+02  1.13099824e+00 -8.70924872e-03  4.71846671e-06  6.12748324e-04 
 3.41192912e+02  1.13168249e+00 -8.73989414e-03  4.74598514e-06  6.14532416e-04 
 3.41979443e+02  1.13237072e+00 -8.77070284e-03  4.77369424e-06  6.16323650e-04 
 3.42767787e+02  1.13306297e+00 -8.80167612e-03  4.80159566e-06  6.18122069e-04 
 3.43557948e+02  1.13375928e+00 -8.83281527e-03  4.82969104e-06  6.19927719e-04 
 3.44349931e+02  1.13445965e+00 -8.86412161e-03  4.85798207e-06  6.21740642e-04 
 3.45143739e+02  1.13516414e+00 -8.89559648e-03  4.88647044e-06  6.23560884e-04 
 3.45939378e+02  1.13587275e+00 -8.92724122e-03  4.91515787e-06  6.25388489e-04 
 3.46736850e+02  1.13658553e+00 -8.95905719e-03  4.94404609e-06  6.27223504e-04 
 3.47536161e+02  1.13730250e+00 -8.99104577e-03  4.97313685e-06  6.29065973e-04 
 3.48337315e+02  1.13802368e+00 -9.02320833e-03  5.00243191e-06  6.30915944e-04 
 3.49140315e+02  1.13874912e+00 -9.05554629e-03  5.03193308e-06  6.32773462e-04 
 3.49945167e+02  1.13947884e+00 -9.08806106e-03  5.06164215e-06  6.34638576e-04 
 3.50751874e+02  1.14021287e+00 -9.12075407e-03  5.09156096e-06  6.36511332e-04 
 3.51560441e+02  1.14095124e+00 -9.15362678e-03  5.12169135e-06  6.38391778e-04 
 3.52370871e+02  1.14169398e+00 -9.18668064e-03  5.15203519e-06  6.40279963e-04 
 3.53183170e+02  1.14244112e+00 -9.21991713e-03  5.18259438e-06  6.42175936e-04 
 3.53997341e+02  1.14319269e+00 -9.25333775e-03  5.21337081e-06  6.44079745e-04 
 3.54813389e+02  1.14394873e+00 -9.28694401e-03  5.24436643e-06  6.45991441e-04 
 3.55631319e+02  1.14470927e+00 -9.32073743e-03  5.27558319e-06  6.47911072e-04 
 3.56451133e+02  1.14547434e+00 -9.35471956e-03  5.30702305e-06  6.49838691e-04 
 3.57272838e+02  1.14624396e+00 -9.38889196e-03  5.33868803e-06  6.51774347e-04 
 3.58096437e+02  1.14701818e+00 -9.42325620e-03  5.37058013e-06  6.53718093e-04 
 3.58921935e+02  1.14779703e+00 -9.45781387e-03  5.40270139e-06  6.55669979e-04 
 3.59749335e+02  1.14858054e+00 -9.49256660e-03  5.43505389e-06  6.57630059e-04 
 3.60578643e+02  1.14936874e+00 -9.52751600e-03  5.46763970e-06  6.59598386e-04 
 3.61409863e+02  1.15016167e+00 -9.56266372e-03  5.50046095e-06  6.61575012e-04 
 3.62242998e+02  1.15095936e+00 -9.59801143e-03  5.53351975e-06  6.63559991e-04 
 3.63078055e+02  1.15176185e+00 -9.63356081e-03  5.56681828e-06  6.65553377e-04 
 3.63915036e+02  1.15256917e+00 -9.66931356e-03  5.60035872e-06  6.67555227e-04 
 3.64753947e+02  1.15338136e+00 -9.70527140e-03  5.63414327e-06  6.69565593e-04 
 3.65594792e+02  1.15419844e+00 -9.74143607e-03  5.66817417e-06  6.71584533e-04 
 3.66437575e+02  1.15502047e+00 -9.77780932e-03  5.70245367e-06  6.73612103e-04 
 3.67282300e+02  1.15584746e+00 -9.81439293e-03  5.73698406e-06  6.75648359e-04 
 3.68128974e+02  1.15667947e+00 -9.85118871e-03  5.77176766e-06  6.77693359e-04 
 3.68977599e+02  1.15751653e+00 -9.88819846e-03  5.80680679e-06  6.79747161e-04 
 3.69828180e+02  1.15835867e+00 -9.92542402e-03  5.84210383e-06  6.81809822e-04 
 3.70680722e+02  1.15920592e+00 -9.96286726e-03  5.87766116e-06  6.83881403e-04 
 3.71535229e+02  1.16005834e+00 -1.00005300e-02  5.91348121e-06  6.85961962e-04 
 3.72391706e+02  1.16091596e+00 -1.00384143e-02  5.94956641e-06  6.88051559e-04 
 3.73250158e+02  1.16177881e+00 -1.00765219e-02  5.98591926e-06  6.90150255e-04 
 3.74110588e+02  1.16264694e+00 -1.01148548e-02  6.02254225e-06  6.92258111e-04 
 3.74973002e+02  1.16352038e+00 -1.01534150e-02  6.05943791e-06  6.94375189e-04 
 3.75837404e+02  1.16439917e+00 -1.01922045e-02  6.09660882e-06  6.96501552e-04 
 3.76703799e+02  1.16528335e+00 -1.02312252e-02  6.13405756e-06  6.98637261e-04 
 3.77572191e+02  1.16617297e+00 -1.02704793e-02  6.17178676e-06  7.00782381e-04 
 3.78442585e+02  1.16706807e+00 -1.03099687e-02  6.20979907e-06  7.02936976e-04 
 3.79314985e+02  1.16796868e+00 -1.03496955e-02  6.24809719e-06  7.05101110e-04 
 3.80189396e+02  1.16887485e+00 -1.03896620e-02  6.28668383e-06  7.07274848e-04 
 3.81065823e+02  1.16978661e+00 -1.04298700e-02  6.32556173e-06  7.09458257e-04 
 3.81944271e+02  1.17070402e+00 -1.04703219e-02  6.36473370e-06  7.11651404e-04 
 3.82824743e+02  1.17162711e+00 -1.05110199e-02  6.40420254e-06  7.13854355e-04 
 3.83707245e+02  1.17255593e+00 -1.05519660e-02  6.44397110e-06  7.16067178e-04 
 3.84591782e+02  1.17349051e+00 -1.05931625e-02  6.48404227e-06  7.18289941e-04 
 3.85478358e+02  1.17443092e+00 -1.06346118e-02  6.52441897e-06  7.20522715e-04 
 3.86366977e+02  1.17537718e+00 -1.06763160e-02  6.56510415e-06  7.22765568e-04 
 3.87257645e+02  1.17632934e+00 -1.07182775e-02  6.60610081e-06  7.25018572e-04 
 3.88150366e+02  1.17728745e+00 -1.07604985e-02  6.64741197e-06  7.27281797e-04 
 3.89045145e+02  1.17825156e+00 -1.08029816e-02  6.68904070e-06  7.29555315e-04 
 3.89941987e+02  1.17922171e+00 -1.08457290e-02  6.73099010e-06  7.31839200e-04 
 3.90840896e+02  1.18019795e+00 -1.08887432e-02  6.77326331e-06  7.34133524e-04 
 3.91741877e+02  1.18118032e+00 -1.09320267e-02  6.81586350e-06  7.36438361e-04 
 3.92644935e+02  1.18216887e+00 -1.09755818e-02  6.85879389e-06  7.38753786e-04 
 3.93550075e+02  1.18316365e+00 -1.10194111e-02  6.90205774e-06  7.41079875e-04 
 3.94457302e+02  1.18416471e+00 -1.10635172e-02  6.94565834e-06  7.43416703e-04 
 3.95366620e+02  1.18517209e+00 -1.11079026e-02  6.98959904e-06  7.45764349e-04 
 3.96278034e+02  1.18618585e+00 -1.11525698e-02  7.03388321e-06  7.48122889e-04 
 3.97191549e+02  1.18720604e+00 -1.11975216e-02  7.07851428e-06  7.50492402e-04 
 3.98107171e+02  1.18823271e+00 -1.12427606e-02  7.12349569e-06  7.52872968e-04 
 3.99024902e+02  1.18926590e+00 -1.12882895e-02  7.16883097e-06  7.55264667e-04 
 3.99944750e+02  1.19030567e+00 -1.13341110e-02  7.21452367e-06  7.57667579e-04 
 4.00866718e+02  1.19135207e+00 -1.13802278e-02  7.26057737e-06  7.60081786e-04 
 4.01790811e+02  1.19240515e+00 -1.14266428e-02  7.30699572e-06  7.62507372e-04 
 4.02717034e+02  1.19346498e+00 -1.14733587e-02  7.35378240e-06  7.64944418e-04 
 4.03645393e+02  1.19453159e+00 -1.15203785e-02  7.40094116e-06  7.67393011e-04 
 4.04575892e+02  1.19560504e+00 -1.15677051e-02  7.44847576e-06  7.69853234e-04 
 4.05508535e+02  1.19668539e+00 -1.16153412e-02  7.49639004e-06  7.72325174e-04 
 4.06443329e+02  1.19777270e+00 -1.16632901e-02  7.54468788e-06  7.74808918e-04 
 4.07380278e+02  1.19886701e+00 -1.17115545e-02  7.59337320e-06  7.77304553e-04 
 4.08319386e+02  1.19996839e+00 -1.17601376e-02  7.64244999e-06  7.79812168e-04 
 4.09260660e+02  1.20107689e+00 -1.18090425e-02  7.69192226e-06  7.82331853e-04 
 4.10204103e+02  1.20219257e+00 -1.18582722e-02  7.74179410e-06  7.84863697e-04 
 4.11149721e+02  1.20331549e+00 -1.19078299e-02  7.79206964e-06  7.87407794e-04 
 4.12097519e+02  1.20444571e+00 -1.19577189e-02  7.84275308e-06  7.89964234e-04 
 4.13047502e+02  1.20558328e+00 -1.20079423e-02  7.89384865e-06  7.92533112e-04 
 4.13999675e+02  1.20672826e+00 -1.20585035e-02  7.94536064e-06  7.95114522e-04 
 4.14954043e+02  1.20788072e+00 -1.21094057e-02  7.99729342e-06  7.97708559e-04 
 4.15910610e+02  1.20904072e+00 -1.21606523e-02  8.04965139e-06  8.00315319e-04 
 4.16869383e+02  1.21020832e+00 -1.22122467e-02  8.10243902e-06  8.02934900e-04 
 4.17830367e+02  1.21138357e+00 -1.22641924e-02  8.15566083e-06  8.05567400e-04 
 4.18793565e+02  1.21256656e+00 -1.23164928e-02  8.20932142e-06  8.08212918e-04 
 4.19758984e+02  1.21375733e+00 -1.23691515e-02  8.26342543e-06  8.10871556e-04 
 4.20726628e+02  1.21495595e+00 -1.24221721e-02  8.31797756e-06  8.13543414e-04 
 4.21696503e+02  1.21616249e+00 -1.24755582e-02  8.37298259e-06  8.16228595e-04 
 4.22668614e+02  1.21737701e+00 -1.25293134e-02  8.42844536e-06  8.18927203e-04 
 4.23642966e+02  1.21859958e+00 -1.25834416e-02  8.48437077e-06  8.21639343e-04 
 4.24619564e+02  1.21983027e+00 -1.26379464e-02  8.54076377e-06  8.24365120e-04 
 4.25598413e+02  1.22106914e+00 -1.26928316e-02  8.59762941e-06  8.27104643e-04 
 4.26579519e+02  1.22231627e+00 -1.27481013e-02  8.65497278e-06  8.29858018e-04 
 4.27562886e+02  1.22357172e+00 -1.28037591e-02  8.71279905e-06  8.32625356e-04 
 4.28548520e+02  1.22483556e+00 -1.28598093e-02  8.77111346e-06  8.35406768e-04 
 4.29536427e+02  1.22610787e+00 -1.29162557e-02  8.82992133e-06  8.38202364e-04 
 4.30526610e+02  1.22738871e+00 -1.29731024e-02  8.88922803e-06  8.41012258e-04 
 4.31519077e+02  1.22867816e+00 -1.30303536e-02  8.94903903e-06  8.43836565e-04 
 4.32513831e+02  1.22997629e+00 -1.30880134e-02  9.00935985e-06  8.46675400e-04 
 4.33510878e+02  1.23128318e+00 -1.31460862e-02  9.07019611e-06  8.49528879e-04 
 4.34510224e+02  1.23259889e+00 -1.32045761e-02  9.13155348e-06  8.52397122e-04 
 4.35511874e+02  1.23392351e+00 -1.32634876e-02  9.19343774e-06  8.55280246e-04 
 4.36515832e+02  1.23525712e+00 -1.33228251e-02  9.25585472e-06  8.58178374e-04 
 4.37522105e+02  1.23659978e+00 -1.33825930e-02  9.31881035e-06  8.61091628e-04 
 4.38530698e+02  1.23795158e+00 -1.34427959e-02  9.38231064e-06  8.64020130e-04 
 4.39541615e+02  1.23931260e+00 -1.35034384e-02  9.44636168e-06  8.66964005e-04 
 4.40554864e+02  1.24068292e+00 -1.35645251e-02  9.51096966e-06  8.69923381e-04 
 4.41570447e+02  1.24206261e+00 -1.36260608e-02  9.57614082e-06  8.72898384e-04 
 4.42588372e+02  1.24345176e+00 -1.36880502e-02  9.64188153e-06  8.75889144e-04 
 4.43608644e+02  1.24485046e+00 -1.37504982e-02  9.70819822e-06  8.78895791e-04 
 4.44631267e+02  1.24625878e+00 -1.38134097e-02  9.77509744e-06  8.81918458e-04 
 4.45656248e+02  1.24767681e+00 -1.38767897e-02  9.84258581e-06  8.84957278e-04 
 4.46683592e+02  1.24910464e+00 -1.39406433e-02  9.91067005e-06  8.88012386e-04 
 4.47713304e+02  1.25054235e+00 -1.40049756e-02  9.97935698e-06  8.91083919e-04 
 4.48745390e+02  1.25199003e+00 -1.40697918e-02  1.00486535e-05  8.94172016e-04 
 4.49779855e+02  1.25344778e+00 -1.41350971e-02  1.01185667e-05  8.97276815e-04 
 4.50816705e+02  1.25491567e+00 -1.42008969e-02  1.01891035e-05  9.00398458e-04 
 4.51855944e+02  1.25639380e+00 -1.42671966e-02  1.02602714e-05  9.03537089e-04 
 4.52897580e+02  1.25788226e+00 -1.43340018e-02  1.03320775e-05  9.06692853e-04 
 4.53941617e+02  1.25938114e+00 -1.44013179e-02  1.04045293e-05  9.09865895e-04 
 4.54988060e+02  1.26089054e+00 -1.44691507e-02  1.04776344e-05  9.13056365e-04 
 4.56036916e+02  1.26241055e+00 -1.45375059e-02  1.05514004e-05  9.16264411e-04 
 4.57088190e+02  1.26394128e+00 -1.46063892e-02  1.06258351e-05  9.19490186e-04 
 4.58141887e+02  1.26548280e+00 -1.46758067e-02  1.07009463e-05  9.22733843e-04 
 4.59198013e+02  1.26703523e+00 -1.47457642e-02  1.07767420e-05  9.25995538e-04 
 4.60256574e+02  1.26859867e+00 -1.48162678e-02  1.08532304e-05  9.29275427e-04 
 4.61317575e+02  1.27017321e+00 -1.48873238e-02  1.09304196e-05  9.32573670e-04 
 4.62381021e+02  1.27175895e+00 -1.49589383e-02  1.10083181e-05  9.35890427e-04 
 4.63446920e+02  1.27335600e+00 -1.50311176e-02  1.10869343e-05  9.39225861e-04 
 4.64515275e+02  1.27496447e+00 -1.51038683e-02  1.11662769e-05  9.42580138e-04 
 4.65586094e+02  1.27658445e+00 -1.51771968e-02  1.12463545e-05  9.45953424e-04 
 4.66659380e+02  1.27821606e+00 -1.52511098e-02  1.13271760e-05  9.49345887e-04 
 4.67735141e+02  1.27985941e+00 -1.53256139e-02  1.14087505e-05  9.52757699e-04 
 4.68813382e+02  1.28151459e+00 -1.54007160e-02  1.14910870e-05  9.56189033e-04 
 4.69894109e+02  1.28318173e+00 -1.54764230e-02  1.15741949e-05  9.59640063e-04 
 4.70977326e+02  1.28486094e+00 -1.55527418e-02  1.16580836e-05  9.63110967e-04 
 4.72063041e+02  1.28655232e+00 -1.56296798e-02  1.17427626e-05  9.66601924e-04 
 4.73151259e+02  1.28825600e+00 -1.57072439e-02  1.18282417e-05  9.70113116e-04 
 4.74241985e+02  1.28997209e+00 -1.57854417e-02  1.19145307e-05  9.73644727e-04 
 4.75335226e+02  1.29170071e+00 -1.58642805e-02  1.20016396e-05  9.77196942e-04 
 4.76430987e+02  1.29344197e+00 -1.59437679e-02  1.20895787e-05  9.80769951e-04 
 4.77529274e+02  1.29519600e+00 -1.60239116e-02  1.21783582e-05  9.84363943e-04 
 4.78630092e+02  1.29696292e+00 -1.61047194e-02  1.22679886e-05  9.87979113e-04 
 4.79733449e+02  1.29874286e+00 -1.61861991e-02  1.23584806e-05  9.91615655e-04 
 4.80839348e+02  1.30053593e+00 -1.62683589e-02  1.24498450e-05  9.95273768e-04 
 4.81947798e+02  1.30234227e+00 -1.63512067e-02  1.25420928e-05  9.98953652e-04 
 4.83058802e+02  1.30416200e+00 -1.64347511e-02  1.26352352e-05  1.00265551e-03 
 4.84172368e+02  1.30599526e+00 -1.65190002e-02  1.27292835e-05  1.00637955e-03 
 4.85288500e+02  1.30784217e+00 -1.66039627e-02  1.28242493e-05  1.01012598e-03 
 4.86407206e+02  1.30970287e+00 -1.66896473e-02  1.29201442e-05  1.01389500e-03 
 4.87528490e+02  1.31157750e+00 -1.67760627e-02  1.30169802e-05  1.01768684e-03 
 4.88652359e+02  1.31346618e+00 -1.68632179e-02  1.31147693e-05  1.02150171e-03 
 4.89778819e+02  1.31536907e+00 -1.69511220e-02  1.32135238e-05  1.02533982e-03 
 4.90907876e+02  1.31728629e+00 -1.70397841e-02  1.33132562e-05  1.02920141e-03 
 4.92039536e+02  1.31921799e+00 -1.71292137e-02  1.34139792e-05  1.03308669e-03 
 4.93173804e+02  1.32116432e+00 -1.72194203e-02  1.35157057e-05  1.03699590e-03 
 4.94310687e+02  1.32312543e+00 -1.73104135e-02  1.36184488e-05  1.04092926e-03 
 4.95450191e+02  1.32510145e+00 -1.74022031e-02  1.37222218e-05  1.04488701e-03 
 4.96592321e+02  1.32709254e+00 -1.74947992e-02  1.38270383e-05  1.04886938e-03 
 4.97737085e+02  1.32909885e+00 -1.75882119e-02  1.39329119e-05  1.05287662e-03 
 4.98884487e+02  1.33112053e+00 -1.76824515e-02  1.40398567e-05  1.05690897e-03 
 5.00034535e+02  1.33315774e+00 -1.77775284e-02  1.41478870e-05  1.06096667e-03 
 5.01187234e+02  1.33521065e+00 -1.78734532e-02  1.42570171e-05  1.06504998e-03 
 5.02342590e+02  1.33727939e+00 -1.79702369e-02  1.43672618e-05  1.06915914e-03 
 5.03500609e+02  1.33936415e+00 -1.80678904e-02  1.44786360e-05  1.07329442e-03 
 5.04661298e+02  1.34146508e+00 -1.81664248e-02  1.45911549e-05  1.07745608e-03 
 5.05824662e+02  1.34358235e+00 -1.82658515e-02  1.47048340e-05  1.08164437e-03 
 5.06990708e+02  1.34571613e+00 -1.83661821e-02  1.48196889e-05  1.08585956e-03 
 5.08159443e+02  1.34786659e+00 -1.84674282e-02  1.49357357e-05  1.09010194e-03 
 5.09330871e+02  1.35003390e+00 -1.85696018e-02  1.50529907e-05  1.09437176e-03 
 5.10505000e+02  1.35221824e+00 -1.86727151e-02  1.51714703e-05  1.09866931e-03 
 5.11681836e+02  1.35441979e+00 -1.87767802e-02  1.52911914e-05  1.10299487e-03 
 5.12861384e+02  1.35663872e+00 -1.88818099e-02  1.54121711e-05  1.10734873e-03 
 5.14043652e+02  1.35887523e+00 -1.89878167e-02  1.55344268e-05  1.11173117e-03 
 5.15228645e+02  1.36112948e+00 -1.90948137e-02  1.56579762e-05  1.11614249e-03 
 5.16416369e+02  1.36340168e+00 -1.92028141e-02  1.57828373e-05  1.12058300e-03 
 5.17606832e+02  1.36569202e+00 -1.93118312e-02  1.59090285e-05  1.12505298e-03 
 5.18800039e+02  1.36800068e+00 -1.94218787e-02  1.60365684e-05  1.12955275e-03 
 5.19995997e+02  1.37032787e+00 -1.95329705e-02  1.61654759e-05  1.13408261e-03 
 5.21194711e+02  1.37267378e+00 -1.96451206e-02  1.62957705e-05  1.13864289e-03 
 5.22396189e+02  1.37503861e+00 -1.97583434e-02  1.64274718e-05  1.14323390e-03 
 5.23600437e+02  1.37742257e+00 -1.98726534e-02  1.65605997e-05  1.14785597e-03 
 5.24807460e+02  1.37982586e+00 -1.99880656e-02  1.66951747e-05  1.15250942e-03 
 5.26017266e+02  1.38224870e+00 -2.01045951e-02  1.68312175e-05  1.15719459e-03 
 5.27229861e+02  1.38469131e+00 -2.02222572e-02  1.69687492e-05  1.16191181e-03 
 5.28445252e+02  1.38715388e+00 -2.03410675e-02  1.71077913e-05  1.16666144e-03 
 5.29663444e+02  1.38963665e+00 -2.04610420e-02  1.72483656e-05  1.17144381e-03 
 5.30884444e+02  1.39213985e+00 -2.05821969e-02  1.73904944e-05  1.17625929e-03 
 5.32108259e+02  1.39466368e+00 -2.07045486e-02  1.75342005e-05  1.18110822e-03 
 5.33334895e+02  1.39720839e+00 -2.08281140e-02  1.76795069e-05  1.18599098e-03 
 5.34564359e+02  1.39977420e+00 -2.09529102e-02  1.78264372e-05  1.19090793e-03 
 5.35796658e+02  1.40236136e+00 -2.10789544e-02  1.79750152e-05  1.19585945e-03 
 5.37031796e+02  1.40497010e+00 -2.12062645e-02  1.81252655e-05  1.20084591e-03 
 5.38269783e+02  1.40760066e+00 -2.13348585e-02  1.82772128e-05  1.20586771e-03 
 5.39510623e+02  1.41025330e+00 -2.14647546e-02  1.84308825e-05  1.21092522e-03 
 5.40754323e+02  1.41292826e+00 -2.15959717e-02  1.85863003e-05  1.21601886e-03 
 5.42000890e+02  1.41562579e+00 -2.17285286e-02  1.87434926e-05  1.22114903e-03 
 5.43250331e+02  1.41834616e+00 -2.18624449e-02  1.89024862e-05  1.22631612e-03 
 5.44502653e+02  1.42108962e+00 -2.19977402e-02  1.90633082e-05  1.23152057e-03 
 5.45757861e+02  1.42385645e+00 -2.21344347e-02  1.92259866e-05  1.23676279e-03 
 5.47015963e+02  1.42664691e+00 -2.22725487e-02  1.93905496e-05  1.24204320e-03 
 5.48276965e+02  1.42946127e+00 -2.24121033e-02  1.95570262e-05  1.24736225e-03 
 5.49540874e+02  1.43229982e+00 -2.25531196e-02  1.97254457e-05  1.25272037e-03 
 5.50807696e+02  1.43516284e+00 -2.26956193e-02  1.98958382e-05  1.25811802e-03 
 5.52077439e+02  1.43805061e+00 -2.28396245e-02  2.00682342e-05  1.26355565e-03 
 5.53350109e+02  1.44096343e+00 -2.29851576e-02  2.02426650e-05  1.26903371e-03 
 5.54625713e+02  1.44390158e+00 -2.31322415e-02  2.04191622e-05  1.27455269e-03 
 5.55904257e+02  1.44686538e+00 -2.32808997e-02  2.05977584e-05  1.28011306e-03 
 5.57185749e+02  1.44985512e+00 -2.34311558e-02  2.07784866e-05  1.28571529e-03 
 5.58470195e+02  1.45287113e+00 -2.35830341e-02  2.09613805e-05  1.29135990e-03 
 5.59757601e+02  1.45591370e+00 -2.37365594e-02  2.11464744e-05  1.29704736e-03 
 5.61047976e+02  1.45898316e+00 -2.38917569e-02  2.13338034e-05  1.30277820e-03 
 5.62341325e+02  1.46207985e+00 -2.40486523e-02  2.15234034e-05  1.30855292e-03 
 5.63637656e+02  1.46520408e+00 -2.42072717e-02  2.17153107e-05  1.31437206e-03 
 5.64936975e+02  1.46835619e+00 -2.43676419e-02  2.19095625e-05  1.32023615e-03 
 5.66239289e+02  1.47153652e+00 -2.45297902e-02  2.21061970e-05  1.32614572e-03 
 5.67544605e+02  1.47474543e+00 -2.46937443e-02  2.23052527e-05  1.33210132e-03 
 5.68852931e+02  1.47798325e+00 -2.48595325e-02  2.25067693e-05  1.33810353e-03 
 5.70164272e+02  1.48125036e+00 -2.50271838e-02  2.27107870e-05  1.34415289e-03 
 5.71478637e+02  1.48454711e+00 -2.51967276e-02  2.29173471e-05  1.35025000e-03 
 5.72796031e+02  1.48787388e+00 -2.53681941e-02  2.31264916e-05  1.35639544e-03 
 5.74116462e+02  1.49123103e+00 -2.55416139e-02  2.33382634e-05  1.36258980e-03 
 5.75439937e+02  1.49461896e+00 -2.57170183e-02  2.35527062e-05  1.36883370e-03 
 5.76766463e+02  1.49803805e+00 -2.58944393e-02  2.37698649e-05  1.37512775e-03 
 5.78096047e+02  1.50148869e+00 -2.60739096e-02  2.39897851e-05  1.38147257e-03 
 5.79428696e+02  1.50497129e+00 -2.62554623e-02  2.42125133e-05  1.38786881e-03 
 5.80764418e+02  1.50848625e+00 -2.64391315e-02  2.44380972e-05  1.39431711e-03 
 5.82103218e+02  1.51203400e+00 -2.66249519e-02  2.46665854e-05  1.40081814e-03 
 5.83445104e+02  1.51561494e+00 -2.68129589e-02  2.48980276e-05  1.40737256e-03 
 5.84790084e+02  1.51922953e+00 -2.70031885e-02  2.51324745e-05  1.41398107e-03 
 5.86138165e+02  1.52287818e+00 -2.71956778e-02  2.53699779e-05  1.42064434e-03 
 5.87489353e+02  1.52656134e+00 -2.73904643e-02  2.56105908e-05  1.42736309e-03 
 5.88843655e+02  1.53027947e+00 -2.75875867e-02  2.58543672e-05  1.43413804e-03 
 5.90201080e+02  1.53403303e+00 -2.77870842e-02  2.61013626e-05  1.44096992e-03 
 5.91561634e+02  1.53782249e+00 -2.79889970e-02  2.63516332e-05  1.44785947e-03 
 5.92925325e+02  1.54164832e+00 -2.81933661e-02  2.66052370e-05  1.45480744e-03 
 5.94292159e+02  1.54551100e+00 -2.84002334e-02  2.68622329e-05  1.46181462e-03 
 5.95662144e+02  1.54941103e+00 -2.86096417e-02  2.71226813e-05  1.46888179e-03 
 5.97035287e+02  1.55334892e+00 -2.88216348e-02  2.73866437e-05  1.47600974e-03 
 5.98411595e+02  1.55732517e+00 -2.90362574e-02  2.76541834e-05  1.48319928e-03 
 5.99791076e+02  1.56134031e+00 -2.92535552e-02  2.79253648e-05  1.49045124e-03 
 6.01173737e+02  1.56539486e+00 -2.94735750e-02  2.82002539e-05  1.49776647e-03 
 6.02559586e+02  1.56948936e+00 -2.96963644e-02  2.84789180e-05  1.50514582e-03 
 6.03948629e+02  1.57362436e+00 -2.99219723e-02  2.87614263e-05  1.51259017e-03 
 6.05340875e+02  1.57780043e+00 -3.01504487e-02  2.90478492e-05  1.52010039e-03 
 6.06736330e+02  1.58201813e+00 -3.03818444e-02  2.93382590e-05  1.52767741e-03 
 6.08135001e+02  1.58627804e+00 -3.06162119e-02  2.96327295e-05  1.53532214e-03 
 6.09536897e+02  1.59058075e+00 -3.08536044e-02  2.99313364e-05  1.54303552e-03 
 6.10942025e+02  1.59492687e+00 -3.10940766e-02  3.02341571e-05  1.55081851e-03 
 6.12350392e+02  1.59931700e+00 -3.13376842e-02  3.05412707e-05  1.55867208e-03 
 6.13762005e+02  1.60375178e+00 -3.15844846e-02  3.08527582e-05  1.56659722e-03 
 6.15176873e+02  1.60823183e+00 -3.18345361e-02  3.11687028e-05  1.57459495e-03 
 6.16595002e+02  1.61275781e+00 -3.20878986e-02  3.14891892e-05  1.58266630e-03 
 6.18016400e+02  1.61733038e+00 -3.23446334e-02  3.18143046e-05  1.59081232e-03 
 6.19441075e+02  1.62195021e+00 -3.26048031e-02  3.21441380e-05  1.59903408e-03 
 6.20869034e+02  1.62661799e+00 -3.28684720e-02  3.24787807e-05  1.60733268e-03 
 6.22300285e+02  1.63133442e+00 -3.31357056e-02  3.28183260e-05  1.61570921e-03 
 6.23734835e+02  1.63610021e+00 -3.34065714e-02  3.31628699e-05  1.62416483e-03 
 6.25172693e+02  1.64091608e+00 -3.36811382e-02  3.35125103e-05  1.63270068e-03 
 6.26613865e+02  1.64578279e+00 -3.39594765e-02  3.38673478e-05  1.64131795e-03 
 6.28058359e+02  1.65070109e+00 -3.42416586e-02  3.42274854e-05  1.65001784e-03 
 6.29506183e+02  1.65567174e+00 -3.45277585e-02  3.45930287e-05  1.65880157e-03 
 6.30957344e+02  1.66069553e+00 -3.48178521e-02  3.49640858e-05  1.66767040e-03 
 6.32411851e+02  1.66577328e+00 -3.51120171e-02  3.53407678e-05  1.67662560e-03 
 6.33869711e+02  1.67090579e+00 -3.54103331e-02  3.57231884e-05  1.68566848e-03 
 6.35330932e+02  1.67609390e+00 -3.57128817e-02  3.61114641e-05  1.69480036e-03 
 6.36795521e+02  1.68133846e+00 -3.60197466e-02  3.65057147e-05  1.70402260e-03 
 6.38263486e+02  1.68664035e+00 -3.63310136e-02  3.69060628e-05  1.71333658e-03 
 6.39734835e+02  1.69200044e+00 -3.66467706e-02  3.73126342e-05  1.72274372e-03 
 6.41209577e+02  1.69741966e+00 -3.69671077e-02  3.77255582e-05  1.73224545e-03 
 6.42687717e+02  1.70289891e+00 -3.72921174e-02  3.81449671e-05  1.74184325e-03 
 6.44169266e+02  1.70843915e+00 -3.76218946e-02  3.85709969e-05  1.75153861e-03 
 6.45654229e+02  1.71404133e+00 -3.79565366e-02  3.90037873e-05  1.76133308e-03 
 6.47142616e+02  1.71970645e+00 -3.82961431e-02  3.94434813e-05  1.77122821e-03 
 6.48634434e+02  1.72543550e+00 -3.86408167e-02  3.98902262e-05  1.78122561e-03 
 6.50129690e+02  1.73122952e+00 -3.89906624e-02  4.03441728e-05  1.79132691e-03 
 6.51628394e+02  1.73708955e+00 -3.93457881e-02  4.08054762e-05  1.80153378e-03 
 6.53130553e+02  1.74301666e+00 -3.97063046e-02  4.12742958e-05  1.81184791e-03 
 6.54636174e+02  1.74901195e+00 -4.00723256e-02  4.17507950e-05  1.82227106e-03 
 6.56145266e+02  1.75507653e+00 -4.04439679e-02  4.22351420e-05  1.83280499e-03 
 6.57657837e+02  1.76121154e+00 -4.08213513e-02  4.27275094e-05  1.84345154e-03 
 6.59173895e+02  1.76741817e+00 -4.12045991e-02  4.32280748e-05  1.85421255e-03 
 6.60693448e+02  1.77369759e+00 -4.15938377e-02  4.37370205e-05  1.86508993e-03 
 6.62216504e+02  1.78005102e+00 -4.19891971e-02  4.42545340e-05  1.87608561e-03 
 6.63743070e+02  1.78647972e+00 -4.23908110e-02  4.47808082e-05  1.88720159e-03 
 6.65273156e+02  1.79298497e+00 -4.27988167e-02  4.53160412e-05  1.89843989e-03 
 6.66806769e+02  1.79956805e+00 -4.32133552e-02  4.58604370e-05  1.90980258e-03 
 6.68343918e+02  1.80623032e+00 -4.36345716e-02  4.64142052e-05  1.92129180e-03 
 6.69884609e+02  1.81297312e+00 -4.40626152e-02  4.69775617e-05  1.93290971e-03 
 6.71428853e+02  1.81979787e+00 -4.44976394e-02  4.75507284e-05  1.94465853e-03 
 6.72976656e+02  1.82670598e+00 -4.49398020e-02  4.81339338e-05  1.95654055e-03 
 6.74528028e+02  1.83369892e+00 -4.53892653e-02  4.87274130e-05  1.96855807e-03 
 6.76082975e+02  1.84077819e+00 -4.58461964e-02  4.93314081e-05  1.98071350e-03 
 6.77641508e+02  1.84794531e+00 -4.63107671e-02  4.99461684e-05  1.99300925e-03 
 6.79203633e+02  1.85520185e+00 -4.67831546e-02  5.05719505e-05  2.00544784e-03 
 6.80769359e+02  1.86254942e+00 -4.72635407e-02  5.12090189e-05  2.01803180e-03 
 6.82338694e+02  1.86998966e+00 -4.77521132e-02  5.18576458e-05  2.03076377e-03 
 6.83911647e+02  1.87752425e+00 -4.82490652e-02  5.25181120e-05  2.04364641e-03 
 6.85488226e+02  1.88515492e+00 -4.87545955e-02  5.31907066e-05  2.05668247e-03 
 6.87068440e+02  1.89288343e+00 -4.92689092e-02  5.38757276e-05  2.06987477e-03 
 6.88652296e+02  1.90071159e+00 -4.97922173e-02  5.45734824e-05  2.08322618e-03 
 6.90239804e+02  1.90864126e+00 -5.03247375e-02  5.52842879e-05  2.09673966e-03 
 6.91830971e+02  1.91667434e+00 -5.08666941e-02  5.60084708e-05  2.11041823e-03 
 6.93425806e+02  1.92481277e+00 -5.14183183e-02  5.67463681e-05  2.12426500e-03 
 6.95024318e+02  1.93305855e+00 -5.19798487e-02  5.74983276e-05  2.13828314e-03 
 6.96626514e+02  1.94141373e+00 -5.25515311e-02  5.82647081e-05  2.15247591e-03 
 6.98232404e+02  1.94988041e+00 -5.31336191e-02  5.90458801e-05  2.16684666e-03 
 6.99841996e+02  1.95846074e+00 -5.37263747e-02  5.98422257e-05  2.18139881e-03 
 7.01455298e+02  1.96715694e+00 -5.43300678e-02  6.06541399e-05  2.19613590e-03 
 7.03072320e+02  1.97597126e+00 -5.49449773e-02  6.14820302e-05  2.21106152e-03 
 7.04693069e+02  1.98490604e+00 -5.55713911e-02  6.23263178e-05  2.22617938e-03 
 7.06317554e+02  1.99396366e+00 -5.62096063e-02  6.31874378e-05  2.24149328e-03 
 7.07945784e+02  2.00314658e+00 -5.68599300e-02  6.40658397e-05  2.25700713e-03 
 7.09577768e+02  2.01245730e+00 -5.75226794e-02  6.49619883e-05  2.27272493e-03 
 7.11213514e+02  2.02189842e+00 -5.81981820e-02  6.58763640e-05  2.28865081e-03 
 7.12853030e+02  2.03147259e+00 -5.88867767e-02  6.68094636e-05  2.30478898e-03 
 7.14496326e+02  2.04118254e+00 -5.95888136e-02  6.77618010e-05  2.32114380e-03 
 7.16143410e+02  2.05103106e+00 -6.03046546e-02  6.87339078e-05  2.33771971e-03 
 7.17794291e+02  2.06102104e+00 -6.10346742e-02  6.97263341e-05  2.35452132e-03 
 7.19448978e+02  2.07115543e+00 -6.17792598e-02  7.07396492e-05  2.37155332e-03 
 7.21107479e+02  2.08143728e+00 -6.25388120e-02  7.17744426e-05  2.38882058e-03 
 7.22769804e+02  2.09186972e+00 -6.33137457e-02  7.28313247e-05  2.40632806e-03 
 7.24435960e+02  2.10245595e+00 -6.41044902e-02  7.39109276e-05  2.42408089e-03 
 7.26105957e+02  2.11319930e+00 -6.49114902e-02  7.50139063e-05  2.44208434e-03 
 7.27779805e+02  2.12410316e+00 -6.57352063e-02  7.61409396e-05  2.46034385e-03 
 7.29457510e+02  2.13517103e+00 -6.65761154e-02  7.72927311e-05  2.47886497e-03 
 7.31139083e+02  2.14640653e+00 -6.74347120e-02  7.84700102e-05  2.49765347e-03 
 7.32824533e+02  2.15781337e+00 -6.83115086e-02  7.96735335e-05  2.51671525e-03 
 7.34513868e+02  2.16939535e+00 -6.92070365e-02  8.09040857e-05  2.53605640e-03 
 7.36207097e+02  2.18115643e+00 -7.01218467e-02  8.21624814e-05  2.55568319e-03 
 7.37904230e+02  2.19310066e+00 -7.10565109e-02  8.34495656e-05  2.57560208e-03 
 7.39605275e+02  2.20523221e+00 -7.20116223e-02  8.47662160e-05  2.59581973e-03 
 7.41310241e+02  2.21755539e+00 -7.29877966e-02  8.61133441e-05  2.61634299e-03 
 7.43019138e+02  2.23007463e+00 -7.39856729e-02  8.74918964e-05  2.63717894e-03 
 7.44731974e+02  2.24279452e+00 -7.50059154e-02  8.89028569e-05  2.65833487e-03 
 7.46448758e+02  2.25571978e+00 -7.60492136e-02  9.03472481e-05  2.67981830e-03 
 7.48169501e+02  2.26885526e+00 -7.71162843e-02  9.18261334e-05  2.70163698e-03 
 7.49894209e+02  2.28220600e+00 -7.82078726e-02  9.33406185e-05  2.72379892e-03 
 7.51622894e+02  2.29577717e+00 -7.93247532e-02  9.48918539e-05  2.74631238e-03 
 7.53355564e+02  2.30957413e+00 -8.04677320e-02  9.64810370e-05  2.76918588e-03 
 7.55092228e+02  2.32360241e+00 -8.16376474e-02  9.81094143e-05  2.79242823e-03 
 7.56832895e+02  2.33786770e+00 -8.28353722e-02  9.97782838e-05  2.81604852e-03 
 7.58577575e+02  2.35237592e+00 -8.40618149e-02  1.01488998e-04  2.84005615e-03 
 7.60326277e+02  2.36713314e+00 -8.53179220e-02  1.03242966e-04  2.86446083e-03 
 7.62079010e+02  2.38214567e+00 -8.66046793e-02  1.05041656e-04  2.88927259e-03 
 7.63835784e+02  2.39742002e+00 -8.79231146e-02  1.06886601e-04  2.91450181e-03 
 7.65596607e+02  2.41296292e+00 -8.92742991e-02  1.08779398e-04  2.94015922e-03 
 7.67361489e+02  2.42878134e+00 -9.06593504e-02  1.10721715e-04  2.96625593e-03 
 7.69130440e+02  2.44488249e+00 -9.20794344e-02  1.12715293e-04  2.99280342e-03 
 7.70903469e+02  2.46127383e+00 -9.35357679e-02  1.14761950e-04  3.01981359e-03 
 7.72680585e+02  2.47796308e+00 -9.50296215e-02  1.16863584e-04  3.04729875e-03 
 7.74461798e+02  2.49495826e+00 -9.65623226e-02  1.19022181e-04  3.07527166e-03 
 7.76247117e+02  2.51226765e+00 -9.81352579e-02  1.21239816e-04  3.10374554e-03 
 7.78036551e+02  2.52989985e+00 -9.97498772e-02  1.23518660e-04  3.13273408e-03 
 7.79830111e+02  2.54786376e+00 -1.01407697e-01  1.25860983e-04  3.16225148e-03 
 7.81627805e+02  2.56616863e+00 -1.03110303e-01  1.28269164e-04  3.19231246e-03 
 7.83429643e+02  2.58482404e+00 -1.04859355e-01  1.30745691e-04  3.22293232e-03 
 7.85235635e+02  2.60383993e+00 -1.06656593e-01  1.33293174e-04  3.25412690e-03 
 7.87045790e+02  2.62322664e+00 -1.08503837e-01  1.35914346e-04  3.28591266e-03 
 7.88860118e+02  2.64299488e+00 -1.10402997e-01  1.38612074e-04  3.31830669e-03 
 7.90678628e+02  2.66315579e+00 -1.12356072e-01  1.41389367e-04  3.35132676e-03 
 7.92501330e+02  2.68372096e+00 -1.14365163e-01  1.44249380e-04  3.38499132e-03 
 7.94328235e+02  2.70470241e+00 -1.16432473e-01  1.47195429e-04  3.41931955e-03 
 7.96159350e+02  2.72611266e+00 -1.18560315e-01  1.50230996e-04  3.45433141e-03 
 7.97994687e+02  2.74796474e+00 -1.20751119e-01  1.53359741e-04  3.49004766e-03 
 7.99834255e+02  2.77027220e+00 -1.23007440e-01  1.56585514e-04  3.52648991e-03 
 8.01678063e+02  2.79304915e+00 -1.25331962e-01  1.59912363e-04  3.56368066e-03 
 8.03526122e+02  2.81631029e+00 -1.27727513e-01  1.63344554e-04  3.60164334e-03 
 8.05378441e+02  2.84007094e+00 -1.30197067e-01  1.66886575e-04  3.64040238e-03 
 8.07235030e+02  2.86434707e+00 -1.32743756e-01  1.70543159e-04  3.67998324e-03 
 8.09095899e+02  2.88915533e+00 -1.35370882e-01  1.74319295e-04  3.72041249e-03 
 8.10961058e+02  2.91451311e+00 -1.38081927e-01  1.78220247e-04  3.76171783e-03 
 8.12830516e+02  2.94043856e+00 -1.40880564e-01  1.82251572e-04  3.80392819e-03 
 8.14704284e+02  2.96695060e+00 -1.43770669e-01  1.86419138e-04  3.84707380e-03 
 8.16582371e+02  2.99406906e+00 -1.46756338e-01  1.90729147e-04  3.89118622e-03 
 8.18464788e+02  3.02181462e+00 -1.49841899e-01  1.95188161e-04  3.93629846e-03 
 8.20351544e+02  3.05020894e+00 -1.53031932e-01  1.99803118e-04  3.98244504e-03 
 8.22242650e+02  3.07927466e+00 -1.56331279e-01  2.04581370e-04  4.02966209e-03 
 8.24138115e+02  3.10903550e+00 -1.59745072e-01  2.09530703e-04  4.07798743e-03 
 8.26037950e+02  3.13951631e+00 -1.63278747e-01  2.14659375e-04  4.12746068e-03 
 8.27942164e+02  3.17074312e+00 -1.66938069e-01  2.19976145e-04  4.17812338e-03 
 8.29850768e+02  3.20274324e+00 -1.70729156e-01  2.25490316e-04  4.23001907e-03 
 8.31763771e+02  3.23554533e+00 -1.74658504e-01  2.31211770e-04  4.28319345e-03 
 8.33681185e+02  3.26917945e+00 -1.78733018e-01  2.37151017e-04  4.33769450e-03 
 8.35603018e+02  3.30367720e+00 -1.82960040e-01  2.43319238e-04  4.39357260e-03 
 8.37529282e+02  3.33907179e+00 -1.87347385e-01  2.49728344e-04  4.45088075e-03 
 8.39459987e+02  3.37539816e+00 -1.91903377e-01  2.56391026e-04  4.50967465e-03 
 8.41395142e+02  3.41269306e+00 -1.96636892e-01  2.63320823e-04  4.57001296e-03 
 8.43334758e+02  3.45099521e+00 -2.01557398e-01  2.70532188e-04  4.63195742e-03 
 8.45278845e+02  3.49034540e+00 -2.06675007e-01  2.78040565e-04  4.69557312e-03 
 8.47227414e+02  3.53078664e+00 -2.12000527e-01  2.85862470e-04  4.76092869e-03 
 8.49180475e+02  3.57236435e+00 -2.17545519e-01  2.94015579e-04  4.82809657e-03 
 8.51138038e+02  3.61512645e+00 -2.23322364e-01  3.02518834e-04  4.89715325e-03 
 8.53100114e+02  3.65912362e+00 -2.29344331e-01  3.11392545e-04  4.96817956e-03 
 8.55066713e+02  3.70440943e+00 -2.35625657e-01  3.20658517e-04  5.04126100e-03 
 8.57037845e+02  3.75104060e+00 -2.42181631e-01  3.30340180e-04  5.11648807e-03 
 8.59013522e+02  3.79907719e+00 -2.49028691e-01  3.40462738e-04  5.19395664e-03 
 8.60993752e+02  3.84858291e+00 -2.56184526e-01  3.51053329e-04  5.27376834e-03 
 8.62978548e+02  3.89962532e+00 -2.63668196e-01  3.62141210e-04  5.35603101e-03 
 8.64967919e+02  3.95227618e+00 -2.71500259e-01  3.73757959e-04  5.44085920e-03 
 8.66961876e+02  4.00661178e+00 -2.79702916e-01  3.85937693e-04  5.52837463e-03 
 8.68960429e+02  4.06271326e+00 -2.88300172e-01  3.98717321e-04  5.61870684e-03 
 8.70963590e+02  4.12066704e+00 -2.97318010e-01  4.12136823e-04  5.71199377e-03 
 8.72971368e+02  4.18056523e+00 -3.06784598e-01  4.26239559e-04  5.80838247e-03 
 8.74983775e+02  4.24250612e+00 -3.16730505e-01  4.41072616e-04  5.90802983e-03 
 8.77000821e+02  4.30659469e+00 -3.27188960e-01  4.56687204e-04  6.01110346e-03 
 8.79022517e+02  4.37294320e+00 -3.38196125e-01  4.73139088e-04  6.11778258e-03 
 8.81048873e+02  4.44167181e+00 -3.49791418e-01  4.90489090e-04  6.22825905e-03 
 8.83079900e+02  4.51290928e+00 -3.62017870e-01  5.08803641e-04  6.34273848e-03 
 8.85115610e+02  4.58679378e+00 -3.74922528e-01  5.28155418e-04  6.46144150e-03 
 8.87156012e+02  4.66347372e+00 -3.88556916e-01  5.48624054e-04  6.58460512e-03 
 8.89201118e+02  4.74310872e+00 -4.02977551e-01  5.70296958e-04  6.71248428e-03 
 8.91250938e+02  4.82587071e+00 -4.18246542e-01  5.93270236e-04  6.84535356e-03 
 8.93305484e+02  4.91194507e+00 -4.34432260e-01  6.17649749e-04  6.98350909e-03 
 8.95364766e+02  5.00153200e+00 -4.51610116e-01  6.43552324e-04  7.12727069e-03 
 8.97428795e+02  5.09484801e+00 -4.69863444e-01  6.71107140e-04  7.27698424e-03 
 8.99497582e+02  5.19212760e+00 -4.89284523e-01  7.00457323e-04  7.43302441e-03 
 9.01571138e+02  5.29362513e+00 -5.09975751e-01  7.31761790e-04  7.59579762e-03 
 9.03649474e+02  5.39961694e+00 -5.32051009e-01  7.65197377e-04  7.76574549e-03 
 9.05732601e+02  5.51040378e+00 -5.55637229e-01  8.00961311e-04  7.94334865e-03 
 9.07820530e+02  5.62631348e+00 -5.80876240e-01  8.39274087e-04  8.12913111e-03 
 9.09913273e+02  5.74770407e+00 -6.07926900e-01  8.80382828e-04  8.32366516e-03 
 9.12010839e+02  5.87496723e+00 -6.36967615e-01  9.24565223e-04  8.52757702e-03 
 9.14113241e+02  6.00853235e+00 -6.68199278e-01  9.72134159e-04  8.74155322e-03 
 9.16220490e+02  6.14887102e+00 -7.01848759e-01  1.02344318e-03  8.96634789e-03 
 9.18332596e+02  6.29650229e+00 -7.38173023e-01  1.07889299e-03  9.20279118e-03 
 9.20449572e+02  6.45199865e+00 -7.77464036e-01  1.13893912e-03  9.45179883e-03 
 9.22571427e+02  6.61599297e+00 -8.20054619e-01  1.20410118e-03  9.71438333e-03 
 9.24698174e+02  6.78918642e+00 -8.66325478e-01  1.27497388e-03  9.99166664e-03 
 9.26829823e+02  6.97235780e+00 -9.16713678e-01  1.35224042e-03  1.02848951e-02 
 9.28966387e+02  7.16637416e+00 -9.71722897e-01  1.43668857e-03  1.05954567e-02 
 9.31107875e+02  7.37220339e+00 -1.03193593e+00  1.52923044e-03  1.09249010e-02 
 9.33254301e+02  7.59092873e+00 -1.09802998e+00  1.63092653e-03  1.12749627e-02 
 9.35405674e+02  7.82376589e+00 -1.17079548e+00  1.74301547e-03  1.16475893e-02 
 9.37562007e+02  8.07208308e+00 -1.25115947e+00  1.86695079e-03  1.20449728e-02 
 9.39723311e+02  8.33742454e+00 -1.34021462e+00  2.00444688e-03  1.24695884e-02 
 9.41889597e+02  8.62153832e+00 -1.43925574e+00  2.15753660e-03  1.29242385e-02 
 9.44060876e+02  8.92640906e+00 -1.54982593e+00  2.32864413e-03  1.34121063e-02 
 9.46237161e+02  9.25429657e+00 -1.67377525e+00  2.52067785e-03  1.39368176e-02 
 9.48418463e+02  9.60778153e+00 -1.81333613e+00  2.73714949e-03  1.45025149e-02 
 9.50604794e+02  9.98981907e+00 -1.97122079e+00  2.98232846e-03  1.51139445e-02 
 9.52796164e+02  1.04038017e+01 -2.15074851e+00  3.26144330e-03  1.57765583e-02 
 9.54992586e+02  1.08536321e+01 -2.35601326e+00  3.58094733e-03  1.64966325e-02 
 9.57194071e+02  1.13438068e+01 -2.59210657e+00  3.94887199e-03  1.72814040e-02 
 9.59400632e+02  1.18795083e+01 -2.86541701e+00  4.37530202e-03  1.81392224e-02 
 9.61612278e+02  1.24667034e+01 -3.18403668e+00  4.87302079e-03  1.90797126e-02 
 9.63829024e+02  1.31122370e+01 -3.55831903e+00  5.45839656e-03  2.01139327e-02 
 9.66050879e+02  1.38239003e+01 -4.00165246e+00  6.15261259e-03  2.12544952e-02 
 9.68277856e+02  1.46104328e+01 -4.53154482e+00  6.98339298e-03  2.25155875e-02 
 9.70509967e+02  1.54813740e+01 -5.17115827e+00  7.98744777e-03  2.39127600e-02 
 9.72747224e+02  1.64466044e+01 -5.95149908e+00  9.21396530e-03  2.54622307e-02 
 9.74989638e+02  1.75152615e+01 -6.91455527e+00  1.07296228e-02  2.71792099e-02 
 9.77237221e+02  1.86934211e+01 -8.11778039e+00  1.26257591e-02  2.90742815e-02 
 9.79489985e+02  1.99793546e+01 -9.64039690e+00  1.50284820e-02  3.11459553e-02 
 9.81747943e+02  2.13540565e+01 -1.15918594e+01  1.81122876e-02  3.33657267e-02 
 9.84011106e+02  2.27626599e+01 -1.41219186e+01  2.21163729e-02  3.56486601e-02 
 9.86279486e+02  2.40788767e+01 -1.74284617e+01  2.73576795e-02  3.77969211e-02 
 9.88553095e+02  2.50404573e+01 -2.17495895e+01  3.42193114e-02  3.93969369e-02 
 9.90831945e+02  2.51461425e+01 -2.73019966e+01  4.30541094e-02  3.96544174e-02 
 9.93116048e+02  2.35436717e+01 -3.40831654e+01  5.38716309e-02  3.72129753e-02 
 9.95405417e+02  1.90844718e+01 -4.14420841e+01  6.56540906e-02  3.02343298e-02 
 9.97700064e+02  1.09580711e+01 -4.75920398e+01  7.55708872e-02  1.74002031e-02 
 1.00000000e+03 -4.03606582e-04 -4.99998750e+01  7.95772855e-02 -6.42359930e-07 
 1.00230524e+03 -1.09084112e+01 -4.73730398e+01  7.55703537e-02 -1.74013003e-02 
 1.00461579e+03 -1.89099352e+01 -4.10616371e+01  6.56532851e-02 -3.02350188e-02 
 1.00693167e+03 -2.32208325e+01 -3.36150192e+01  5.38708175e-02 -3.72132832e-02 
 1.00925289e+03 -2.46872091e+01 -2.68032477e+01  4.30534167e-02 -3.96544744e-02 
 1.01157945e+03 -2.44704188e+01 -2.12541686e+01  3.42187643e-02 -3.93968596e-02 
 1.01391139e+03 -2.34225749e+01 -1.69532277e+01  2.73572599e-02 -3.77967831e-02 
 1.01624869e+03 -2.20404815e+01 -1.36737432e+01  2.21160530e-02 -3.56485015e-02 
 1.01859139e+03 -2.05815611e+01 -1.11724192e+01  1.81120424e-02 -3.33655674e-02 
 1.02093948e+03 -1.91681125e+01 -9.24888596e+00  1.50282921e-02 -3.11458043e-02 
 1.02329299e+03 -1.78519931e+01 -7.75232861e+00  1.26256102e-02 -2.90741423e-02 
 1.02565193e+03 -1.66500140e+01 -6.57293688e+00  1.07295044e-02 -2.71790833e-02 
 1.02801630e+03 -1.55623184e+01 -5.63147139e+00  9.21387007e-03 -2.54621163e-02 
 1.03038612e+03 -1.45816822e+01 -4.87061289e+00  7.98737024e-03 -2.39126569e-02 
 1.03276141e+03 -1.36981301e+01 -4.24856542e+00  6.98332915e-03 -2.25154945e-02 
 1.03514217e+03 -1.29011634e+01 -3.73452714e+00  6.15255950e-03 -2.12544112e-02 
 1.03752842e+03 -1.21807814e+01 -3.30553177e+00  5.45835198e-03 -2.01138566e-02 
 1.03992017e+03 -1.15278961e+01 -2.94425009e+00  4.87298303e-03 -1.90796436e-02 
 1.04231743e+03 -1.09344504e+01 -2.63745243e+00  4.37526979e-03 -1.81391595e-02 
 1.04472022e+03 -1.03933936e+01 -2.37492449e+00  3.94884427e-03 -1.72813465e-02 
 1.04712855e+03 -9.89859855e+00 -2.14869524e+00  3.58092333e-03 -1.64965798e-02 
 1.04954243e+03 -9.44475579e+00 -1.95248114e+00  3.26142240e-03 -1.57765099e-02 
 1.05196187e+03 -9.02726811e+00 -1.78128169e+00  2.98231014e-03 -1.51139000e-02 
 1.05438690e+03 -8.64215169e+00 -1.63108185e+00  2.73713336e-03 -1.45024737e-02 
 1.05681751e+03 -8.28594839e+00 -1.49863090e+00  2.52066357e-03 -1.39367794e-02 
 1.05925373e+03 -7.95564942e+00 -1.38127628e+00  2.32863144e-03 -1.34120708e-02 
 1.06169556e+03 -7.64863003e+00 -1.27683767e+00  2.15752526e-03 -1.29242055e-02 
 1.06414302e+03 -7.36259385e+00 -1.18351059e+00  2.00443672e-03 -1.24695576e-02 
 1.06659612e+03 -7.09552583e+00 -1.09979196e+00  1.86694165e-03 -1.20449441e-02 
 1.06905488e+03 -6.84565237e+00 -1.02442220e+00  1.74300721e-03 -1.16475623e-02 
 1.07151931e+03 -6.61140770e+00 -9.56339745e-01  1.63091905e-03 -1.12749374e-02 
 1.07398941e+03 -6.39140535e+00 -8.94645133e-01  1.52922365e-03 -1.09248772e-02 
 1.07646521e+03 -6.18441408e+00 -8.38572399e-01  1.43668238e-03 -1.05954343e-02 
 1.07894672e+03 -5.98933731e+00 -7.87466149e-01  1.35223476e-03 -1.02848740e-02 
 1.08143395e+03 -5.80519571e+00 -7.40763067e-01  1.27496870e-03 -9.99164666e-03 
 1.08392691e+03 -5.63111231e+00 -6.97976919e-01  1.20409641e-03 -9.71436441e-03 
 1.08642562e+03 -5.46629977e+00 -6.58686310e-01  1.13893474e-03 -9.45178091e-03 
 1.08893009e+03 -5.31004942e+00 -6.22524635e-01  1.07888895e-03 -9.20277417e-03 
 1.09144034e+03 -5.16172188e+00 -5.89171798e-01  1.02343945e-03 -8.96633173e-03 
 1.09395637e+03 -5.02073894e+00 -5.58347345e-01  9.72130697e-04 -8.74153784e-03 
 1.09647820e+03 -4.88657651e+00 -5.29804744e-01  9.24562011e-04 -8.52756238e-03 
 1.09900584e+03 -4.75875856e+00 -5.03326606e-01  8.80379841e-04 -8.32365120e-03 
 1.10153931e+03 -4.63685179e+00 -4.78720663e-01  8.39271305e-04 -8.12911778e-03 
 1.10407862e+03 -4.52046101e+00 -4.55816383e-01  8.00958717e-04 -7.94333592e-03 
 1.10662378e+03 -4.40922509e+00 -4.34462098e-01  7.65194953e-04 -7.76573331e-03 
 1.10917482e+03 -4.30281344e+00 -4.14522569e-01  7.31759522e-04 -7.59578596e-03 
 1.11173173e+03 -4.20092284e+00 -3.95876900e-01  7.00455198e-04 -7.43301324e-03 
 1.11429453e+03 -4.10327471e+00 -3.78416764e-01  6.71105147e-04 -7.27697353e-03 
 1.11686325e+03 -4.00961270e+00 -3.62044870e-01  6.43550452e-04 -7.12726040e-03 
 1.11943788e+03 -3.91970052e+00 -3.46673647e-01  6.17647988e-04 -6.98349921e-03 
 1.12201845e+03 -3.83332004e+00 -3.32224109e-01  5.93268577e-04 -6.84534406e-03 
 1.12460497e+03 -3.75026959e+00 -3.18624864e-01  5.70295394e-04 -6.71247514e-03 
 1.12719746e+03 -3.67036245e+00 -3.05811262e-01  5.48622578e-04 -6.58459632e-03 
 1.12979591e+03 -3.59342550e+00 -2.93724647e-01  5.28154023e-04 -6.46143303e-03 
 1.13240036e+03 -3.51929801e+00 -2.82311703e-01  5.08802322e-04 -6.34273031e-03 
 1.13501082e+03 -3.44783057e+00 -2.71523888e-01  4.90487840e-04 -6.22825117e-03 
 1.13762729e+03 -3.37888411e+00 -2.61316925e-01  4.73137904e-04 -6.11777497e-03 
 1.14024979e+03 -3.31232902e+00 -2.51650370e-01  4.56686080e-04 -6.01109611e-03 
 1.14287833e+03 -3.24804438e+00 -2.42487214e-01  4.41071549e-04 -5.90802272e-03 
 1.14551294e+03 -3.18591724e+00 -2.33793546e-01  4.26238545e-04 -5.80837559e-03 
 1.14815362e+03 -3.12584197e+00 -2.25538247e-01  4.12135859e-04 -5.71198712e-03 
 1.15080039e+03 -3.06771969e+00 -2.17692718e-01  3.98716403e-04 -5.61870041e-03 
 1.15345326e+03 -3.01145775e+00 -2.10230639e-01  3.85936818e-04 -5.52836840e-03 
 1.15611224e+03 -2.95696922e+00 -2.03127760e-01  3.73757125e-04 -5.44085316e-03 
 1.15877736e+03 -2.90417249e+00 -1.96361704e-01  3.62140415e-04 -5.35602516e-03 
 1.16144861e+03 -2.85299085e+00 -1.89911802e-01  3.51052569e-04 -5.27376266e-03 
 1.16412603e+03 -2.80335216e+00 -1.83758932e-01  3.40462012e-04 -5.19395113e-03 
 1.16680962e+03 -2.75518846e+00 -1.77885393e-01  3.30339486e-04 -5.11648272e-03 
 1.16949939e+03 -2.70843572e+00 -1.72274770e-01  3.20657853e-04 -5.04125580e-03 
 1.17219537e+03 -2.66303356e+00 -1.66911831e-01  3.11391909e-04 -4.96817451e-03 
 1.17489755e+03 -2.61892498e+00 -1.61782425e-01  3.02518225e-04 -4.89714834e-03 
 1.17760597e+03 -2.57605610e+00 -1.56873389e-01  2.94014995e-04 -4.82809180e-03 
 1.18032064e+03 -2.53437602e+00 -1.52172470e-01  2.85861910e-04 -4.76092405e-03 
 1.18304156e+03 -2.49383656e+00 -1.47668248e-01  2.78040028e-04 -4.69556860e-03 
 1.18576875e+03 -2.45439210e+00 -1.43350072e-01  2.70531672e-04 -4.63195301e-03 
 1.18850223e+03 -2.41599940e+00 -1.39207997e-01  2.63320327e-04 -4.57000867e-03 
 1.19124201e+03 -2.37861749e+00 -1.35232729e-01  2.56390549e-04 -4.50967048e-03 
 1.19398810e+03 -2.34220746e+00 -1.31415575e-01  2.49727886e-04 -4.45087668e-03 
 1.19674053e+03 -2.30673239e+00 -1.27748397e-01  2.43318797e-04 -4.39356864e-03 
 1.19949930e+03 -2.27215719e+00 -1.24223572e-01  2.37150592e-04 -4.33769063e-03 
 1.20226443e+03 -2.23844849e+00 -1.20833949e-01  2.31211361e-04 -4.28318968e-03 
 1.20503594e+03 -2.20557457e+00 -1.17572820e-01  2.25489922e-04 -4.23001539e-03 
 1.20781384e+03 -2.17350521e+00 -1.14433883e-01  2.19975766e-04 -4.17811979e-03 
 1.21059813e+03 -2.14221164e+00 -1.11411217e-01  2.14659009e-04 -4.12745717e-03 
 1.21338885e+03 -2.11166643e+00 -1.08499250e-01  2.09530350e-04 -4.07798400e-03 
 1.21618600e+03 -2.08184344e+00 -1.05692740e-01  2.04581029e-04 -4.02965874e-03 
 1.21898960e+03 -2.05271772e+00 -1.02986748e-01  1.99802789e-04 -3.98244177e-03 
 1.22179966e+03 -2.02426546e+00 -1.00376619e-01  1.95187843e-04 -3.93629526e-03 
 1.22461620e+03 -1.99646391e+00 -9.78579617e-02  1.90728840e-04 -3.89118309e-03 
 1.22743923e+03 -1.96929134e+00 -9.54266330e-02  1.86418840e-04 -3.84707074e-03 
 1.23026877e+03 -1.94272696e+00 -9.30787186e-02  1.82251284e-04 -3.80392520e-03 
 1.23310483e+03 -1.91675090e+00 -9.08105200e-02  1.78219969e-04 -3.76171490e-03 
 1.23594743e+03 -1.89134414e+00 -8.86185396e-02  1.74319026e-04 -3.72040962e-03 
 1.23879659e+03 -1.86648846e+00 -8.64994683e-02  1.70542898e-04 -3.67998044e-03 
 1.24165231e+03 -1.84216641e+00 -8.44501729e-02  1.66886323e-04 -3.64039963e-03 
 1.24451461e+03 -1.81836129e+00 -8.24676857e-02  1.63344309e-04 -3.60164065e-03 
 1.24738351e+03 -1.79505705e+00 -8.05491935e-02  1.59912126e-04 -3.56367802e-03 
 1.25025903e+03 -1.77223833e+00 -7.86920288e-02  1.56585284e-04 -3.52648733e-03 
 1.25314117e+03 -1.74989037e+00 -7.68936602e-02  1.53359518e-04 -3.49004513e-03 
 1.25602996e+03 -1.72799901e+00 -7.51516846e-02  1.50230780e-04 -3.45432893e-03 
 1.25892541e+03 -1.70655064e+00 -7.34638194e-02  1.47195219e-04 -3.41931712e-03 
 1.26182753e+03 -1.68553219e+00 -7.18278954e-02  1.44249177e-04 -3.38498893e-03 
 1.26473635e+03 -1.66493112e+00 -7.02418500e-02  1.41389169e-04 -3.35132442e-03 
 1.26765187e+03 -1.64473533e+00 -6.87037211e-02  1.38611882e-04 -3.31830440e-03 
 1.27057411e+03 -1.62493321e+00 -6.72116414e-02  1.35914159e-04 -3.28591041e-03 
 1.27350308e+03 -1.60551360e+00 -6.57638328e-02  1.33292993e-04 -3.25412469e-03 
 1.27643881e+03 -1.58646572e+00 -6.43586014e-02  1.30745515e-04 -3.22293015e-03 
 1.27938130e+03 -1.56777922e+00 -6.29943330e-02  1.28268992e-04 -3.19231034e-03 
 1.28233058e+03 -1.54944411e+00 -6.16694881e-02  1.25860817e-04 -3.16224939e-03 
 1.28528666e+03 -1.53145079e+00 -6.03825987e-02  1.23518498e-04 -3.13273203e-03 
 1.28824955e+03 -1.51378998e+00 -5.91322635e-02  1.21239659e-04 -3.10374353e-03 
 1.29121927e+03 -1.49645274e+00 -5.79171447e-02  1.19022028e-04 -3.07526969e-03 
 1.29419584e+03 -1.47943046e+00 -5.67359648e-02  1.16863435e-04 -3.04729681e-03 
 1.29717927e+03 -1.46271481e+00 -5.55875030e-02  1.14761804e-04 -3.01981168e-03 
 1.30016958e+03 -1.44629777e+00 -5.44705922e-02  1.12715151e-04 -2.99280154e-03 
 1.30316678e+03 -1.43017159e+00 -5.33841168e-02  1.10721577e-04 -2.96625408e-03 
 1.30617089e+03 -1.41432878e+00 -5.23270092e-02  1.08779264e-04 -2.94015741e-03 
 1.30918192e+03 -1.39876212e+00 -5.12982479e-02  1.06886470e-04 -2.91450003e-03 
 1.31219990e+03 -1.38346460e+00 -5.02968550e-02  1.05041528e-04 -2.88927083e-03 
 1.31522483e+03 -1.36842949e+00 -4.93218940e-02  1.03242841e-04 -2.86445910e-03 
 1.31825674e+03 -1.35365024e+00 -4.83724676e-02  1.01488876e-04 -2.84005445e-03 
 1.32129563e+03 -1.33912055e+00 -4.74477161e-02  9.97781653e-05 -2.81604685e-03 
 1.32434154e+03 -1.32483430e+00 -4.65468150e-02  9.81092987e-05 -2.79242659e-03 
 1.32739446e+03 -1.31078557e+00 -4.56689738e-02  9.64809242e-05 -2.76918426e-03 
 1.33045442e+03 -1.29696866e+00 -4.48134341e-02  9.48917438e-05 -2.74631079e-03 
 1.33352143e+03 -1.28337801e+00 -4.39794681e-02  9.33405110e-05 -2.72379736e-03 
 1.33659552e+03 -1.27000825e+00 -4.31663770e-02  9.18260285e-05 -2.70163544e-03 
 1.33967669e+03 -1.25685420e+00 -4.23734900e-02  9.03471457e-05 -2.67981678e-03 
 1.34276496e+03 -1.24391081e+00 -4.16001625e-02  8.89027568e-05 -2.65833338e-03 
 1.34586035e+03 -1.23117321e+00 -4.08457752e-02  8.74917986e-05 -2.63717747e-03 
 1.34896288e+03 -1.21863665e+00 -4.01097330e-02  8.61132485e-05 -2.61634154e-03 
 1.35207256e+03 -1.20629656e+00 -3.93914635e-02  8.47661227e-05 -2.59581830e-03 
 1.35518941e+03 -1.19414847e+00 -3.86904164e-02  8.34494743e-05 -2.57560067e-03 
 1.35831345e+03 -1.18218809e+00 -3.80060621e-02  8.21623921e-05 -2.55568180e-03 
 1.36144468e+03 -1.17041121e+00 -3.73378911e-02  8.09039985e-05 -2.53605503e-03 
 1.36458314e+03 -1.15881377e+00 -3.66854129e-02  7.96734481e-05 -2.51671390e-03 
 1.36772883e+03 -1.14739182e+00 -3.60481553e-02  7.84699267e-05 -2.49765214e-03 
 1.37088177e+03 -1.13614154e+00 -3.54256635e-02  7.72926494e-05 -2.47886367e-03 
 1.37404198e+03 -1.12505920e+00 -3.48174992e-02  7.61408597e-05 -2.46034256e-03 
 1.37720947e+03 -1.11414119e+00 -3.42232403e-02  7.50138281e-05 -2.44208307e-03 
 1.38038426e+03 -1.10338400e+00 -3.36424799e-02  7.39108511e-05 -2.42407964e-03 
 1.38356638e+03 -1.09278421e+00 -3.30748254e-02  7.28312498e-05 -2.40632682e-03 
 1.38675583e+03 -1.08233850e+00 -3.25198986e-02  7.17743693e-05 -2.38881936e-03 
 1.38995263e+03 -1.07204366e+00 -3.19773345e-02  7.07395775e-05 -2.37155212e-03 
 1.39315680e+03 -1.06189654e+00 -3.14467808e-02  6.97262638e-05 -2.35452013e-03 
 1.39636836e+03 -1.05189410e+00 -3.09278976e-02  6.87338390e-05 -2.33771854e-03 
 1.39958732e+03 -1.04203337e+00 -3.04203570e-02  6.77617336e-05 -2.32114264e-03 
 1.40281370e+03 -1.03231147e+00 -2.99238420e-02  6.68093975e-05 -2.30478784e-03 
 1.40604752e+03 -1.02272558e+00 -2.94380468e-02  6.58762992e-05 -2.28864968e-03 
 1.40928880e+03 -1.01327298e+00 -2.89626758e-02  6.49619248e-05 -2.27272382e-03 
 1.41253754e+03 -1.00395100e+00 -2.84974434e-02  6.40657775e-05 -2.25700603e-03 
 1.41579378e+03 -9.94757059e-01 -2.80420736e-02  6.31873768e-05 -2.24149220e-03 
 1.41905752e+03 -9.85688626e-01 -2.75962996e-02  6.23262580e-05 -2.22617831e-03 
 1.42232879e+03 -9.76743247e-01 -2.71598636e-02  6.14819716e-05 -2.21106046e-03 
 1.42560759e+03 -9.67918529e-01 -2.67325160e-02  6.06540824e-05 -2.19613486e-03 
 1.42889396e+03 -9.59212140e-01 -2.63140156e-02  5.98421694e-05 -2.18139779e-03 
 1.43218790e+03 -9.50621809e-01 -2.59041288e-02  5.90458248e-05 -2.16684564e-03 
 1.43548943e+03 -9.42145321e-01 -2.55026299e-02  5.82646539e-05 -2.15247491e-03 
 1.43879858e+03 -9.33780517e-01 -2.51093002e-02  5.74982743e-05 -2.13828215e-03 
 1.44211535e+03 -9.25525293e-01 -2.47239279e-02  5.67463158e-05 -2.12426402e-03 
 1.44543977e+03 -9.17377596e-01 -2.43463082e-02  5.60084195e-05 -2.11041727e-03 
 1.44877185e+03 -9.09335427e-01 -2.39762425e-02  5.52842376e-05 -2.09673871e-03 
 1.45211162e+03 -9.01396831e-01 -2.36135386e-02  5.45734331e-05 -2.08322524e-03 
 1.45545908e+03 -8.93559906e-01 -2.32580102e-02  5.38756792e-05 -2.06987384e-03 
 1.45881426e+03 -8.85822793e-01 -2.29094767e-02  5.31906590e-05 -2.05668155e-03 
 1.46217717e+03 -8.78183679e-01 -2.25677632e-02  5.25180653e-05 -2.04364550e-03 
 1.46554784e+03 -8.70640793e-01 -2.22327002e-02  5.18575999e-05 -2.03076287e-03 
 1.46892628e+03 -8.63192410e-01 -2.19041231e-02  5.12089738e-05 -2.01803091e-03 
 1.47231250e+03 -8.55836842e-01 -2.15818725e-02  5.05719063e-05 -2.00544696e-03 
 1.47570653e+03 -8.48572443e-01 -2.12657937e-02  4.99461249e-05 -1.99300839e-03 
 1.47910839e+03 -8.41397605e-01 -2.09557368e-02  4.93313654e-05 -1.98071264e-03 
 1.48251809e+03 -8.34310756e-01 -2.06515560e-02  4.87273710e-05 -1.96855723e-03 
 1.48593564e+03 -8.27310364e-01 -2.03531101e-02  4.81338925e-05 -1.95653971e-03 
 1.48936108e+03 -8.20394929e-01 -2.00602621e-02  4.75506879e-05 -1.94465771e-03 
 1.49279441e+03 -8.13562987e-01 -1.97728787e-02  4.69775219e-05 -1.93290889e-03 
 1.49623566e+03 -8.06813106e-01 -1.94908307e-02  4.64141661e-05 -1.92129099e-03 
 1.49968484e+03 -8.00143889e-01 -1.92139927e-02  4.58603985e-05 -1.90980178e-03 
 1.50314197e+03 -7.93553967e-01 -1.89422428e-02  4.53160034e-05 -1.89843909e-03 
 1.50660707e+03 -7.87042005e-01 -1.86754624e-02  4.47807710e-05 -1.88720080e-03 
 1.51008015e+03 -7.80606695e-01 -1.84135367e-02  4.42544974e-05 -1.87608484e-03 
 1.51356125e+03 -7.74246760e-01 -1.81563537e-02  4.37369845e-05 -1.86508916e-03 
 1.51705037e+03 -7.67960950e-01 -1.79038049e-02  4.32280394e-05 -1.85421179e-03 
 1.52054753e+03 -7.61748042e-01 -1.76557847e-02  4.27274746e-05 -1.84345079e-03 
 1.52405275e+03 -7.55606842e-01 -1.74121903e-02  4.22351078e-05 -1.83280425e-03 
 1.52756606e+03 -7.49536179e-01 -1.71729220e-02  4.17507613e-05 -1.82227032e-03 
 1.53108746e+03 -7.43534909e-01 -1.69378827e-02  4.12742626e-05 -1.81184718e-03 
 1.53461698e+03 -7.37601912e-01 -1.67069780e-02  4.08054436e-05 -1.80153306e-03 
 1.53815464e+03 -7.31736091e-01 -1.64801161e-02  4.03441407e-05 -1.79132620e-03 
 1.54170045e+03 -7.25936374e-01 -1.62572077e-02  3.98901946e-05 -1.78122491e-03 
 1.54525444e+03 -7.20201711e-01 -1.60381657e-02  3.94434503e-05 -1.77122752e-03 
 1.54881662e+03 -7.14531073e-01 -1.58229056e-02  3.90037567e-05 -1.76133239e-03 
 1.55238701e+03 -7.08923454e-01 -1.56113451e-02  3.85709668e-05 -1.75153793e-03 
 1.55596563e+03 -7.03377867e-01 -1.54034040e-02  3.81449374e-05 -1.74184257e-03 
 1.55955250e+03 -6.97893349e-01 -1.51990043e-02  3.77255290e-05 -1.73224478e-03 
 1.56314764e+03 -6.92468952e-01 -1.49980699e-02  3.73126055e-05 -1.72274305e-03 
 1.56675107e+03 -6.87103750e-01 -1.48005271e-02  3.69060345e-05 -1.71333592e-03 
 1.57036280e+03 -6.81796837e-01 -1.46063036e-02  3.65056868e-05 -1.70402195e-03 
 1.57398286e+03 -6.76547323e-01 -1.44153292e-02  3.61114367e-05 -1.69479971e-03 
 1.57761127e+03 -6.71354338e-01 -1.42275357e-02  3.57231613e-05 -1.68566784e-03 
 1.58124804e+03 -6.66217026e-01 -1.40428563e-02  3.53407412e-05 -1.67662497e-03 
 1.58489319e+03 -6.61134553e-01 -1.38612262e-02  3.49640596e-05 -1.66766977e-03 
 1.58854675e+03 -6.56106097e-01 -1.36825821e-02  3.45930029e-05 -1.65880095e-03 
 1.59220873e+03 -6.51130855e-01 -1.35068622e-02  3.42274600e-05 -1.65001722e-03 
 1.59587915e+03 -6.46208039e-01 -1.33340066e-02  3.38673228e-05 -1.64131734e-03 
 1.59955803e+03 -6.41336876e-01 -1.31639565e-02  3.35124856e-05 -1.63270008e-03 
 1.60324539e+03 -6.36516609e-01 -1.29966549e-02  3.31628456e-05 -1.62416423e-03 
 1.60694125e+03 -6.31746494e-01 -1.28320460e-02  3.28183021e-05 -1.61570862e-03 
 1.61064564e+03 -6.27025804e-01 -1.26700754e-02  3.24787570e-05 -1.60733209e-03 
 1.61435856e+03 -6.22353823e-01 -1.25106901e-02  3.21441147e-05 -1.59903350e-03 
 1.61808004e+03 -6.17729851e-01 -1.23538385e-02  3.18142816e-05 -1.59081175e-03 
 1.62181010e+03 -6.13153199e-01 -1.21994700e-02  3.14891666e-05 -1.58266574e-03 
 1.62554876e+03 -6.08623193e-01 -1.20475355e-02  3.11686805e-05 -1.57459439e-03 
 1.62929603e+03 -6.04139171e-01 -1.18979868e-02  3.08527362e-05 -1.56659666e-03 
 1.63305195e+03 -5.99700484e-01 -1.17507772e-02  3.05412490e-05 -1.55867152e-03 
 1.63681652e+03 -5.95306494e-01 -1.16058608e-02  3.02341357e-05 -1.55081796e-03 
 1.64058977e+03 -5.90956575e-01 -1.14631929e-02  2.99313153e-05 -1.54303498e-03 
 1.64437172e+03 -5.86650113e-01 -1.13227300e-02  2.96327087e-05 -1.53532160e-03 
 1.64816239e+03 -5.82386506e-01 -1.11844294e-02  2.93382385e-05 -1.52767688e-03 
 1.65196180e+03 -5.78165161e-01 -1.10482496e-02  2.90478289e-05 -1.52009986e-03 
 1.65576996e+03 -5.73985498e-01 -1.09141499e-02  2.87614063e-05 -1.51258964e-03 
 1.65958691e+03 -5.69846946e-01 -1.07820908e-02  2.84788983e-05 -1.50514530e-03 
 1.66341265e+03 -5.65748945e-01 -1.06520334e-02  2.82002345e-05 -1.49776595e-03 
 1.66724721e+03 -5.61690945e-01 -1.05239398e-02  2.79253457e-05 -1.49045073e-03 
 1.67109061e+03 -5.57672405e-01 -1.03977732e-02  2.76541646e-05 -1.48319877e-03 
 1.67494288e+03 -5.53692795e-01 -1.02734974e-02  2.73866251e-05 -1.47600923e-03 
 1.67880402e+03 -5.49751594e-01 -1.01510770e-02  2.71226629e-05 -1.46888129e-03 
 1.68267406e+03 -5.45848290e-01 -1.00304777e-02  2.68622148e-05 -1.46181413e-03 
 1.68655303e+03 -5.41982379e-01 -9.91166553e-03  2.66052191e-05 -1.45480696e-03 
 1.69044093e+03 -5.38153368e-01 -9.79460766e-03  2.63516156e-05 -1.44785898e-03 
 1.69433780e+03 -5.34360770e-01 -9.67927185e-03  2.61013451e-05 -1.44096943e-03 
 1.69824365e+03 -5.30604109e-01 -9.56562657e-03  2.58543500e-05 -1.43413756e-03 
 1.70215851e+03 -5.26882915e-01 -9.45364102e-03  2.56105738e-05 -1.42736262e-03 
 1.70608239e+03 -5.23196728e-01 -9.34328507e-03  2.53699611e-05 -1.42064387e-03 
 1.71001532e+03 -5.19545095e-01 -9.23452927e-03  2.51324579e-05 -1.41398060e-03 
 1.71395731e+03 -5.15927570e-01 -9.12734480e-03  2.48980112e-05 -1.40737210e-03 
 1.71790839e+03 -5.12343716e-01 -9.02170347e-03  2.46665693e-05 -1.40081768e-03 
 1.72186857e+03 -5.08793102e-01 -8.91757771e-03  2.44380813e-05 -1.39431666e-03 
 1.72583789e+03 -5.05275305e-01 -8.81494056e-03  2.42124976e-05 -1.38786836e-03 
 1.72981636e+03 -5.01789910e-01 -8.71376562e-03  2.39897695e-05 -1.38147212e-03 
 1.73380400e+03 -4.98336507e-01 -8.61402707e-03  2.37698496e-05 -1.37512730e-03 
 1.73780083e+03 -4.94914693e-01 -8.51569964e-03  2.35526911e-05 -1.36883326e-03 
 1.74180687e+03 -4.91524074e-01 -8.41875860e-03  2.33382484e-05 -1.36258937e-03 
 1.74582215e+03 -4.88164261e-01 -8.32317976e-03  2.31264768e-05 -1.35639501e-03 
 1.74984669e+03 -4.84834869e-01 -8.22893941e-03  2.29173325e-05 -1.35024957e-03 
 1.75388050e+03 -4.81535524e-01 -8.13601437e-03  2.27107726e-05 -1.34415247e-03 
 1.75792361e+03 -4.78265855e-01 -8.04438194e-03  2.25067550e-05 -1.33810310e-03 
 1.76197605e+03 -4.75025497e-01 -7.95401989e-03  2.23052387e-05 -1.33210090e-03 
 1.76603782e+03 -4.71814093e-01 -7.86490645e-03  2.21061831e-05 -1.32614530e-03 
 1.77010896e+03 -4.68631289e-01 -7.77702031e-03  2.19095488e-05 -1.32023573e-03 
 1.77418948e+03 -4.65476738e-01 -7.69034059e-03  2.17152971e-05 -1.31437165e-03 
 1.77827941e+03 -4.62350100e-01 -7.60484687e-03  2.15233900e-05 -1.30855252e-03 
 1.78237877e+03 -4.59251038e-01 -7.52051910e-03  2.13337902e-05 -1.30277780e-03 
 1.78648757e+03 -4.56179220e-01 -7.43733769e-03  2.11464613e-05 -1.29704696e-03 
 1.79060585e+03 -4.53134323e-01 -7.35528342e-03  2.09613676e-05 -1.29135950e-03 
 1.79473363e+03 -4.50116025e-01 -7.27433747e-03  2.07784739e-05 -1.28571490e-03 
 1.79887092e+03 -4.47124011e-01 -7.19448139e-03  2.05977458e-05 -1.28011266e-03 
 1.80301774e+03 -4.44157970e-01 -7.11569711e-03  2.04191498e-05 -1.27455230e-03 
 1.80717413e+03 -4.41217598e-01 -7.03796693e-03  2.02426527e-05 -1.26903333e-03 
 1.81134009e+03 -4.38302592e-01 -6.96127349e-03  2.00682221e-05 -1.26355526e-03 
 1.81551566e+03 -4.35412657e-01 -6.88559978e-03  1.98958262e-05 -1.25811764e-03 
 1.81970086e+03 -4.32547501e-01 -6.81092914e-03  1.97254338e-05 -1.25272000e-03 
 1.82389570e+03 -4.29706837e-01 -6.73724522e-03  1.95570145e-05 -1.24736187e-03 
 1.82810022e+03 -4.26890382e-01 -6.66453201e-03  1.93905380e-05 -1.24204283e-03 
 1.83231442e+03 -4.24097856e-01 -6.59277379e-03  1.92259751e-05 -1.23676242e-03 
 1.83653834e+03 -4.21328987e-01 -6.52195518e-03  1.90632969e-05 -1.23152020e-03 
 1.84077200e+03 -4.18583503e-01 -6.45206108e-03  1.89024750e-05 -1.22631576e-03 
 1.84501542e+03 -4.15861138e-01 -6.38307668e-03  1.87434816e-05 -1.22114867e-03 
 1.84926862e+03 -4.13161630e-01 -6.31498746e-03  1.85862894e-05 -1.21601851e-03 
 1.85353162e+03 -4.10484721e-01 -6.24777920e-03  1.84308716e-05 -1.21092487e-03 
 1.85780446e+03 -4.07830156e-01 -6.18143791e-03  1.82772021e-05 -1.20586735e-03 
 1.86208714e+03 -4.05197684e-01 -6.11594992e-03  1.81252549e-05 -1.20084556e-03 
 1.86637969e+03 -4.02587059e-01 -6.05130178e-03  1.79750047e-05 -1.19585910e-03 
 1.87068214e+03 -3.99998036e-01 -5.98748032e-03  1.78264268e-05 -1.19090758e-03 
 1.87499451e+03 -3.97430377e-01 -5.92447260e-03  1.76794967e-05 -1.18599064e-03 
 1.87931682e+03 -3.94883844e-01 -5.86226594e-03  1.75341904e-05 -1.18110788e-03 
 1.88364909e+03 -3.92358205e-01 -5.80084790e-03  1.73904844e-05 -1.17625895e-03 
 1.88799135e+03 -3.89853230e-01 -5.74020625e-03  1.72483557e-05 -1.17144348e-03 
 1.89234362e+03 -3.87368692e-01 -5.68032902e-03  1.71077815e-05 -1.16666110e-03 
 1.89670592e+03 -3.84904369e-01 -5.62120444e-03  1.69687395e-05 -1.16191148e-03 
 1.90107828e+03 -3.82460042e-01 -5.56282097e-03  1.68312079e-05 -1.15719426e-03 
 1.90546072e+03 -3.80035492e-01 -5.50516728e-03  1.66951652e-05 -1.15250909e-03 
 1.90985326e+03 -3.77630506e-01 -5.44823225e-03  1.65605903e-05 -1.14785564e-03 
 1.91425593e+03 -3.75244875e-01 -5.39200496e-03  1.64274625e-05 -1.14323358e-03 
 1.91866874e+03 -3.72878390e-01 -5.33647469e-03  1.62957613e-05 -1.13864257e-03 
 1.92309173e+03 -3.70530846e-01 -5.28163092e-03  1.61654668e-05 -1.13408229e-03 
 1.92752491e+03 -3.68202042e-01 -5.22746333e-03  1.60365594e-05 -1.12955243e-03 
 1.93196832e+03 -3.65891778e-01 -5.17396176e-03  1.59090196e-05 -1.12505266e-03 
 1.93642196e+03 -3.63599858e-01 -5.12111626e-03  1.57828285e-05 -1.12058268e-03 
 1.94088588e+03 -3.61326089e-01 -5.06891706e-03  1.56579675e-05 -1.11614218e-03 
 1.94536008e+03 -3.59070280e-01 -5.01735453e-03  1.55344182e-05 -1.11173086e-03 
 1.94984460e+03 -3.56832242e-01 -4.96641926e-03  1.54121626e-05 -1.10734842e-03 
 1.95433946e+03 -3.54611790e-01 -4.91610198e-03  1.52911830e-05 -1.10299457e-03 
 1.95884467e+03 -3.52408741e-01 -4.86639358e-03  1.51714620e-05 -1.09866901e-03 
 1.96336028e+03 -3.50222913e-01 -4.81728514e-03  1.50529824e-05 -1.09437146e-03 
 1.96788629e+03 -3.48054129e-01 -4.76876786e-03  1.49357276e-05 -1.09010164e-03 
 1.97242274e+03 -3.45902213e-01 -4.72083312e-03  1.48196808e-05 -1.08585927e-03 
 1.97696964e+03 -3.43766991e-01 -4.67347245e-03  1.47048259e-05 -1.08164407e-03 
 1.98152703e+03 -3.41648293e-01 -4.62667751e-03  1.45911469e-05 -1.07745578e-03 
 1.98609492e+03 -3.39545949e-01 -4.58044014e-03  1.44786281e-05 -1.07329413e-03 
 1.99067334e+03 -3.37459792e-01 -4.53475228e-03  1.43672540e-05 -1.06915885e-03 
 1.99526231e+03 -3.35389660e-01 -4.48960605e-03  1.42570094e-05 -1.06504969e-03 
 1.99986187e+03 -3.33335388e-01 -4.44499366e-03  1.41478794e-05 -1.06096639e-03 
 2.00447203e+03 -3.31296818e-01 -4.40090751e-03  1.40398492e-05 -1.05690869e-03 
 2.00909281e+03 -3.29273792e-01 -4.35734008e-03  1.39329044e-05 -1.05287634e-03 
 2.01372425e+03 -3.27266153e-01 -4.31428400e-03  1.38270309e-05 -1.04886910e-03 
 2.01836636e+03 -3.25273747e-01 -4.27173204e-03  1.37222145e-05 -1.04488673e-03 
 2.02301918e+03 -3.23296423e-01 -4.22967707e-03  1.36184416e-05 -1.04092898e-03 
 2.02768272e+03 -3.21334032e-01 -4.18811208e-03  1.35156986e-05 -1.03699563e-03 
 2.03235701e+03 -3.19386424e-01 -4.14703020e-03  1.34139721e-05 -1.03308642e-03 
 2.03704208e+03 -3.17453454e-01 -4.10642466e-03  1.33132492e-05 -1.02920114e-03 
 2.04173794e+03 -3.15534979e-01 -4.06628880e-03  1.32135168e-05 -1.02533955e-03 
 2.04644464e+03 -3.13630855e-01 -4.02661609e-03  1.31147624e-05 -1.02150144e-03 
 2.05116218e+03 -3.11740942e-01 -3.98740008e-03  1.30169733e-05 -1.01768657e-03 
 2.05589060e+03 -3.09865101e-01 -3.94863447e-03  1.29201374e-05 -1.01389474e-03 
 2.06062991e+03 -3.08003197e-01 -3.91031302e-03  1.28242426e-05 -1.01012571e-03 
 2.06538016e+03 -3.06155093e-01 -3.87242961e-03  1.27292769e-05 -1.00637929e-03 
 2.07014135e+03 -3.04320655e-01 -3.83497824e-03  1.26352287e-05 -1.00265525e-03 
 2.07491352e+03 -3.02499753e-01 -3.79795299e-03  1.25420863e-05 -9.98953393e-04 
 2.07969669e+03 -3.00692256e-01 -3.76134803e-03  1.24498386e-05 -9.95273511e-04 
 2.08449088e+03 -2.98898036e-01 -3.72515763e-03  1.23584742e-05 -9.91615399e-04 
 2.08929613e+03 -2.97116965e-01 -3.68937617e-03  1.22679823e-05 -9.87978859e-04 
 2.09411246e+03 -2.95348918e-01 -3.65399811e-03  1.21783519e-05 -9.84363691e-04 
 2.09893988e+03 -2.93593772e-01 -3.61901799e-03  1.20895725e-05 -9.80769700e-04 
 2.10377844e+03 -2.91851404e-01 -3.58443046e-03  1.20016335e-05 -9.77196693e-04 
 2.10862815e+03 -2.90121693e-01 -3.55023023e-03  1.19145246e-05 -9.73644479e-04 
 2.11348904e+03 -2.88404521e-01 -3.51641211e-03  1.18282357e-05 -9.70112869e-04 
 2.11836114e+03 -2.86699769e-01 -3.48297101e-03  1.17427566e-05 -9.66601679e-04 
 2.12324446e+03 -2.85007321e-01 -3.44990188e-03  1.16580777e-05 -9.63110723e-04 
 2.12813905e+03 -2.83327063e-01 -3.41719978e-03  1.15741891e-05 -9.59639820e-04 
 2.13304491e+03 -2.81658879e-01 -3.38485986e-03  1.14910812e-05 -9.56188791e-04 
 2.13796209e+03 -2.80002659e-01 -3.35287730e-03  1.14087447e-05 -9.52757459e-04 
 2.14289060e+03 -2.78358292e-01 -3.32124741e-03  1.13271703e-05 -9.49345649e-04 
 2.14783047e+03 -2.76725667e-01 -3.28996553e-03  1.12463488e-05 -9.45953187e-04 
 2.15278173e+03 -2.75104677e-01 -3.25902711e-03  1.11662713e-05 -9.42579902e-04 
 2.15774441e+03 -2.73495215e-01 -3.22842764e-03  1.10869288e-05 -9.39225627e-04 
 2.16271852e+03 -2.71897175e-01 -3.19816270e-03  1.10083126e-05 -9.35890194e-04 
 2.16770410e+03 -2.70310453e-01 -3.16822793e-03  1.09304142e-05 -9.32573438e-04 
 2.17270118e+03 -2.68734945e-01 -3.13861904e-03  1.08532250e-05 -9.29275196e-04 
 2.17770977e+03 -2.67170550e-01 -3.10933180e-03  1.07767367e-05 -9.25995309e-04 
 2.18272991e+03 -2.65617167e-01 -3.08036207e-03  1.07009410e-05 -9.22733615e-04 
 2.18776162e+03 -2.64074697e-01 -3.05170574e-03  1.06258298e-05 -9.19489959e-04 
 2.19280494e+03 -2.62543040e-01 -3.02335879e-03  1.05513952e-05 -9.16264186e-04 
 2.19785987e+03 -2.61022100e-01 -2.99531724e-03  1.04776293e-05 -9.13056141e-04 
 2.20292646e+03 -2.59511781e-01 -2.96757719e-03  1.04045242e-05 -9.09865672e-04 
 2.20800473e+03 -2.58011988e-01 -2.94013479e-03  1.03320725e-05 -9.06692631e-04 
 2.21309471e+03 -2.56522626e-01 -2.91298625e-03  1.02602664e-05 -9.03536869e-04 
 2.21819642e+03 -2.55043603e-01 -2.88612783e-03  1.01890986e-05 -9.00398239e-04 
 2.22330989e+03 -2.53574827e-01 -2.85955586e-03  1.01185617e-05 -8.97276596e-04 
 2.22843515e+03 -2.52116208e-01 -2.83326671e-03  1.00486486e-05 -8.94171798e-04 
 2.23357222e+03 -2.50667656e-01 -2.80725682e-03  9.97935214e-06 -8.91083703e-04 
 2.23872114e+03 -2.49229081e-01 -2.78152268e-03  9.91066526e-06 -8.88012172e-04 
 2.24388192e+03 -2.47800398e-01 -2.75606083e-03  9.84258106e-06 -8.84957065e-04 
 2.24905461e+03 -2.46381518e-01 -2.73086785e-03  9.77509273e-06 -8.81918246e-04 
 2.25423921e+03 -2.44972356e-01 -2.70594039e-03  9.70819355e-06 -8.78895580e-04 
 2.25943577e+03 -2.43572828e-01 -2.68127513e-03  9.64187690e-06 -8.75888934e-04 
 2.26464431e+03 -2.42182849e-01 -2.65686883e-03  9.57613623e-06 -8.72898175e-04 
 2.26986485e+03 -2.40802337e-01 -2.63271827e-03  9.51096511e-06 -8.69923173e-04 
 2.27509743e+03 -2.39431211e-01 -2.60882027e-03  9.44635717e-06 -8.66963798e-04 
 2.28034207e+03 -2.38069388e-01 -2.58517174e-03  9.38230617e-06 -8.64019924e-04 
 2.28559880e+03 -2.36716789e-01 -2.56176958e-03  9.31880592e-06 -8.61091423e-04 
 2.29086765e+03 -2.35373335e-01 -2.53861079e-03  9.25585032e-06 -8.58178171e-04 
 2.29614865e+03 -2.34038948e-01 -2.51569236e-03  9.19343338e-06 -8.55280044e-04 
 2.30144182e+03 -2.32713549e-01 -2.49301137e-03  9.13154916e-06 -8.52396920e-04 
 2.30674719e+03 -2.31397063e-01 -2.47056492e-03  9.07019182e-06 -8.49528678e-04 
 2.31206479e+03 -2.30089414e-01 -2.44835014e-03  9.00935561e-06 -8.46675200e-04 
 2.31739465e+03 -2.28790526e-01 -2.42636424e-03  8.94903482e-06 -8.43836366e-04 
 2.32273680e+03 -2.27500325e-01 -2.40460442e-03  8.88922386e-06 -8.41012061e-04 
 2.32809126e+03 -2.26218739e-01 -2.38306797e-03  8.82991719e-06 -8.38202167e-04 
 2.33345806e+03 -2.24945695e-01 -2.36175217e-03  8.77110936e-06 -8.35406572e-04 
 2.33883724e+03 -2.23681120e-01 -2.34065439e-03  8.71279498e-06 -8.32625162e-04 
 2.34422882e+03 -2.22424945e-01 -2.31977200e-03  8.65496874e-06 -8.29857825e-04 
 2.34963282e+03 -2.21177098e-01 -2.29910241e-03  8.59762540e-06 -8.27104450e-04 
 2.35504928e+03 -2.19937511e-01 -2.27864309e-03  8.54075980e-06 -8.24364929e-04 
 2.36047823e+03 -2.18706114e-01 -2.25839153e-03  8.48436683e-06 -8.21639152e-04 
 2.36591970e+03 -2.17482840e-01 -2.23834524e-03  8.42844146e-06 -8.18927013e-04 
 2.37137371e+03 -2.16267621e-01 -2.21850180e-03  8.37297872e-06 -8.16228406e-04 
 2.37684029e+03 -2.15060391e-01 -2.19885880e-03  8.31797372e-06 -8.13543226e-04 
 2.38231947e+03 -2.13861084e-01 -2.17941387e-03  8.26342162e-06 -8.10871369e-04 
 2.38781128e+03 -2.12669635e-01 -2.16016467e-03  8.20931764e-06 -8.08212732e-04 
 2.39331576e+03 -2.11485980e-01 -2.14110889e-03  8.15565709e-06 -8.05567215e-04 
 2.39883292e+03 -2.10310053e-01 -2.12224427e-03  8.10243530e-06 -8.02934716e-04 
 2.40436280e+03 -2.09141794e-01 -2.10356856e-03  8.04964770e-06 -8.00315136e-04 
 2.40990543e+03 -2.07981138e-01 -2.08507956e-03  7.99728977e-06 -7.97708376e-04 
 2.41546083e+03 -2.06828025e-01 -2.06677507e-03  7.94535702e-06 -7.95114341e-04 
 2.42102905e+03 -2.05682393e-01 -2.04865296e-03  7.89384505e-06 -7.92532932e-04 
 2.42661010e+03 -2.04544181e-01 -2.03071110e-03  7.84274951e-06 -7.89964055e-04 
 2.43220401e+03 -2.03413330e-01 -2.01294740e-03  7.79206610e-06 -7.87407615e-04 
 2.43781082e+03 -2.02289780e-01 -1.99535980e-03  7.74179059e-06 -7.84863519e-04 
 2.44343055e+03 -2.01173473e-01 -1.97794626e-03  7.69191877e-06 -7.82331675e-04 
 2.44906324e+03 -2.00064350e-01 -1.96070478e-03  7.64244653e-06 -7.79811992e-04 
 2.45470892e+03 -1.98962354e-01 -1.94363337e-03  7.59336978e-06 -7.77304377e-04 
 2.46036760e+03 -1.97867429e-01 -1.92673009e-03  7.54468448e-06 -7.74808743e-04 
 2.46603934e+03 -1.96779518e-01 -1.90999301e-03  7.49638667e-06 -7.72325000e-04 
 2.47172415e+03 -1.95698564e-01 -1.89342023e-03  7.44847242e-06 -7.69853061e-04 
 2.47742206e+03 -1.94624514e-01 -1.87700986e-03  7.40093784e-06 -7.67392839e-04 
 2.48313311e+03 -1.93557311e-01 -1.86076007e-03  7.35377911e-06 -7.64944247e-04 
 2.48885732e+03 -1.92496903e-01 -1.84466903e-03  7.30699245e-06 -7.62507201e-04 
 2.49459473e+03 -1.91443236e-01 -1.82873494e-03  7.26057412e-06 -7.60081617e-04 
 2.50034536e+03 -1.90396257e-01 -1.81295601e-03  7.21452045e-06 -7.57667410e-04 
 2.50610925e+03 -1.89355912e-01 -1.79733051e-03  7.16882778e-06 -7.55264498e-04 
 2.51188643e+03 -1.88322151e-01 -1.78185669e-03  7.12349253e-06 -7.52872801e-04 
 2.51767693e+03 -1.87294922e-01 -1.76653285e-03  7.07851113e-06 -7.50492236e-04 
 2.52348077e+03 -1.86274173e-01 -1.75135731e-03  7.03388010e-06 -7.48122723e-04 
 2.52929800e+03 -1.85259855e-01 -1.73632840e-03  6.98959595e-06 -7.45764184e-04 
 2.53512863e+03 -1.84251918e-01 -1.72144449e-03  6.94565528e-06 -7.43416539e-04 
 2.54097271e+03 -1.83250312e-01 -1.70670395e-03  6.90205469e-06 -7.41079711e-04 
 2.54683025e+03 -1.82254988e-01 -1.69210520e-03  6.85879087e-06 -7.38753623e-04 
 2.55270130e+03 -1.81265897e-01 -1.67764664e-03  6.81586050e-06 -7.36438199e-04 
 2.55858589e+03 -1.80282993e-01 -1.66332673e-03  6.77326033e-06 -7.34133362e-04 
 2.56448404e+03 -1.79306227e-01 -1.64914393e-03  6.73098715e-06 -7.31839039e-04 
 2.57039578e+03 -1.78335551e-01 -1.63509672e-03  6.68903777e-06 -7.29555156e-04 
 2.57632116e+03 -1.77370921e-01 -1.62118361e-03  6.64740907e-06 -7.27281638e-04 
 2.58226019e+03 -1.76412289e-01 -1.60740311e-03  6.60609793e-06 -7.25018414e-04 
 2.58821292e+03 -1.75459610e-01 -1.59375378e-03  6.56510129e-06 -7.22765411e-04 
 2.59417936e+03 -1.74512838e-01 -1.58023418e-03  6.52441613e-06 -7.20522558e-04 
 2.60015956e+03 -1.73571928e-01 -1.56684287e-03  6.48403945e-06 -7.18289785e-04 
 2.60615355e+03 -1.72636837e-01 -1.55357847e-03  6.44396830e-06 -7.16067022e-04 
 2.61216135e+03 -1.71707521e-01 -1.54043958e-03  6.40419976e-06 -7.13854200e-04 
 2.61818301e+03 -1.70783935e-01 -1.52742483e-03  6.36473094e-06 -7.11651250e-04 
 2.62421854e+03 -1.69866036e-01 -1.51453289e-03  6.32555900e-06 -7.09458104e-04 
 2.63026799e+03 -1.68953782e-01 -1.50176241e-03  6.28668111e-06 -7.07274696e-04 
 2.63633139e+03 -1.68047131e-01 -1.48911208e-03  6.24809449e-06 -7.05100958e-04 
 2.64240876e+03 -1.67146041e-01 -1.47658060e-03  6.20979640e-06 -7.02936824e-04 
 2.64850014e+03 -1.66250469e-01 -1.46416669e-03  6.17178410e-06 -7.00782230e-04 
 2.65460556e+03 -1.65360375e-01 -1.45186909e-03  6.13405492e-06 -6.98637111e-04 
 2.66072506e+03 -1.64475719e-01 -1.43968653e-03  6.09660620e-06 -6.96501402e-04 
 2.66685866e+03 -1.63596459e-01 -1.42761779e-03  6.05943532e-06 -6.94375041e-04 
 2.67300641e+03 -1.62722556e-01 -1.41566165e-03  6.02253967e-06 -6.92257963e-04 
 2.67916832e+03 -1.61853971e-01 -1.40381690e-03  5.98591670e-06 -6.90150107e-04 
 2.68534445e+03 -1.60990663e-01 -1.39208236e-03  5.94956387e-06 -6.88051412e-04 
 2.69153480e+03 -1.60132594e-01 -1.38045684e-03  5.91347868e-06 -6.85961815e-04 
 2.69773943e+03 -1.59279726e-01 -1.36893920e-03  5.87765866e-06 -6.83881257e-04 
 2.70395836e+03 -1.58432020e-01 -1.35752828e-03  5.84210134e-06 -6.81809677e-04 
 2.71019163e+03 -1.57589439e-01 -1.34622295e-03  5.80680432e-06 -6.79747016e-04 
 2.71643927e+03 -1.56751944e-01 -1.33502210e-03  5.77176521e-06 -6.77693216e-04 
 2.72270131e+03 -1.55919500e-01 -1.32392462e-03  5.73698163e-06 -6.75648216e-04 
 2.72897778e+03 -1.55092068e-01 -1.31292942e-03  5.70245126e-06 -6.73611961e-04 
 2.73526873e+03 -1.54269614e-01 -1.30203543e-03  5.66817177e-06 -6.71584392e-04 
 2.74157417e+03 -1.53452100e-01 -1.29124158e-03  5.63414089e-06 -6.69565452e-04 
 2.74789415e+03 -1.52639490e-01 -1.28054682e-03  5.60035636e-06 -6.67555086e-04 
 2.75422870e+03 -1.51831750e-01 -1.26995011e-03  5.56681594e-06 -6.65553237e-04 
 2.76057786e+03 -1.51028844e-01 -1.25945043e-03  5.53351743e-06 -6.63559851e-04 
 2.76694165e+03 -1.50230738e-01 -1.24904677e-03  5.50045864e-06 -6.61574873e-04 
 2.77332010e+03 -1.49437396e-01 -1.23873813e-03  5.46763741e-06 -6.59598247e-04 
 2.77971327e+03 -1.48648785e-01 -1.22852351e-03  5.43505161e-06 -6.57629922e-04 
 2.78612117e+03 -1.47864870e-01 -1.21840194e-03  5.40269913e-06 -6.55669842e-04 
 2.79254384e+03 -1.47085619e-01 -1.20837246e-03  5.37057788e-06 -6.53717956e-04 
 2.79898132e+03 -1.46310997e-01 -1.19843411e-03  5.33868580e-06 -6.51774211e-04 
 2.80543364e+03 -1.45540973e-01 -1.18858595e-03  5.30702084e-06 -6.49838555e-04 
 2.81190083e+03 -1.44775512e-01 -1.17882705e-03  5.27558099e-06 -6.47910937e-04 
 2.81838293e+03 -1.44014583e-01 -1.16915649e-03  5.24436425e-06 -6.45991306e-04 
 2.82487997e+03 -1.43258154e-01 -1.15957337e-03  5.21336865e-06 -6.44079611e-04 
 2.83139200e+03 -1.42506192e-01 -1.15007679e-03  5.18259222e-06 -6.42175803e-04 
 2.83791903e+03 -1.41758667e-01 -1.14066585e-03  5.15203306e-06 -6.40279831e-04 
 2.84446111e+03 -1.41015546e-01 -1.13133968e-03  5.12168923e-06 -6.38391646e-04 
 2.85101827e+03 -1.40276799e-01 -1.12209743e-03  5.09155885e-06 -6.36511200e-04 
 2.85759054e+03 -1.39542396e-01 -1.11293822e-03  5.06164006e-06 -6.34638445e-04 
 2.86417797e+03 -1.38812305e-01 -1.10386122e-03  5.03193100e-06 -6.32773332e-04 
 2.87078058e+03 -1.38086497e-01 -1.09486559e-03  5.00242985e-06 -6.30915814e-04 
 2.87739841e+03 -1.37364941e-01 -1.08595050e-03  4.97313480e-06 -6.29065844e-04 
 2.88403150e+03 -1.36647608e-01 -1.07711514e-03  4.94404406e-06 -6.27223375e-04 
 2.89067988e+03 -1.35934468e-01 -1.06835870e-03  4.91515585e-06 -6.25388361e-04 
 2.89734359e+03 -1.35225493e-01 -1.05968039e-03  4.88646844e-06 -6.23560756e-04 
 2.90402265e+03 -1.34520653e-01 -1.05107941e-03  4.85798008e-06 -6.21740515e-04 
 2.91071712e+03 -1.33819920e-01 -1.04255499e-03  4.82968906e-06 -6.19927592e-04 
 2.91742701e+03 -1.33123265e-01 -1.03410635e-03  4.80159369e-06 -6.18121943e-04 
 2.92415238e+03 -1.32430660e-01 -1.02573274e-03  4.77369229e-06 -6.16323524e-04 
 2.93089325e+03 -1.31742077e-01 -1.01743341e-03  4.74598320e-06 -6.14532290e-04 
 2.93764965e+03 -1.31057489e-01 -1.00920761e-03  4.71846478e-06 -6.12748199e-04 
 2.94442163e+03 -1.30376867e-01 -1.00105460e-03  4.69113541e-06 -6.10971206e-04 
 2.95120923e+03 -1.29700186e-01 -9.92973668e-04  4.66399347e-06 -6.09201270e-04 
 2.95801247e+03 -1.29027417e-01 -9.84964085e-04  4.63703738e-06 -6.07438347e-04 
 2.96483139e+03 -1.28358534e-01 -9.77025144e-04  4.61026556e-06 -6.05682395e-04 
 2.97166603e+03 -1.27693511e-01 -9.69156144e-04  4.58367646e-06 -6.03933374e-04 
 2.97851643e+03 -1.27032321e-01 -9.61356391e-04  4.55726853e-06 -6.02191240e-04 
 2.98538262e+03 -1.26374938e-01 -9.53625199e-04  4.53104025e-06 -6.00455954e-04 
 2.99226464e+03 -1.25721336e-01 -9.45961891e-04  4.50499012e-06 -5.98727475e-04 
 2.99916252e+03 -1.25071489e-01 -9.38365797e-04  4.47911663e-06 -5.97005762e-04 
 3.00607630e+03 -1.24425373e-01 -9.30836253e-04  4.45341831e-06 -5.95290776e-04 
 3.01300602e+03 -1.23782962e-01 -9.23372604e-04  4.42789371e-06 -5.93582476e-04 
 3.01995172e+03 -1.23144230e-01 -9.15974204e-04  4.40254136e-06 -5.91880823e-04 
 3.02691343e+03 -1.22509153e-01 -9.08640411e-04  4.37735984e-06 -5.90185778e-04 
 3.03389118e+03 -1.21877707e-01 -9.01370593e-04  4.35234774e-06 -5.88497303e-04 
 3.04088503e+03 -1.21249867e-01 -8.94164122e-04  4.32750364e-06 -5.86815359e-04 
 3.04789499e+03 -1.20625608e-01 -8.87020381e-04  4.30282616e-06 -5.85139908e-04 
 3.05492111e+03 -1.20004908e-01 -8.79938757e-04  4.27831393e-06 -5.83470912e-04 
 3.06196343e+03 -1.19387741e-01 -8.72918645e-04  4.25396558e-06 -5.81808334e-04 
 3.06902199e+03 -1.18774085e-01 -8.65959446e-04  4.22977977e-06 -5.80152136e-04 
 3.07609681e+03 -1.18163916e-01 -8.59060569e-04  4.20575517e-06 -5.78502283e-04 
 3.08318795e+03 -1.17557211e-01 -8.52221427e-04  4.18189045e-06 -5.76858736e-04 
 3.09029543e+03 -1.16953946e-01 -8.45441444e-04  4.15818431e-06 -5.75221461e-04 
 3.09741930e+03 -1.16354099e-01 -8.38720045e-04  4.13463545e-06 -5.73590420e-04 
 3.10455959e+03 -1.15757648e-01 -8.32056665e-04  4.11124261e-06 -5.71965579e-04 
 3.11171634e+03 -1.15164569e-01 -8.25450744e-04  4.08800450e-06 -5.70346903e-04 
 3.11888958e+03 -1.14574840e-01 -8.18901729e-04  4.06491988e-06 -5.68734354e-04 
 3.12607937e+03 -1.13988440e-01 -8.12409072e-04  4.04198750e-06 -5.67127901e-04 
 3.13328572e+03 -1.13405347e-01 -8.05972232e-04  4.01920614e-06 -5.65527506e-04 
 3.14050869e+03 -1.12825538e-01 -7.99590673e-04  3.99657457e-06 -5.63933137e-04 
 3.14774831e+03 -1.12248992e-01 -7.93263865e-04  3.97409160e-06 -5.62344759e-04 
 3.15500462e+03 -1.11675688e-01 -7.86991285e-04  3.95175603e-06 -5.60762339e-04 
 3.16227766e+03 -1.11105604e-01 -7.80772414e-04  3.92956668e-06 -5.59185844e-04 
 3.16956746e+03 -1.10538720e-01 -7.74606740e-04  3.90752237e-06 -5.57615239e-04 
 3.17687407e+03 -1.09975014e-01 -7.68493755e-04  3.88562196e-06 -5.56050492e-04 
 3.18419752e+03 -1.09414466e-01 -7.62432960e-04  3.86386429e-06 -5.54491571e-04 
 3.19153786e+03 -1.08857056e-01 -7.56423856e-04  3.84224823e-06 -5.52938442e-04 
 3.19889511e+03 -1.08302762e-01 -7.50465954e-04  3.82077265e-06 -5.51391075e-04 
 3.20626932e+03 -1.07751564e-01 -7.44558769e-04  3.79943645e-06 -5.49849437e-04 
 3.21366054e+03 -1.07203443e-01 -7.38701820e-04  3.77823852e-06 -5.48313496e-04 
 3.22106879e+03 -1.06658379e-01 -7.32894633e-04  3.75717776e-06 -5.46783221e-04 
 3.22849412e+03 -1.06116351e-01 -7.27136737e-04  3.73625310e-06 -5.45258581e-04 
 3.23593657e+03 -1.05577340e-01 -7.21427668e-04  3.71546347e-06 -5.43739545e-04 
 3.24339617e+03 -1.05041328e-01 -7.15766966e-04  3.69480781e-06 -5.42226082e-04 
 3.25087297e+03 -1.04508293e-01 -7.10154176e-04  3.67428506e-06 -5.40718162e-04 
 3.25836701e+03 -1.03978218e-01 -7.04588849e-04  3.65389419e-06 -5.39215755e-04 
 3.26587832e+03 -1.03451083e-01 -6.99070538e-04  3.63363417e-06 -5.37718830e-04 
 3.27340695e+03 -1.02926870e-01 -6.93598804e-04  3.61350398e-06 -5.36227359e-04 
 3.28095293e+03 -1.02405559e-01 -6.88173210e-04  3.59350260e-06 -5.34741311e-04 
 3.28851631e+03 -1.01887133e-01 -6.82793327e-04  3.57362905e-06 -5.33260657e-04 
 3.29609712e+03 -1.01371572e-01 -6.77458726e-04  3.55388232e-06 -5.31785368e-04 
 3.30369541e+03 -1.00858859e-01 -6.72168986e-04  3.53426144e-06 -5.30315416e-04 
 3.31131121e+03 -1.00348975e-01 -6.66923689e-04  3.51476543e-06 -5.28850771e-04 
 3.31894458e+03 -9.98419022e-02 -6.61722423e-04  3.49539333e-06 -5.27391406e-04 
 3.32659553e+03 -9.93376230e-02 -6.56564778e-04  3.47614419e-06 -5.25937292e-04 
 3.33426413e+03 -9.88361196e-02 -6.51450349e-04  3.45701706e-06 -5.24488401e-04 
 3.34195040e+03 -9.83373744e-02 -6.46378737e-04  3.43801101e-06 -5.23044705e-04 
 3.34965439e+03 -9.78413699e-02 -6.41349546e-04  3.41912512e-06 -5.21606178e-04 
 3.35737614e+03 -9.73480889e-02 -6.36362382e-04  3.40035845e-06 -5.20172791e-04 
 3.36511569e+03 -9.68575141e-02 -6.31416860e-04  3.38171011e-06 -5.18744518e-04 
 3.37287309e+03 -9.63696284e-02 -6.26512594e-04  3.36317919e-06 -5.17321331e-04 
 3.38064836e+03 -9.58844151e-02 -6.21649205e-04  3.34476480e-06 -5.15903204e-04 
 3.38844156e+03 -9.54018572e-02 -6.16826317e-04  3.32646606e-06 -5.14490110e-04 
 3.39625273e+03 -9.49219382e-02 -6.12043558e-04  3.30828208e-06 -5.13082024e-04 
 3.40408190e+03 -9.44446414e-02 -6.07300561e-04  3.29021201e-06 -5.11678918e-04 
 3.41192912e+03 -9.39699505e-02 -6.02596960e-04  3.27225498e-06 -5.10280767e-04 
 3.41979443e+03 -9.34978491e-02 -5.97932395e-04  3.25441015e-06 -5.08887546e-04 
 3.42767787e+03 -9.30283212e-02 -5.93306510e-04  3.23667665e-06 -5.07499228e-04 
 3.43557948e+03 -9.25613506e-02 -5.88718951e-04  3.21905367e-06 -5.06115788e-04 
 3.44349931e+03 -9.20969215e-02 -5.84169369e-04  3.20154037e-06 -5.04737201e-04 
 3.45143739e+03 -9.16350180e-02 -5.79657418e-04  3.18413593e-06 -5.03363443e-04 
 3.45939378e+03 -9.11756245e-02 -5.75182756e-04  3.16683954e-06 -5.01994488e-04 
 3.46736850e+03 -9.07187253e-02 -5.70745044e-04  3.14965040e-06 -5.00630311e-04 
 3.47536161e+03 -9.02643050e-02 -5.66343947e-04  3.13256769e-06 -4.99270889e-04 
 3.48337315e+03 -8.98123483e-02 -5.61979132e-04  3.11559064e-06 -4.97916197e-04 
 3.49140315e+03 -8.93628400e-02 -5.57650271e-04  3.09871846e-06 -4.96566210e-04 
 3.49945167e+03 -8.89157648e-02 -5.53357039e-04  3.08195037e-06 -4.95220906e-04 
 3.50751874e+03 -8.84711080e-02 -5.49099114e-04  3.06528560e-06 -4.93880260e-04 
 3.51560441e+03 -8.80288545e-02 -5.44876178e-04  3.04872339e-06 -4.92544248e-04 
 3.52370871e+03 -8.75889895e-02 -5.40687914e-04  3.03226298e-06 -4.91212848e-04 
 3.53183170e+03 -8.71514984e-02 -5.36534012e-04  3.01590363e-06 -4.89886036e-04 
 3.53997341e+03 -8.67163667e-02 -5.32414162e-04  2.99964459e-06 -4.88563789e-04 
 3.54813389e+03 -8.62835798e-02 -5.28328057e-04  2.98348512e-06 -4.87246084e-04 
 3.55631319e+03 -8.58531235e-02 -5.24275396e-04  2.96742450e-06 -4.85932898e-04 
 3.56451133e+03 -8.54249834e-02 -5.20255878e-04  2.95146201e-06 -4.84624209e-04 
 3.57272838e+03 -8.49991455e-02 -5.16269207e-04  2.93559692e-06 -4.83319994e-04 
 3.58096437e+03 -8.45755957e-02 -5.12315089e-04  2.91982854e-06 -4.82020232e-04 
 3.58921935e+03 -8.41543200e-02 -5.08393233e-04  2.90415615e-06 -4.80724899e-04 
 3.59749335e+03 -8.37353047e-02 -5.04503351e-04  2.88857905e-06 -4.79433974e-04 
 3.60578643e+03 -8.33185359e-02 -5.00645159e-04  2.87309656e-06 -4.78147436e-04 
 3.61409863e+03 -8.29040001e-02 -4.96818374e-04  2.85770800e-06 -4.76865263e-04 
 3.62242998e+03 -8.24916837e-02 -4.93022716e-04  2.84241268e-06 -4.75587432e-04 
 3.63078055e+03 -8.20815733e-02 -4.89257909e-04  2.82720993e-06 -4.74313924e-04 
 3.63915036e+03 -8.16736555e-02 -4.85523680e-04  2.81209908e-06 -4.73044716e-04 
 3.64753947e+03 -8.12679171e-02 -4.81819757e-04  2.79707947e-06 -4.71779788e-04 
 3.65594792e+03 -8.08643449e-02 -4.78145872e-04  2.78215046e-06 -4.70519118e-04 
 3.66437575e+03 -8.04629260e-02 -4.74501759e-04  2.76731138e-06 -4.69262687e-04 
 3.67282300e+03 -8.00636472e-02 -4.70887155e-04  2.75256159e-06 -4.68010473e-04 
 3.68128974e+03 -7.96664958e-02 -4.67301799e-04  2.73790046e-06 -4.66762456e-04 
 3.68977599e+03 -7.92714589e-02 -4.63745434e-04  2.72332735e-06 -4.65518616e-04 
 3.69828180e+03 -7.88785240e-02 -4.60217804e-04  2.70884164e-06 -4.64278932e-04 
 3.70680722e+03 -7.84876783e-02 -4.56718656e-04  2.69444271e-06 -4.63043385e-04 
 3.71535229e+03 -7.80989094e-02 -4.53247739e-04  2.68012993e-06 -4.61811954e-04 
 3.72391706e+03 -7.77122048e-02 -4.49804807e-04  2.66590270e-06 -4.60584621e-04 
 3.73250158e+03 -7.73275523e-02 -4.46389613e-04  2.65176041e-06 -4.59361364e-04 
 3.74110588e+03 -7.69449395e-02 -4.43001914e-04  2.63770246e-06 -4.58142166e-04 
 3.74973002e+03 -7.65643544e-02 -4.39641469e-04  2.62372826e-06 -4.56927006e-04 
 3.75837404e+03 -7.61857849e-02 -4.36308041e-04  2.60983721e-06 -4.55715865e-04 
 3.76703799e+03 -7.58092189e-02 -4.33001392e-04  2.59602873e-06 -4.54508724e-04 
 3.77572191e+03 -7.54346445e-02 -4.29721290e-04  2.58230224e-06 -4.53305564e-04 
 3.78442585e+03 -7.50620500e-02 -4.26467503e-04  2.56865717e-06 -4.52106367e-04 
 3.79314985e+03 -7.46914237e-02 -4.23239800e-04  2.55509294e-06 -4.50911113e-04 
 3.80189396e+03 -7.43227538e-02 -4.20037957e-04  2.54160900e-06 -4.49719785e-04 
 3.81065823e+03 -7.39560287e-02 -4.16861747e-04  2.52820477e-06 -4.48532363e-04 
 3.81944271e+03 -7.35912371e-02 -4.13710948e-04  2.51487970e-06 -4.47348829e-04 
 3.82824743e+03 -7.32283674e-02 -4.10585339e-04  2.50163325e-06 -4.46169166e-04 
 3.83707245e+03 -7.28674084e-02 -4.07484703e-04  2.48846486e-06 -4.44993355e-04 
 3.84591782e+03 -7.25083488e-02 -4.04408822e-04  2.47537399e-06 -4.43821377e-04 
 3.85478358e+03 -7.21511774e-02 -4.01357483e-04  2.46236011e-06 -4.42653216e-04 
 3.86366977e+03 -7.17958831e-02 -3.98330474e-04  2.44942268e-06 -4.41488854e-04 
 3.87257645e+03 -7.14424550e-02 -3.95327584e-04  2.43656118e-06 -4.40328273e-04 
 3.88150366e+03 -7.10908820e-02 -3.92348606e-04  2.42377508e-06 -4.39171455e-04 
 3.89045145e+03 -7.07411532e-02 -3.89393332e-04  2.41106386e-06 -4.38018383e-04 
 3.89941987e+03 -7.03932580e-02 -3.86461560e-04  2.39842700e-06 -4.36869040e-04 
 3.90840896e+03 -7.00471855e-02 -3.83553087e-04  2.38586400e-06 -4.35723408e-04 
 3.91741877e+03 -6.97029252e-02 -3.80667713e-04  2.37337435e-06 -4.34581472e-04 
 3.92644935e+03 -6.93604664e-02 -3.77805239e-04  2.36095755e-06 -4.33443213e-04 
 3.93550075e+03 -6.90197987e-02 -3.74965470e-04  2.34861309e-06 -4.32308615e-04 
 3.94457302e+03 -6.86809116e-02 -3.72148209e-04  2.33634049e-06 -4.31177661e-04 
 3.95366620e+03 -6.83437947e-02 -3.69353266e-04  2.32413925e-06 -4.30050335e-04 
 3.96278034e+03 -6.80084378e-02 -3.66580448e-04  2.31200889e-06 -4.28926621e-04 
 3.97191549e+03 -6.76748307e-02 -3.63829567e-04  2.29994892e-06 -4.27806501e-04 
 3.98107171e+03 -6.73429632e-02 -3.61100436e-04  2.28795888e-06 -4.26689960e-04 
 3.99024902e+03 -6.70128252e-02 -3.58392868e-04  2.27603827e-06 -4.25576981e-04 
 3.99944750e+03 -6.66844067e-02 -3.55706681e-04  2.26418664e-06 -4.24467549e-04 
 4.00866718e+03 -6.63576978e-02 -3.53041691e-04  2.25240352e-06 -4.23361647e-04 
 4.01790811e+03 -6.60326886e-02 -3.50397720e-04  2.24068844e-06 -4.22259260e-04 
 4.02717034e+03 -6.57093693e-02 -3.47774587e-04  2.22904094e-06 -4.21160372e-04 
 4.03645393e+03 -6.53877301e-02 -3.45172117e-04  2.21746058e-06 -4.20064967e-04 
 4.04575892e+03 -6.50677614e-02 -3.42590134e-04  2.20594689e-06 -4.18973030e-04 
 4.05508535e+03 -6.47494535e-02 -3.40028463e-04  2.19449944e-06 -4.17884545e-04 
 4.06443329e+03 -6.44327970e-02 -3.37486934e-04  2.18311777e-06 -4.16799497e-04 
 4.07380278e+03 -6.41177822e-02 -3.34965376e-04  2.17180145e-06 -4.15717870e-04 
 4.08319386e+03 -6.38043998e-02 -3.32463619e-04  2.16055004e-06 -4.14639650e-04 
 4.09260660e+03 -6.34926405e-02 -3.29981498e-04  2.14936311e-06 -4.13564822e-04 
 4.10204103e+03 -6.31824949e-02 -3.27518845e-04  2.13824022e-06 -4.12493370e-04 
 4.11149721e+03 -6.28739539e-02 -3.25075497e-04  2.12718096e-06 -4.11425280e-04 
 4.12097519e+03 -6.25670081e-02 -3.22651291e-04  2.11618489e-06 -4.10360537e-04 
 4.13047502e+03 -6.22616486e-02 -3.20246066e-04  2.10525159e-06 -4.09299126e-04 
 4.13999675e+03 -6.19578662e-02 -3.17859662e-04  2.09438066e-06 -4.08241033e-04 
 4.14954043e+03 -6.16556521e-02 -3.15491921e-04  2.08357167e-06 -4.07186243e-04 
 4.15910610e+03 -6.13549971e-02 -3.13142687e-04  2.07282423e-06 -4.06134742e-04 
 4.16869383e+03 -6.10558926e-02 -3.10811805e-04  2.06213791e-06 -4.05086515e-04 
 4.17830367e+03 -6.07583296e-02 -3.08499120e-04  2.05151233e-06 -4.04041549e-04 
 4.18793565e+03 -6.04622994e-02 -3.06204479e-04  2.04094707e-06 -4.02999829e-04 
 4.19758984e+03 -6.01677934e-02 -3.03927733e-04  2.03044174e-06 -4.01961341e-04 
 4.20726628e+03 -5.98748028e-02 -3.01668732e-04  2.01999595e-06 -4.00926071e-04 
 4.21696503e+03 -5.95833190e-02 -2.99427326e-04  2.00960931e-06 -3.99894005e-04 
 4.22668614e+03 -5.92933337e-02 -2.97203370e-04  1.99928143e-06 -3.98865130e-04 
 4.23642966e+03 -5.90048382e-02 -2.94996718e-04  1.98901192e-06 -3.97839431e-04 
 4.24619564e+03 -5.87178242e-02 -2.92807225e-04  1.97880041e-06 -3.96816896e-04 
 4.25598413e+03 -5.84322833e-02 -2.90634749e-04  1.96864651e-06 -3.95797511e-04 
 4.26579519e+03 -5.81482071e-02 -2.88479149e-04  1.95854985e-06 -3.94781262e-04 
 4.27562886e+03 -5.78655875e-02 -2.86340283e-04  1.94851006e-06 -3.93768135e-04 
 4.28548520e+03 -5.75844163e-02 -2.84218013e-04  1.93852676e-06 -3.92758118e-04 
 4.29536427e+03 -5.73046853e-02 -2.82112201e-04  1.92859960e-06 -3.91751198e-04 
 4.30526610e+03 -5.70263863e-02 -2.80022712e-04  1.91872820e-06 -3.90747361e-04 
 4.31519077e+03 -5.67495114e-02 -2.77949408e-04  1.90891221e-06 -3.89746594e-04 
 4.32513831e+03 -5.64740526e-02 -2.75892157e-04  1.89915126e-06 -3.88748885e-04 
 4.33510878e+03 -5.62000020e-02 -2.73850826e-04  1.88944501e-06 -3.87754220e-04 
 4.34510224e+03 -5.59273515e-02 -2.71825282e-04  1.87979309e-06 -3.86762586e-04 
 4.35511874e+03 -5.56560935e-02 -2.69815397e-04  1.87019517e-06 -3.85773971e-04 
 4.36515832e+03 -5.53862201e-02 -2.67821039e-04  1.86065088e-06 -3.84788363e-04 
 4.37522105e+03 -5.51177237e-02 -2.65842082e-04  1.85115989e-06 -3.83805748e-04 
 4.38530698e+03 -5.48505964e-02 -2.63878399e-04  1.84172186e-06 -3.82826115e-04 
 4.39541615e+03 -5.45848307e-02 -2.61929863e-04  1.83233644e-06 -3.81849450e-04 
 4.40554864e+03 -5.43204190e-02 -2.59996351e-04  1.82300330e-06 -3.80875741e-04 
 4.41570447e+03 -5.40573537e-02 -2.58077738e-04  1.81372210e-06 -3.79904977e-04 
 4.42588372e+03 -5.37956274e-02 -2.56173902e-04  1.80449251e-06 -3.78937145e-04 
 4.43608644e+03 -5.35352326e-02 -2.54284722e-04  1.79531421e-06 -3.77972232e-04 
 4.44631267e+03 -5.32761619e-02 -2.52410077e-04  1.78618686e-06 -3.77010227e-04 
 4.45656248e+03 -5.30184080e-02 -2.50549849e-04  1.77711015e-06 -3.76051118e-04 
 4.46683592e+03 -5.27619635e-02 -2.48703920e-04  1.76808375e-06 -3.75094893e-04 
 4.47713304e+03 -5.25068213e-02 -2.46872171e-04  1.75910733e-06 -3.74141540e-04 
 4.48745390e+03 -5.22529741e-02 -2.45054489e-04  1.75018059e-06 -3.73191047e-04 
 4.49779855e+03 -5.20004147e-02 -2.43250756e-04  1.74130321e-06 -3.72243402e-04 
 4.50816705e+03 -5.17491361e-02 -2.41460861e-04  1.73247488e-06 -3.71298595e-04 
 4.51855944e+03 -5.14991311e-02 -2.39684689e-04  1.72369528e-06 -3.70356613e-04 
 4.52897580e+03 -5.12503927e-02 -2.37922128e-04  1.71496412e-06 -3.69417444e-04 
 4.53941617e+03 -5.10029140e-02 -2.36173069e-04  1.70628108e-06 -3.68481078e-04 
 4.54988060e+03 -5.07566880e-02 -2.34437400e-04  1.69764586e-06 -3.67547503e-04 
 4.56036916e+03 -5.05117078e-02 -2.32715014e-04  1.68905816e-06 -3.66616708e-04 
 4.57088190e+03 -5.02679665e-02 -2.31005801e-04  1.68051769e-06 -3.65688682e-04 
 4.58141887e+03 -5.00254574e-02 -2.29309656e-04  1.67202414e-06 -3.64763412e-04 
 4.59198013e+03 -4.97841736e-02 -2.27626471e-04  1.66357723e-06 -3.63840889e-04 
 4.60256574e+03 -4.95441085e-02 -2.25956142e-04  1.65517666e-06 -3.62921101e-04 
 4.61317575e+03 -4.93052554e-02 -2.24298564e-04  1.64682214e-06 -3.62004037e-04 
 4.62381021e+03 -4.90676076e-02 -2.22653635e-04  1.63851338e-06 -3.61089687e-04 
 4.63446920e+03 -4.88311585e-02 -2.21021252e-04  1.63025010e-06 -3.60178039e-04 
 4.64515275e+03 -4.85959016e-02 -2.19401312e-04  1.62203202e-06 -3.59269083e-04 
 4.65586094e+03 -4.83618303e-02 -2.17793717e-04  1.61385885e-06 -3.58362808e-04 
 4.66659380e+03 -4.81289382e-02 -2.16198365e-04  1.60573032e-06 -3.57459203e-04 
 4.67735141e+03 -4.78972189e-02 -2.14615159e-04  1.59764615e-06 -3.56558257e-04 
 4.68813382e+03 -4.76666658e-02 -2.13044000e-04  1.58960606e-06 -3.55659961e-04 
 4.69894109e+03 -4.74372728e-02 -2.11484791e-04  1.58160978e-06 -3.54764304e-04 
 4.70977326e+03 -4.72090334e-02 -2.09937435e-04  1.57365704e-06 -3.53871275e-04 
 4.72063041e+03 -4.69819414e-02 -2.08401838e-04  1.56574757e-06 -3.52980863e-04 
 4.73151259e+03 -4.67559906e-02 -2.06877904e-04  1.55788111e-06 -3.52093059e-04 
 4.74241985e+03 -4.65311747e-02 -2.05365541e-04  1.55005738e-06 -3.51207853e-04 
 4.75335226e+03 -4.63074875e-02 -2.03864655e-04  1.54227613e-06 -3.50325234e-04 
 4.76430987e+03 -4.60849231e-02 -2.02375153e-04  1.53453710e-06 -3.49445191e-04 
 4.77529274e+03 -4.58634751e-02 -2.00896945e-04  1.52684002e-06 -3.48567716e-04 
 4.78630092e+03 -4.56431377e-02 -1.99429939e-04  1.51918463e-06 -3.47692797e-04 
 4.79733449e+03 -4.54239048e-02 -1.97974047e-04  1.51157069e-06 -3.46820426e-04 
 4.80839348e+03 -4.52057705e-02 -1.96529179e-04  1.50399794e-06 -3.45950591e-04 
 4.81947798e+03 -4.49887287e-02 -1.95095247e-04  1.49646613e-06 -3.45083284e-04 
 4.83058802e+03 -4.47727735e-02 -1.93672164e-04  1.48897500e-06 -3.44218494e-04 
 4.84172368e+03 -4.45578992e-02 -1.92259842e-04  1.48152431e-06 -3.43356212e-04 
 4.85288500e+03 -4.43440999e-02 -1.90858196e-04  1.47411381e-06 -3.42496427e-04 
 4.86407206e+03 -4.41313697e-02 -1.89467140e-04  1.46674326e-06 -3.41639131e-04 
 4.87528490e+03 -4.39197030e-02 -1.88086591e-04  1.45941242e-06 -3.40784314e-04 
 4.88652359e+03 -4.37090940e-02 -1.86716464e-04  1.45212104e-06 -3.39931966e-04 
 4.89778819e+03 -4.34995369e-02 -1.85356677e-04  1.44486888e-06 -3.39082078e-04 
 4.90907876e+03 -4.32910262e-02 -1.84007146e-04  1.43765570e-06 -3.38234640e-04 
 4.92039536e+03 -4.30835563e-02 -1.82667791e-04  1.43048128e-06 -3.37389643e-04 
 4.93173804e+03 -4.28771214e-02 -1.81338530e-04  1.42334537e-06 -3.36547077e-04 
 4.94310687e+03 -4.26717162e-02 -1.80019284e-04  1.41624775e-06 -3.35706934e-04 
 4.95450191e+03 -4.24673350e-02 -1.78709973e-04  1.40918817e-06 -3.34869204e-04 
 4.96592321e+03 -4.22639724e-02 -1.77410517e-04  1.40216642e-06 -3.34033878e-04 
 4.97737085e+03 -4.20616228e-02 -1.76120839e-04  1.39518227e-06 -3.33200947e-04 
 4.98884487e+03 -4.18602810e-02 -1.74840861e-04  1.38823548e-06 -3.32370401e-04 
 5.00034535e+03 -4.16599415e-02 -1.73570507e-04  1.38132583e-06 -3.31542232e-04 
 5.01187234e+03 -4.14605989e-02 -1.72309700e-04  1.37445311e-06 -3.30716432e-04 
 5.02342590e+03 -4.12622480e-02 -1.71058364e-04  1.36761708e-06 -3.29892989e-04 
 5.03500609e+03 -4.10648833e-02 -1.69816425e-04  1.36081753e-06 -3.29071897e-04 
 5.04661298e+03 -4.08684998e-02 -1.68583809e-04  1.35405425e-06 -3.28253146e-04 
 5.05824662e+03 -4.06730921e-02 -1.67360442e-04  1.34732701e-06 -3.27436728e-04 
 5.06990708e+03 -4.04786550e-02 -1.66146250e-04  1.34063559e-06 -3.26622633e-04 
 5.08159443e+03 -4.02851833e-02 -1.64941162e-04  1.33397980e-06 -3.25810853e-04 
 5.09330871e+03 -4.00926720e-02 -1.63745106e-04  1.32735940e-06 -3.25001379e-04 
 5.10505000e+03 -3.99011160e-02 -1.62558010e-04  1.32077420e-06 -3.24194203e-04 
 5.11681836e+03 -3.97105101e-02 -1.61379804e-04  1.31422398e-06 -3.23389316e-04 
 5.12861384e+03 -3.95208493e-02 -1.60210419e-04  1.30770853e-06 -3.22586709e-04 
 5.14043652e+03 -3.93321285e-02 -1.59049784e-04  1.30122765e-06 -3.21786375e-04 
 5.15228645e+03 -3.91443429e-02 -1.57897830e-04  1.29478114e-06 -3.20988305e-04 
 5.16416369e+03 -3.89574875e-02 -1.56754491e-04  1.28836878e-06 -3.20192490e-04 
 5.17606832e+03 -3.87715572e-02 -1.55619697e-04  1.28199038e-06 -3.19398922e-04 
 5.18800039e+03 -3.85865473e-02 -1.54493383e-04  1.27564574e-06 -3.18607593e-04 
 5.19995997e+03 -3.84024528e-02 -1.53375481e-04  1.26933466e-06 -3.17818494e-04 
 5.21194711e+03 -3.82192689e-02 -1.52265925e-04  1.26305693e-06 -3.17031618e-04 
 5.22396189e+03 -3.80369909e-02 -1.51164651e-04  1.25681237e-06 -3.16246956e-04 
 5.23600437e+03 -3.78556138e-02 -1.50071593e-04  1.25060077e-06 -3.15464500e-04 
 5.24807460e+03 -3.76751330e-02 -1.48986687e-04  1.24442195e-06 -3.14684242e-04 
 5.26017266e+03 -3.74955438e-02 -1.47909869e-04  1.23827571e-06 -3.13906174e-04 
 5.27229861e+03 -3.73168413e-02 -1.46841076e-04  1.23216186e-06 -3.13130288e-04 
 5.28445252e+03 -3.71390211e-02 -1.45780246e-04  1.22608020e-06 -3.12356577e-04 
 5.29663444e+03 -3.69620784e-02 -1.44727315e-04  1.22003056e-06 -3.11585031e-04 
 5.30884444e+03 -3.67860085e-02 -1.43682224e-04  1.21401274e-06 -3.10815643e-04 
 5.32108259e+03 -3.66108070e-02 -1.42644910e-04  1.20802655e-06 -3.10048407e-04 
 5.33334895e+03 -3.64364692e-02 -1.41615312e-04  1.20207182e-06 -3.09283312e-04 
 5.34564359e+03 -3.62629907e-02 -1.40593372e-04  1.19614836e-06 -3.08520353e-04 
 5.35796658e+03 -3.60903668e-02 -1.39579028e-04  1.19025598e-06 -3.07759521e-04 
 5.37031796e+03 -3.59185932e-02 -1.38572222e-04  1.18439450e-06 -3.07000809e-04 
 5.38269783e+03 -3.57476653e-02 -1.37572896e-04  1.17856375e-06 -3.06244209e-04 
 5.39510623e+03 -3.55775787e-02 -1.36580991e-04  1.17276355e-06 -3.05489713e-04 
 5.40754323e+03 -3.54083291e-02 -1.35596449e-04  1.16699372e-06 -3.04737314e-04 
 5.42000890e+03 -3.52399120e-02 -1.34619214e-04  1.16125408e-06 -3.03987004e-04 
 5.43250331e+03 -3.50723231e-02 -1.33649228e-04  1.15554445e-06 -3.03238776e-04 
 5.44502653e+03 -3.49055580e-02 -1.32686436e-04  1.14986467e-06 -3.02492623e-04 
 5.45757861e+03 -3.47396125e-02 -1.31730781e-04  1.14421456e-06 -3.01748536e-04 
 5.47015963e+03 -3.45744823e-02 -1.30782209e-04  1.13859394e-06 -3.01006510e-04 
 5.48276965e+03 -3.44101631e-02 -1.29840664e-04  1.13300266e-06 -3.00266535e-04 
 5.49540874e+03 -3.42466507e-02 -1.28906092e-04  1.12744053e-06 -2.99528606e-04 
 5.50807696e+03 -3.40839408e-02 -1.27978439e-04  1.12190740e-06 -2.98792715e-04 
 5.52077439e+03 -3.39220294e-02 -1.27057652e-04  1.11640308e-06 -2.98058854e-04 
 5.53350109e+03 -3.37609121e-02 -1.26143678e-04  1.11092743e-06 -2.97327017e-04 
 5.54625713e+03 -3.36005850e-02 -1.25236463e-04  1.10548027e-06 -2.96597196e-04 
 5.55904257e+03 -3.34410439e-02 -1.24335956e-04  1.10006143e-06 -2.95869384e-04 
 5.57185749e+03 -3.32822847e-02 -1.23442105e-04  1.09467077e-06 -2.95143575e-04 
 5.58470195e+03 -3.31243034e-02 -1.22554859e-04  1.08930811e-06 -2.94419761e-04 
 5.59757601e+03 -3.29670958e-02 -1.21674166e-04  1.08397329e-06 -2.93697935e-04 
 5.61047976e+03 -3.28106581e-02 -1.20799977e-04  1.07866615e-06 -2.92978090e-04 
 5.62341325e+03 -3.26549861e-02 -1.19932240e-04  1.07338655e-06 -2.92260219e-04 
 5.63637656e+03 -3.25000760e-02 -1.19070907e-04  1.06813431e-06 -2.91544316e-04 
 5.64936975e+03 -3.23459237e-02 -1.18215929e-04  1.06290928e-06 -2.90830373e-04 
 5.66239289e+03 -3.21925254e-02 -1.17367255e-04  1.05771131e-06 -2.90118384e-04 
 5.67544605e+03 -3.20398772e-02 -1.16524839e-04  1.05254025e-06 -2.89408341e-04 
 5.68852931e+03 -3.18879751e-02 -1.15688631e-04  1.04739593e-06 -2.88700239e-04 
 5.70164272e+03 -3.17368153e-02 -1.14858584e-04  1.04227821e-06 -2.87994070e-04 
 5.71478637e+03 -3.15863940e-02 -1.14034651e-04  1.03718694e-06 -2.87289828e-04 
 5.72796031e+03 -3.14367073e-02 -1.13216785e-04  1.03212196e-06 -2.86587506e-04 
 5.74116462e+03 -3.12877516e-02 -1.12404939e-04  1.02708313e-06 -2.85887098e-04 
 5.75439937e+03 -3.11395229e-02 -1.11599068e-04  1.02207030e-06 -2.85188596e-04 
 5.76766463e+03 -3.09920175e-02 -1.10799125e-04  1.01708332e-06 -2.84491995e-04 
 5.78096047e+03 -3.08452318e-02 -1.10005065e-04  1.01212204e-06 -2.83797287e-04 
 5.79428696e+03 -3.06991619e-02 -1.09216843e-04  1.00718632e-06 -2.83104467e-04 
 5.80764418e+03 -3.05538043e-02 -1.08434414e-04  1.00227602e-06 -2.82413527e-04 
 5.82103218e+03 -3.04091553e-02 -1.07657735e-04  9.97390985e-07 -2.81724462e-04 
 5.83445104e+03 -3.02652111e-02 -1.06886760e-04  9.92531080e-07 -2.81037264e-04 
 5.84790084e+03 -3.01219682e-02 -1.06121447e-04  9.87696161e-07 -2.80351928e-04 
 5.86138165e+03 -2.99794230e-02 -1.05361753e-04  9.82886088e-07 -2.79668448e-04 
 5.87489353e+03 -2.98375719e-02 -1.04607633e-04  9.78100720e-07 -2.78986816e-04 
 5.88843655e+03 -2.96964113e-02 -1.03859047e-04  9.73339920e-07 -2.78307027e-04 
 5.90201080e+03 -2.95559377e-02 -1.03115952e-04  9.68603548e-07 -2.77629074e-04 
 5.91561634e+03 -2.94161476e-02 -1.02378305e-04  9.63891467e-07 -2.76952952e-04 
 5.92925325e+03 -2.92770374e-02 -1.01646065e-04  9.59203542e-07 -2.76278653e-04 
 5.94292159e+03 -2.91386037e-02 -1.00919192e-04  9.54539636e-07 -2.75606172e-04 
 5.95662144e+03 -2.90008430e-02 -1.00197644e-04  9.49899616e-07 -2.74935503e-04 
 5.97035287e+03 -2.88637519e-02 -9.94813809e-05  9.45283347e-07 -2.74266639e-04 
 5.98411595e+03 -2.87273269e-02 -9.87703623e-05  9.40690696e-07 -2.73599574e-04 
 5.99791076e+03 -2.85915646e-02 -9.80645485e-05  9.36121532e-07 -2.72934304e-04 
 6.01173737e+03 -2.84564616e-02 -9.73638998e-05  9.31575723e-07 -2.72270820e-04 
 6.02559586e+03 -2.83220147e-02 -9.66683770e-05  9.27053139e-07 -2.71609118e-04 
 6.03948629e+03 -2.81882203e-02 -9.59779413e-05  9.22553651e-07 -2.70949191e-04 
 6.05340875e+03 -2.80550752e-02 -9.52925540e-05  9.18077130e-07 -2.70291034e-04 
 6.06736330e+03 -2.79225761e-02 -9.46121768e-05  9.13623447e-07 -2.69634640e-04 
 6.08135001e+03 -2.77907197e-02 -9.39367718e-05  9.09192476e-07 -2.68980004e-04 
 6.09536897e+03 -2.76595027e-02 -9.32663013e-05  9.04784091e-07 -2.68327120e-04 
 6.10942025e+03 -2.75289218e-02 -9.26007278e-05  9.00398166e-07 -2.67675982e-04 
 6.12350392e+03 -2.73989738e-02 -9.19400143e-05  8.96034577e-07 -2.67026584e-04 
 6.13762005e+03 -2.72696556e-02 -9.12841240e-05  8.91693199e-07 -2.66378920e-04 
 6.15176873e+03 -2.71409637e-02 -9.06330205e-05  8.87373910e-07 -2.65732985e-04 
 6.16595002e+03 -2.70128952e-02 -8.99866674e-05  8.83076587e-07 -2.65088773e-04 
 6.18016400e+03 -2.68854468e-02 -8.93450290e-05  8.78801108e-07 -2.64446279e-04 
 6.19441075e+03 -2.67586154e-02 -8.87080695e-05  8.74547354e-07 -2.63805496e-04 
 6.20869034e+03 -2.66323978e-02 -8.80757537e-05  8.70315203e-07 -2.63166419e-04 
 6.22300285e+03 -2.65067909e-02 -8.74480465e-05  8.66104537e-07 -2.62529042e-04 
 6.23734835e+03 -2.63817916e-02 -8.68249130e-05  8.61915238e-07 -2.61893360e-04 
 6.25172693e+03 -2.62573969e-02 -8.62063188e-05  8.57747186e-07 -2.61259367e-04 
 6.26613865e+03 -2.61336036e-02 -8.55922297e-05  8.53600266e-07 -2.60627058e-04 
 6.28058359e+03 -2.60104088e-02 -8.49826116e-05  8.49474361e-07 -2.59996427e-04 
 6.29506183e+03 -2.58878094e-02 -8.43774310e-05  8.45369355e-07 -2.59367469e-04 
 6.30957344e+03 -2.57658023e-02 -8.37766544e-05  8.41285133e-07 -2.58740178e-04 
 6.32411851e+03 -2.56443846e-02 -8.31802485e-05  8.37221583e-07 -2.58114548e-04 
 6.33869711e+03 -2.55235533e-02 -8.25881806e-05  8.33178589e-07 -2.57490575e-04 
 6.35330932e+03 -2.54033054e-02 -8.20004180e-05  8.29156039e-07 -2.56868253e-04 
 6.36795521e+03 -2.52836380e-02 -8.14169283e-05  8.25153821e-07 -2.56247576e-04 
 6.38263486e+03 -2.51645482e-02 -8.08376794e-05  8.21171824e-07 -2.55628540e-04 
 6.39734835e+03 -2.50460330e-02 -8.02626395e-05  8.17209938e-07 -2.55011138e-04 
 6.41209577e+03 -2.49280895e-02 -7.96917768e-05  8.13268051e-07 -2.54395366e-04 
 6.42687717e+03 -2.48107148e-02 -7.91250601e-05  8.09346056e-07 -2.53781219e-04 
 6.44169266e+03 -2.46939062e-02 -7.85624582e-05  8.05443843e-07 -2.53168691e-04 
 6.45654229e+03 -2.45776606e-02 -7.80039403e-05  8.01561304e-07 -2.52557776e-04 
 6.47142616e+03 -2.44619753e-02 -7.74494758e-05  7.97698332e-07 -2.51948470e-04 
 6.48634434e+03 -2.43468475e-02 -7.68990341e-05  7.93854821e-07 -2.51340768e-04 
 6.50129690e+03 -2.42322743e-02 -7.63525853e-05  7.90030665e-07 -2.50734664e-04 
 6.51628394e+03 -2.41182530e-02 -7.58100993e-05  7.86225757e-07 -2.50130153e-04 
 6.53130553e+03 -2.40047808e-02 -7.52715466e-05  7.82439994e-07 -2.49527230e-04 
 6.54636174e+03 -2.38918548e-02 -7.47368976e-05  7.78673272e-07 -2.48925890e-04 
 6.56145266e+03 -2.37794725e-02 -7.42061232e-05  7.74925487e-07 -2.48326129e-04 
 6.57657837e+03 -2.36676310e-02 -7.36791944e-05  7.71196536e-07 -2.47727940e-04 
 6.59173895e+03 -2.35563276e-02 -7.31560824e-05  7.67486318e-07 -2.47131319e-04 
 6.60693448e+03 -2.34455596e-02 -7.26367586e-05  7.63794730e-07 -2.46536261e-04 
 6.62216504e+03 -2.33353244e-02 -7.21211949e-05  7.60121672e-07 -2.45942761e-04 
 6.63743070e+03 -2.32256192e-02 -7.16093630e-05  7.56467044e-07 -2.45350813e-04 
 6.65273156e+03 -2.31164414e-02 -7.11012352e-05  7.52830746e-07 -2.44760414e-04 
 6.66806769e+03 -2.30077883e-02 -7.05967838e-05  7.49212679e-07 -2.44171558e-04 
 6.68343918e+03 -2.28996574e-02 -7.00959814e-05  7.45612744e-07 -2.43584240e-04 
 6.69884609e+03 -2.27920460e-02 -6.95988007e-05  7.42030843e-07 -2.42998456e-04 
 6.71428853e+03 -2.26849515e-02 -6.91052147e-05  7.38466880e-07 -2.42414200e-04 
 6.72976656e+03 -2.25783713e-02 -6.86151967e-05  7.34920758e-07 -2.41831468e-04 
 6.74528028e+03 -2.24723028e-02 -6.81287201e-05  7.31392381e-07 -2.41250255e-04 
 6.76082975e+03 -2.23667435e-02 -6.76457584e-05  7.27881652e-07 -2.40670555e-04 
 6.77641508e+03 -2.22616909e-02 -6.71662856e-05  7.24388478e-07 -2.40092365e-04 
 6.79203633e+03 -2.21571424e-02 -6.66902757e-05  7.20912763e-07 -2.39515680e-04 
 6.80769359e+03 -2.20530954e-02 -6.62177028e-05  7.17454414e-07 -2.38940495e-04 
 6.82338694e+03 -2.19495476e-02 -6.57485415e-05  7.14013339e-07 -2.38366804e-04 
 6.83911647e+03 -2.18464963e-02 -6.52827663e-05  7.10589443e-07 -2.37794605e-04 
 6.85488226e+03 -2.17439391e-02 -6.48203522e-05  7.07182635e-07 -2.37223891e-04 
 6.87068440e+03 -2.16418735e-02 -6.43612741e-05  7.03792824e-07 -2.36654658e-04 
 6.88652296e+03 -2.15402972e-02 -6.39055072e-05  7.00419918e-07 -2.36086902e-04 
 6.90239804e+03 -2.14392076e-02 -6.34530270e-05  6.97063827e-07 -2.35520618e-04 
 6.91830971e+03 -2.13386023e-02 -6.30038091e-05  6.93724462e-07 -2.34955801e-04 
 6.93425806e+03 -2.12384790e-02 -6.25578292e-05  6.90401731e-07 -2.34392447e-04 
 6.95024318e+03 -2.11388351e-02 -6.21150634e-05  6.87095548e-07 -2.33830551e-04 
 6.96626514e+03 -2.10396684e-02 -6.16754878e-05  6.83805824e-07 -2.33270109e-04 
 6.98232404e+03 -2.09409764e-02 -6.12390788e-05  6.80532470e-07 -2.32711116e-04 
 6.99841996e+03 -2.08427568e-02 -6.08058129e-05  6.77275399e-07 -2.32153568e-04 
 7.01455298e+03 -2.07450072e-02 -6.03756669e-05  6.74034525e-07 -2.31597460e-04 
 7.03072320e+03 -2.06477254e-02 -5.99486175e-05  6.70809762e-07 -2.31042788e-04 
 7.04693069e+03 -2.05509089e-02 -5.95246420e-05  6.67601023e-07 -2.30489548e-04 
 7.06317554e+03 -2.04545555e-02 -5.91037175e-05  6.64408224e-07 -2.29937734e-04 
 7.07945784e+03 -2.03586628e-02 -5.86858215e-05  6.61231280e-07 -2.29387343e-04 
 7.09577768e+03 -2.02632286e-02 -5.82709316e-05  6.58070107e-07 -2.28838370e-04 
 7.11213514e+03 -2.01682506e-02 -5.78590255e-05  6.54924620e-07 -2.28290811e-04 
 7.12853030e+03 -2.00737266e-02 -5.74500813e-05  6.51794737e-07 -2.27744662e-04 
 7.14496326e+03 -1.99796542e-02 -5.70440770e-05  6.48680375e-07 -2.27199918e-04 
 7.16143410e+03 -1.98860313e-02 -5.66409909e-05  6.45581452e-07 -2.26656574e-04 
 7.17794291e+03 -1.97928556e-02 -5.62408015e-05  6.42497886e-07 -2.26114628e-04 
 7.19448978e+03 -1.97001249e-02 -5.58434873e-05  6.39429595e-07 -2.25574073e-04 
 7.21107479e+03 -1.96078370e-02 -5.54490272e-05  6.36376499e-07 -2.25034907e-04 
 7.22769804e+03 -1.95159897e-02 -5.50574002e-05  6.33338518e-07 -2.24497125e-04 
 7.24435960e+03 -1.94245809e-02 -5.46685852e-05  6.30315572e-07 -2.23960722e-04 
 7.26105957e+03 -1.93336083e-02 -5.42825617e-05  6.27307581e-07 -2.23425694e-04 
 7.27779805e+03 -1.92430698e-02 -5.38993089e-05  6.24314467e-07 -2.22892038e-04 
 7.29457510e+03 -1.91529632e-02 -5.35188066e-05  6.21336151e-07 -2.22359749e-04 
 7.31139083e+03 -1.90632865e-02 -5.31410344e-05  6.18372554e-07 -2.21828823e-04 
 7.32824533e+03 -1.89740374e-02 -5.27659723e-05  6.15423600e-07 -2.21299256e-04 
 7.34513868e+03 -1.88852139e-02 -5.23936002e-05  6.12489212e-07 -2.20771044e-04 
 7.36207097e+03 -1.87968139e-02 -5.20238985e-05  6.09569312e-07 -2.20244182e-04 
 7.37904230e+03 -1.87088353e-02 -5.16568474e-05  6.06663825e-07 -2.19718666e-04 
 7.39605275e+03 -1.86212760e-02 -5.12924274e-05  6.03772675e-07 -2.19194494e-04 
 7.41310241e+03 -1.85341340e-02 -5.09306193e-05  6.00895787e-07 -2.18671659e-04 
 7.43019138e+03 -1.84474071e-02 -5.05714038e-05  5.98033085e-07 -2.18150159e-04 
 7.44731974e+03 -1.83610934e-02 -5.02147619e-05  5.95184495e-07 -2.17629989e-04 
 7.46448758e+03 -1.82751907e-02 -4.98606746e-05  5.92349944e-07 -2.17111146e-04 
 7.48169501e+03 -1.81896971e-02 -4.95091232e-05  5.89529357e-07 -2.16593625e-04 
 7.49894209e+03 -1.81046106e-02 -4.91600891e-05  5.86722662e-07 -2.16077423e-04 
 7.51622894e+03 -1.80199292e-02 -4.88135538e-05  5.83929786e-07 -2.15562535e-04 
 7.53355564e+03 -1.79356508e-02 -4.84694990e-05  5.81150656e-07 -2.15048957e-04 
 7.55092228e+03 -1.78517734e-02 -4.81279065e-05  5.78385201e-07 -2.14536686e-04 
 7.56832895e+03 -1.77682952e-02 -4.77887582e-05  5.75633349e-07 -2.14025718e-04 
 7.58577575e+03 -1.76852141e-02 -4.74520362e-05  5.72895030e-07 -2.13516049e-04 
 7.60326277e+03 -1.76025282e-02 -4.71177227e-05  5.70170171e-07 -2.13007675e-04 
 7.62079010e+03 -1.75202356e-02 -4.67858001e-05  5.67458705e-07 -2.12500591e-04 
 7.63835784e+03 -1.74383342e-02 -4.64562508e-05  5.64760559e-07 -2.11994795e-04 
 7.65596607e+03 -1.73568223e-02 -4.61290576e-05  5.62075666e-07 -2.11490283e-04 
 7.67361489e+03 -1.72756978e-02 -4.58042030e-05  5.59403955e-07 -2.10987050e-04 
 7.69130440e+03 -1.71949589e-02 -4.54816701e-05  5.56745359e-07 -2.10485093e-04 
 7.70903469e+03 -1.71146037e-02 -4.51614418e-05  5.54099809e-07 -2.09984408e-04 
 7.72680585e+03 -1.70346303e-02 -4.48435013e-05  5.51467237e-07 -2.09484991e-04 
 7.74461798e+03 -1.69550368e-02 -4.45278318e-05  5.48847576e-07 -2.08986839e-04 
 7.76247117e+03 -1.68758214e-02 -4.42144168e-05  5.46240759e-07 -2.08489948e-04 
 7.78036551e+03 -1.67969821e-02 -4.39032397e-05  5.43646719e-07 -2.07994314e-04 
 7.79830111e+03 -1.67185173e-02 -4.35942843e-05  5.41065389e-07 -2.07499933e-04 
 7.81627805e+03 -1.66404250e-02 -4.32875342e-05  5.38496704e-07 -2.07006802e-04 
 7.83429643e+03 -1.65627034e-02 -4.29829734e-05  5.35940599e-07 -2.06514917e-04 
 7.85235635e+03 -1.64853507e-02 -4.26805859e-05  5.33397007e-07 -2.06024274e-04 
 7.87045790e+03 -1.64083651e-02 -4.23803558e-05  5.30865865e-07 -2.05534870e-04 
 7.88860118e+03 -1.63317447e-02 -4.20822674e-05  5.28347107e-07 -2.05046701e-04 
 7.90678628e+03 -1.62554879e-02 -4.17863051e-05  5.25840670e-07 -2.04559763e-04 
 7.92501330e+03 -1.61795928e-02 -4.14924533e-05  5.23346490e-07 -2.04074053e-04 
 7.94328235e+03 -1.61040577e-02 -4.12006967e-05  5.20864504e-07 -2.03589567e-04 
 7.96159350e+03 -1.60288808e-02 -4.09110200e-05  5.18394648e-07 -2.03106303e-04 
 7.97994687e+03 -1.59540603e-02 -4.06234080e-05  5.15936860e-07 -2.02624255e-04 
 7.99834255e+03 -1.58795945e-02 -4.03378457e-05  5.13491078e-07 -2.02143420e-04 
 8.01678063e+03 -1.58054817e-02 -4.00543181e-05  5.11057240e-07 -2.01663796e-04 
 8.03526122e+03 -1.57317201e-02 -3.97728106e-05  5.08635283e-07 -2.01185378e-04 
 8.05378441e+03 -1.56583081e-02 -3.94933082e-05  5.06225148e-07 -2.00708163e-04 
 8.07235030e+03 -1.55852440e-02 -3.92157965e-05  5.03826773e-07 -2.00232148e-04 
 8.09095899e+03 -1.55125259e-02 -3.89402609e-05  5.01440097e-07 -1.99757329e-04 
 8.10961058e+03 -1.54401523e-02 -3.86666872e-05  4.99065061e-07 -1.99283702e-04 
 8.12830516e+03 -1.53681215e-02 -3.83950609e-05  4.96701604e-07 -1.98811264e-04 
 8.14704284e+03 -1.52964317e-02 -3.81253680e-05  4.94349667e-07 -1.98340012e-04 
 8.16582371e+03 -1.52250814e-02 -3.78575944e-05  4.92009191e-07 -1.97869941e-04 
 8.18464788e+03 -1.51540689e-02 -3.75917261e-05  4.89680116e-07 -1.97401050e-04 
 8.20351544e+03 -1.50833925e-02 -3.73277494e-05  4.87362385e-07 -1.96933334e-04 
 8.22242650e+03 -1.50130506e-02 -3.70656504e-05  4.85055939e-07 -1.96466790e-04 
 8.24138115e+03 -1.49430416e-02 -3.68054155e-05  4.82760720e-07 -1.96001415e-04 
 8.26037950e+03 -1.48733638e-02 -3.65470312e-05  4.80476671e-07 -1.95537205e-04 
 8.27942164e+03 -1.48040156e-02 -3.62904841e-05  4.78203734e-07 -1.95074156e-04 
 8.29850768e+03 -1.47349955e-02 -3.60357608e-05  4.75941853e-07 -1.94612266e-04 
 8.31763771e+03 -1.46663019e-02 -3.57828481e-05  4.73690971e-07 -1.94151532e-04 
 8.33681185e+03 -1.45979330e-02 -3.55317329e-05  4.71451032e-07 -1.93691949e-04 
 8.35603018e+03 -1.45298875e-02 -3.52824021e-05  4.69221979e-07 -1.93233515e-04 
 8.37529282e+03 -1.44621636e-02 -3.50348428e-05  4.67003757e-07 -1.92776226e-04 
 8.39459987e+03 -1.43947599e-02 -3.47890421e-05  4.64796311e-07 -1.92320079e-04 
 8.41395142e+03 -1.43276748e-02 -3.45449873e-05  4.62599586e-07 -1.91865070e-04 
 8.43334758e+03 -1.42609067e-02 -3.43026658e-05  4.60413526e-07 -1.91411198e-04 
 8.45278845e+03 -1.41944541e-02 -3.40620650e-05  4.58238078e-07 -1.90958457e-04 
 8.47227414e+03 -1.41283155e-02 -3.38231724e-05  4.56073187e-07 -1.90506846e-04 
 8.49180475e+03 -1.40624893e-02 -3.35859757e-05  4.53918800e-07 -1.90056360e-04 
 8.51138038e+03 -1.39969740e-02 -3.33504625e-05  4.51774863e-07 -1.89606997e-04 
 8.53100114e+03 -1.39317682e-02 -3.31166208e-05  4.49641323e-07 -1.89158753e-04 
 8.55066713e+03 -1.38668703e-02 -3.28844384e-05  4.47518127e-07 -1.88711625e-04 
 8.57037845e+03 -1.38022788e-02 -3.26539033e-05  4.45405222e-07 -1.88265611e-04 
 8.59013522e+03 -1.37379922e-02 -3.24250036e-05  4.43302556e-07 -1.87820706e-04 
 8.60993752e+03 -1.36740091e-02 -3.21977275e-05  4.41210076e-07 -1.87376908e-04 
 8.62978548e+03 -1.36103280e-02 -3.19720632e-05  4.39127732e-07 -1.86934213e-04 
 8.64967919e+03 -1.35469475e-02 -3.17479991e-05  4.37055471e-07 -1.86492619e-04 
 8.66961876e+03 -1.34838660e-02 -3.15255236e-05  4.34993243e-07 -1.86052122e-04 
 8.68960429e+03 -1.34210821e-02 -3.13046253e-05  4.32940996e-07 -1.85612720e-04 
 8.70963590e+03 -1.33585944e-02 -3.10852928e-05  4.30898680e-07 -1.85174409e-04 
 8.72971368e+03 -1.32964015e-02 -3.08675146e-05  4.28866244e-07 -1.84737185e-04 
 8.74983775e+03 -1.32345019e-02 -3.06512797e-05  4.26843639e-07 -1.84301047e-04 
 8.77000821e+03 -1.31728942e-02 -3.04365769e-05  4.24830814e-07 -1.83865991e-04 
 8.79022517e+03 -1.31115770e-02 -3.02233952e-05  4.22827720e-07 -1.83432013e-04 
 8.81048873e+03 -1.30505489e-02 -3.00117235e-05  4.20834308e-07 -1.82999111e-04 
 8.83079900e+03 -1.29898085e-02 -2.98015509e-05  4.18850528e-07 -1.82567282e-04 
 8.85115610e+03 -1.29293544e-02 -2.95928667e-05  4.16876333e-07 -1.82136523e-04 
 8.87156012e+03 -1.28691853e-02 -2.93856602e-05  4.14911673e-07 -1.81706831e-04 
 8.89201118e+03 -1.28092996e-02 -2.91799206e-05  4.12956501e-07 -1.81278203e-04 
 8.91250938e+03 -1.27496962e-02 -2.89756374e-05  4.11010767e-07 -1.80850635e-04 
 8.93305484e+03 -1.26903736e-02 -2.87728001e-05  4.09074426e-07 -1.80424125e-04 
 8.95364766e+03 -1.26313304e-02 -2.85713983e-05  4.07147429e-07 -1.79998671e-04 
 8.97428795e+03 -1.25725654e-02 -2.83714216e-05  4.05229729e-07 -1.79574268e-04 
 8.99497582e+03 -1.25140771e-02 -2.81728598e-05  4.03321279e-07 -1.79150914e-04 
 9.01571138e+03 -1.24558642e-02 -2.79757027e-05  4.01422033e-07 -1.78728606e-04 
 9.03649474e+03 -1.23979255e-02 -2.77799402e-05  3.99531945e-07 -1.78307341e-04 
 9.05732601e+03 -1.23402596e-02 -2.75855623e-05  3.97650967e-07 -1.77887117e-04 
 9.07820530e+03 -1.22828651e-02 -2.73925589e-05  3.95779054e-07 -1.77467930e-04 
 9.09913273e+03 -1.22257408e-02 -2.72009203e-05  3.93916162e-07 -1.77049777e-04 
 9.12010839e+03 -1.21688853e-02 -2.70106365e-05  3.92062243e-07 -1.76632656e-04 
 9.14113241e+03 -1.21122974e-02 -2.68216979e-05  3.90217253e-07 -1.76216564e-04 
 9.16220490e+03 -1.20559758e-02 -2.66340947e-05  3.88381148e-07 -1.75801498e-04 
 9.18332596e+03 -1.19999192e-02 -2.64478174e-05  3.86553882e-07 -1.75387454e-04 
 9.20449572e+03 -1.19441264e-02 -2.62628564e-05  3.84735411e-07 -1.74974431e-04 
 9.22571427e+03 -1.18885959e-02 -2.60792023e-05  3.82925691e-07 -1.74562426e-04 
 9.24698174e+03 -1.18333267e-02 -2.58968457e-05  3.81124678e-07 -1.74151434e-04 
 9.26829823e+03 -1.17783174e-02 -2.57157773e-05  3.79332329e-07 -1.73741455e-04 
 9.28966387e+03 -1.17235667e-02 -2.55359877e-05  3.77548599e-07 -1.73332484e-04 
 9.31107875e+03 -1.16690735e-02 -2.53574680e-05  3.75773446e-07 -1.72924520e-04 
 9.33254301e+03 -1.16148365e-02 -2.51802088e-05  3.74006826e-07 -1.72517559e-04 
 9.35405674e+03 -1.15608545e-02 -2.50042012e-05  3.72248698e-07 -1.72111598e-04 
 9.37562007e+03 -1.15071262e-02 -2.48294362e-05  3.70499017e-07 -1.71706636e-04 
 9.39723311e+03 -1.14536505e-02 -2.46559049e-05  3.68757743e-07 -1.71302668e-04 
 9.41889597e+03 -1.14004260e-02 -2.44835984e-05  3.67024833e-07 -1.70899693e-04 
 9.44060876e+03 -1.13474517e-02 -2.43125080e-05  3.65300245e-07 -1.70497708e-04 
 9.46237161e+03 -1.12947263e-02 -2.41426249e-05  3.63583937e-07 -1.70096709e-04 
 9.48418463e+03 -1.12422485e-02 -2.39739404e-05  3.61875868e-07 -1.69696695e-04 
 9.50604794e+03 -1.11900173e-02 -2.38064460e-05  3.60175998e-07 -1.69297662e-04 
 9.52796164e+03 -1.11380315e-02 -2.36401332e-05  3.58484284e-07 -1.68899608e-04 
 9.54992586e+03 -1.10862898e-02 -2.34749934e-05  3.56800686e-07 -1.68502530e-04 
 9.57194071e+03 -1.10347910e-02 -2.33110184e-05  3.55125165e-07 -1.68106426e-04 
 9.59400632e+03 -1.09835341e-02 -2.31481996e-05  3.53457678e-07 -1.67711292e-04 
 9.61612278e+03 -1.09325179e-02 -2.29865289e-05  3.51798187e-07 -1.67317127e-04 
 9.63829024e+03 -1.08817412e-02 -2.28259981e-05  3.50146652e-07 -1.66923927e-04 
 9.66050879e+03 -1.08312028e-02 -2.26665989e-05  3.48503032e-07 -1.66531690e-04 
 9.68277856e+03 -1.07809017e-02 -2.25083232e-05  3.46867288e-07 -1.66140413e-04 
 9.70509967e+03 -1.07308366e-02 -2.23511632e-05  3.45239382e-07 -1.65750094e-04 
 9.72747224e+03 -1.06810065e-02 -2.21951106e-05  3.43619274e-07 -1.65360730e-04 
 9.74989638e+03 -1.06314102e-02 -2.20401577e-05  3.42006925e-07 -1.64972318e-04 
 9.77237221e+03 -1.05820466e-02 -2.18862965e-05  3.40402296e-07 -1.64584856e-04 
 9.79489985e+03 -1.05329146e-02 -2.17335193e-05  3.38805350e-07 -1.64198341e-04 
 9.81747943e+03 -1.04840131e-02 -2.15818183e-05  3.37216048e-07 -1.63812771e-04 
 9.84011106e+03 -1.04353410e-02 -2.14311859e-05  3.35634352e-07 -1.63428143e-04 
 9.86279486e+03 -1.03868971e-02 -2.12816142e-05  3.34060224e-07 -1.63044455e-04 
 9.88553095e+03 -1.03386805e-02 -2.11330959e-05  3.32493627e-07 -1.62661703e-04 
 9.90831945e+03 -1.02906899e-02 -2.09856233e-05  3.30934523e-07 -1.62279886e-04 
 9.93116048e+03 -1.02429244e-02 -2.08391891e-05  3.29382875e-07 -1.61899001e-04 
 9.95405417e+03 -1.01953828e-02 -2.06937857e-05  3.27838647e-07 -1.61519046e-04 
 9.97700064e+03 -1.01480641e-02 -2.05494058e-05  3.26301800e-07 -1.61140017e-04 
 1.00000000e+04 -1.01009672e-02 -2.04060421e-05  3.24772299e-07 -1.60761912e-04 
 1.00230524e+04 -1.00540911e-02 -2.02636874e-05  3.23250107e-07 -1.60384730e-04 
 1.00461579e+04 -1.00074346e-02 -2.01223344e-05  3.21735189e-07 -1.60008467e-04 
 1.00693167e+04 -9.96099683e-03 -1.99819760e-05  3.20227507e-07 -1.59633121e-04 
 1.00925289e+04 -9.91477662e-03 -1.98426051e-05  3.18727026e-07 -1.59258689e-04 
 1.01157945e+04 -9.86877298e-03 -1.97042147e-05  3.17233711e-07 -1.58885169e-04 
 1.01391139e+04 -9.82298487e-03 -1.95667977e-05  3.15747526e-07 -1.58512559e-04 
 1.01624869e+04 -9.77741125e-03 -1.94303472e-05  3.14268436e-07 -1.58140856e-04 
 1.01859139e+04 -9.73205111e-03 -1.92948564e-05  3.12796405e-07 -1.57770057e-04 
 1.02093948e+04 -9.68690343e-03 -1.91603184e-05  3.11331399e-07 -1.57400161e-04 
 1.02329299e+04 -9.64196719e-03 -1.90267263e-05  3.09873382e-07 -1.57031164e-04 
 1.02565193e+04 -9.59724138e-03 -1.88940735e-05  3.08422322e-07 -1.56663065e-04 
 1.02801630e+04 -9.55272500e-03 -1.87623532e-05  3.06978182e-07 -1.56295861e-04 
 1.03038612e+04 -9.50841706e-03 -1.86315589e-05  3.05540929e-07 -1.55929550e-04 
 1.03276141e+04 -9.46431655e-03 -1.85016839e-05  3.04110530e-07 -1.55564128e-04 
 1.03514217e+04 -9.42042249e-03 -1.83727216e-05  3.02686949e-07 -1.55199595e-04 
 1.03752842e+04 -9.37673389e-03 -1.82446656e-05  3.01270154e-07 -1.54835946e-04 
 1.03992017e+04 -9.33324978e-03 -1.81175094e-05  2.99860111e-07 -1.54473181e-04 
 1.04231743e+04 -9.28996918e-03 -1.79912466e-05  2.98456786e-07 -1.54111297e-04 
 1.04472022e+04 -9.24689112e-03 -1.78658708e-05  2.97060147e-07 -1.53750291e-04 
 1.04712855e+04 -9.20401463e-03 -1.77413758e-05  2.95670161e-07 -1.53390161e-04 
 1.04954243e+04 -9.16133876e-03 -1.76177553e-05  2.94286794e-07 -1.53030904e-04 
 1.05196187e+04 -9.11886256e-03 -1.74950029e-05  2.92910015e-07 -1.52672519e-04 
 1.05438690e+04 -9.07658506e-03 -1.73731127e-05  2.91539791e-07 -1.52315003e-04 
 1.05681751e+04 -9.03450533e-03 -1.72520783e-05  2.90176089e-07 -1.51958354e-04 
 1.05925373e+04 -8.99262241e-03 -1.71318938e-05  2.88818878e-07 -1.51602569e-04 
 1.06169556e+04 -8.95093539e-03 -1.70125531e-05  2.87468125e-07 -1.51247646e-04 
 1.06414302e+04 -8.90944332e-03 -1.68940502e-05  2.86123799e-07 -1.50893583e-04 
 1.06659612e+04 -8.86814527e-03 -1.67763792e-05  2.84785868e-07 -1.50540377e-04 
 1.06905488e+04 -8.82704033e-03 -1.66595340e-05  2.83454301e-07 -1.50188027e-04 
 1.07151931e+04 -8.78612757e-03 -1.65435090e-05  2.82129067e-07 -1.49836530e-04 
 1.07398941e+04 -8.74540609e-03 -1.64282981e-05  2.80810134e-07 -1.49485883e-04 
 1.07646521e+04 -8.70487497e-03 -1.63138957e-05  2.79497471e-07 -1.49136085e-04 
 1.07894672e+04 -8.66453330e-03 -1.62002960e-05  2.78191049e-07 -1.48787134e-04 
 1.08143395e+04 -8.62438019e-03 -1.60874933e-05  2.76890835e-07 -1.48439026e-04 
 1.08392691e+04 -8.58441474e-03 -1.59754819e-05  2.75596800e-07 -1.48091760e-04 
 1.08642562e+04 -8.54463606e-03 -1.58642563e-05  2.74308913e-07 -1.47745333e-04 
 1.08893009e+04 -8.50504326e-03 -1.57538108e-05  2.73027144e-07 -1.47399744e-04 
 1.09144034e+04 -8.46563545e-03 -1.56441399e-05  2.71751464e-07 -1.47054990e-04 
 1.09395637e+04 -8.42641177e-03 -1.55352381e-05  2.70481842e-07 -1.46711068e-04 
 1.09647820e+04 -8.38737133e-03 -1.54270999e-05  2.69218248e-07 -1.46367978e-04 
 1.09900584e+04 -8.34851327e-03 -1.53197200e-05  2.67960654e-07 -1.46025716e-04 
 1.10153931e+04 -8.30983672e-03 -1.52130929e-05  2.66709030e-07 -1.45684280e-04 
 1.10407862e+04 -8.27134081e-03 -1.51072133e-05  2.65463346e-07 -1.45343669e-04 
 1.10662378e+04 -8.23302470e-03 -1.50020760e-05  2.64223573e-07 -1.45003879e-04 
 1.10917482e+04 -8.19488752e-03 -1.48976755e-05  2.62989684e-07 -1.44664909e-04 
 1.11173173e+04 -8.15692843e-03 -1.47940068e-05  2.61761648e-07 -1.44326757e-04 
 1.11429453e+04 -8.11914659e-03 -1.46910646e-05  2.60539437e-07 -1.43989421e-04 
 1.11686325e+04 -8.08154115e-03 -1.45888438e-05  2.59323023e-07 -1.43652898e-04 
 1.11943788e+04 -8.04411127e-03 -1.44873392e-05  2.58112377e-07 -1.43317186e-04 
 1.12201845e+04 -8.00685613e-03 -1.43865458e-05  2.56907472e-07 -1.42982283e-04 
 1.12460497e+04 -7.96977489e-03 -1.42864586e-05  2.55708278e-07 -1.42648187e-04 
 1.12719746e+04 -7.93286674e-03 -1.41870725e-05  2.54514770e-07 -1.42314896e-04 
 1.12979591e+04 -7.89613084e-03 -1.40883826e-05  2.53326917e-07 -1.41982408e-04 
 1.13240036e+04 -7.85956639e-03 -1.39903839e-05  2.52144694e-07 -1.41650721e-04 
 1.13501082e+04 -7.82317257e-03 -1.38930715e-05  2.50968072e-07 -1.41319832e-04 
 1.13762729e+04 -7.78694858e-03 -1.37964407e-05  2.49797024e-07 -1.40989740e-04 
 1.14024979e+04 -7.75089360e-03 -1.37004865e-05  2.48631523e-07 -1.40660442e-04 
 1.14287833e+04 -7.71500685e-03 -1.36052042e-05  2.47471542e-07 -1.40331936e-04 
 1.14551294e+04 -7.67928751e-03 -1.35105890e-05  2.46317055e-07 -1.40004221e-04 
 1.14815362e+04 -7.64373480e-03 -1.34166361e-05  2.45168033e-07 -1.39677294e-04 
 1.15080039e+04 -7.60834794e-03 -1.33233410e-05  2.44024451e-07 -1.39351153e-04 
 1.15345326e+04 -7.57312613e-03 -1.32306989e-05  2.42886283e-07 -1.39025796e-04 
 1.15611224e+04 -7.53806859e-03 -1.31387053e-05  2.41753501e-07 -1.38701222e-04 
 1.15877736e+04 -7.50317455e-03 -1.30473554e-05  2.40626080e-07 -1.38377427e-04 
 1.16144861e+04 -7.46844323e-03 -1.29566449e-05  2.39503993e-07 -1.38054411e-04 
 1.16412603e+04 -7.43387387e-03 -1.28665691e-05  2.38387215e-07 -1.37732170e-04 
 1.16680962e+04 -7.39946569e-03 -1.27771236e-05  2.37275720e-07 -1.37410703e-04 
 1.16949939e+04 -7.36521793e-03 -1.26883040e-05  2.36169481e-07 -1.37090009e-04 
 1.17219537e+04 -7.33112985e-03 -1.26001057e-05  2.35068475e-07 -1.36770084e-04 
 1.17489755e+04 -7.29720067e-03 -1.25125244e-05  2.33972674e-07 -1.36450927e-04 
 1.17760597e+04 -7.26342965e-03 -1.24255557e-05  2.32882054e-07 -1.36132536e-04 
 1.18032064e+04 -7.22981604e-03 -1.23391954e-05  2.31796590e-07 -1.35814910e-04 
 1.18304156e+04 -7.19635911e-03 -1.22534390e-05  2.30716256e-07 -1.35498045e-04 
 1.18576875e+04 -7.16305809e-03 -1.21682824e-05  2.29641028e-07 -1.35181940e-04 
 1.18850223e+04 -7.12991227e-03 -1.20837213e-05  2.28570881e-07 -1.34866593e-04 
 1.19124201e+04 -7.09692091e-03 -1.19997515e-05  2.27505791e-07 -1.34552003e-04 
 1.19398810e+04 -7.06408327e-03 -1.19163688e-05  2.26445732e-07 -1.34238167e-04 
 1.19674053e+04 -7.03139863e-03 -1.18335691e-05  2.25390680e-07 -1.33925082e-04 
 1.19949930e+04 -6.99886627e-03 -1.17513483e-05  2.24340611e-07 -1.33612748e-04 
 1.20226443e+04 -6.96648548e-03 -1.16697022e-05  2.23295501e-07 -1.33301163e-04 
 1.20503594e+04 -6.93425552e-03 -1.15886268e-05  2.22255326e-07 -1.32990324e-04 
 1.20781384e+04 -6.90217570e-03 -1.15081181e-05  2.21220062e-07 -1.32680229e-04 
 1.21059813e+04 -6.87024529e-03 -1.14281720e-05  2.20189686e-07 -1.32370877e-04 
 1.21338885e+04 -6.83846361e-03 -1.13487847e-05  2.19164172e-07 -1.32062265e-04 
 1.21618600e+04 -6.80682994e-03 -1.12699522e-05  2.18143499e-07 -1.31754392e-04 
 1.21898960e+04 -6.77534359e-03 -1.11916705e-05  2.17127642e-07 -1.31447256e-04 
 1.22179966e+04 -6.74400386e-03 -1.11139357e-05  2.16116578e-07 -1.31140855e-04 
 1.22461620e+04 -6.71281006e-03 -1.10367441e-05  2.15110284e-07 -1.30835187e-04 
 1.22743923e+04 -6.68176150e-03 -1.09600917e-05  2.14108737e-07 -1.30530250e-04 
 1.23026877e+04 -6.65085749e-03 -1.08839748e-05  2.13111915e-07 -1.30226043e-04 
 1.23310483e+04 -6.62009736e-03 -1.08083896e-05  2.12119793e-07 -1.29922563e-04 
 1.23594743e+04 -6.58948043e-03 -1.07333324e-05  2.11132349e-07 -1.29619808e-04 
 1.23879659e+04 -6.55900602e-03 -1.06587994e-05  2.10149562e-07 -1.29317777e-04 
 1.24165231e+04 -6.52867346e-03 -1.05847869e-05  2.09171408e-07 -1.29016468e-04 
 1.24451461e+04 -6.49848207e-03 -1.05112912e-05  2.08197864e-07 -1.28715879e-04 
 1.24738351e+04 -6.46843121e-03 -1.04383088e-05  2.07228909e-07 -1.28416008e-04 
 1.25025903e+04 -6.43852019e-03 -1.03658359e-05  2.06264521e-07 -1.28116853e-04 
 1.25314117e+04 -6.40874837e-03 -1.02938691e-05  2.05304677e-07 -1.27818413e-04 
 1.25602996e+04 -6.37911508e-03 -1.02224047e-05  2.04349356e-07 -1.27520686e-04 
 1.25892541e+04 -6.34961968e-03 -1.01514392e-05  2.03398535e-07 -1.27223669e-04 
 1.26182753e+04 -6.32026152e-03 -1.00809691e-05  2.02452193e-07 -1.26927361e-04 
 1.26473635e+04 -6.29103994e-03 -1.00109909e-05  2.01510309e-07 -1.26631760e-04 
 1.26765187e+04 -6.26195432e-03 -9.94150112e-06  2.00572860e-07 -1.26336865e-04 
 1.27057411e+04 -6.23300399e-03 -9.87249633e-06  1.99639826e-07 -1.26042674e-04 
 1.27350308e+04 -6.20418834e-03 -9.80397311e-06  1.98711185e-07 -1.25749184e-04 
 1.27643881e+04 -6.17550671e-03 -9.73592808e-06  1.97786916e-07 -1.25456394e-04 
 1.27938130e+04 -6.14695850e-03 -9.66835787e-06  1.96866998e-07 -1.25164302e-04 
 1.28233058e+04 -6.11854305e-03 -9.60125913e-06  1.95951410e-07 -1.24872907e-04 
 1.28528666e+04 -6.09025976e-03 -9.53462855e-06  1.95040131e-07 -1.24582206e-04 
 1.28824955e+04 -6.06210800e-03 -9.46846283e-06  1.94133141e-07 -1.24292199e-04 
 1.29121927e+04 -6.03408714e-03 -9.40275870e-06  1.93230418e-07 -1.24002882e-04 
 1.29419584e+04 -6.00619658e-03 -9.33751292e-06  1.92331942e-07 -1.23714255e-04 
 1.29717927e+04 -5.97843570e-03 -9.27272225e-06  1.91437693e-07 -1.23426315e-04 
 1.30016958e+04 -5.95080389e-03 -9.20838349e-06  1.90547651e-07 -1.23139062e-04 
 1.30316678e+04 -5.92330054e-03 -9.14449347e-06  1.89661795e-07 -1.22852492e-04 
 1.30617089e+04 -5.89592506e-03 -9.08104903e-06  1.88780105e-07 -1.22566605e-04 
 1.30918192e+04 -5.86867683e-03 -9.01804703e-06  1.87902560e-07 -1.22281398e-04 
 1.31219990e+04 -5.84155526e-03 -8.95548437e-06  1.87029142e-07 -1.21996871e-04 
 1.31522483e+04 -5.81455975e-03 -8.89335795e-06  1.86159830e-07 -1.21713020e-04 
 1.31825674e+04 -5.78768972e-03 -8.83166471e-06  1.85294605e-07 -1.21429845e-04 
 1.32129563e+04 -5.76094457e-03 -8.77040160e-06  1.84433447e-07 -1.21147344e-04 
 1.32434154e+04 -5.73432371e-03 -8.70956560e-06  1.83576336e-07 -1.20865515e-04 
 1.32739446e+04 -5.70782656e-03 -8.64915370e-06  1.82723252e-07 -1.20584356e-04 
 1.33045442e+04 -5.68145255e-03 -8.58916293e-06  1.81874178e-07 -1.20303866e-04 
 1.33352143e+04 -5.65520108e-03 -8.52959032e-06  1.81029092e-07 -1.20024043e-04 
 1.33659552e+04 -5.62907159e-03 -8.47043294e-06  1.80187977e-07 -1.19744886e-04 
 1.33967669e+04 -5.60306350e-03 -8.41168786e-06  1.79350813e-07 -1.19466392e-04 
 1.34276496e+04 -5.57717624e-03 -8.35335220e-06  1.78517581e-07 -1.19188559e-04 
 1.34586035e+04 -5.55140925e-03 -8.29542307e-06  1.77688263e-07 -1.18911387e-04 
 1.34896288e+04 -5.52576195e-03 -8.23789762e-06  1.76862839e-07 -1.18634874e-04 
 1.35207256e+04 -5.50023380e-03 -8.18077301e-06  1.76041291e-07 -1.18359018e-04 
 1.35518941e+04 -5.47482422e-03 -8.12404643e-06  1.75223600e-07 -1.18083817e-04 
 1.35831345e+04 -5.44953266e-03 -8.06771509e-06  1.74409748e-07 -1.17809269e-04 
 1.36144468e+04 -5.42435857e-03 -8.01177620e-06  1.73599716e-07 -1.17535374e-04 
 1.36458314e+04 -5.39930140e-03 -7.95622702e-06  1.72793487e-07 -1.17262128e-04 
 1.36772883e+04 -5.37436059e-03 -7.90106480e-06  1.71991041e-07 -1.16989532e-04 
 1.37088177e+04 -5.34953560e-03 -7.84628683e-06  1.71192361e-07 -1.16717583e-04 
 1.37404198e+04 -5.32482589e-03 -7.79189041e-06  1.70397429e-07 -1.16446279e-04 
 1.37720947e+04 -5.30023092e-03 -7.73787286e-06  1.69606226e-07 -1.16175618e-04 
 1.38038426e+04 -5.27575015e-03 -7.68423154e-06  1.68818736e-07 -1.15905601e-04 
 1.38356638e+04 -5.25138304e-03 -7.63096378e-06  1.68034940e-07 -1.15636223e-04 
 1.38675583e+04 -5.22712905e-03 -7.57806698e-06  1.67254820e-07 -1.15367485e-04 
 1.38995263e+04 -5.20298767e-03 -7.52553853e-06  1.66478359e-07 -1.15099384e-04 
 1.39315680e+04 -5.17895836e-03 -7.47337584e-06  1.65705539e-07 -1.14831919e-04 
 1.39636836e+04 -5.15504059e-03 -7.42157636e-06  1.64936343e-07 -1.14565087e-04 
 1.39958732e+04 -5.13123384e-03 -7.37013752e-06  1.64170754e-07 -1.14298889e-04 
 1.40281370e+04 -5.10753760e-03 -7.31905681e-06  1.63408755e-07 -1.14033321e-04 
 1.40604752e+04 -5.08395134e-03 -7.26833171e-06  1.62650327e-07 -1.13768383e-04 
 1.40928880e+04 -5.06047455e-03 -7.21795973e-06  1.61895455e-07 -1.13504073e-04 
 1.41253754e+04 -5.03710671e-03 -7.16793839e-06  1.61144121e-07 -1.13240389e-04 
 1.41579378e+04 -5.01384732e-03 -7.11826523e-06  1.60396308e-07 -1.12977330e-04 
 1.41905752e+04 -4.99069586e-03 -7.06893781e-06  1.59652000e-07 -1.12714894e-04 
 1.42232879e+04 -4.96765183e-03 -7.01995370e-06  1.58911179e-07 -1.12453079e-04 
 1.42560759e+04 -4.94471473e-03 -6.97131051e-06  1.58173829e-07 -1.12191885e-04 
 1.42889396e+04 -4.92188405e-03 -6.92300584e-06  1.57439934e-07 -1.11931308e-04 
 1.43218790e+04 -4.89915931e-03 -6.87503732e-06  1.56709477e-07 -1.11671349e-04 
 1.43548943e+04 -4.87653999e-03 -6.82740259e-06  1.55982442e-07 -1.11412005e-04 
 1.43879858e+04 -4.85402561e-03 -6.78009931e-06  1.55258811e-07 -1.11153275e-04 
 1.44211535e+04 -4.83161568e-03 -6.73312517e-06  1.54538570e-07 -1.10895158e-04 
 1.44543977e+04 -4.80930970e-03 -6.68647785e-06  1.53821702e-07 -1.10637651e-04 
 1.44877185e+04 -4.78710719e-03 -6.64015506e-06  1.53108190e-07 -1.10380753e-04 
 1.45211162e+04 -4.76500767e-03 -6.59415454e-06  1.52398019e-07 -1.10124463e-04 
 1.45545908e+04 -4.74301065e-03 -6.54847402e-06  1.51691173e-07 -1.09868780e-04 
 1.45881426e+04 -4.72111565e-03 -6.50311126e-06  1.50987636e-07 -1.09613701e-04 
 1.46217717e+04 -4.69932220e-03 -6.45806404e-06  1.50287392e-07 -1.09359225e-04 
 1.46554784e+04 -4.67762982e-03 -6.41333014e-06  1.49590426e-07 -1.09105351e-04 
 1.46892628e+04 -4.65603804e-03 -6.36890738e-06  1.48896721e-07 -1.08852077e-04 
 1.47231250e+04 -4.63454638e-03 -6.32479358e-06  1.48206263e-07 -1.08599402e-04 
 1.47570653e+04 -4.61315438e-03 -6.28098656e-06  1.47519036e-07 -1.08347324e-04 
 1.47910839e+04 -4.59186158e-03 -6.23748419e-06  1.46835024e-07 -1.08095842e-04 
 1.48251809e+04 -4.57066750e-03 -6.19428433e-06  1.46154213e-07 -1.07844954e-04 
 1.48593564e+04 -4.54957169e-03 -6.15138487e-06  1.45476586e-07 -1.07594659e-04 
 1.48936108e+04 -4.52857368e-03 -6.10878369e-06  1.44802130e-07 -1.07344955e-04 
 1.49279441e+04 -4.50767302e-03 -6.06647872e-06  1.44130828e-07 -1.07095841e-04 
 1.49623566e+04 -4.48686925e-03 -6.02446788e-06  1.43462665e-07 -1.06847316e-04 
 1.49968484e+04 -4.46616193e-03 -5.98274911e-06  1.42797628e-07 -1.06599377e-04 
 1.50314197e+04 -4.44555059e-03 -5.94132037e-06  1.42135700e-07 -1.06352024e-04 
 1.50660707e+04 -4.42503479e-03 -5.90017962e-06  1.41476867e-07 -1.06105255e-04 
 1.51008015e+04 -4.40461409e-03 -5.85932486e-06  1.40821115e-07 -1.05859068e-04 
 1.51356125e+04 -4.38428804e-03 -5.81875409e-06  1.40168429e-07 -1.05613462e-04 
 1.51705037e+04 -4.36405619e-03 -5.77846531e-06  1.39518793e-07 -1.05368436e-04 
 1.52054753e+04 -4.34391811e-03 -5.73845655e-06  1.38872195e-07 -1.05123989e-04 
 1.52405275e+04 -4.32387335e-03 -5.69872586e-06  1.38228618e-07 -1.04880118e-04 
 1.52756606e+04 -4.30392149e-03 -5.65927129e-06  1.37588050e-07 -1.04636822e-04 
 1.53108746e+04 -4.28406209e-03 -5.62009092e-06  1.36950475e-07 -1.04394101e-04 
 1.53461698e+04 -4.26429471e-03 -5.58118281e-06  1.36315879e-07 -1.04151952e-04 
 1.53815464e+04 -4.24461892e-03 -5.54254507e-06  1.35684249e-07 -1.03910374e-04 
 1.54170045e+04 -4.22503431e-03 -5.50417581e-06  1.35055570e-07 -1.03669366e-04 
 1.54525444e+04 -4.20554043e-03 -5.46607316e-06  1.34429828e-07 -1.03428926e-04 
 1.54881662e+04 -4.18613687e-03 -5.42823524e-06  1.33807009e-07 -1.03189053e-04 
 1.55238701e+04 -4.16682321e-03 -5.39066021e-06  1.33187099e-07 -1.02949745e-04 
 1.55596563e+04 -4.14759902e-03 -5.35334622e-06  1.32570085e-07 -1.02711002e-04 
 1.55955250e+04 -4.12846389e-03 -5.31629147e-06  1.31955952e-07 -1.02472821e-04 
 1.56314764e+04 -4.10941741e-03 -5.27949412e-06  1.31344688e-07 -1.02235202e-04 
 1.56675107e+04 -4.09045915e-03 -5.24295239e-06  1.30736278e-07 -1.01998142e-04 
 1.57036280e+04 -4.07158871e-03 -5.20666449e-06  1.30130709e-07 -1.01761641e-04 
 1.57398286e+04 -4.05280567e-03 -5.17062865e-06  1.29527967e-07 -1.01525697e-04 
 1.57761127e+04 -4.03410963e-03 -5.13484310e-06  1.28928040e-07 -1.01290309e-04 
 1.58124804e+04 -4.01550018e-03 -5.09930609e-06  1.28330913e-07 -1.01055476e-04 
 1.58489319e+04 -3.99697692e-03 -5.06401589e-06  1.27736573e-07 -1.00821195e-04 
 1.58854675e+04 -3.97853945e-03 -5.02897078e-06  1.27145008e-07 -1.00587467e-04 
 1.59220873e+04 -3.96018736e-03 -4.99416904e-06  1.26556204e-07 -1.00354288e-04 
 1.59587915e+04 -3.94192025e-03 -4.95960897e-06  1.25970148e-07 -1.00121659e-04 
 1.59955803e+04 -3.92373774e-03 -4.92528889e-06  1.25386826e-07 -9.98895768e-05 
 1.60324539e+04 -3.90563942e-03 -4.89120711e-06  1.24806227e-07 -9.96580413e-05 
 1.60694125e+04 -3.88762490e-03 -4.85736199e-06  1.24228337e-07 -9.94270506e-05 
 1.61064564e+04 -3.86969379e-03 -4.82375185e-06  1.23653143e-07 -9.91966036e-05 
 1.61435856e+04 -3.85184571e-03 -4.79037507e-06  1.23080633e-07 -9.89666989e-05 
 1.61808004e+04 -3.83408026e-03 -4.75723001e-06  1.22510793e-07 -9.87373351e-05 
 1.62181010e+04 -3.81639706e-03 -4.72431505e-06  1.21943612e-07 -9.85085109e-05 
 1.62554876e+04 -3.79879572e-03 -4.69162859e-06  1.21379076e-07 -9.82802250e-05 
 1.62929603e+04 -3.78127587e-03 -4.65916904e-06  1.20817173e-07 -9.80524760e-05 
 1.63305195e+04 -3.76383712e-03 -4.62693480e-06  1.20257891e-07 -9.78252627e-05 
 1.63681652e+04 -3.74647910e-03 -4.59492432e-06  1.19701217e-07 -9.75985838e-05 
 1.64058977e+04 -3.72920142e-03 -4.56313602e-06  1.19147138e-07 -9.73724378e-05 
 1.64437172e+04 -3.71200372e-03 -4.53156835e-06  1.18595644e-07 -9.71468235e-05 
 1.64816239e+04 -3.69488562e-03 -4.50021978e-06  1.18046720e-07 -9.69217397e-05 
 1.65196180e+04 -3.67784675e-03 -4.46908877e-06  1.17500356e-07 -9.66971850e-05 
 1.65576996e+04 -3.66088675e-03 -4.43817382e-06  1.16956539e-07 -9.64731581e-05 
 1.65958691e+04 -3.64400523e-03 -4.40747340e-06  1.16415257e-07 -9.62496577e-05 
 1.66341265e+04 -3.62720184e-03 -4.37698603e-06  1.15876498e-07 -9.60266825e-05 
 1.66724721e+04 -3.61047622e-03 -4.34671022e-06  1.15340250e-07 -9.58042313e-05 
 1.67109061e+04 -3.59382799e-03 -4.31664449e-06  1.14806502e-07 -9.55823027e-05 
 1.67494288e+04 -3.57725681e-03 -4.28678738e-06  1.14275241e-07 -9.53608955e-05 
 1.67880402e+04 -3.56076231e-03 -4.25713743e-06  1.13746455e-07 -9.51400085e-05 
 1.68267406e+04 -3.54434413e-03 -4.22769319e-06  1.13220134e-07 -9.49196403e-05 
 1.68655303e+04 -3.52800192e-03 -4.19845324e-06  1.12696265e-07 -9.46997896e-05 
 1.69044093e+04 -3.51173532e-03 -4.16941615e-06  1.12174837e-07 -9.44804552e-05 
 1.69433780e+04 -3.49554398e-03 -4.14058050e-06  1.11655838e-07 -9.42616359e-05 
 1.69824365e+04 -3.47942756e-03 -4.11194489e-06  1.11139257e-07 -9.40433304e-05 
 1.70215851e+04 -3.46338570e-03 -4.08350792e-06  1.10625082e-07 -9.38255374e-05 
 1.70608239e+04 -3.44741805e-03 -4.05526822e-06  1.10113302e-07 -9.36082557e-05 
 1.71001532e+04 -3.43152427e-03 -4.02722439e-06  1.09603906e-07 -9.33914840e-05 
 1.71395731e+04 -3.41570401e-03 -3.99937509e-06  1.09096882e-07 -9.31752211e-05 
 1.71790839e+04 -3.39995694e-03 -3.97171895e-06  1.08592220e-07 -9.29594657e-05 
 1.72186857e+04 -3.38428271e-03 -3.94425462e-06  1.08089907e-07 -9.27442167e-05 
 1.72583789e+04 -3.36868099e-03 -3.91698077e-06  1.07589934e-07 -9.25294727e-05 
 1.72981636e+04 -3.35315143e-03 -3.88989608e-06  1.07092289e-07 -9.23152326e-05 
 1.73380400e+04 -3.33769369e-03 -3.86299921e-06  1.06596961e-07 -9.21014951e-05 
 1.73780083e+04 -3.32230746e-03 -3.83628888e-06  1.06103938e-07 -9.18882589e-05 
 1.74180687e+04 -3.30699238e-03 -3.80976376e-06  1.05613211e-07 -9.16755230e-05 
 1.74582215e+04 -3.29174814e-03 -3.78342258e-06  1.05124769e-07 -9.14632860e-05 
 1.74984669e+04 -3.27657439e-03 -3.75726406e-06  1.04638600e-07 -9.12515467e-05 
 1.75388050e+04 -3.26147082e-03 -3.73128691e-06  1.04154694e-07 -9.10403040e-05 
 1.75792361e+04 -3.24643709e-03 -3.70548988e-06  1.03673040e-07 -9.08295565e-05 
 1.76197605e+04 -3.23147289e-03 -3.67987171e-06  1.03193628e-07 -9.06193032e-05 
 1.76603782e+04 -3.21657788e-03 -3.65443115e-06  1.02716446e-07 -9.04095428e-05 
 1.77010896e+04 -3.20175175e-03 -3.62916698e-06  1.02241486e-07 -9.02002741e-05 
 1.77418948e+04 -3.18699417e-03 -3.60407795e-06  1.01768735e-07 -8.99914959e-05 
 1.77827941e+04 -3.17230483e-03 -3.57916285e-06  1.01298184e-07 -8.97832071e-05 
 1.78237877e+04 -3.15768341e-03 -3.55442048e-06  1.00829823e-07 -8.95754063e-05 
 1.78648757e+04 -3.14312959e-03 -3.52984961e-06  1.00363640e-07 -8.93680926e-05 
 1.79060585e+04 -3.12864306e-03 -3.50544907e-06  9.98996263e-08 -8.91612646e-05 
 1.79473363e+04 -3.11422350e-03 -3.48121767e-06  9.94377710e-08 -8.89549212e-05 
 1.79887092e+04 -3.09987060e-03 -3.45715422e-06  9.89780640e-08 -8.87490612e-05 
 1.80301774e+04 -3.08558406e-03 -3.43325756e-06  9.85204953e-08 -8.85436834e-05 
 1.80717413e+04 -3.07136357e-03 -3.40952652e-06  9.80650547e-08 -8.83387867e-05 
 1.81134009e+04 -3.05720881e-03 -3.38595996e-06  9.76117323e-08 -8.81343699e-05 
 1.81551566e+04 -3.04311948e-03 -3.36255673e-06  9.71605181e-08 -8.79304319e-05 
 1.81970086e+04 -3.02909528e-03 -3.33931569e-06  9.67114022e-08 -8.77269714e-05 
 1.82389570e+04 -3.01513591e-03 -3.31623572e-06  9.62643747e-08 -8.75239873e-05 
 1.82810022e+04 -3.00124106e-03 -3.29331568e-06  9.58194258e-08 -8.73214785e-05 
 1.83231442e+04 -2.98741043e-03 -3.27055447e-06  9.53765456e-08 -8.71194439e-05 
 1.83653834e+04 -2.97364372e-03 -3.24795099e-06  9.49357245e-08 -8.69178822e-05 
 1.84077200e+04 -2.95994065e-03 -3.22550413e-06  9.44969529e-08 -8.67167923e-05 
 1.84501542e+04 -2.94630090e-03 -3.20321281e-06  9.40602209e-08 -8.65161731e-05 
 1.84926862e+04 -2.93272420e-03 -3.18107594e-06  9.36255191e-08 -8.63160234e-05 
 1.85353162e+04 -2.91921023e-03 -3.15909245e-06  9.31928379e-08 -8.61163421e-05 
 1.85780446e+04 -2.90575872e-03 -3.13726127e-06  9.27621679e-08 -8.59171281e-05 
 1.86208714e+04 -2.89236937e-03 -3.11558134e-06  9.23334995e-08 -8.57183803e-05 
 1.86637969e+04 -2.87904190e-03 -3.09405161e-06  9.19068233e-08 -8.55200974e-05 
 1.87068214e+04 -2.86577601e-03 -3.07267103e-06  9.14821300e-08 -8.53222785e-05 
 1.87499451e+04 -2.85257142e-03 -3.05143857e-06  9.10594103e-08 -8.51249223e-05 
 1.87931682e+04 -2.83942785e-03 -3.03035320e-06  9.06386549e-08 -8.49280278e-05 
 1.88364909e+04 -2.82634500e-03 -3.00941389e-06  9.02198546e-08 -8.47315938e-05 
 1.88799135e+04 -2.81332261e-03 -2.98861962e-06  8.98030001e-08 -8.45356192e-05 
 1.89234362e+04 -2.80036038e-03 -2.96796940e-06  8.93880824e-08 -8.43401029e-05 
 1.89670592e+04 -2.78745804e-03 -2.94746221e-06  8.89750923e-08 -8.41450438e-05 
 1.90107828e+04 -2.77461532e-03 -2.92709706e-06  8.85640208e-08 -8.39504409e-05 
 1.90546072e+04 -2.76183192e-03 -2.90687296e-06  8.81548589e-08 -8.37562929e-05 
 1.90985326e+04 -2.74910759e-03 -2.88678894e-06  8.77475976e-08 -8.35625988e-05 
 1.91425593e+04 -2.73644204e-03 -2.86684402e-06  8.73422280e-08 -8.33693576e-05 
 1.91866874e+04 -2.72383499e-03 -2.84703723e-06  8.69387412e-08 -8.31765680e-05 
 1.92309173e+04 -2.71128619e-03 -2.82736761e-06  8.65371284e-08 -8.29842291e-05 
 1.92752491e+04 -2.69879536e-03 -2.80783420e-06  8.61373807e-08 -8.27923397e-05 
 1.93196832e+04 -2.68636222e-03 -2.78843607e-06  8.57394895e-08 -8.26008988e-05 
 1.93642196e+04 -2.67398652e-03 -2.76917227e-06  8.53434460e-08 -8.24099053e-05 
 1.94088588e+04 -2.66166798e-03 -2.75004186e-06  8.49492416e-08 -8.22193580e-05 
 1.94536008e+04 -2.64940634e-03 -2.73104392e-06  8.45568675e-08 -8.20292560e-05 
 1.94984460e+04 -2.63720133e-03 -2.71217753e-06  8.41663153e-08 -8.18395981e-05 
 1.95433946e+04 -2.62505270e-03 -2.69344177e-06  8.37775764e-08 -8.16503833e-05 
 1.95884467e+04 -2.61296017e-03 -2.67483574e-06  8.33906422e-08 -8.14616105e-05 
 1.96336028e+04 -2.60092350e-03 -2.65635853e-06  8.30055044e-08 -8.12732787e-05 
 1.96788629e+04 -2.58894241e-03 -2.63800925e-06  8.26221544e-08 -8.10853867e-05 
 1.97242274e+04 -2.57701666e-03 -2.61978701e-06  8.22405840e-08 -8.08979336e-05 
 1.97696964e+04 -2.56514599e-03 -2.60169092e-06  8.18607847e-08 -8.07109183e-05 
 1.98152703e+04 -2.55333013e-03 -2.58372012e-06  8.14827482e-08 -8.05243396e-05 
 1.98609492e+04 -2.54156884e-03 -2.56587372e-06  8.11064664e-08 -8.03381967e-05 
 1.99067334e+04 -2.52986186e-03 -2.54815087e-06  8.07319309e-08 -8.01524884e-05 
 1.99526231e+04 -2.51820894e-03 -2.53055071e-06  8.03591336e-08 -7.99672136e-05 
 1.99986187e+04 -2.50660983e-03 -2.51307238e-06  7.99880663e-08 -7.97823714e-05 
 2.00447203e+04 -2.49506428e-03 -2.49571503e-06  7.96187210e-08 -7.95979607e-05 
 2.00909281e+04 -2.48357205e-03 -2.47847784e-06  7.92510895e-08 -7.94139805e-05 
 2.01372425e+04 -2.47213287e-03 -2.46135995e-06  7.88851639e-08 -7.92304296e-05 
 2.01836636e+04 -2.46074651e-03 -2.44436055e-06  7.85209361e-08 -7.90473072e-05 
 2.02301918e+04 -2.44941273e-03 -2.42747881e-06  7.81583981e-08 -7.88646122e-05 
 2.02768272e+04 -2.43813127e-03 -2.41071392e-06  7.77975422e-08 -7.86823434e-05 
 2.03235701e+04 -2.42690190e-03 -2.39406505e-06  7.74383603e-08 -7.85005001e-05 
 2.03704208e+04 -2.41572437e-03 -2.37753141e-06  7.70808447e-08 -7.83190810e-05 
 2.04173794e+04 -2.40459845e-03 -2.36111220e-06  7.67249876e-08 -7.81380851e-05 
 2.04644464e+04 -2.39352389e-03 -2.34480662e-06  7.63707811e-08 -7.79575116e-05 
 2.05116218e+04 -2.38250045e-03 -2.32861387e-06  7.60182176e-08 -7.77773593e-05 
 2.05589060e+04 -2.37152791e-03 -2.31253319e-06  7.56672893e-08 -7.75976273e-05 
 2.06062991e+04 -2.36060602e-03 -2.29656378e-06  7.53179887e-08 -7.74183144e-05 
 2.06538016e+04 -2.34973454e-03 -2.28070489e-06  7.49703080e-08 -7.72394199e-05 
 2.07014135e+04 -2.33891325e-03 -2.26495573e-06  7.46242397e-08 -7.70609425e-05 
 2.07491352e+04 -2.32814191e-03 -2.24931555e-06  7.42797763e-08 -7.68828814e-05 
 2.07969669e+04 -2.31742029e-03 -2.23378359e-06  7.39369103e-08 -7.67052355e-05 
 2.08449088e+04 -2.30674816e-03 -2.21835910e-06  7.35956341e-08 -7.65280038e-05 
 2.08929613e+04 -2.29612529e-03 -2.20304134e-06  7.32559404e-08 -7.63511854e-05 
 2.09411246e+04 -2.28555145e-03 -2.18782955e-06  7.29178217e-08 -7.61747793e-05 
 2.09893988e+04 -2.27502642e-03 -2.17272302e-06  7.25812707e-08 -7.59987844e-05 
 2.10377844e+04 -2.26454996e-03 -2.15772100e-06  7.22462800e-08 -7.58231998e-05 
 2.10862815e+04 -2.25412185e-03 -2.14282277e-06  7.19128423e-08 -7.56480245e-05 
 2.11348904e+04 -2.24374187e-03 -2.12802761e-06  7.15809504e-08 -7.54732575e-05 
 2.11836114e+04 -2.23340980e-03 -2.11333481e-06  7.12505970e-08 -7.52988979e-05 
 2.12324446e+04 -2.22312541e-03 -2.09874365e-06  7.09217750e-08 -7.51249446e-05 
 2.12813905e+04 -2.21288849e-03 -2.08425343e-06  7.05944772e-08 -7.49513968e-05 
 2.13304491e+04 -2.20269880e-03 -2.06986345e-06  7.02686964e-08 -7.47782534e-05 
 2.13796209e+04 -2.19255614e-03 -2.05557301e-06  6.99444256e-08 -7.46055134e-05 
 2.14289060e+04 -2.18246028e-03 -2.04138142e-06  6.96216577e-08 -7.44331760e-05 
 2.14783047e+04 -2.17241101e-03 -2.02728800e-06  6.93003857e-08 -7.42612401e-05 
 2.15278173e+04 -2.16240811e-03 -2.01329207e-06  6.89806026e-08 -7.40897047e-05 
 2.15774441e+04 -2.15245137e-03 -1.99939294e-06  6.86623014e-08 -7.39185690e-05 
 2.16271852e+04 -2.14254058e-03 -1.98558995e-06  6.83454753e-08 -7.37478320e-05 
 2.16770410e+04 -2.13267551e-03 -1.97188243e-06  6.80301172e-08 -7.35774927e-05 
 2.17270118e+04 -2.12285597e-03 -1.95826972e-06  6.77162204e-08 -7.34075501e-05 
 2.17770977e+04 -2.11308173e-03 -1.94475115e-06  6.74037780e-08 -7.32380034e-05 
 2.18272991e+04 -2.10335259e-03 -1.93132609e-06  6.70927833e-08 -7.30688515e-05 
 2.18776162e+04 -2.09366833e-03 -1.91799387e-06  6.67832294e-08 -7.29000936e-05 
 2.19280494e+04 -2.08402876e-03 -1.90475385e-06  6.64751097e-08 -7.27317287e-05 
 2.19785987e+04 -2.07443366e-03 -1.89160540e-06  6.61684174e-08 -7.25637558e-05 
 2.20292646e+04 -2.06488283e-03 -1.87854788e-06  6.58631458e-08 -7.23961741e-05 
 2.20800473e+04 -2.05537607e-03 -1.86558065e-06  6.55592885e-08 -7.22289825e-05 
 2.21309471e+04 -2.04591316e-03 -1.85270310e-06  6.52568386e-08 -7.20621802e-05 
 2.21819642e+04 -2.03649391e-03 -1.83991460e-06  6.49557897e-08 -7.18957662e-05 
 2.22330989e+04 -2.02711811e-03 -1.82721453e-06  6.46561353e-08 -7.17297397e-05 
 2.22843515e+04 -2.01778556e-03 -1.81460228e-06  6.43578687e-08 -7.15640996e-05 
 2.23357222e+04 -2.00849606e-03 -1.80207724e-06  6.40609836e-08 -7.13988451e-05 
 2.23872114e+04 -1.99924942e-03 -1.78963880e-06  6.37654735e-08 -7.12339752e-05 
 2.24388192e+04 -1.99004543e-03 -1.77728637e-06  6.34713319e-08 -7.10694890e-05 
 2.24905461e+04 -1.98088390e-03 -1.76501934e-06  6.31785525e-08 -7.09053857e-05 
 2.25423921e+04 -1.97176462e-03 -1.75283714e-06  6.28871289e-08 -7.07416642e-05 
 2.25943577e+04 -1.96268742e-03 -1.74073916e-06  6.25970549e-08 -7.05783238e-05 
 2.26464431e+04 -1.95365208e-03 -1.72872482e-06  6.23083240e-08 -7.04153634e-05 
 2.26986485e+04 -1.94465841e-03 -1.71679355e-06  6.20209300e-08 -7.02527822e-05 
 2.27509743e+04 -1.93570623e-03 -1.70494476e-06  6.17348668e-08 -7.00905793e-05 
 2.28034207e+04 -1.92679534e-03 -1.69317789e-06  6.14501280e-08 -6.99287537e-05 
 2.28559880e+04 -1.91792554e-03 -1.68149237e-06  6.11667075e-08 -6.97673047e-05 
 2.29086765e+04 -1.90909666e-03 -1.66988764e-06  6.08845992e-08 -6.96062312e-05 
 2.29614865e+04 -1.90030850e-03 -1.65836312e-06  6.06037969e-08 -6.94455324e-05 
 2.30144182e+04 -1.89156086e-03 -1.64691828e-06  6.03242945e-08 -6.92852074e-05 
 2.30674719e+04 -1.88285357e-03 -1.63555255e-06  6.00460861e-08 -6.91252554e-05 
 2.31206479e+04 -1.87418644e-03 -1.62426539e-06  5.97691655e-08 -6.89656753e-05 
 2.31739465e+04 -1.86555928e-03 -1.61305625e-06  5.94935267e-08 -6.88064664e-05 
 2.32273680e+04 -1.85697190e-03 -1.60192459e-06  5.92191638e-08 -6.86476277e-05 
 2.32809126e+04 -1.84842413e-03 -1.59086988e-06  5.89460708e-08 -6.84891585e-05 
 2.33345806e+04 -1.83991577e-03 -1.57989158e-06  5.86742418e-08 -6.83310577e-05 
 2.33883724e+04 -1.83144665e-03 -1.56898916e-06  5.84036709e-08 -6.81733245e-05 
 2.34422882e+04 -1.82301658e-03 -1.55816210e-06  5.81343522e-08 -6.80159581e-05 
 2.34963282e+04 -1.81462539e-03 -1.54740987e-06  5.78662799e-08 -6.78589576e-05 
 2.35504928e+04 -1.80627289e-03 -1.53673195e-06  5.75994482e-08 -6.77023221e-05 
 2.36047823e+04 -1.79795890e-03 -1.52612784e-06  5.73338514e-08 -6.75460507e-05 
 2.36591970e+04 -1.78968325e-03 -1.51559701e-06  5.70694835e-08 -6.73901426e-05 
 2.37137371e+04 -1.78144576e-03 -1.50513897e-06  5.68063390e-08 -6.72345970e-05 
 2.37684029e+04 -1.77324625e-03 -1.49475320e-06  5.65444122e-08 -6.70794129e-05 
 2.38231947e+04 -1.76508455e-03 -1.48443921e-06  5.62836972e-08 -6.69245895e-05 
 2.38781128e+04 -1.75696048e-03 -1.47419649e-06  5.60241886e-08 -6.67701259e-05 
 2.39331576e+04 -1.74887387e-03 -1.46402456e-06  5.57658807e-08 -6.66160213e-05 
 2.39883292e+04 -1.74082454e-03 -1.45392293e-06  5.55087679e-08 -6.64622749e-05 
 2.40436280e+04 -1.73281233e-03 -1.44389110e-06  5.52528446e-08 -6.63088858e-05 
 2.40990543e+04 -1.72483705e-03 -1.43392860e-06  5.49981052e-08 -6.61558531e-05 
 2.41546083e+04 -1.71689854e-03 -1.42403494e-06  5.47445444e-08 -6.60031760e-05 
 2.42102905e+04 -1.70899663e-03 -1.41420964e-06  5.44921565e-08 -6.58508536e-05 
 2.42661010e+04 -1.70113116e-03 -1.40445224e-06  5.42409361e-08 -6.56988852e-05 
 2.43220401e+04 -1.69330194e-03 -1.39476226e-06  5.39908778e-08 -6.55472698e-05 
 2.43781082e+04 -1.68550881e-03 -1.38513923e-06  5.37419762e-08 -6.53960067e-05 
 2.44343055e+04 -1.67775162e-03 -1.37558270e-06  5.34942259e-08 -6.52450950e-05 
 2.44906324e+04 -1.67003018e-03 -1.36609220e-06  5.32476215e-08 -6.50945339e-05 
 2.45470892e+04 -1.66234434e-03 -1.35666727e-06  5.30021577e-08 -6.49443225e-05 
 2.46036760e+04 -1.65469393e-03 -1.34730746e-06  5.27578291e-08 -6.47944600e-05 
 2.46603934e+04 -1.64707878e-03 -1.33801232e-06  5.25146306e-08 -6.46449456e-05 
 2.47172415e+04 -1.63949874e-03 -1.32878140e-06  5.22725568e-08 -6.44957785e-05 
 2.47742206e+04 -1.63195364e-03 -1.31961426e-06  5.20316025e-08 -6.43469578e-05 
 2.48313311e+04 -1.62444332e-03 -1.31051045e-06  5.17917624e-08 -6.41984827e-05 
 2.48885732e+04 -1.61696762e-03 -1.30146954e-06  5.15530315e-08 -6.40503524e-05 
 2.49459473e+04 -1.60952637e-03 -1.29249108e-06  5.13154045e-08 -6.39025661e-05 
 2.50034536e+04 -1.60211943e-03 -1.28357465e-06  5.10788763e-08 -6.37551230e-05 
 2.50610925e+04 -1.59474662e-03 -1.27471983e-06  5.08434418e-08 -6.36080223e-05 
 2.51188643e+04 -1.58740780e-03 -1.26592617e-06  5.06090959e-08 -6.34612631e-05 
 2.51767693e+04 -1.58010280e-03 -1.25719326e-06  5.03758336e-08 -6.33148446e-05 
 2.52348077e+04 -1.57283148e-03 -1.24852068e-06  5.01436497e-08 -6.31687661e-05 
 2.52929800e+04 -1.56559366e-03 -1.23990800e-06  4.99125393e-08 -6.30230267e-05 
 2.53512863e+04 -1.55838921e-03 -1.23135483e-06  4.96824974e-08 -6.28776257e-05 
 2.54097271e+04 -1.55121796e-03 -1.22286073e-06  4.94535190e-08 -6.27325622e-05 
 2.54683025e+04 -1.54407976e-03 -1.21442531e-06  4.92255992e-08 -6.25878354e-05 
 2.55270130e+04 -1.53697446e-03 -1.20604816e-06  4.89987330e-08 -6.24434445e-05 
 2.55858589e+04 -1.52990190e-03 -1.19772887e-06  4.87729156e-08 -6.22993888e-05 
 2.56448404e+04 -1.52286194e-03 -1.18946704e-06  4.85481420e-08 -6.21556675e-05 
 2.57039578e+04 -1.51585442e-03 -1.18126228e-06  4.83244074e-08 -6.20122797e-05 
 2.57632116e+04 -1.50887920e-03 -1.17311419e-06  4.81017071e-08 -6.18692247e-05 
 2.58226019e+04 -1.50193612e-03 -1.16502238e-06  4.78800361e-08 -6.17265016e-05 
 2.58821292e+04 -1.49502504e-03 -1.15698645e-06  4.76593896e-08 -6.15841098e-05 
 2.59417936e+04 -1.48814581e-03 -1.14900603e-06  4.74397630e-08 -6.14420484e-05 
 2.60015956e+04 -1.48129827e-03 -1.14108073e-06  4.72211515e-08 -6.13003167e-05 
 2.60615355e+04 -1.47448229e-03 -1.13321016e-06  4.70035503e-08 -6.11589138e-05 
 2.61216135e+04 -1.46769772e-03 -1.12539395e-06  4.67869548e-08 -6.10178390e-05 
 2.61818301e+04 -1.46094442e-03 -1.11763173e-06  4.65713603e-08 -6.08770915e-05 
 2.62421854e+04 -1.45422223e-03 -1.10992311e-06  4.63567621e-08 -6.07366705e-05 
 2.63026799e+04 -1.44753102e-03 -1.10226772e-06  4.61431557e-08 -6.05965753e-05 
 2.63633139e+04 -1.44087064e-03 -1.09466521e-06  4.59305363e-08 -6.04568052e-05 
 2.64240876e+04 -1.43424095e-03 -1.08711519e-06  4.57188994e-08 -6.03173592e-05 
 2.64850014e+04 -1.42764180e-03 -1.07961732e-06  4.55082405e-08 -6.01782367e-05 
 2.65460556e+04 -1.42107307e-03 -1.07217122e-06  4.52985550e-08 -6.00394370e-05 
 2.66072506e+04 -1.41453460e-03 -1.06477655e-06  4.50898384e-08 -5.99009591e-05 
 2.66685866e+04 -1.40802626e-03 -1.05743293e-06  4.48820861e-08 -5.97628025e-05 
 2.67300641e+04 -1.40154790e-03 -1.05014003e-06  4.46752937e-08 -5.96249663e-05 
 2.67916832e+04 -1.39509939e-03 -1.04289749e-06  4.44694568e-08 -5.94874498e-05 
 2.68534445e+04 -1.38868059e-03 -1.03570496e-06  4.42645708e-08 -5.93502521e-05 
 2.69153480e+04 -1.38229137e-03 -1.02856209e-06  4.40606315e-08 -5.92133727e-05 
 2.69773943e+04 -1.37593158e-03 -1.02146855e-06  4.38576343e-08 -5.90768107e-05 
 2.70395836e+04 -1.36960110e-03 -1.01442399e-06  4.36555749e-08 -5.89405653e-05 
 2.71019163e+04 -1.36329978e-03 -1.00742807e-06  4.34544490e-08 -5.88046359e-05 
 2.71643927e+04 -1.35702749e-03 -1.00048045e-06  4.32542521e-08 -5.86690216e-05 
 2.72270131e+04 -1.35078409e-03 -9.93580801e-07  4.30549801e-08 -5.85337218e-05 
 2.72897778e+04 -1.34456946e-03 -9.86728794e-07  4.28566286e-08 -5.83987357e-05 
 2.73526873e+04 -1.33838346e-03 -9.79924096e-07  4.26591933e-08 -5.82640625e-05 
 2.74157417e+04 -1.33222596e-03 -9.73166379e-07  4.24626700e-08 -5.81297016e-05 
 2.74789415e+04 -1.32609682e-03 -9.66455320e-07  4.22670544e-08 -5.79956521e-05 
 2.75422870e+04 -1.31999592e-03 -9.59790595e-07  4.20723423e-08 -5.78619134e-05 
 2.76057786e+04 -1.31392313e-03 -9.53171884e-07  4.18785296e-08 -5.77284848e-05 
 2.76694165e+04 -1.30787831e-03 -9.46598868e-07  4.16856120e-08 -5.75953654e-05 
 2.77332010e+04 -1.30186133e-03 -9.40071231e-07  4.14935855e-08 -5.74625545e-05 
 2.77971327e+04 -1.29587207e-03 -9.33588660e-07  4.13024458e-08 -5.73300515e-05 
 2.78612117e+04 -1.28991040e-03 -9.27150842e-07  4.11121888e-08 -5.71978557e-05 
 2.79254384e+04 -1.28397620e-03 -9.20757469e-07  4.09228105e-08 -5.70659662e-05 
 2.79898132e+04 -1.27806933e-03 -9.14408233e-07  4.07343067e-08 -5.69343824e-05 
 2.80543364e+04 -1.27218966e-03 -9.08102828e-07  4.05466735e-08 -5.68031035e-05 
 2.81190083e+04 -1.26633708e-03 -9.01840951e-07  4.03599067e-08 -5.66721289e-05 
 2.81838293e+04 -1.26051146e-03 -8.95622302e-07  4.01740024e-08 -5.65414577e-05 
 2.82487997e+04 -1.25471267e-03 -8.89446581e-07  3.99889565e-08 -5.64110894e-05 
 2.83139200e+04 -1.24894060e-03 -8.83313491e-07  3.98047651e-08 -5.62810232e-05 
 2.83791903e+04 -1.24319510e-03 -8.77222738e-07  3.96214242e-08 -5.61512583e-05 
 2.84446111e+04 -1.23747608e-03 -8.71174029e-07  3.94389298e-08 -5.60217942e-05 
 2.85101827e+04 -1.23178339e-03 -8.65167073e-07  3.92572781e-08 -5.58926299e-05 
 2.85759054e+04 -1.22611692e-03 -8.59201581e-07  3.90764650e-08 -5.57637650e-05 
 2.86417797e+04 -1.22047655e-03 -8.53277267e-07  3.88964868e-08 -5.56351986e-05 
 2.87078058e+04 -1.21486216e-03 -8.47393846e-07  3.87173396e-08 -5.55069301e-05 
 2.87739841e+04 -1.20927363e-03 -8.41551035e-07  3.85390194e-08 -5.53789587e-05 
 2.88403150e+04 -1.20371084e-03 -8.35748553e-07  3.83615225e-08 -5.52512837e-05 
 2.89067988e+04 -1.19817367e-03 -8.29986122e-07  3.81848450e-08 -5.51239046e-05 
 2.89734359e+04 -1.19266200e-03 -8.24263464e-07  3.80089832e-08 -5.49968205e-05 
 2.90402265e+04 -1.18717571e-03 -8.18580305e-07  3.78339332e-08 -5.48700307e-05 
 2.91071712e+04 -1.18171469e-03 -8.12936371e-07  3.76596913e-08 -5.47435347e-05 
 2.91742701e+04 -1.17627882e-03 -8.07331391e-07  3.74862538e-08 -5.46173316e-05 
 2.92415238e+04 -1.17086798e-03 -8.01765096e-07  3.73136169e-08 -5.44914209e-05 
 2.93089325e+04 -1.16548207e-03 -7.96237219e-07  3.71417768e-08 -5.43658017e-05 
 2.93764965e+04 -1.16012095e-03 -7.90747494e-07  3.69707300e-08 -5.42404735e-05 
 2.94442163e+04 -1.15478453e-03 -7.85295656e-07  3.68004727e-08 -5.41154356e-05 
 2.95120923e+04 -1.14947268e-03 -7.79881445e-07  3.66310012e-08 -5.39906872e-05 
 2.95801247e+04 -1.14418529e-03 -7.74504599e-07  3.64623120e-08 -5.38662276e-05 
 2.96483139e+04 -1.13892225e-03 -7.69164862e-07  3.62944014e-08 -5.37420564e-05 
 2.97166603e+04 -1.13368345e-03 -7.63861975e-07  3.61272657e-08 -5.36181726e-05 
 2.97851643e+04 -1.12846877e-03 -7.58595685e-07  3.59609015e-08 -5.34945757e-05 
 2.98538262e+04 -1.12327811e-03 -7.53365739e-07  3.57953050e-08 -5.33712650e-05 
 2.99226464e+04 -1.11811134e-03 -7.48171884e-07  3.56304728e-08 -5.32482398e-05 
 2.99916252e+04 -1.11296837e-03 -7.43013873e-07  3.54664013e-08 -5.31254994e-05 
 3.00607630e+04 -1.10784909e-03 -7.37891456e-07  3.53030870e-08 -5.30030432e-05 
 3.01300602e+04 -1.10275337e-03 -7.32804388e-07  3.51405264e-08 -5.28808705e-05 
 3.01995172e+04 -1.09768112e-03 -7.27752425e-07  3.49787160e-08 -5.27589807e-05 
 3.02691343e+04 -1.09263223e-03 -7.22735324e-07  3.48176523e-08 -5.26373730e-05 
 3.03389118e+04 -1.08760658e-03 -7.17752844e-07  3.46573318e-08 -5.25160469e-05 
 3.04088503e+04 -1.08260407e-03 -7.12804746e-07  3.44977511e-08 -5.23950016e-05 
 3.04789499e+04 -1.07762460e-03 -7.07890792e-07  3.43389068e-08 -5.22742366e-05 
 3.05492111e+04 -1.07266806e-03 -7.03010746e-07  3.41807954e-08 -5.21537510e-05 
 3.06196343e+04 -1.06773433e-03 -6.98164373e-07  3.40234136e-08 -5.20335444e-05 
 3.06902199e+04 -1.06282333e-03 -6.93351442e-07  3.38667580e-08 -5.19136160e-05 
 3.07609681e+04 -1.05793493e-03 -6.88571721e-07  3.37108252e-08 -5.17939652e-05 
 3.08318795e+04 -1.05306905e-03 -6.83824980e-07  3.35556119e-08 -5.16745913e-05 
 3.09029543e+04 -1.04822557e-03 -6.79110991e-07  3.34011147e-08 -5.15554937e-05 
 3.09741930e+04 -1.04340438e-03 -6.74429529e-07  3.32473304e-08 -5.14366717e-05 
 3.10455959e+04 -1.03860540e-03 -6.69780368e-07  3.30942555e-08 -5.13181247e-05 
 3.11171634e+04 -1.03382851e-03 -6.65163286e-07  3.29418869e-08 -5.11998521e-05 
 3.11888958e+04 -1.02907361e-03 -6.60578060e-07  3.27902212e-08 -5.10818531e-05 
 3.12607937e+04 -1.02434061e-03 -6.56024470e-07  3.26392553e-08 -5.09641273e-05 
 3.13328572e+04 -1.01962939e-03 -6.51502298e-07  3.24889857e-08 -5.08466738e-05 
 3.14050869e+04 -1.01493987e-03 -6.47011327e-07  3.23394095e-08 -5.07294921e-05 
 3.14774831e+04 -1.01027193e-03 -6.42551340e-07  3.21905232e-08 -5.06125816e-05 
 3.15500462e+04 -1.00562549e-03 -6.38122125e-07  3.20423238e-08 -5.04959416e-05 
 3.16227766e+04 -1.00100044e-03 -6.33723468e-07  3.18948080e-08 -5.03795715e-05 
 3.16956746e+04 -9.96396678e-04 -6.29355159e-07  3.17479727e-08 -5.02634706e-05 
 3.17687407e+04 -9.91814112e-04 -6.25016987e-07  3.16018147e-08 -5.01476384e-05 
 3.18419752e+04 -9.87252643e-04 -6.20708744e-07  3.14563309e-08 -5.00320741e-05 
 3.19153786e+04 -9.82712174e-04 -6.16430224e-07  3.13115182e-08 -4.99167772e-05 
 3.19889511e+04 -9.78192607e-04 -6.12181221e-07  3.11673735e-08 -4.98017470e-05 
 3.20626932e+04 -9.73693845e-04 -6.07961531e-07  3.10238936e-08 -4.96869829e-05 
 3.21366054e+04 -9.69215794e-04 -6.03770953e-07  3.08810755e-08 -4.95724844e-05 
 3.22106879e+04 -9.64758358e-04 -5.99609283e-07  3.07389161e-08 -4.94582507e-05 
 3.22849412e+04 -9.60321441e-04 -5.95476324e-07  3.05974124e-08 -4.93442812e-05 
 3.23593657e+04 -9.55904948e-04 -5.91371876e-07  3.04565614e-08 -4.92305754e-05 
 3.24339617e+04 -9.51508787e-04 -5.87295743e-07  3.03163599e-08 -4.91171326e-05 
 3.25087297e+04 -9.47132862e-04 -5.83247729e-07  3.01768051e-08 -4.90039521e-05 
 3.25836701e+04 -9.42777081e-04 -5.79227640e-07  3.00378939e-08 -4.88910335e-05 
 3.26587832e+04 -9.38441350e-04 -5.75235282e-07  2.98996234e-08 -4.87783760e-05 
 3.27340695e+04 -9.34125578e-04 -5.71270465e-07  2.97619905e-08 -4.86659791e-05 
 3.28095293e+04 -9.29829671e-04 -5.67332998e-07  2.96249923e-08 -4.85538422e-05 
 3.28851631e+04 -9.25553540e-04 -5.63422692e-07  2.94886259e-08 -4.84419646e-05 
 3.29609712e+04 -9.21297091e-04 -5.59539359e-07  2.93528884e-08 -4.83303457e-05 
 3.30369541e+04 -9.17060235e-04 -5.55682814e-07  2.92177768e-08 -4.82189850e-05 
 3.31131121e+04 -9.12842881e-04 -5.51852871e-07  2.90832883e-08 -4.81078818e-05 
 3.31894458e+04 -9.08644940e-04 -5.48049346e-07  2.89494199e-08 -4.79970355e-05 
 3.32659553e+04 -9.04466321e-04 -5.44272058e-07  2.88161689e-08 -4.78864455e-05 
 3.33426413e+04 -9.00306936e-04 -5.40520824e-07  2.86835322e-08 -4.77761113e-05 
 3.34195040e+04 -8.96166696e-04 -5.36795464e-07  2.85515072e-08 -4.76660322e-05 
 3.34965439e+04 -8.92045512e-04 -5.33095801e-07  2.84200910e-08 -4.75562076e-05 
 3.35737614e+04 -8.87943298e-04 -5.29421657e-07  2.82892807e-08 -4.74466370e-05 
 3.36511569e+04 -8.83859964e-04 -5.25772854e-07  2.81590735e-08 -4.73373197e-05 
 3.37287309e+04 -8.79795425e-04 -5.22149219e-07  2.80294667e-08 -4.72282552e-05 
 3.38064836e+04 -8.75749594e-04 -5.18550578e-07  2.79004575e-08 -4.71194428e-05 
 3.38844156e+04 -8.71722384e-04 -5.14976758e-07  2.77720431e-08 -4.70108820e-05 
 3.39625273e+04 -8.67713709e-04 -5.11427586e-07  2.76442207e-08 -4.69025722e-05 
 3.40408190e+04 -8.63723485e-04 -5.07902895e-07  2.75169877e-08 -4.67945128e-05 
 3.41192912e+04 -8.59751625e-04 -5.04402513e-07  2.73903413e-08 -4.66867032e-05 
 3.41979443e+04 -8.55798046e-04 -5.00926274e-07  2.72642787e-08 -4.65791429e-05 
 3.42767787e+04 -8.51862663e-04 -4.97474010e-07  2.71387974e-08 -4.64718311e-05 
 3.43557948e+04 -8.47945392e-04 -4.94045557e-07  2.70138945e-08 -4.63647675e-05 
 3.44349931e+04 -8.44046150e-04 -4.90640749e-07  2.68895675e-08 -4.62579513e-05 
 3.45143739e+04 -8.40164853e-04 -4.87259423e-07  2.67658136e-08 -4.61513821e-05 
 3.45939378e+04 -8.36301419e-04 -4.83901418e-07  2.66426302e-08 -4.60450592e-05 
 3.46736850e+04 -8.32455766e-04 -4.80566572e-07  2.65200146e-08 -4.59389821e-05 
 3.47536161e+04 -8.28627811e-04 -4.77254724e-07  2.63979643e-08 -4.58331501e-05 
 3.48337315e+04 -8.24817473e-04 -4.73965718e-07  2.62764767e-08 -4.57275628e-05 
 3.49140315e+04 -8.21024671e-04 -4.70699394e-07  2.61555490e-08 -4.56222194e-05 
 3.49945167e+04 -8.17249324e-04 -4.67455596e-07  2.60351788e-08 -4.55171196e-05 
 3.50751874e+04 -8.13491351e-04 -4.64234169e-07  2.59153635e-08 -4.54122627e-05 
 3.51560441e+04 -8.09750672e-04 -4.61034957e-07  2.57961004e-08 -4.53076481e-05 
 3.52370871e+04 -8.06027208e-04 -4.57857809e-07  2.56773870e-08 -4.52032753e-05 
 3.53183170e+04 -8.02320879e-04 -4.54702571e-07  2.55592209e-08 -4.50991437e-05 
 3.53997341e+04 -7.98631607e-04 -4.51569092e-07  2.54415994e-08 -4.49952528e-05 
 3.54813389e+04 -7.94959312e-04 -4.48457221e-07  2.53245201e-08 -4.48916019e-05 
 3.55631319e+04 -7.91303917e-04 -4.45366811e-07  2.52079803e-08 -4.47881905e-05 
 3.56451133e+04 -7.87665343e-04 -4.42297712e-07  2.50919778e-08 -4.46850182e-05 
 3.57272838e+04 -7.84043513e-04 -4.39249777e-07  2.49765099e-08 -4.45820842e-05 
 3.58096437e+04 -7.80438350e-04 -4.36222861e-07  2.48615741e-08 -4.44793881e-05 
 3.58921935e+04 -7.76849777e-04 -4.33216817e-07  2.47471681e-08 -4.43769293e-05 
 3.59749335e+04 -7.73277718e-04 -4.30231503e-07  2.46332894e-08 -4.42747072e-05 
 3.60578643e+04 -7.69722096e-04 -4.27266775e-07  2.45199355e-08 -4.41727213e-05 
 3.61409863e+04 -7.66182835e-04 -4.24322490e-07  2.44071041e-08 -4.40709711e-05 
 3.62242998e+04 -7.62659861e-04 -4.21398509e-07  2.42947926e-08 -4.39694559e-05 
 3.63078055e+04 -7.59153098e-04 -4.18494689e-07  2.41829987e-08 -4.38681753e-05 
 3.63915036e+04 -7.55662472e-04 -4.15610893e-07  2.40717200e-08 -4.37671287e-05 
 3.64753947e+04 -7.52187908e-04 -4.12746983e-07  2.39609542e-08 -4.36663156e-05 
 3.65594792e+04 -7.48729332e-04 -4.09902820e-07  2.38506988e-08 -4.35657353e-05 
 3.66437575e+04 -7.45286670e-04 -4.07078268e-07  2.37409515e-08 -4.34653875e-05 
 3.67282300e+04 -7.41859850e-04 -4.04273193e-07  2.36317099e-08 -4.33652714e-05 
 3.68128974e+04 -7.38448797e-04 -4.01487460e-07  2.35229717e-08 -4.32653867e-05 
 3.68977599e+04 -7.35053440e-04 -3.98720934e-07  2.34147346e-08 -4.31657326e-05 
 3.69828180e+04 -7.31673706e-04 -3.95973485e-07  2.33069963e-08 -4.30663088e-05 
 3.70680722e+04 -7.28309524e-04 -3.93244979e-07  2.31997544e-08 -4.29671147e-05 
 3.71535229e+04 -7.24960820e-04 -3.90535286e-07  2.30930067e-08 -4.28681496e-05 
 3.72391706e+04 -7.21627525e-04 -3.87844277e-07  2.29867509e-08 -4.27694132e-05 
 3.73250158e+04 -7.18309567e-04 -3.85171822e-07  2.28809847e-08 -4.26709049e-05 
 3.74110588e+04 -7.15006876e-04 -3.82517794e-07  2.27757058e-08 -4.25726241e-05 
 3.74973002e+04 -7.11719381e-04 -3.79882064e-07  2.26709120e-08 -4.24745703e-05 
 3.75837404e+04 -7.08447011e-04 -3.77264508e-07  2.25666011e-08 -4.23767430e-05 
 3.76703799e+04 -7.05189698e-04 -3.74664998e-07  2.24627707e-08 -4.22791416e-05 
 3.77572191e+04 -7.01947373e-04 -3.72083412e-07  2.23594188e-08 -4.21817657e-05 
 3.78442585e+04 -6.98719965e-04 -3.69519625e-07  2.22565431e-08 -4.20846146e-05 
 3.79314985e+04 -6.95507406e-04 -3.66973514e-07  2.21541413e-08 -4.19876879e-05 
 3.80189396e+04 -6.92309629e-04 -3.64444957e-07  2.20522114e-08 -4.18909851e-05 
 3.81065823e+04 -6.89126564e-04 -3.61933834e-07  2.19507511e-08 -4.17945057e-05 
 3.81944271e+04 -6.85958144e-04 -3.59440023e-07  2.18497582e-08 -4.16982490e-05 
 3.82824743e+04 -6.82804301e-04 -3.56963406e-07  2.17492306e-08 -4.16022146e-05 
 3.83707245e+04 -6.79664969e-04 -3.54503863e-07  2.16491662e-08 -4.15064020e-05 
 3.84591782e+04 -6.76540080e-04 -3.52061277e-07  2.15495627e-08 -4.14108107e-05 
 3.85478358e+04 -6.73429569e-04 -3.49635531e-07  2.14504181e-08 -4.13154401e-05 
 3.86366977e+04 -6.70333367e-04 -3.47226509e-07  2.13517303e-08 -4.12202897e-05 
 3.87257645e+04 -6.67251411e-04 -3.44834095e-07  2.12534971e-08 -4.11253591e-05 
 3.88150366e+04 -6.64183634e-04 -3.42458174e-07  2.11557165e-08 -4.10306476e-05 
 3.89045145e+04 -6.61129971e-04 -3.40098633e-07  2.10583863e-08 -4.09361549e-05 
 3.89941987e+04 -6.58090356e-04 -3.37755359e-07  2.09615045e-08 -4.08418803e-05 
 3.90840896e+04 -6.55064726e-04 -3.35428240e-07  2.08650690e-08 -4.07478234e-05 
 3.91741877e+04 -6.52053015e-04 -3.33117163e-07  2.07690777e-08 -4.06539837e-05 
 3.92644935e+04 -6.49055160e-04 -3.30822019e-07  2.06735286e-08 -4.05603607e-05 
 3.93550075e+04 -6.46071096e-04 -3.28542697e-07  2.05784197e-08 -4.04669538e-05 
 3.94457302e+04 -6.43100761e-04 -3.26279088e-07  2.04837488e-08 -4.03737626e-05 
 3.95366620e+04 -6.40144091e-04 -3.24031084e-07  2.03895141e-08 -4.02807866e-05 
 3.96278034e+04 -6.37201022e-04 -3.21798577e-07  2.02957134e-08 -4.01880252e-05 
 3.97191549e+04 -6.34271493e-04 -3.19581461e-07  2.02023448e-08 -4.00954779e-05 
 3.98107171e+04 -6.31355441e-04 -3.17379628e-07  2.01094063e-08 -4.00031444e-05 
 3.99024902e+04 -6.28452804e-04 -3.15192974e-07  2.00168958e-08 -3.99110240e-05 
 3.99944750e+04 -6.25563520e-04 -3.13021393e-07  1.99248115e-08 -3.98191162e-05 
 4.00866718e+04 -6.22687528e-04 -3.10864783e-07  1.98331513e-08 -3.97274207e-05 
 4.01790811e+04 -6.19824766e-04 -3.08723038e-07  1.97419134e-08 -3.96359368e-05 
 4.02717034e+04 -6.16975174e-04 -3.06596058e-07  1.96510956e-08 -3.95446641e-05 
 4.03645393e+04 -6.14138690e-04 -3.04483739e-07  1.95606961e-08 -3.94536021e-05 
 4.04575892e+04 -6.11315255e-04 -3.02385982e-07  1.94707130e-08 -3.93627503e-05 
 4.05508535e+04 -6.08504808e-04 -3.00302685e-07  1.93811444e-08 -3.92721082e-05 
 4.06443329e+04 -6.05707290e-04 -2.98233749e-07  1.92919883e-08 -3.91816754e-05 
 4.07380278e+04 -6.02922640e-04 -2.96179074e-07  1.92032428e-08 -3.90914513e-05 
 4.08319386e+04 -6.00150800e-04 -2.94138562e-07  1.91149060e-08 -3.90014354e-05 
 4.09260660e+04 -5.97391711e-04 -2.92112116e-07  1.90269761e-08 -3.89116274e-05 
 4.10204103e+04 -5.94645314e-04 -2.90099638e-07  1.89394511e-08 -3.88220266e-05 
 4.11149721e+04 -5.91911551e-04 -2.88101032e-07  1.88523292e-08 -3.87326326e-05 
 4.12097519e+04 -5.89190362e-04 -2.86116203e-07  1.87656086e-08 -3.86434450e-05 
 4.13047502e+04 -5.86481692e-04 -2.84145054e-07  1.86792874e-08 -3.85544632e-05 
 4.13999675e+04 -5.83785480e-04 -2.82187493e-07  1.85933636e-08 -3.84656868e-05 
 4.14954043e+04 -5.81101672e-04 -2.80243425e-07  1.85078356e-08 -3.83771153e-05 
 4.15910610e+04 -5.78430208e-04 -2.78312757e-07  1.84227015e-08 -3.82887482e-05 
 4.16869383e+04 -5.75771033e-04 -2.76395397e-07  1.83379594e-08 -3.82005850e-05 
 4.17830367e+04 -5.73124090e-04 -2.74491252e-07  1.82536076e-08 -3.81126253e-05 
 4.18793565e+04 -5.70489323e-04 -2.72600232e-07  1.81696442e-08 -3.80248686e-05 
 4.19758984e+04 -5.67866674e-04 -2.70722246e-07  1.80860675e-08 -3.79373145e-05 
 4.20726628e+04 -5.65256090e-04 -2.68857205e-07  1.80028756e-08 -3.78499623e-05 
 4.21696503e+04 -5.62657513e-04 -2.67005018e-07  1.79200669e-08 -3.77628118e-05 
 4.22668614e+04 -5.60070890e-04 -2.65165598e-07  1.78376394e-08 -3.76758624e-05 
 4.23642966e+04 -5.57496164e-04 -2.63338856e-07  1.77555916e-08 -3.75891136e-05 
 4.24619564e+04 -5.54933280e-04 -2.61524705e-07  1.76739215e-08 -3.75025650e-05 
 4.25598413e+04 -5.52382186e-04 -2.59723057e-07  1.75926275e-08 -3.74162162e-05 
 4.26579519e+04 -5.49842825e-04 -2.57933827e-07  1.75117079e-08 -3.73300666e-05 
 4.27562886e+04 -5.47315145e-04 -2.56156929e-07  1.74311608e-08 -3.72441157e-05 
 4.28548520e+04 -5.44799091e-04 -2.54392278e-07  1.73509847e-08 -3.71583632e-05 
 4.29536427e+04 -5.42294609e-04 -2.52639789e-07  1.72711777e-08 -3.70728086e-05 
 4.30526610e+04 -5.39801648e-04 -2.50899379e-07  1.71917382e-08 -3.69874514e-05 
 4.31519077e+04 -5.37320152e-04 -2.49170964e-07  1.71126644e-08 -3.69022911e-05 
 4.32513831e+04 -5.34850070e-04 -2.47454462e-07  1.70339548e-08 -3.68173274e-05 
 4.33510878e+04 -5.32391350e-04 -2.45749790e-07  1.69556076e-08 -3.67325596e-05 
 4.34510224e+04 -5.29943938e-04 -2.44056866e-07  1.68776211e-08 -3.66479875e-05 
 4.35511874e+04 -5.27507783e-04 -2.42375611e-07  1.67999937e-08 -3.65636105e-05 
 4.36515832e+04 -5.25082833e-04 -2.40705942e-07  1.67227237e-08 -3.64794281e-05 
 4.37522105e+04 -5.22669036e-04 -2.39047781e-07  1.66458094e-08 -3.63954400e-05 
 4.38530698e+04 -5.20266341e-04 -2.37401047e-07  1.65692493e-08 -3.63116456e-05 
 4.39541615e+04 -5.17874697e-04 -2.35765663e-07  1.64930417e-08 -3.62280446e-05 
 4.40554864e+04 -5.15494052e-04 -2.34141550e-07  1.64171849e-08 -3.61446364e-05 
 4.41570447e+04 -5.13124357e-04 -2.32528630e-07  1.63416774e-08 -3.60614207e-05 
 4.42588372e+04 -5.10765562e-04 -2.30926825e-07  1.62665176e-08 -3.59783969e-05 
 4.43608644e+04 -5.08417614e-04 -2.29336060e-07  1.61917037e-08 -3.58955647e-05 
 4.44631267e+04 -5.06080466e-04 -2.27756258e-07  1.61172343e-08 -3.58129236e-05 
 4.45656248e+04 -5.03754066e-04 -2.26187343e-07  1.60431078e-08 -3.57304731e-05 
 4.46683592e+04 -5.01438367e-04 -2.24629241e-07  1.59693225e-08 -3.56482128e-05 
 4.47713304e+04 -4.99133317e-04 -2.23081876e-07  1.58958769e-08 -3.55661423e-05 
 4.48745390e+04 -4.96838869e-04 -2.21545175e-07  1.58227694e-08 -3.54842611e-05 
 4.49779855e+04 -4.94554973e-04 -2.20019065e-07  1.57499985e-08 -3.54025688e-05 
 4.50816705e+04 -4.92281581e-04 -2.18503471e-07  1.56775626e-08 -3.53210649e-05 
 4.51855944e+04 -4.90018645e-04 -2.16998323e-07  1.56054601e-08 -3.52397490e-05 
 4.52897580e+04 -4.87766116e-04 -2.15503546e-07  1.55336896e-08 -3.51586207e-05 
 4.53941617e+04 -4.85523947e-04 -2.14019071e-07  1.54622495e-08 -3.50776796e-05 
 4.54988060e+04 -4.83292089e-04 -2.12544826e-07  1.53911383e-08 -3.49969251e-05 
 4.56036916e+04 -4.81070496e-04 -2.11080741e-07  1.53203544e-08 -3.49163569e-05 
 4.57088190e+04 -4.78859120e-04 -2.09626745e-07  1.52498964e-08 -3.48359745e-05 
 4.58141887e+04 -4.76657914e-04 -2.08182768e-07  1.51797627e-08 -3.47557776e-05 
 4.59198013e+04 -4.74466831e-04 -2.06748743e-07  1.51099518e-08 -3.46757656e-05 
 4.60256574e+04 -4.72285824e-04 -2.05324600e-07  1.50404623e-08 -3.45959382e-05 
 4.61317575e+04 -4.70114849e-04 -2.03910270e-07  1.49712927e-08 -3.45162949e-05 
 4.62381021e+04 -4.67953857e-04 -2.02505687e-07  1.49024415e-08 -3.44368352e-05 
 4.63446920e+04 -4.65802803e-04 -2.01110783e-07  1.48339072e-08 -3.43575589e-05 
 4.64515275e+04 -4.63661641e-04 -1.99725492e-07  1.47656884e-08 -3.42784653e-05 
 4.65586094e+04 -4.61530327e-04 -1.98349746e-07  1.46977837e-08 -3.41995542e-05 
 4.66659380e+04 -4.59408814e-04 -1.96983481e-07  1.46301914e-08 -3.41208251e-05 
 4.67735141e+04 -4.57297057e-04 -1.95626630e-07  1.45629103e-08 -3.40422776e-05 
 4.68813382e+04 -4.55195012e-04 -1.94279130e-07  1.44959389e-08 -3.39639112e-05 
 4.69894109e+04 -4.53102634e-04 -1.92940915e-07  1.44292758e-08 -3.38857255e-05 
 4.70977326e+04 -4.51019878e-04 -1.91611921e-07  1.43629195e-08 -3.38077201e-05 
 4.72063041e+04 -4.48946700e-04 -1.90292085e-07  1.42968687e-08 -3.37298947e-05 
 4.73151259e+04 -4.46883055e-04 -1.88981345e-07  1.42311218e-08 -3.36522487e-05 
 4.74241985e+04 -4.44828901e-04 -1.87679636e-07  1.41656776e-08 -3.35747817e-05 
 4.75335226e+04 -4.42784194e-04 -1.86386896e-07  1.41005346e-08 -3.34974935e-05 
 4.76430987e+04 -4.40748889e-04 -1.85103065e-07  1.40356914e-08 -3.34203834e-05 
 4.77529274e+04 -4.38722943e-04 -1.83828080e-07  1.39711467e-08 -3.33434511e-05 
 4.78630092e+04 -4.36706315e-04 -1.82561881e-07  1.39068991e-08 -3.32666963e-05 
 4.79733449e+04 -4.34698960e-04 -1.81304406e-07  1.38429471e-08 -3.31901185e-05 
 4.80839348e+04 -4.32700835e-04 -1.80055596e-07  1.37792895e-08 -3.31137172e-05 
 4.81947798e+04 -4.30711900e-04 -1.78815391e-07  1.37159249e-08 -3.30374921e-05 
 4.83058802e+04 -4.28732110e-04 -1.77583732e-07  1.36528519e-08 -3.29614428e-05 
 4.84172368e+04 -4.26761425e-04 -1.76360560e-07  1.35900693e-08 -3.28855688e-05 
 4.85288500e+04 -4.24799801e-04 -1.75145815e-07  1.35275755e-08 -3.28098698e-05 
 4.86407206e+04 -4.22847199e-04 -1.73939441e-07  1.34653694e-08 -3.27343453e-05 
 4.87528490e+04 -4.20903575e-04 -1.72741379e-07  1.34034496e-08 -3.26589950e-05 
 4.88652359e+04 -4.18968889e-04 -1.71551573e-07  1.33418147e-08 -3.25838184e-05 
 4.89778819e+04 -4.17043099e-04 -1.70369964e-07  1.32804635e-08 -3.25088151e-05 
 4.90907876e+04 -4.15126165e-04 -1.69196497e-07  1.32193947e-08 -3.24339848e-05 
 4.92039536e+04 -4.13218046e-04 -1.68031116e-07  1.31586069e-08 -3.23593270e-05 
 4.93173804e+04 -4.11318701e-04 -1.66873764e-07  1.30980989e-08 -3.22848414e-05 
 4.94310687e+04 -4.09428089e-04 -1.65724387e-07  1.30378693e-08 -3.22105275e-05 
 4.95450191e+04 -4.07546172e-04 -1.64582930e-07  1.29779169e-08 -3.21363849e-05 
 4.96592321e+04 -4.05672908e-04 -1.63449337e-07  1.29182405e-08 -3.20624132e-05 
 4.97737085e+04 -4.03808258e-04 -1.62323554e-07  1.28588386e-08 -3.19886121e-05 
 4.98884487e+04 -4.01952182e-04 -1.61205529e-07  1.27997101e-08 -3.19149812e-05 
 5.00034535e+04 -4.00104641e-04 -1.60095206e-07  1.27408537e-08 -3.18415200e-05 
 5.01187234e+04 -3.98265595e-04 -1.58992535e-07  1.26822682e-08 -3.17682281e-05 
 5.02342590e+04 -3.96435006e-04 -1.57897460e-07  1.26239523e-08 -3.16951052e-05 
 5.03500609e+04 -3.94612834e-04 -1.56809930e-07  1.25659047e-08 -3.16221509e-05 
 5.04661298e+04 -3.92799041e-04 -1.55729894e-07  1.25081243e-08 -3.15493648e-05 
 5.05824662e+04 -3.90993588e-04 -1.54657299e-07  1.24506098e-08 -3.14767465e-05 
 5.06990708e+04 -3.89196437e-04 -1.53592093e-07  1.23933599e-08 -3.14042956e-05 
 5.08159443e+04 -3.87407549e-04 -1.52534227e-07  1.23363735e-08 -3.13320117e-05 
 5.09330871e+04 -3.85626887e-04 -1.51483650e-07  1.22796493e-08 -3.12598945e-05 
 5.10505000e+04 -3.83854412e-04 -1.50440311e-07  1.22231861e-08 -3.11879435e-05 
 5.11681836e+04 -3.82090088e-04 -1.49404160e-07  1.21669828e-08 -3.11161584e-05 
 5.12861384e+04 -3.80333876e-04 -1.48375148e-07  1.21110380e-08 -3.10445387e-05 
 5.14043652e+04 -3.78585739e-04 -1.47353226e-07  1.20553507e-08 -3.09730842e-05 
 5.15228645e+04 -3.76845641e-04 -1.46338345e-07  1.19999197e-08 -3.09017943e-05 
 5.16416369e+04 -3.75113543e-04 -1.45330455e-07  1.19447437e-08 -3.08306688e-05 
 5.17606832e+04 -3.73389409e-04 -1.44329510e-07  1.18898216e-08 -3.07597072e-05 
 5.18800039e+04 -3.71673204e-04 -1.43335461e-07  1.18351523e-08 -3.06889092e-05 
 5.19995997e+04 -3.69964889e-04 -1.42348261e-07  1.17807344e-08 -3.06182744e-05 
 5.21194711e+04 -3.68264429e-04 -1.41367862e-07  1.17265670e-08 -3.05478025e-05 
 5.22396189e+04 -3.66571787e-04 -1.40394217e-07  1.16726489e-08 -3.04774929e-05 
 5.23600437e+04 -3.64886929e-04 -1.39427281e-07  1.16189788e-08 -3.04073454e-05 
 5.24807460e+04 -3.63209817e-04 -1.38467006e-07  1.15655556e-08 -3.03373596e-05 
 5.26017266e+04 -3.61540416e-04 -1.37513347e-07  1.15123783e-08 -3.02675352e-05 
 5.27229861e+04 -3.59878691e-04 -1.36566258e-07  1.14594457e-08 -3.01978716e-05 
 5.28445252e+04 -3.58224607e-04 -1.35625694e-07  1.14067566e-08 -3.01283686e-05 
 5.29663444e+04 -3.56578128e-04 -1.34691610e-07  1.13543100e-08 -3.00590259e-05 
 5.30884444e+04 -3.54939219e-04 -1.33763961e-07  1.13021046e-08 -2.99898429e-05 
 5.32108259e+04 -3.53307845e-04 -1.32842703e-07  1.12501395e-08 -2.99208194e-05 
 5.33334895e+04 -3.51683972e-04 -1.31927792e-07  1.11984134e-08 -2.98519550e-05 
 5.34564359e+04 -3.50067566e-04 -1.31019185e-07  1.11469254e-08 -2.97832493e-05 
 5.35796658e+04 -3.48458591e-04 -1.30116836e-07  1.10956742e-08 -2.97147019e-05 
 5.37031796e+04 -3.46857014e-04 -1.29220705e-07  1.10446589e-08 -2.96463126e-05 
 5.38269783e+04 -3.45262801e-04 -1.28330747e-07  1.09938782e-08 -2.95780808e-05 
 5.39510623e+04 -3.43675918e-04 -1.27446920e-07  1.09433312e-08 -2.95100063e-05 
 5.40754323e+04 -3.42096330e-04 -1.26569182e-07  1.08930168e-08 -2.94420887e-05 
 5.42000890e+04 -3.40524006e-04 -1.25697491e-07  1.08429339e-08 -2.93743277e-05 
 5.43250331e+04 -3.38958910e-04 -1.24831805e-07  1.07930813e-08 -2.93067228e-05 
 5.44502653e+04 -3.37401010e-04 -1.23972082e-07  1.07434582e-08 -2.92392736e-05 
 5.45757861e+04 -3.35850272e-04 -1.23118283e-07  1.06940633e-08 -2.91719800e-05 
 5.47015963e+04 -3.34306665e-04 -1.22270365e-07  1.06448957e-08 -2.91048414e-05 
 5.48276965e+04 -3.32770154e-04 -1.21428289e-07  1.05959543e-08 -2.90378575e-05 
 5.49540874e+04 -3.31240708e-04 -1.20592014e-07  1.05472381e-08 -2.89710280e-05 
 5.50807696e+04 -3.29718294e-04 -1.19761500e-07  1.04987460e-08 -2.89043525e-05 
 5.52077439e+04 -3.28202879e-04 -1.18936707e-07  1.04504770e-08 -2.88378307e-05 
 5.53350109e+04 -3.26694431e-04 -1.18117597e-07  1.04024300e-08 -2.87714622e-05 
 5.54625713e+04 -3.25192919e-04 -1.17304129e-07  1.03546041e-08 -2.87052466e-05 
 5.55904257e+04 -3.23698309e-04 -1.16496265e-07  1.03069982e-08 -2.86391836e-05 
 5.57185749e+04 -3.22210572e-04 -1.15693966e-07  1.02596114e-08 -2.85732728e-05 
 5.58470195e+04 -3.20729674e-04 -1.14897194e-07  1.02124425e-08 -2.85075139e-05 
 5.59757601e+04 -3.19255585e-04 -1.14105911e-07  1.01654906e-08 -2.84419065e-05 
 5.61047976e+04 -3.17788273e-04 -1.13320079e-07  1.01187548e-08 -2.83764504e-05 
 5.62341325e+04 -3.16327707e-04 -1.12539661e-07  1.00722339e-08 -2.83111450e-05 
 5.63637656e+04 -3.14873855e-04 -1.11764618e-07  1.00259271e-08 -2.82459902e-05 
 5.64936975e+04 -3.13426688e-04 -1.10994915e-07  9.97983325e-09 -2.81809854e-05 
 5.66239289e+04 -3.11986174e-04 -1.10230514e-07  9.93395147e-09 -2.81161305e-05 
 5.67544605e+04 -3.10552283e-04 -1.09471379e-07  9.88828077e-09 -2.80514250e-05 
 5.68852931e+04 -3.09124984e-04 -1.08717473e-07  9.84282016e-09 -2.79868686e-05 
 5.70164272e+04 -3.07704247e-04 -1.07968760e-07  9.79756869e-09 -2.79224609e-05 
 5.71478637e+04 -3.06290041e-04 -1.07225206e-07  9.75252538e-09 -2.78582017e-05 
 5.72796031e+04 -3.04882337e-04 -1.06486773e-07  9.70768928e-09 -2.77940905e-05 
 5.74116462e+04 -3.03481105e-04 -1.05753427e-07  9.66305943e-09 -2.77301270e-05 
 5.75439937e+04 -3.02086315e-04 -1.05025132e-07  9.61863489e-09 -2.76663109e-05 
 5.76766463e+04 -3.00697938e-04 -1.04301855e-07  9.57441470e-09 -2.76026419e-05 
 5.78096047e+04 -2.99315943e-04 -1.03583560e-07  9.53039793e-09 -2.75391196e-05 
 5.79428696e+04 -2.97940301e-04 -1.02870213e-07  9.48658364e-09 -2.74757436e-05 
 5.80764418e+04 -2.96570984e-04 -1.02161780e-07  9.44297090e-09 -2.74125136e-05 
 5.82103218e+04 -2.95207962e-04 -1.01458226e-07  9.39955878e-09 -2.73494293e-05 
 5.83445104e+04 -2.93851206e-04 -1.00759520e-07  9.35634636e-09 -2.72864904e-05 
 5.84790084e+04 -2.92500688e-04 -1.00065626e-07  9.31333271e-09 -2.72236965e-05 
 5.86138165e+04 -2.91156378e-04 -9.93765119e-08  9.27051692e-09 -2.71610472e-05 
 5.87489353e+04 -2.89818249e-04 -9.86921449e-08  9.22789808e-09 -2.70985423e-05 
 5.88843655e+04 -2.88486271e-04 -9.80124919e-08  9.18547528e-09 -2.70361814e-05 
 5.90201080e+04 -2.87160416e-04 -9.73375206e-08  9.14324762e-09 -2.69739642e-05 
 5.91561634e+04 -2.85840657e-04 -9.66671988e-08  9.10121420e-09 -2.69118903e-05 
 5.92925325e+04 -2.84526965e-04 -9.60014943e-08  9.05937413e-09 -2.68499594e-05 
 5.94292159e+04 -2.83219312e-04 -9.53403756e-08  9.01772651e-09 -2.67881712e-05 
 5.95662144e+04 -2.81917671e-04 -9.46838106e-08  8.97627047e-09 -2.67265253e-05 
 5.97035287e+04 -2.80622014e-04 -9.40317684e-08  8.93500511e-09 -2.66650215e-05 
 5.98411595e+04 -2.79332313e-04 -9.33842175e-08  8.89392956e-09 -2.66036594e-05 
 5.99791076e+04 -2.78048540e-04 -9.27411270e-08  8.85304294e-09 -2.65424386e-05 
 6.01173737e+04 -2.76770670e-04 -9.21024663e-08  8.81234440e-09 -2.64813589e-05 
 6.02559586e+04 -2.75498674e-04 -9.14682047e-08  8.77183305e-09 -2.64204199e-05 
 6.03948629e+04 -2.74232526e-04 -9.08383122e-08  8.73150803e-09 -2.63596212e-05 
 6.05340875e+04 -2.72972198e-04 -9.02127584e-08  8.69136850e-09 -2.62989627e-05 
 6.06736330e+04 -2.71717664e-04 -8.95915134e-08  8.65141359e-09 -2.62384438e-05 
 6.08135001e+04 -2.70468897e-04 -8.89745477e-08  8.61164246e-09 -2.61780644e-05 
 6.09536897e+04 -2.69225871e-04 -8.83618315e-08  8.57205426e-09 -2.61178241e-05 
 6.10942025e+04 -2.67988559e-04 -8.77533359e-08  8.53264814e-09 -2.60577225e-05 
 6.12350392e+04 -2.66756935e-04 -8.71490318e-08  8.49342327e-09 -2.59977594e-05 
 6.13762005e+04 -2.65530973e-04 -8.65488899e-08  8.45437882e-09 -2.59379345e-05 
 6.15176873e+04 -2.64310647e-04 -8.59528819e-08  8.41551394e-09 -2.58782473e-05 
 6.16595002e+04 -2.63095930e-04 -8.53609790e-08  8.37682783e-09 -2.58186977e-05 
 6.18016400e+04 -2.61886798e-04 -8.47731533e-08  8.33831965e-09 -2.57592852e-05 
 6.19441075e+04 -2.60683224e-04 -8.41893765e-08  8.29998858e-09 -2.57000096e-05 
 6.20869034e+04 -2.59485182e-04 -8.36096206e-08  8.26183381e-09 -2.56408705e-05 
 6.22300285e+04 -2.58292649e-04 -8.30338580e-08  8.22385452e-09 -2.55818676e-05 
 6.23734835e+04 -2.57105597e-04 -8.24620614e-08  8.18604992e-09 -2.55230007e-05 
 6.25172693e+04 -2.55924002e-04 -8.18942031e-08  8.14841919e-09 -2.54642693e-05 
 6.26613865e+04 -2.54747838e-04 -8.13302561e-08  8.11096153e-09 -2.54056733e-05 
 6.28058359e+04 -2.53577081e-04 -8.07701936e-08  8.07367615e-09 -2.53472122e-05 
 6.29506183e+04 -2.52411707e-04 -8.02139886e-08  8.03656226e-09 -2.52888858e-05 
 6.30957344e+04 -2.51251689e-04 -7.96616147e-08  7.99961906e-09 -2.52306937e-05 
 6.32411851e+04 -2.50097004e-04 -7.91130452e-08  7.96284576e-09 -2.51726357e-05 
 6.33869711e+04 -2.48947626e-04 -7.85682545e-08  7.92624160e-09 -2.51147114e-05 
 6.35330932e+04 -2.47803533e-04 -7.80272158e-08  7.88980578e-09 -2.50569205e-05 
 6.36795521e+04 -2.46664698e-04 -7.74899039e-08  7.85353754e-09 -2.49992627e-05 
 6.38263486e+04 -2.45531099e-04 -7.69562926e-08  7.81743609e-09 -2.49417378e-05 
 6.39734835e+04 -2.44402710e-04 -7.64263570e-08  7.78150068e-09 -2.48843453e-05 
 6.41209577e+04 -2.43279508e-04 -7.59000711e-08  7.74573054e-09 -2.48270850e-05 
 6.42687717e+04 -2.42161470e-04 -7.53774103e-08  7.71012491e-09 -2.47699566e-05 
 6.44169266e+04 -2.41048571e-04 -7.48583493e-08  7.67468303e-09 -2.47129598e-05 
 6.45654229e+04 -2.39940788e-04 -7.43428634e-08  7.63940415e-09 -2.46560943e-05 
 6.47142616e+04 -2.38838097e-04 -7.38309279e-08  7.60428751e-09 -2.45993598e-05 
 6.48634434e+04 -2.37740475e-04 -7.33225186e-08  7.56933237e-09 -2.45427559e-05 
 6.50129690e+04 -2.36647898e-04 -7.28176108e-08  7.53453799e-09 -2.44862824e-05 
 6.51628394e+04 -2.35560344e-04 -7.23161808e-08  7.49990363e-09 -2.44299389e-05 
 6.53130553e+04 -2.34477789e-04 -7.18182043e-08  7.46542855e-09 -2.43737253e-05 
 6.54636174e+04 -2.33400210e-04 -7.13236576e-08  7.43111201e-09 -2.43176411e-05 
 6.56145266e+04 -2.32327584e-04 -7.08325169e-08  7.39695329e-09 -2.42616860e-05 
 6.57657837e+04 -2.31259889e-04 -7.03447592e-08  7.36295166e-09 -2.42058599e-05 
 6.59173895e+04 -2.30197102e-04 -6.98603608e-08  7.32910640e-09 -2.41501623e-05 
 6.60693448e+04 -2.29139200e-04 -6.93792988e-08  7.29541679e-09 -2.40945930e-05 
 6.62216504e+04 -2.28086161e-04 -6.89015501e-08  7.26188210e-09 -2.40391517e-05 
 6.63743070e+04 -2.27037962e-04 -6.84270917e-08  7.22850164e-09 -2.39838380e-05 
 6.65273156e+04 -2.25994582e-04 -6.79559013e-08  7.19527468e-09 -2.39286518e-05 
 6.66806769e+04 -2.24955998e-04 -6.74879559e-08  7.16220053e-09 -2.38735926e-05 
 6.68343918e+04 -2.23922188e-04 -6.70232336e-08  7.12927847e-09 -2.38186603e-05 
 6.69884609e+04 -2.22893129e-04 -6.65617119e-08  7.09650781e-09 -2.37638544e-05 
 6.71428853e+04 -2.21868801e-04 -6.61033689e-08  7.06388785e-09 -2.37091748e-05 
 6.72976656e+04 -2.20849182e-04 -6.56481827e-08  7.03141790e-09 -2.36546211e-05 
 6.74528028e+04 -2.19834249e-04 -6.51961316e-08  6.99909727e-09 -2.36001931e-05 
 6.76082975e+04 -2.18823981e-04 -6.47471938e-08  6.96692527e-09 -2.35458904e-05 
 6.77641508e+04 -2.17818358e-04 -6.43013480e-08  6.93490121e-09 -2.34917127e-05 
 6.79203633e+04 -2.16817356e-04 -6.38585729e-08  6.90302442e-09 -2.34376598e-05 
 6.80769359e+04 -2.15820956e-04 -6.34188472e-08  6.87129422e-09 -2.33837314e-05 
 6.82338694e+04 -2.14829136e-04 -6.29821500e-08  6.83970993e-09 -2.33299272e-05 
 6.83911647e+04 -2.13841875e-04 -6.25484605e-08  6.80827088e-09 -2.32762469e-05 
 6.85488226e+04 -2.12859151e-04 -6.21177579e-08  6.77697640e-09 -2.32226902e-05 
 6.87068440e+04 -2.11880945e-04 -6.16900216e-08  6.74582583e-09 -2.31692568e-05 
 6.88652296e+04 -2.10907236e-04 -6.12652312e-08  6.71481851e-09 -2.31159465e-05 
 6.90239804e+04 -2.09938002e-04 -6.08433664e-08  6.68395377e-09 -2.30627590e-05 
 6.91830971e+04 -2.08973223e-04 -6.04244071e-08  6.65323095e-09 -2.30096939e-05 
 6.93425806e+04 -2.08012878e-04 -6.00083332e-08  6.62264942e-09 -2.29567511e-05 
 6.95024318e+04 -2.07056948e-04 -5.95951248e-08  6.59220851e-09 -2.29039301e-05 
 6.96626514e+04 -2.06105412e-04 -5.91847623e-08  6.56190758e-09 -2.28512308e-05 
 6.98232404e+04 -2.05158249e-04 -5.87772260e-08  6.53174599e-09 -2.27986529e-05 
 6.99841996e+04 -2.04215440e-04 -5.83724963e-08  6.50172309e-09 -2.27461960e-05 
 7.01455298e+04 -2.03276965e-04 -5.79705542e-08  6.47183824e-09 -2.26938599e-05 
 7.03072320e+04 -2.02342803e-04 -5.75713801e-08  6.44209081e-09 -2.26416443e-05 
 7.04693069e+04 -2.01412935e-04 -5.71749553e-08  6.41248017e-09 -2.25895490e-05 
 7.06317554e+04 -2.00487341e-04 -5.67812605e-08  6.38300569e-09 -2.25375736e-05 
 7.07945784e+04 -1.99566002e-04 -5.63902773e-08  6.35366674e-09 -2.24857179e-05 
 7.09577768e+04 -1.98648897e-04 -5.60019867e-08  6.32446270e-09 -2.24339817e-05 
 7.11213514e+04 -1.97736008e-04 -5.56163702e-08  6.29539294e-09 -2.23823645e-05 
 7.12853030e+04 -1.96827315e-04 -5.52334094e-08  6.26645686e-09 -2.23308662e-05 
 7.14496326e+04 -1.95922799e-04 -5.48530862e-08  6.23765382e-09 -2.22794865e-05 
 7.16143410e+04 -1.95022440e-04 -5.44753821e-08  6.20898323e-09 -2.22282251e-05 
 7.17794291e+04 -1.94126219e-04 -5.41002793e-08  6.18044447e-09 -2.21770818e-05 
 7.19448978e+04 -1.93234118e-04 -5.37277598e-08  6.15203693e-09 -2.21260562e-05 
 7.21107479e+04 -1.92346117e-04 -5.33578058e-08  6.12376002e-09 -2.20751481e-05 
 7.22769804e+04 -1.91462198e-04 -5.29903995e-08  6.09561313e-09 -2.20243572e-05 
 7.24435960e+04 -1.90582341e-04 -5.26255236e-08  6.06759566e-09 -2.19736832e-05 
 7.26105957e+04 -1.89706529e-04 -5.22631606e-08  6.03970701e-09 -2.19231260e-05 
 7.27779805e+04 -1.88834742e-04 -5.19032932e-08  6.01194660e-09 -2.18726851e-05 
 7.29457510e+04 -1.87966962e-04 -5.15459039e-08  5.98431383e-09 -2.18223604e-05 
 7.31139083e+04 -1.87103171e-04 -5.11909758e-08  5.95680812e-09 -2.17721516e-05 
 7.32824533e+04 -1.86243350e-04 -5.08384925e-08  5.92942888e-09 -2.17220584e-05 
 7.34513868e+04 -1.85387481e-04 -5.04884362e-08  5.90217553e-09 -2.16720805e-05 
 7.36207097e+04 -1.84535546e-04 -5.01407907e-08  5.87504749e-09 -2.16222177e-05 
 7.37904230e+04 -1.83687526e-04 -4.97955397e-08  5.84804418e-09 -2.15724697e-05 
 7.39605275e+04 -1.82843404e-04 -4.94526662e-08  5.82116504e-09 -2.15228362e-05 
 7.41310241e+04 -1.82003162e-04 -4.91121539e-08  5.79440948e-09 -2.14733170e-05 
 7.43019138e+04 -1.81166782e-04 -4.87739866e-08  5.76777694e-09 -2.14239119e-05 
 7.44731974e+04 -1.80334247e-04 -4.84381483e-08  5.74126686e-09 -2.13746204e-05 
 7.46448758e+04 -1.79505537e-04 -4.81046227e-08  5.71487867e-09 -2.13254425e-05 
 7.48169501e+04 -1.78680637e-04 -4.77733940e-08  5.68861180e-09 -2.12763778e-05 
 7.49894209e+04 -1.77859528e-04 -4.74444464e-08  5.66246571e-09 -2.12274261e-05 
 7.51622894e+04 -1.77042193e-04 -4.71177642e-08  5.63643983e-09 -2.11785871e-05 
 7.53355564e+04 -1.76228615e-04 -4.67933316e-08  5.61053362e-09 -2.11298605e-05 
 7.55092228e+04 -1.75418776e-04 -4.64711334e-08  5.58474652e-09 -2.10812461e-05 
 7.56832895e+04 -1.74612659e-04 -4.61511539e-08  5.55907798e-09 -2.10327436e-05 
 7.58577575e+04 -1.73810247e-04 -4.58333781e-08  5.53352746e-09 -2.09843528e-05 
 7.60326277e+04 -1.73011524e-04 -4.55177907e-08  5.50809441e-09 -2.09360734e-05 
 7.62079010e+04 -1.72216471e-04 -4.52043766e-08  5.48277830e-09 -2.08879052e-05 
 7.63835784e+04 -1.71425073e-04 -4.48931207e-08  5.45757859e-09 -2.08398479e-05 
 7.65596607e+04 -1.70637312e-04 -4.45840086e-08  5.43249474e-09 -2.07919012e-05 
 7.67361489e+04 -1.69853171e-04 -4.42770248e-08  5.40752621e-09 -2.07440649e-05 
 7.69130440e+04 -1.69072635e-04 -4.39721554e-08  5.38267249e-09 -2.06963387e-05 
 7.70903469e+04 -1.68295686e-04 -4.36693854e-08  5.35793303e-09 -2.06487224e-05 
 7.72680585e+04 -1.67522308e-04 -4.33687005e-08  5.33330732e-09 -2.06012158e-05 
 7.74461798e+04 -1.66752485e-04 -4.30700860e-08  5.30879483e-09 -2.05538185e-05 
 7.76247117e+04 -1.65986200e-04 -4.27735281e-08  5.28439504e-09 -2.05065303e-05 
 7.78036551e+04 -1.65223437e-04 -4.24790125e-08  5.26010742e-09 -2.04593510e-05 
 7.79830111e+04 -1.64464179e-04 -4.21865249e-08  5.23593148e-09 -2.04122803e-05 
 7.81627805e+04 -1.63708411e-04 -4.18960516e-08  5.21186668e-09 -2.03653180e-05 
 7.83429643e+04 -1.62956117e-04 -4.16075787e-08  5.18791253e-09 -2.03184638e-05 
 7.85235635e+04 -1.62207280e-04 -4.13210923e-08  5.16406850e-09 -2.02717174e-05 
 7.87045790e+04 -1.61461885e-04 -4.10365786e-08  5.14033410e-09 -2.02250787e-05 
 7.88860118e+04 -1.60719916e-04 -4.07540244e-08  5.11670882e-09 -2.01785473e-05 
 7.90678628e+04 -1.59981357e-04 -4.04734160e-08  5.09319216e-09 -2.01321231e-05 
 7.92501330e+04 -1.59246192e-04 -4.01947398e-08  5.06978362e-09 -2.00858057e-05 
 7.94328235e+04 -1.58514406e-04 -3.99179829e-08  5.04648269e-09 -2.00395950e-05 
 7.96159350e+04 -1.57785984e-04 -3.96431316e-08  5.02328890e-09 -1.99934907e-05 
 7.97994687e+04 -1.57060909e-04 -3.93701731e-08  5.00020173e-09 -1.99474925e-05 
 7.99834255e+04 -1.56339167e-04 -3.90990943e-08  4.97722071e-09 -1.99016001e-05 
 8.01678063e+04 -1.55620742e-04 -3.88298824e-08  4.95434534e-09 -1.98558135e-05 
 8.03526122e+04 -1.54905619e-04 -3.85625240e-08  4.93157514e-09 -1.98101322e-05 
 8.05378441e+04 -1.54193783e-04 -3.82970070e-08  4.90890963e-09 -1.97645561e-05 
 8.07235030e+04 -1.53485218e-04 -3.80333184e-08  4.88634831e-09 -1.97190849e-05 
 8.09095899e+04 -1.52779910e-04 -3.77714458e-08  4.86389072e-09 -1.96737184e-05 
 8.10961058e+04 -1.52077843e-04 -3.75113762e-08  4.84153638e-09 -1.96284564e-05 
 8.12830516e+04 -1.51379003e-04 -3.72530977e-08  4.81928481e-09 -1.95832985e-05 
 8.14704284e+04 -1.50683375e-04 -3.69965977e-08  4.79713553e-09 -1.95382446e-05 
 8.16582371e+04 -1.49990944e-04 -3.67418641e-08  4.77508809e-09 -1.94932944e-05 
 8.18464788e+04 -1.49301696e-04 -3.64888845e-08  4.75314200e-09 -1.94484476e-05 
 8.20351544e+04 -1.48615615e-04 -3.62376471e-08  4.73129681e-09 -1.94037041e-05 
 8.22242650e+04 -1.47932687e-04 -3.59881398e-08  4.70955204e-09 -1.93590636e-05 
 8.24138115e+04 -1.47252898e-04 -3.57403506e-08  4.68790724e-09 -1.93145259e-05 
 8.26037950e+04 -1.46576233e-04 -3.54942677e-08  4.66636195e-09 -1.92700907e-05 
 8.27942164e+04 -1.45902678e-04 -3.52498794e-08  4.64491571e-09 -1.92257578e-05 
 8.29850768e+04 -1.45232219e-04 -3.50071740e-08  4.62356807e-09 -1.91815269e-05 
 8.31763771e+04 -1.44564841e-04 -3.47661400e-08  4.60231856e-09 -1.91373979e-05 
 8.33681185e+04 -1.43900531e-04 -3.45267657e-08  4.58116674e-09 -1.90933704e-05 
 8.35603018e+04 -1.43239273e-04 -3.42890399e-08  4.56011217e-09 -1.90494443e-05 
 8.37529282e+04 -1.42581055e-04 -3.40529509e-08  4.53915438e-09 -1.90056193e-05 
 8.39459987e+04 -1.41925861e-04 -3.38184877e-08  4.51829294e-09 -1.89618951e-05 
 8.41395142e+04 -1.41273679e-04 -3.35856391e-08  4.49752741e-09 -1.89182716e-05 
 8.43334758e+04 -1.40624494e-04 -3.33543939e-08  4.47685733e-09 -1.88747486e-05 
 8.45278845e+04 -1.39978293e-04 -3.31247410e-08  4.45628229e-09 -1.88313257e-05 
 8.47227414e+04 -1.39335062e-04 -3.28966697e-08  4.43580182e-09 -1.87880028e-05 
 8.49180475e+04 -1.38694786e-04 -3.26701688e-08  4.41541551e-09 -1.87447796e-05 
 8.51138038e+04 -1.38057454e-04 -3.24452276e-08  4.39512292e-09 -1.87016559e-05 
 8.53100114e+04 -1.37423050e-04 -3.22218353e-08  4.37492362e-09 -1.86586314e-05 
 8.55066713e+04 -1.36791562e-04 -3.19999813e-08  4.35481717e-09 -1.86157060e-05 
 8.57037845e+04 -1.36162977e-04 -3.17796551e-08  4.33480316e-09 -1.85728794e-05 
 8.59013522e+04 -1.35537280e-04 -3.15608460e-08  4.31488115e-09 -1.85301514e-05 
 8.60993752e+04 -1.34914459e-04 -3.13435436e-08  4.29505072e-09 -1.84875217e-05 
 8.62978548e+04 -1.34294500e-04 -3.11277376e-08  4.27531146e-09 -1.84449902e-05 
 8.64967919e+04 -1.33677390e-04 -3.09134176e-08  4.25566293e-09 -1.84025565e-05 
 8.66961876e+04 -1.33063117e-04 -3.07005734e-08  4.23610474e-09 -1.83602205e-05 
 8.68960429e+04 -1.32451666e-04 -3.04891949e-08  4.21663645e-09 -1.83179820e-05 
 8.70963590e+04 -1.31843026e-04 -3.02792719e-08  4.19725765e-09 -1.82758407e-05 
 8.72971368e+04 -1.31237183e-04 -3.00707945e-08  4.17796795e-09 -1.82337964e-05 
 8.74983775e+04 -1.30634124e-04 -2.98637525e-08  4.15876691e-09 -1.81918488e-05 
 8.77000821e+04 -1.30033837e-04 -2.96581363e-08  4.13965415e-09 -1.81499979e-05 
 8.79022517e+04 -1.29436308e-04 -2.94539359e-08  4.12062924e-09 -1.81082432e-05 
 8.81048873e+04 -1.28841526e-04 -2.92511417e-08  4.10169179e-09 -1.80665847e-05 
 8.83079900e+04 -1.28249477e-04 -2.90497439e-08  4.08284140e-09 -1.80250220e-05 
 8.85115610e+04 -1.27660149e-04 -2.88497329e-08  4.06407766e-09 -1.79835550e-05 
 8.87156012e+04 -1.27073529e-04 -2.86510991e-08  4.04540017e-09 -1.79421835e-05 
 8.89201118e+04 -1.26489606e-04 -2.84538330e-08  4.02680854e-09 -1.79009071e-05 
 8.91250938e+04 -1.25908365e-04 -2.82579255e-08  4.00830238e-09 -1.78597258e-05 
 8.93305484e+04 -1.25329797e-04 -2.80633668e-08  3.98988129e-09 -1.78186393e-05 
 8.95364766e+04 -1.24753887e-04 -2.78701479e-08  3.97154488e-09 -1.77776473e-05 
 8.97428795e+04 -1.24180623e-04 -2.76782593e-08  3.95329275e-09 -1.77367497e-05 
 8.99497582e+04 -1.23609995e-04 -2.74876922e-08  3.93512454e-09 -1.76959462e-05 
 9.01571138e+04 -1.23041989e-04 -2.72984373e-08  3.91703983e-09 -1.76552367e-05 
 9.03649474e+04 -1.22476593e-04 -2.71104856e-08  3.89903826e-09 -1.76146208e-05 
 9.05732601e+04 -1.21913795e-04 -2.69238280e-08  3.88111944e-09 -1.75740984e-05 
 9.07820530e+04 -1.21353584e-04 -2.67384557e-08  3.86328299e-09 -1.75336693e-05 
 9.09913273e+04 -1.20795948e-04 -2.65543599e-08  3.84552853e-09 -1.74933332e-05 
 9.12010839e+04 -1.20240874e-04 -2.63715317e-08  3.82785568e-09 -1.74530900e-05 
 9.14113241e+04 -1.19688352e-04 -2.61899624e-08  3.81026407e-09 -1.74129394e-05 
 9.16220490e+04 -1.19138368e-04 -2.60096433e-08  3.79275333e-09 -1.73728812e-05 
 9.18332596e+04 -1.18590912e-04 -2.58305659e-08  3.77532308e-09 -1.73329152e-05 
 9.20449572e+04 -1.18045972e-04 -2.56527216e-08  3.75797295e-09 -1.72930411e-05 
 9.22571427e+04 -1.17503536e-04 -2.54761018e-08  3.74070258e-09 -1.72532589e-05 
 9.24698174e+04 -1.16963594e-04 -2.53006983e-08  3.72351159e-09 -1.72135682e-05 
 9.26829823e+04 -1.16426132e-04 -2.51265026e-08  3.70639962e-09 -1.71739689e-05 
 9.28966387e+04 -1.15891141e-04 -2.49535062e-08  3.68936632e-09 -1.71344607e-05 
 9.31107875e+04 -1.15358608e-04 -2.47817011e-08  3.67241131e-09 -1.70950434e-05 
 9.33254301e+04 -1.14828522e-04 -2.46110790e-08  3.65553424e-09 -1.70557169e-05 
 9.35405674e+04 -1.14300873e-04 -2.44416317e-08  3.63873475e-09 -1.70164808e-05 
 9.37562007e+04 -1.13775648e-04 -2.42733512e-08  3.62201247e-09 -1.69773351e-05 
 9.39723311e+04 -1.13252838e-04 -2.41062295e-08  3.60536707e-09 -1.69382795e-05 
 9.41889597e+04 -1.12732430e-04 -2.39402584e-08  3.58879818e-09 -1.68993137e-05 
 9.44060876e+04 -1.12214413e-04 -2.37754302e-08  3.57230545e-09 -1.68604377e-05 
 9.46237161e+04 -1.11698777e-04 -2.36117370e-08  3.55588853e-09 -1.68216511e-05 
 9.48418463e+04 -1.11185511e-04 -2.34491708e-08  3.53954708e-09 -1.67829537e-05 
 9.50604794e+04 -1.10674603e-04 -2.32877241e-08  3.52328073e-09 -1.67443454e-05 
 9.52796164e+04 -1.10166044e-04 -2.31273890e-08  3.50708916e-09 -1.67058260e-05 
 9.54992586e+04 -1.09659821e-04 -2.29681580e-08  3.49097202e-09 -1.66673953e-05 
 9.57194071e+04 -1.09155925e-04 -2.28100232e-08  3.47492896e-09 -1.66290529e-05 
 9.59400632e+04 -1.08654345e-04 -2.26529775e-08  3.45895964e-09 -1.65907989e-05 
 9.61612278e+04 -1.08155069e-04 -2.24970131e-08  3.44306373e-09 -1.65526328e-05 
 9.63829024e+04 -1.07658088e-04 -2.23421224e-08  3.42724088e-09 -1.65145546e-05 
 9.66050879e+04 -1.07163391e-04 -2.21882985e-08  3.41149077e-09 -1.64765641e-05 
 9.68277856e+04 -1.06670968e-04 -2.20355335e-08  3.39581305e-09 -1.64386609e-05 
 9.70509967e+04 -1.06180807e-04 -2.18838206e-08  3.38020739e-09 -1.64008450e-05 
 9.72747224e+04 -1.05692899e-04 -2.17331522e-08  3.36467347e-09 -1.63631161e-05 
 9.74989638e+04 -1.05207233e-04 -2.15835212e-08  3.34921094e-09 -1.63254741e-05 
 9.77237221e+04 -1.04723799e-04 -2.14349206e-08  3.33381949e-09 -1.62879187e-05 
 9.79489985e+04 -1.04242587e-04 -2.12873432e-08  3.31849879e-09 -1.62504497e-05 
 9.81747943e+04 -1.03763586e-04 -2.11407819e-08  3.30324851e-09 -1.62130669e-05 
 9.84011106e+04 -1.03286787e-04 -2.09952298e-08  3.28806833e-09 -1.61757702e-05 
 9.86279486e+04 -1.02812178e-04 -2.08506799e-08  3.27295792e-09 -1.61385593e-05 
 9.88553095e+04 -1.02339751e-04 -2.07071252e-08  3.25791697e-09 -1.61014340e-05 
 9.90831945e+04 -1.01869495e-04 -2.05645590e-08  3.24294515e-09 -1.60643942e-05 
 9.93116048e+04 -1.01401399e-04 -2.04229745e-08  3.22804215e-09 -1.60274396e-05 
 9.95405417e+04 -1.00935455e-04 -2.02823649e-08  3.21320765e-09 -1.59905701e-05 
 9.97700064e+04 -1.00471652e-04 -2.01427233e-08  3.19844134e-09 -1.59537854e-05 
 1.00000000e+05 -1.00009981e-04 -2.00040433e-08  3.18374289e-09 -1.59170854e-05 
