 time            v(in)           v(cap)          i_loop          p_r             p_src          
 0.00000000e+00  0.00000000e+00  0.00000000e+00 -0.00000000e+00 -0.00000000e+00 -0.00000000e+00 
 2.50000000e-07  1.57079632e-04  3.87516567e-10  3.92636436e-10  9.68637751e-18  6.16751869e-14 
 2.71002269e-07  1.70275746e-04  4.23036137e-10  4.28392464e-10  1.15309168e-17  7.29448465e-14 
 3.13006806e-07  1.96667975e-04  5.00464101e-10  5.05446452e-10  1.60520498e-17  9.94051303e-14 
 3.97015880e-07  2.49452432e-04  6.99166854e-10  6.92805136e-10  3.01579898e-17  1.72821926e-13 
 5.65034028e-07  3.55021343e-04  1.32709539e-09  1.20051632e-09  9.05558117e-17  4.26208915e-13 
 9.01070325e-07  5.66159153e-04  3.94607619e-09  2.74784105e-09  4.74420455e-16  1.55571536e-12 
 1.57314292e-06  9.88434686e-04  1.81638974e-08  7.96950348e-09  3.99064157e-15  7.87733367e-12 
 2.62892706e-06  1.65180283e-03  8.04060428e-08  2.18966815e-08  3.01256755e-14  3.61690005e-11 
 3.97711039e-06  2.49888956e-03  2.71321228e-07  4.98433970e-08  1.56097324e-13  1.24553144e-10 
 6.01613520e-06  3.78004023e-03  9.29726970e-07  1.13740831e-07  8.12854828e-13  4.29944918e-10 
 8.99791202e-06  5.65352474e-03  3.09405656e-06  2.53980304e-07  4.05303422e-12  1.43588393e-09 
 1.35548735e-05  8.51667523e-03  1.05539250e-05  5.75347337e-07  2.07989020e-11  4.90004642e-09 
 2.03285891e-05  1.27724819e-02  3.55064259e-05  1.29084950e-06  1.04696320e-10  1.64873519e-08 
 3.05970106e-05  1.92234846e-02  1.20694430e-04  2.91201207e-06  5.32802845e-10  5.59790192e-08 
 4.59890685e-05  2.88917629e-02  4.07527906e-04  6.52867229e-06  2.67811938e-09  1.88624852e-07 
 6.93418954e-05  4.35550151e-02  1.38257872e-03  1.46236531e-05  1.34366791e-08  6.36933432e-07 
 9.43418954e-05  5.92420534e-02  3.41443060e-03  2.65502809e-05  4.42913007e-08  1.57289316e-06 
 1.19341895e-04  7.49144746e-02  6.77316105e-03  4.15118389e-05  1.08273989e-07  3.10983760e-06 
 1.44341895e-04  9.05684117e-02  1.17378188e-02  5.90931767e-05  2.19409217e-07  5.35197516e-06 
 1.69341895e-04  1.06200002e-01  1.85436034e-02  7.88208755e-05  3.90357656e-07  8.37077717e-06 
 1.94341895e-04  1.21805390e-01  2.73767275e-02  1.00175672e-04  6.30528495e-07  1.22019367e-05 
 2.19341895e-04  1.37380724e-01  3.83705508e-02  1.22605803e-04  9.44500616e-07  1.68436740e-05 
 2.44341895e-04  1.52922161e-01  5.16030601e-02  1.45540941e-04  1.33091571e-06  2.22564352e-05 
 2.69341895e-04  1.68425867e-01  6.70957358e-02  1.68406357e-04  1.78195673e-06  2.83639867e-05 
 2.94341895e-04  1.83888016e-01  8.48138113e-02  1.90636977e-04  2.28346563e-06  3.50558556e-05 
 3.19341895e-04  1.99304794e-01  1.04667897e-01  2.11690986e-04  2.81569056e-06  4.21910284e-05 
 3.44341895e-04  2.14672396e-01  1.26516910e-01  2.31062652e-04  3.35459196e-06  4.96027733e-05 
 3.69341895e-04  2.29987031e-01  1.50172213e-01  2.48294079e-04  3.87358347e-06  5.71044181e-05 
 3.94341895e-04  2.45244921e-01  1.75402850e-01  2.62985606e-04  4.34554398e-06  6.44958840e-05 
 4.19341895e-04  2.60442299e-01  2.01941730e-01  2.74804638e-04  4.74491360e-06  7.15707518e-05 
 4.44341895e-04  2.75575418e-01  2.29492595e-01  2.83492702e-04  5.04968117e-06  7.81236197e-05 
 4.69341895e-04  2.90640542e-01  2.57737587e-01  2.88870590e-04  5.24308440e-06  8.39575048e-05 
 4.94341895e-04  3.05633955e-01  2.86345227e-01  2.90841499e-04  5.31487360e-06  8.88910376e-05 
 5.19341895e-04  3.20551958e-01  3.14978604e-01  2.89392111e-04  5.26203302e-06  9.27652079e-05 
 5.44341895e-04  3.35390869e-01  3.43303561e-01  2.84591633e-04  5.08890622e-06  9.54494351e-05 
 5.69341895e-04  3.50147028e-01  3.70996703e-01  2.76588833e-04  4.80672720e-06  9.68467576e-05 
 5.94341895e-04  3.64816792e-01  3.97753000e-01  2.65607196e-04  4.43261353e-06  9.68979654e-05 
 6.19341895e-04  3.79396544e-01  4.23292844e-01  2.51938337e-04  3.98812451e-06  9.55845343e-05 
 6.44341895e-04  3.93882686e-01  4.47368368e-01  2.35933847e-04  3.49752390e-06  9.29302573e-05 
 6.69341895e-04  4.08271642e-01  4.69768895e-01  2.17995822e-04  2.98590877e-06  8.90015124e-05 
 6.94341895e-04  4.22559864e-01  4.90325409e-01  1.98566299e-04  2.47737228e-06  8.39061483e-05 
 7.19341895e-04  4.36743826e-01  5.08913927e-01  1.78115886e-04  1.99335892e-06  7.77910135e-05 
 7.44341895e-04  4.50820027e-01  5.25457738e-01  1.57131878e-04  1.55134644e-06  7.08381974e-05 
 7.69341895e-04  4.64784996e-01  5.39928452e-01  1.36106144e-04  1.16395356e-06  6.32600937e-05 
 7.94341895e-04  4.78635285e-01  5.52345855e-01  1.15523098e-04  8.38528536e-07  5.52934310e-05 
 8.19341895e-04  4.92367479e-01  5.62776601e-01  9.58480304e-05  5.77226922e-07  4.71924531e-05 
 8.44341895e-04  5.05978188e-01  5.71331776e-01  7.75160921e-05  3.77540835e-07  3.92214518e-05 
 8.69341895e-04  5.19464055e-01  5.78163430e-01  6.09221794e-05  2.33201347e-07  3.16468823e-05 
 8.94341895e-04  5.32821752e-01  5.83460156e-01  4.64119560e-05  1.35344290e-07  2.47292997e-05 
 9.19341895e-04  5.46047983e-01  5.87441858e-01  3.42742129e-05  7.38099945e-08  1.87153648e-05 
 9.44341895e-04  5.59139485e-01  5.90353832e-01  2.47347295e-05  3.84409864e-08  1.38301639e-05 
 9.69341895e-04  5.72093027e-01  5.92460326e-01  1.79517645e-05  2.02485755e-08  1.02700793e-05 
 9.94341895e-04  5.84905414e-01  5.94037737e-01  1.40132589e-05  1.23383897e-08  8.19643099e-06 
 1.01934190e-03  5.97573485e-01  5.95367619e-01  1.29357943e-05  1.05139618e-08  7.73008766e-06 
 1.04434190e-03  6.10094113e-01  5.96729678e-01  1.46653032e-05  1.35133269e-08  8.94721511e-06 
 1.06934190e-03  6.22464209e-01  5.98394917e-01  1.90794879e-05  2.28724992e-08  1.18762983e-05 
 1.09434190e-03  6.34680722e-01  6.00619098e-01  2.59918626e-05  4.24477817e-08  1.64965341e-05 
 1.11934190e-03  6.46740637e-01  6.03636688e-01  3.51572945e-05  7.76624501e-08  2.27376511e-05 
 1.14434190e-03  6.58640978e-01  6.07655401e-01  4.62788865e-05  1.34569301e-07  3.04811711e-05 
 1.16934190e-03  6.70378810e-01  6.12851496e-01  5.90160130e-05  2.18836583e-07  3.95630845e-05 
 1.19434190e-03  6.81951235e-01  6.19365893e-01  7.29932956e-05  3.34769695e-07  4.97778681e-05 
 1.21934190e-03  6.93355399e-01  6.27301230e-01  8.78102851e-05  4.84474550e-07  6.08837353e-05 
 1.24434190e-03  7.04588488e-01  6.36719885e-01  1.03051605e-04  6.67251734e-07  7.26089744e-05 
 1.26934190e-03  7.15647731e-01  6.47643014e-01  1.18297298e-04  8.79285364e-07  8.46591930e-05 
 1.29434190e-03  7.26530398e-01  6.60050606e-01  1.33133130e-04  1.11365964e-06  9.67252661e-05 
 1.31934190e-03  7.37233805e-01  6.73882545e-01  1.47160588e-04  1.36070263e-06  1.08491760e-04 
 1.34434190e-03  7.47755310e-01  6.89040623e-01  1.60006346e-04  1.60862424e-06  1.19645595e-04 
 1.36934190e-03  7.58092318e-01  7.05391462e-01  1.71330970e-04  1.84438653e-06  1.29884692e-04 
 1.39434190e-03  7.68242278e-01  7.22770235e-01  1.80836662e-04  2.05472241e-06  1.38926369e-04 
 1.41934190e-03  7.78202685e-01  7.40985107e-01  1.88273875e-04  2.22720564e-06  1.46515235e-04 
 1.44434190e-03  7.87971083e-01  7.59822257e-01  1.93446648e-04  2.35127057e-06  1.52430364e-04 
 1.46934190e-03  7.97545060e-01  7.79051362e-01  1.96216553e-04  2.41908695e-06  1.56491543e-04 
 1.49434190e-03  8.06922256e-01  7.98431400e-01  1.96505191e-04  2.42620921e-06  1.58564412e-04 
 1.51934190e-03  8.16100355e-01  8.17716622e-01  1.94295173e-04  2.37194283e-06  1.58564360e-04 
 1.54434190e-03  8.25077094e-01  8.36662548e-01  1.89629618e-04  2.25939692e-06  1.56459054e-04 
 1.56934190e-03  8.33850257e-01  8.55031842e-01  1.82610171e-04  2.09522236e-06  1.52269538e-04 
 1.59434190e-03  8.42417680e-01  8.72599923e-01  1.73393643e-04  1.88906341e-06  1.46069871e-04 
 1.61934190e-03  8.50777250e-01  8.89160179e-01  1.62187348e-04  1.65277653e-06  1.37985306e-04 
 1.64434190e-03  8.58926902e-01  9.04528662e-01  1.49243289e-04  1.39949006e-06  1.28189076e-04 
 1.66934190e-03  8.66864628e-01  9.18548169e-01  1.34851351e-04  1.14259100e-06  1.16897866e-04 
 1.69434190e-03  8.74588467e-01  9.31091596e-01  1.19331667e-04  8.94729198e-07  1.04366100e-04 
 1.71934190e-03  8.82096515e-01  9.42064524e-01  1.03026378e-04  6.66925089e-07  9.08792089e-05 
 1.74434190e-03  8.89386919e-01  9.51406959e-01  8.62909757e-05  4.67854652e-07  7.67460650e-05 
 1.76934190e-03  8.96457880e-01  9.59094217e-01  6.94854624e-05  3.03366832e-07  6.22907903e-05 
 1.79434190e-03  9.03307653e-01  9.65136930e-01  5.29655320e-05  1.76265319e-07  4.78441704e-05 
 1.81934190e-03  9.09934549e-01  9.69580202e-01  3.70739964e-05  8.63612657e-08  3.37349102e-05 
 1.84434190e-03  9.16336932e-01  9.72501933e-01  2.21326562e-05  3.07784872e-08  2.02809703e-05 
 1.86934190e-03  9.22513222e-01  9.74010377e-01  8.43481027e-06  4.47023988e-09  7.78122400e-06 
 1.89434190e-03  9.28461896e-01  9.74240999e-01 -3.76142655e-06  8.88966436e-10 -3.49234123e-06 
 1.91934190e-03  9.34181487e-01  9.73352721e-01 -1.42388448e-05  1.27388348e-08 -1.33016652e-05 
 1.94434190e-03  9.39670581e-01  9.71523656e-01 -2.28257784e-05  3.27364352e-08 -2.14487124e-05 
 1.96934190e-03  9.44927826e-01  9.68946439e-01 -2.93995621e-05  5.43077632e-08 -2.77804643e-05 
 1.99434190e-03  9.49951925e-01  9.65823287e-01 -3.38887433e-05  7.21591023e-08 -3.21926770e-05 
 2.01934190e-03  9.54741637e-01  9.62360894e-01 -3.62740133e-05  8.26744681e-08 -3.46323109e-05 
 2.04434190e-03  9.59295780e-01  9.58765306e-01 -3.65878550e-05  8.41112507e-08 -3.50985749e-05 
 2.06934190e-03  9.63613232e-01  9.55236884e-01 -3.49129357e-05  7.65866248e-08 -3.36425668e-05 
 2.09434190e-03  9.67692927e-01  9.51965493e-01 -3.13793045e-05  6.18681059e-08 -3.03655310e-05 
 2.11934190e-03  9.71533858e-01  9.49126019e-01 -2.61604788e-05  4.30003082e-08 -2.54157908e-05 
 2.14434190e-03  9.75135077e-01  9.46874318e-01 -1.94685343e-05  2.38147873e-08 -1.89844507e-05 
 2.16934190e-03  9.78495697e-01  9.45343697e-01 -1.15483334e-05  8.37951376e-09 -1.12999945e-05 
 2.19434190e-03  9.81614887e-01  9.44641999e-01 -2.67104365e-06  4.48272569e-10 -2.62193621e-06 
 2.21934190e-03  9.84491878e-01  9.44849351e-01  6.87288202e-06  2.96795950e-09  6.76629653e-06 
 2.24434190e-03  9.87125961e-01  9.46016628e-01  1.67810866e-05  1.76937689e-08  1.65650463e-05 
 2.26934190e-03  9.89516486e-01  9.48164646e-01  2.67468653e-05  4.49496147e-08  2.64664641e-05 
 2.29434190e-03  9.91662862e-01  9.51284110e-01  3.64667106e-05  8.35551788e-08  3.61626825e-05 
 2.31934190e-03  9.93564560e-01  9.55336291e-01  4.56476627e-05  1.30923403e-07  4.53538999e-05 
 2.34434190e-03  9.95221110e-01  9.60254411e-01  5.40142899e-05  1.83314802e-07  5.37561616e-05 
 2.36934190e-03  9.96632105e-01  9.65945689e-01  6.13151335e-05  2.36219393e-07  6.11086306e-05 
 2.39434190e-03  9.97797196e-01  9.72293995e-01  6.73284704e-05  2.84824726e-07  6.71801590e-05 
 2.41934190e-03  9.98716095e-01  9.79163028e-01  7.18672623e-05  3.24520693e-07  7.17749916e-05 
 2.44434190e-03  9.99388576e-01  9.86399937e-01  7.47831848e-05  3.51388955e-07  7.47374606e-05 
 2.46934190e-03  9.99814473e-01  9.93839290e-01  7.59696518e-05  3.62627274e-07  7.59555574e-05 
 2.49434190e-03  9.99993681e-01  1.00130729e+00  7.53637773e-05  3.56866275e-07  7.53633010e-05 
 2.51934190e-03  9.99926155e-01  1.00862615e+00  7.29472435e-05  3.34347411e-07  7.29418567e-05 
 2.54434190e-03  9.99611912e-01  1.01561843e+00  6.87460718e-05  2.96944966e-07  6.87193923e-05 
 2.56934190e-03  9.99051030e-01  1.02211142e+00  6.28293171e-05  2.48030376e-07  6.27696940e-05 
 2.59434190e-03  9.98243647e-01  1.02794120e+00  5.53067362e-05  1.92192419e-07  5.52095981e-05 
 2.61934190e-03  9.97189963e-01  1.03295654e+00  4.63255016e-05  1.34840531e-07  4.61953252e-05 
 2.64434190e-03  9.95890236e-01  1.03702240e+00  3.60660555e-05  8.17292449e-08  3.59178325e-05 
 2.66934190e-03  9.94344789e-01  1.04002293e+00  2.47372193e-05  3.84487257e-08  2.45973251e-05 
 2.69434190e-03  9.92554002e-01  1.04186400e+00  1.25706871e-05  9.92883347e-09  1.24770858e-05 
 2.71934190e-03  9.90518317e-01  1.04247521e+00 -1.84950938e-07  2.14928135e-12 -1.83197292e-07 
 2.74434190e-03  9.88238237e-01  1.04181121e+00 -1.32705047e-05  1.10650931e-08 -1.31144202e-05 
 2.76934190e-03  9.85714323e-01  1.03985243e+00 -2.64226399e-05  4.38664618e-08 -2.60451747e-05 
 2.79434190e-03  9.82947200e-01  1.03660518e+00 -3.93803356e-05  9.74403909e-08 -3.87087906e-05 
 2.81934190e-03  9.79937549e-01  1.03210112e+00 -5.18911841e-05  1.69187142e-07 -5.08501197e-05 
 2.84434190e-03  9.76686112e-01  1.02639606e+00 -6.37173855e-05  2.55091558e-07 -6.22318855e-05 
 2.86934190e-03  9.73193694e-01  1.01956834e+00 -7.46412922e-05  3.50056778e-07 -7.26404349e-05 
 2.89434190e-03  9.69461154e-01  1.01171649e+00 -8.44703787e-05  4.48320992e-07 -8.18907508e-05 
 2.91934190e-03  9.65489414e-01  1.00295663e+00 -9.30415218e-05  5.43918466e-07 -8.98306044e-05 
 2.94434190e-03  9.61279454e-01  9.93419337e-01 -1.00224500e-04  6.31143325e-07 -9.63437531e-05 
 2.96934190e-03  9.56832313e-01  9.83246287e-01 -1.05924640e-04  7.04975760e-07 -1.01352118e-04 
 2.99434190e-03  9.52149088e-01  9.72586662e-01 -1.10084550e-04  7.61435172e-07 -1.04816904e-04 
 3.01934190e-03  9.47230934e-01  9.61593431e-01 -1.12684930e-04  7.97832771e-07 -1.06738651e-04 
 3.04434190e-03  9.42079065e-01  9.50419591e-01 -1.13744434e-04  8.12906327e-07 -1.07156250e-04 
 3.06934190e-03  9.36694752e-01  9.39214481e-01 -1.13318616e-04  8.06831258e-07 -1.06144953e-04 
 3.09434190e-03  9.31079324e-01  9.28120228e-01 -1.11497988e-04  7.81113698e-07 -1.03813471e-04 
 3.11934190e-03  9.25234166e-01  9.17268439e-01 -1.08405268e-04  7.38381768e-07 -1.00300257e-04 
 3.14434190e-03  9.19160720e-01  9.06777192e-01 -1.04191875e-04  6.82099769e-07 -9.57690792e-05 
 3.16934190e-03  9.12860485e-01  8.96748409e-01 -9.90337929e-05  6.16235931e-07 -9.04040362e-05 
 3.19434190e-03  9.06335016e-01  8.87265661e-01 -9.31268863e-05  5.44917001e-07 -8.44041580e-05 
 3.21934190e-03  8.99585922e-01  8.78392458e-01 -8.66818187e-05  4.72102416e-07 -7.79777438e-05 
 3.24434190e-03  8.92614868e-01  8.70171055e-01 -7.99186809e-05  4.01307066e-07 -7.13366028e-05 
 3.26934190e-03  8.85423575e-01  8.62621788e-01 -7.30614765e-05  3.35395385e-07 -6.46903537e-05 
 3.29434190e-03  8.78013817e-01  8.55742967e-01 -6.63325974e-05  2.76461207e-07 -5.82409371e-05 
 3.31934190e-03  8.70387423e-01  8.49511299e-01 -5.99474239e-05  2.25798599e-07 -5.21774838e-05 
 3.34434190e-03  8.62546273e-01  8.43882832e-01 -5.41091792e-05  1.83959442e-07 -4.66716708e-05 
 3.36934190e-03  8.54492303e-01  8.38794393e-01 -4.90041595e-05  1.50885005e-07 -4.18736771e-05 
 3.39434190e-03  8.46227499e-01  8.34165470e-01 -4.47974505e-05  1.26091784e-07 -3.79088345e-05 
 3.41934190e-03  8.37753902e-01  8.29900485e-01 -4.16292257e-05  1.08887207e-07 -3.48750463e-05 
 3.44434190e-03  8.29073602e-01  8.25891407e-01 -3.96117090e-05  9.85887481e-08 -3.28410222e-05 
 3.46934190e-03  8.20188740e-01  8.22020619e-01 -3.88268639e-05  9.47206829e-08 -3.18453566e-05 
 3.49434190e-03  8.11101508e-01  8.18163987e-01 -3.93248560e-05  9.71660337e-08 -3.18964500e-05 
 3.51934190e-03  8.01814150e-01  8.14194029e-01 -4.11233119e-05  1.06256709e-07 -3.29732534e-05 
 3.54434190e-03  7.92328955e-01  8.09983129e-01 -4.42073823e-05  1.22791921e-07 -3.50267891e-05 
 3.56934190e-03  7.82648266e-01  8.05406694e-01 -4.85305946e-05  1.47982860e-07 -3.79823857e-05 
 3.59434190e-03  7.72774470e-01  8.00346200e-01 -5.40164612e-05  1.83329540e-07 -4.17425421e-05 
 3.61934190e-03  7.62710003e-01  7.94692040e-01 -6.05607939e-05  2.30442889e-07 -4.61903233e-05 
 3.64434190e-03  7.52457349e-01  7.88346110e-01 -6.80346567e-05  2.90830927e-07 -5.11931774e-05 
 3.66934190e-03  7.42019037e-01  7.81224080e-01 -7.62878748e-05  3.65671595e-07 -5.66070554e-05 
 3.69434190e-03  7.31397644e-01  7.73257293e-01 -8.51530067e-05  4.55596278e-07 -6.22807084e-05 
 3.71934190e-03  7.20595788e-01  7.64394258e-01 -9.44496743e-05  5.60507105e-07 -6.80600375e-05 
 3.74434190e-03  7.09616137e-01  7.54601696e-01 -1.03989142e-04  6.79447932e-07 -7.37923731e-05 
 3.76934190e-03  6.98461399e-01  7.43865139e-01 -1.13579027e-04  8.10543780e-07 -7.93305658e-05 
 3.79434190e-03  6.87134325e-01  7.32189051e-01 -1.23028026e-04  9.51017054e-07 -8.45367797e-05 
 3.81934190e-03  6.75637712e-01  7.19596495e-01 -1.32150545e-04  1.09728164e-06 -8.92858921e-05 
 3.84434190e-03  6.63974394e-01  7.06128353e-01 -1.40771115e-04  1.24510877e-06 -9.34684158e-05 
 3.86934190e-03  6.52147252e-01  6.91842123e-01 -1.48728492e-04  1.38985196e-06 -9.69928775e-05 
 3.89434190e-03  6.40159201e-01  6.76810330e-01 -1.55879356e-04  1.52671298e-06 -9.97876041e-05 
 3.91934190e-03  6.28013201e-01  6.61118606e-01 -1.62101505e-04  1.65102742e-06 -1.01801885e-04 
 3.94434190e-03  6.15712248e-01  6.44863469e-01 -1.67296496e-04  1.75854659e-06 -1.03006501e-04 
 3.96934190e-03  6.03259378e-01  6.28149881e-01 -1.71391659e-04  1.84569338e-06 -1.03393625e-04 
 3.99434190e-03  5.90657662e-01  6.11088638e-01 -1.74341460e-04  1.90977212e-06 -1.02976119e-04 
 4.01934190e-03  5.77910210e-01  5.93793658e-01 -1.76128179e-04  1.94911688e-06 -1.01786273e-04 
 4.04434190e-03  5.65020167e-01  5.76379233e-01 -1.76761899e-04  1.96316820e-06 -9.98740377e-05 
 4.06934190e-03  5.51990714e-01  5.58957325e-01 -1.76279823e-04  1.95247466e-06 -9.73048256e-05 
 4.09434190e-03  5.38825066e-01  5.41634950e-01 -1.74744941e-04  1.91862198e-06 -9.41569544e-05 
 4.11934190e-03  5.25526471e-01  5.24511731e-01 -1.72244087e-04  1.86409841e-06 -9.05188270e-05 
 4.14434190e-03  5.12098210e-01  5.07677666e-01 -1.68885449e-04  1.79210998e-06 -8.64859362e-05 
 4.16934190e-03  4.98543596e-01  4.91211169e-01 -1.64795601e-04  1.70636299e-06 -8.21577915e-05 
 4.19434190e-03  4.84865974e-01  4.75177420e-01 -1.60116126e-04  1.61083234e-06 -7.76348613e-05 
 4.21934190e-03  4.71068719e-01  4.59627069e-01 -1.54999933e-04  1.50953509e-06 -7.30156197e-05 
 4.24434190e-03  4.57155234e-01  4.44595304e-01 -1.49607353e-04  1.40632622e-06 -6.83937847e-05 
 4.26934190e-03  4.43128954e-01  4.30101325e-01 -1.44102118e-04  1.30473082e-06 -6.38558207e-05 
 4.29434190e-03  4.28993338e-01  4.16148202e-01 -1.38647312e-04  1.20782246e-06 -5.94787731e-05 
 4.31934190e-03  4.14751874e-01  4.02723138e-01 -1.33401411e-04  1.11815249e-06 -5.53284850e-05 
 4.34434190e-03  4.00408076e-01  3.89798108e-01 -1.28514489e-04  1.03773001e-06 -5.14582391e-05 
 4.36934190e-03  3.85965484e-01  3.77330867e-01 -1.24124690e-04  9.68047237e-07 -4.79078462e-05 
 4.39434190e-03  3.71427660e-01  3.65266277e-01 -1.20355050e-04  9.10141306e-07 -4.47031945e-05 
 4.41934190e-03  3.56798193e-01  3.53537943e-01 -1.17310721e-04  8.64680379e-07 -4.18562534e-05 
 4.44434190e-03  3.42080690e-01  3.42070086e-01 -1.15076697e-04  8.32060618e-07 -3.93655159e-05 
 4.46934190e-03  3.27278785e-01  3.30779618e-01 -1.13716040e-04  8.12500523e-07 -3.72168474e-05 
 4.49434190e-03  3.12396128e-01  3.19578373e-01 -1.13268690e-04  8.06120464e-07 -3.53847001e-05 
 4.51934190e-03  2.97436392e-01  3.08375410e-01 -1.13750839e-04  8.12997875e-07 -3.38336391e-05 
 4.54434190e-03  2.82403268e-01  2.97079366e-01 -1.15154906e-04  8.33191979e-07 -3.25201217e-05 
 4.56934190e-03  2.67300466e-01  2.85600772e-01 -1.17450079e-04  8.66735975e-07 -3.13944609e-05 
 4.59434190e-03  2.52131711e-01  2.73854291e-01 -1.20583428e-04  9.13598643e-07 -3.04029060e-05 
 4.61934190e-03  2.36900746e-01  2.61760822e-01 -1.24481523e-04  9.73621107e-07 -2.94897657e-05 
 4.64434190e-03  2.21611329e-01  2.49249420e-01 -1.29052541e-04  1.04643754e-06 -2.85995051e-05 
 4.66934190e-03  2.06267234e-01  2.36258984e-01 -1.34188777e-04  1.13139064e-06 -2.76787478e-05 
 4.69434190e-03  1.90872245e-01  2.22739686e-01 -1.39769511e-04  1.22745359e-06 -2.66781202e-05 
 4.71934190e-03  1.75430161e-01  2.08654102e-01 -1.45664141e-04  1.33316990e-06 -2.55538837e-05 
 4.74434190e-03  1.59944792e-01  1.93978020e-01 -1.51735514e-04  1.44662070e-06 -2.42693053e-05 
 4.76934190e-03  1.44419959e-01  1.78700917e-01 -1.57843359e-04  1.56542700e-06 -2.27957315e-05 
 4.79434190e-03  1.28859493e-01  1.62826100e-01 -1.63847747e-04  1.68679047e-06 -2.11133376e-05 
 4.81934190e-03  1.13267233e-01  1.46370500e-01 -1.69612488e-04  1.80757299e-06 -1.92115372e-05 
 4.84434190e-03  9.76470255e-02  1.29364144e-01 -1.75008388e-04  1.92441141e-06 -1.70890486e-05 
 4.86934190e-03  8.20027252e-02  1.11849316e-01 -1.79916278e-04  2.03386026e-06 -1.47536251e-05 
 4.89434190e-03  6.63381921e-02  9.38794327e-02 -1.84229759e-04  2.13255264e-06 -1.22214691e-05 
 4.91934190e-03  5.06572909e-02  7.55176610e-02 -1.87857591e-04  2.21736756e-06 -9.51635663e-06 
 4.94434190e-03  3.49638908e-02  5.68353285e-02 -1.90725679e-04  2.28559107e-06 -6.66851180e-06 
 4.96934190e-03  1.92618639e-02  3.79101536e-02 -1.92778607e-04  2.33505904e-06 -3.71327529e-06 
 4.99434190e-03  3.55508447e-03  1.88243500e-02 -1.93980698e-04  2.36427086e-06 -6.89617767e-07 
 5.01934190e-03 -1.21525722e-02 -3.37349363e-04 -1.94316577e-04  2.37246545e-06  2.36144623e-06 
 5.04434190e-03 -2.78572303e-02 -1.94896988e-02 -1.93791228e-04  2.35965452e-06  5.39848687e-06 
 5.06934190e-03 -4.35550151e-02 -3.85489275e-02 -1.92429557e-04  2.32661087e-06  8.38127227e-06 
 5.09434190e-03 -5.92420534e-02 -5.74346611e-02 -1.90275481e-04  2.27481379e-06  1.12723102e-05 
 5.11934190e-03 -7.49144746e-02 -7.60717304e-02 -1.87390564e-04  2.20635621e-06  1.40382656e-05 
 5.14434190e-03 -9.05684117e-02 -9.43918257e-02 -1.83852244e-04  2.12382174e-06  1.66512057e-05 
 5.16934190e-03 -1.06200002e-01 -1.12334959e-01 -1.79751707e-04  2.03014117e-06  1.90896317e-05 
 5.19434190e-03 -1.21805390e-01 -1.29850699e-01 -1.75191455e-04  1.92843955e-06  2.13392634e-05 
 5.21934190e-03 -1.37380724e-01 -1.46899159e-01 -1.70282637e-04  1.82188487e-06  2.33935520e-05 
 5.24434190e-03 -1.52922161e-01 -1.63451709e-01 -1.65142217e-04  1.71354855e-06  2.52539047e-05 
 5.26934190e-03 -1.68425867e-01 -1.79491405e-01 -1.59890032e-04  1.60628635e-06  2.69296172e-05 
 5.29434190e-03 -1.83888016e-01 -1.95013126e-01 -1.54645840e-04  1.50264599e-06  2.84375167e-05 
 5.31934190e-03 -1.99304794e-01 -2.10023422e-01 -1.49526408e-04  1.40480483e-06  2.98013299e-05 
 5.34434190e-03 -2.14672396e-01 -2.24540084e-01 -1.44642717e-04  1.31453858e-06  3.10507988e-05 
 5.36934190e-03 -2.29987031e-01 -2.38591442e-01 -1.40097360e-04  1.23321869e-06  3.22205760e-05 
 5.39434190e-03 -2.45244921e-01 -2.52215418e-01 -1.35982171e-04  1.16183415e-06  3.33489368e-05 
 5.41934190e-03 -2.60442299e-01 -2.65458369e-01 -1.32376167e-04  1.10103164e-06  3.44763534e-05 
 5.44434190e-03 -2.75575418e-01 -2.78373731e-01 -1.29343824e-04  1.05116668e-06  3.56439783e-05 
 5.46934190e-03 -2.90640542e-01 -2.91020520e-01 -1.26933737e-04  1.01235848e-06  3.68920901e-05 
 5.49434190e-03 -3.05633955e-01 -3.03461718e-01 -1.25177689e-04  9.84541559e-07  3.82585523e-05 
 5.51934190e-03 -3.20551958e-01 -3.15762591e-01 -1.24090143e-04  9.67508447e-07  3.97773384e-05 
 5.54434190e-03 -3.35390869e-01 -3.27988971e-01 -1.23668161e-04  9.60939393e-07  4.14771720e-05 
 5.56934190e-03 -3.50147028e-01 -3.40205561e-01 -1.23891749e-04  9.64417231e-07  4.33803277e-05 
 5.59434190e-03 -3.64816792e-01 -3.52474285e-01 -1.24724616e-04  9.77427478e-07  4.55016344e-05 
 5.61934190e-03 -3.79396544e-01 -3.64852737e-01 -1.26115312e-04  9.99345885e-07  4.78477135e-05 
 5.64434190e-03 -3.93882686e-01 -3.77392760e-01 -1.27998720e-04  1.02941726e-06  5.04164796e-05 
 5.66934190e-03 -4.08271642e-01 -3.90139183e-01 -1.30297860e-04  1.06673061e-06  5.31969213e-05 
 5.69434190e-03 -4.22559864e-01 -4.03128755e-01 -1.32925950e-04  1.11019620e-06  5.61691712e-05 
 5.71934190e-03 -4.36743826e-01 -4.16389288e-01 -1.35788674e-04  1.15853001e-06  5.93048650e-05 
 5.74434190e-03 -4.50820027e-01 -4.29939033e-01 -1.38786605e-04  1.21025057e-06  6.25677810e-05 
 5.76934190e-03 -4.64784996e-01 -4.43786298e-01 -1.41817704e-04  1.26369157e-06  6.59147407e-05 
 5.79434190e-03 -4.78635285e-01 -4.57929319e-01 -1.44779853e-04  1.31703239e-06  6.92967462e-05 
 5.81934190e-03 -4.92367479e-01 -4.72356369e-01 -1.47573349e-04  1.36834642e-06  7.26603179e-05 
 5.84434190e-03 -5.05978188e-01 -4.87046120e-01 -1.50103298e-04  1.41566554e-06  7.59489947e-05 
 5.86934190e-03 -5.19464055e-01 -5.01968227e-01 -1.52281856e-04  1.45705691e-06  7.91049503e-05 
 5.89434190e-03 -5.32821752e-01 -5.17084122e-01 -1.54030267e-04  1.49070712e-06  8.20706765e-05 
 5.91934190e-03 -5.46047983e-01 -5.32348001e-01 -1.55280644e-04  1.51500770e-06  8.47906824e-05 
 5.94434190e-03 -5.59139485e-01 -5.47707970e-01 -1.55977464e-04  1.52863536e-06  8.72131587e-05 
 5.96934190e-03 -5.72093027e-01 -5.63107324e-01 -1.56078731e-04  1.53062091e-06  8.92915534e-05 
 5.99434190e-03 -5.84905414e-01 -5.78485918e-01 -1.55556799e-04  1.52040114e-06  9.09860139e-05 
 6.01934190e-03 -5.97573485e-01 -5.93781613e-01 -1.54398832e-04  1.49784962e-06  9.22646482e-05 
 6.04434190e-03 -6.10094113e-01 -6.08931736e-01 -1.52606894e-04  1.46328358e-06  9.31045676e-05 
 6.06934190e-03 -6.22464209e-01 -6.23874540e-01 -1.50197676e-04  1.41744632e-06  9.34926779e-05 
 6.09434190e-03 -6.34680722e-01 -6.38550617e-01 -1.47201876e-04  1.36146625e-06  9.34261928e-05 
 6.11934190e-03 -6.46740637e-01 -6.52904233e-01 -1.43663238e-04  1.29679550e-06  9.29128543e-05 
 6.14434190e-03 -6.58640978e-01 -6.66884552e-01 -1.39637303e-04  1.22513260e-06  9.19708499e-05 
 6.16934190e-03 -6.70378810e-01 -6.80446728e-01 -1.35189877e-04  1.14833484e-06  9.06284290e-05 
 6.19434190e-03 -6.81951235e-01 -6.93552828e-01 -1.30395286e-04  1.06832643e-06  8.89232262e-05 
 6.21934190e-03 -6.93355399e-01 -7.06172582e-01 -1.25334441e-04  9.87008853e-07  8.69013112e-05 
 6.24434190e-03 -7.04588488e-01 -7.18283928e-01 -1.20092781e-04  9.06179000e-07  8.46159907e-05 
 6.26934190e-03 -7.15647731e-01 -7.29873354e-01 -1.14758132e-04  8.27460230e-07  8.21263964e-05 
 6.29434190e-03 -7.26530398e-01 -7.40936028e-01 -1.09418544e-04  7.52249756e-07  7.94958983e-05 
 6.31934190e-03 -7.37233805e-01 -7.51475713e-01 -1.04160157e-04  6.81684543e-07  7.67903891e-05 
 6.34434190e-03 -7.47755310e-01 -7.61504478e-01 -9.90651438e-05  6.16626154e-07  7.40764873e-05 
 6.36934190e-03 -7.58092318e-01 -7.71042212e-01 -9.42097822e-05  5.57663464e-07  7.14197121e-05 
 6.39434190e-03 -7.68242278e-01 -7.80115954e-01 -8.96627037e-05  5.05130804e-07  6.88826797e-05 
 6.41934190e-03 -7.78202685e-01 -7.88759064e-01 -8.54833520e-05  4.59138044e-07  6.65233740e-05 
 6.44434190e-03 -7.87971083e-01 -7.97010251e-01 -8.17206901e-05  4.19608468e-07  6.43935407e-05 
 6.46934190e-03 -7.97545060e-01 -8.04912490e-01 -7.84121838e-05  3.86320087e-07  6.25372498e-05 
 6.49434190e-03 -8.06922256e-01 -8.12511851e-01 -7.55830788e-05  3.58946191e-07  6.09896684e-05 
 6.51934190e-03 -8.16100355e-01 -8.19856270e-01 -7.32459884e-05  3.37091561e-07  5.97760771e-05 
 6.54434190e-03 -8.25077094e-01 -8.26994301e-01 -7.14007941e-05  3.20321638e-07  5.89111597e-05 
 6.56934190e-03 -8.33850257e-01 -8.33973870e-01 -7.00348578e-05  3.08183012e-07  5.83985842e-05 
 6.59434190e-03 -8.42417680e-01 -8.40841060e-01 -6.91235355e-05  3.00214787e-07  5.82308884e-05 
 6.61934190e-03 -8.50777250e-01 -8.47638972e-01 -6.86309756e-05  2.95951495e-07  5.83896727e-05 
 6.64434190e-03 -8.58926902e-01 -8.54406664e-01 -6.85111774e-05  2.94919205e-07  5.88460934e-05 
 6.66934190e-03 -8.66864628e-01 -8.61178222e-01 -6.87092802e-05  2.96627212e-07  5.95616446e-05 
 6.69434190e-03 -8.74588467e-01 -8.67981947e-01 -6.91630484e-05  3.00558107e-07  6.04892045e-05 
 6.71934190e-03 -8.82096515e-01 -8.74839720e-01 -6.98045134e-05  3.06159119e-07  6.15743180e-05 
 6.74434190e-03 -8.89386919e-01 -8.81766516e-01 -7.05617284e-05  3.12837361e-07  6.27566783e-05 
 6.76934190e-03 -8.96457880e-01 -8.88770100e-01 -7.13605952e-05  3.19961055e-07  6.39717678e-05 
 6.79434190e-03 -9.03307653e-01 -8.95850914e-01 -7.21267125e-05  3.26868047e-07  6.51526114e-05 
 6.81934190e-03 -9.09934549e-01 -9.03002128e-01 -7.27872054e-05  3.32881978e-07  6.62315929e-05 
 6.84434190e-03 -9.16336932e-01 -9.10209884e-01 -7.32724879e-05  3.37335517e-07  6.71422868e-05 
 6.86934190e-03 -9.22513222e-01 -9.17453699e-01 -7.35179193e-05  3.39599160e-07  6.78212526e-05 
 6.89434190e-03 -9.28461896e-01 -9.24707030e-01 -7.34653136e-05  3.39113334e-07  6.82097444e-05 
 6.91934190e-03 -9.34181487e-01 -9.31937974e-01 -7.30642695e-05  3.35421029e-07  6.82552879e-05 
 6.94434190e-03 -9.39670581e-01 -9.39110094e-01 -7.22732903e-05  3.28197936e-07  6.79130847e-05 
 6.96934190e-03 -9.44927826e-01 -9.46183340e-01 -7.10606689e-05  3.17277135e-07  6.71472034e-05 
 6.99434190e-03 -9.49951925e-01 -9.53115048e-01 -6.94051228e-05  3.02665728e-07  6.59315300e-05 
 7.01934190e-03 -9.54741637e-01 -9.59860985e-01 -6.72961638e-05  2.84551454e-07  6.42504496e-05 
 7.04434190e-03 -9.59295780e-01 -9.66376421e-01 -6.47342004e-05  2.63298126e-07  6.20992453e-05 
 7.06934190e-03 -9.63613232e-01 -9.72617196e-01 -6.17303736e-05  2.39429690e-07  5.94842048e-05 
 7.09434190e-03 -9.67692927e-01 -9.78540760e-01 -5.83061337e-05  2.13603656e-07  5.64224332e-05 
 7.11934190e-03 -9.71533858e-01 -9.84107152e-01 -5.44925732e-05  1.86575591e-07  5.29413798e-05 
 7.14434190e-03 -9.75135077e-01 -9.89279915e-01 -5.03295352e-05  1.59157105e-07  4.90780952e-05 
 7.16934190e-03 -9.78495697e-01 -9.94026900e-01 -4.58645231e-05  1.32170325e-07  4.48782385e-05 
 7.19434190e-03 -9.81614887e-01 -9.98320965e-01 -4.11514405e-05  1.06402119e-07  4.03948666e-05 
 7.21934190e-03 -9.84491878e-01 -1.00214053e+00 -3.62491952e-05  8.25613775e-08  3.56870383e-05 
 7.24434190e-03 -9.87125961e-01 -1.00547001e+00 -3.12202030e-05  6.12423204e-08  3.08182729e-05 
 7.26934190e-03 -9.89516486e-01 -1.00830007e+00 -2.61288292e-05  4.28963255e-08  2.58549072e-05 
 7.29434190e-03 -9.91662862e-01 -1.01062775e+00 -2.10398072e-05  2.78140162e-08  2.08643954e-05 
 7.31934190e-03 -9.93564560e-01 -1.01245642e+00 -1.60166724e-05  1.61185058e-08  1.59135981e-05 
 7.34434190e-03 -9.95221110e-01 -1.01379557e+00 -1.11202497e-05  7.76978982e-09  1.10671073e-05 
 7.36934190e-03 -9.96632105e-01 -1.01466052e+00 -6.40723018e-06  2.57941277e-09  6.38565131e-06 
 7.39434190e-03 -9.97797196e-01 -1.01507189e+00 -1.92887081e-06  2.33768760e-10  1.92462188e-06 
 7.41934190e-03 -9.98716095e-01 -1.01505504e+00  2.27015380e-06  3.23810370e-10 -2.26723913e-06 
 7.44434190e-03 -9.99388576e-01 -1.01463939e+00  6.15272141e-06  2.37856320e-09 -6.14895949e-06 
 7.46934190e-03 -9.99814473e-01 -1.01385758e+00  9.69003357e-06  5.89971125e-09 -9.68823581e-06 
 7.49434190e-03 -9.99993681e-01 -1.01274468e+00  1.28621724e-05  1.03946254e-08 -1.28620911e-05 
 7.51934190e-03 -9.99926155e-01 -1.01133724e+00  1.56584325e-05  1.54055341e-08 -1.56572762e-05 
 7.54434190e-03 -9.99611912e-01 -1.00967244e+00  1.80774241e-05  2.05330415e-08 -1.80704084e-05 
 7.56934190e-03 -9.99051030e-01 -1.00778714e+00  2.01269471e-05  2.54528258e-08 -2.01078473e-05 
 7.59434190e-03 -9.98243647e-01 -1.00571696e+00  2.18236445e-05  2.99250408e-08 -2.17853145e-05 
 7.61934190e-03 -9.97189963e-01 -1.00349550e+00  2.31924449e-05  3.37966192e-08 -2.31272732e-05 
 7.64434190e-03 -9.95890236e-01 -1.00115353e+00  2.42658126e-05  3.69972865e-08 -2.41660859e-05 
 7.66934190e-03 -9.94344789e-01 -9.98718274e-01  2.50828265e-05  3.95305760e-08 -2.49409779e-05 
 7.69434190e-03 -9.92554002e-01 -9.96212829e-01  2.56881112e-05  4.14614550e-08 -2.54968376e-05 
 7.71934190e-03 -9.90518317e-01 -9.93655676e-01  2.61306506e-05  4.29023061e-08 -2.58828880e-05 
 7.74434190e-03 -9.88238237e-01 -9.91060308e-01  2.64625133e-05  4.39989558e-08 -2.61512674e-05 
 7.76934190e-03 -9.85714323e-01 -9.88434992e-01  2.67375233e-05  4.49182206e-08 -2.63555597e-05 
 7.79434190e-03 -9.82947200e-01 -9.85782663e-01  2.70099080e-05  4.58380784e-08 -2.65493135e-05 
 7.81934190e-03 -9.79937549e-01 -9.83100950e-01  2.73329579e-05  4.69411212e-08 -2.67845918e-05 
 7.84434190e-03 -9.76686112e-01 -9.80382334e-01  2.77577293e-05  4.84114471e-08 -2.71105887e-05 
 7.86934190e-03 -9.73193694e-01 -9.77614426e-01  2.83318220e-05  5.04346720e-08 -2.75723505e-05 
 7.89434190e-03 -9.69461154e-01 -9.74780366e-01  2.90982599e-05  5.32003181e-08 -2.82096326e-05 
 7.91934190e-03 -9.65489414e-01 -9.71859321e-01  3.00945005e-05  5.69055298e-08 -2.90559216e-05 
 7.94434190e-03 -9.61279454e-01 -9.68827078e-01  3.13515949e-05  6.17588884e-08 -3.01376440e-05 
 7.96934190e-03 -9.56832313e-01 -9.65656709e-01  3.28935171e-05  6.79830768e-08 -3.14735800e-05 
 7.99434190e-03 -9.52149088e-01 -9.62319293e-01  3.47366756e-05  7.58152722e-08 -3.30744940e-05 
 8.01934190e-03 -9.47230934e-01 -9.58784678e-01  3.68896173e-05  8.55044057e-08 -3.49429867e-05 
 8.04434190e-03 -9.42079065e-01 -9.55022260e-01  3.93529267e-05  9.73048004e-08 -3.70735684e-05 
 8.06934190e-03 -9.36694752e-01 -9.51001766e-01  4.21193208e-05  1.11466127e-07 -3.94529468e-05 
 8.09434190e-03 -9.31079324e-01 -9.46694018e-01  4.51739341e-05  1.28220073e-07 -4.20605160e-05 
 8.11934190e-03 -9.25234166e-01 -9.42071652e-01  4.84947836e-05  1.47764546e-07 -4.48690307e-05 
 8.14434190e-03 -9.19160720e-01 -9.37109799e-01  5.20534001e-05  1.70246581e-07 -4.78454407e-05 
 8.16934190e-03 -9.12860485e-01 -9.31786678e-01  5.58156072e-05  1.95745371e-07 -5.09518623e-05 
 8.19434190e-03 -9.06335016e-01 -9.26084118e-01  5.97424277e-05  2.24256958e-07 -5.41466542e-05 
 8.21934190e-03 -8.99585922e-01 -9.19987985e-01  6.37910926e-05  2.55682071e-07 -5.73855689e-05 
 8.24434190e-03 -8.92614868e-01 -9.13488495e-01  6.79161270e-05  2.89818441e-07 -6.06229447e-05 
 8.26934190e-03 -8.85423575e-01 -9.06580434e-01  7.20704845e-05  3.26358611e-07 -6.38129060e-05 
 8.29434190e-03 -8.78013817e-01 -8.99263249e-01  7.62067035e-05  3.64893850e-07 -6.69105387e-05 
 8.31934190e-03 -8.70387423e-01 -8.91541037e-01  8.02780549e-05  4.04924332e-07 -6.98730093e-05 
 8.34434190e-03 -8.62546273e-01 -8.83422415e-01  8.42396543e-05  4.45875228e-07 -7.26605998e-05 
 8.36934190e-03 -8.54492303e-01 -8.74920286e-01  8.80495130e-05  4.87117922e-07 -7.52376311e-05 
 8.39434190e-03 -8.46227499e-01 -8.66051510e-01  9.16695013e-05  5.27995146e-07 -7.75732529e-05 
 8.41934190e-03 -8.37753902e-01 -8.56836474e-01  9.50662042e-05  5.67848522e-07 -7.96420835e-05 
 8.44434190e-03 -8.29073602e-01 -8.47298595e-01  9.82116480e-05  6.06046838e-07 -8.14246847e-05 
 8.46934190e-03 -8.20188740e-01 -8.37463757e-01  1.01083885e-04  6.42013323e-07 -8.29078640e-05 
 8.49434190e-03 -8.11101508e-01 -8.27359686e-01  1.03667420e-04  6.75250281e-07 -8.40848007e-05 
 8.51934190e-03 -8.01814150e-01 -8.17015311e-01  1.05953478e-04  7.05359669e-07 -8.49549976e-05 
 8.54434190e-03 -7.92328955e-01 -8.06460088e-01  1.07940097e-04  7.32058522e-07 -8.55240643e-05 
 8.56934190e-03 -7.82648266e-01 -7.95723334e-01  1.09632063e-04  7.55188498e-07 -8.58033441e-05 
 8.59434190e-03 -7.72774470e-01 -7.84833573e-01  1.11040674e-04  7.74719288e-07 -8.58093977e-05 
 8.61934190e-03 -7.62710003e-01 -7.73817911e-01  1.12183351e-04  7.90746016e-07 -8.55633642e-05 
 8.64434190e-03 -7.52457349e-01 -7.62701458e-01  1.13083113e-04  8.03481176e-07 -8.50902197e-05 
 8.66934190e-03 -7.42019037e-01 -7.51506810e-01  1.13767914e-04  8.13241962e-07 -8.44179577e-05 
 8.69434190e-03 -7.31397644e-01 -7.40253598e-01  1.14269874e-04  8.20434069e-07 -8.35767163e-05 
 8.71934190e-03 -7.20595788e-01 -7.28958119e-01  1.14624426e-04  8.25533199e-07 -8.25978789e-05 
 8.74434190e-03 -7.09616137e-01 -7.17633055e-01  1.14869391e-04  8.29065473e-07 -8.15131734e-05 
 8.76934190e-03 -6.98461399e-01 -7.06287286e-01  1.15044005e-04  8.31587925e-07 -8.03537964e-05 
 8.79434190e-03 -6.87134325e-01 -6.94925797e-01  1.15187936e-04  8.33670019e-07 -7.91495844e-05 
 8.81934190e-03 -6.75637712e-01 -6.83549686e-01  1.15340301e-04  8.35876952e-07 -7.79282567e-05 
 8.84434190e-03 -6.63974394e-01 -6.72156265e-01  1.15538710e-04  8.38755197e-07 -7.67147453e-05 
 8.86934190e-03 -6.52147252e-01 -6.60739253e-01  1.15818369e-04  8.42820481e-07 -7.55306309e-05 
 8.89434190e-03 -6.40159201e-01 -6.49289052e-01  1.16211243e-04  8.48548135e-07 -7.43936963e-05 
 8.91934190e-03 -6.28013201e-01 -6.37793109e-01  1.16745325e-04  8.56365547e-07 -7.33176050e-05 
 8.94434190e-03 -6.15712248e-01 -6.26236330e-01  1.17444003e-04  8.66646295e-07 -7.23117112e-05 
 8.96934190e-03 -6.03259378e-01 -6.14601571e-01  1.18325556e-04  8.79705492e-07 -7.13810015e-05 
 8.99434190e-03 -5.90657662e-01 -6.02870150e-01  1.19402776e-04  8.95795841e-07 -7.05261646e-05 
 9.01934190e-03 -5.77910210e-01 -5.91022407e-01  1.20682733e-04  9.15104029e-07 -6.97437837e-05 
 9.04434190e-03 -5.65020167e-01 -5.79038270e-01  1.22166684e-04  9.37747181e-07 -6.90266404e-05 
 9.06934190e-03 -5.51990714e-01 -5.66897829e-01  1.23850124e-04  9.63769286e-07 -6.83641182e-05 
 9.09434190e-03 -5.38825066e-01 -5.54581893e-01  1.25722972e-04  9.93137711e-07 -6.77426889e-05 
 9.11934190e-03 -5.25526471e-01 -5.42072523e-01  1.27769902e-04  1.02574006e-06 -6.71464658e-05 
 9.14434190e-03 -5.12098210e-01 -5.29353532e-01  1.29970782e-04  1.06138185e-06 -6.65578048e-05 
 9.16934190e-03 -4.98543596e-01 -5.16410929e-01  1.32301233e-04  1.09978546e-06 -6.59579323e-05 
 9.19434190e-03 -4.84865974e-01 -5.03233306e-01  1.34733280e-04  1.14059105e-06 -6.53275831e-05 
 9.21934190e-03 -4.71068719e-01 -4.89812158e-01  1.37236082e-04  1.18335981e-06 -6.46476255e-05 
 9.24434190e-03 -4.57155234e-01 -4.76142126e-01  1.39776719e-04  1.22758020e-06 -6.38996586e-05 
 9.26934190e-03 -4.43128954e-01 -4.62221163e-01  1.42321014e-04  1.27267717e-06 -6.30665622e-05 
 9.29434190e-03 -4.28993338e-01 -4.48050615e-01  1.44834385e-04  1.31802471e-06 -6.21329864e-05 
 9.31934190e-03 -4.14751874e-01 -4.33635218e-01  1.47282679e-04  1.36296136e-06 -6.10857672e-05 
 9.34434190e-03 -4.00408076e-01 -4.18983019e-01  1.49632993e-04  1.40680829e-06 -5.99142589e-05 
 9.36934190e-03 -3.85965484e-01 -4.04105212e-01  1.51854448e-04  1.44888938e-06 -5.86105756e-05 
 9.39434190e-03 -3.71427660e-01 -3.89015905e-01  1.53918905e-04  1.48855238e-06 -5.71697387e-05 
 9.41934190e-03 -3.56798193e-01 -3.73731813e-01  1.55801597e-04  1.52519019e-06 -5.55897282e-05 
 9.44434190e-03 -3.42080690e-01 -3.58271906e-01  1.57481679e-04  1.55826122e-06 -5.38714413e-05 
 9.46934190e-03 -3.27278785e-01 -3.42656993e-01  1.58942664e-04  1.58730786e-06 -5.20185618e-05 
 9.49434190e-03 -3.12396128e-01 -3.26909280e-01  1.60172755e-04  1.61197197e-06 -5.00373485e-05 
 9.51934190e-03 -2.97436392e-01 -3.11051898e-01  1.61165054e-04  1.63200675e-06 -4.79363523e-05 
 9.54434190e-03 -2.82403268e-01 -2.95108408e-01  1.61917648e-04  1.64728432e-06 -4.57260728e-05 
 9.56934190e-03 -2.67300466e-01 -2.79102320e-01  1.62433571e-04  1.65779864e-06 -4.34185692e-05 
 9.59434190e-03 -2.52131711e-01 -2.63056604e-01  1.62720658e-04  1.66366383e-06 -4.10270377e-05 
 9.61934190e-03 -2.36900746e-01 -2.46993237e-01  1.62791264e-04  1.66510791e-06 -3.85653719e-05 
 9.64434190e-03 -2.21611329e-01 -2.30932770e-01  1.62661900e-04  1.66246257e-06 -3.60477200e-05 
 9.66934190e-03 -2.06267234e-01 -2.14893942e-01  1.62352758e-04  1.65614949e-06 -3.34880543e-05 
 9.69434190e-03 -1.90872245e-01 -1.98893346e-01  1.61887158e-04  1.64666400e-06 -3.08997652e-05 
 9.71934190e-03 -1.75430161e-01 -1.82945149e-01  1.61290932e-04  1.63455711e-06 -2.82952942e-05 
 9.74434190e-03 -1.59944792e-01 -1.67060878e-01  1.60591754e-04  1.62041657e-06 -2.56858147e-05 
 9.76934190e-03 -1.44419959e-01 -1.51249271e-01  1.59818431e-04  1.60484805e-06 -2.30809713e-05 
 9.79434190e-03 -1.28859493e-01 -1.35516206e-01  1.59000187e-04  1.58845700e-06 -2.04886835e-05 
 9.81934190e-03 -1.13267233e-01 -1.19864687e-01  1.58165939e-04  1.57183198e-06 -1.79150182e-05 
 9.84434190e-03 -9.76470255e-02 -1.04294918e-01  1.57343599e-04  1.55552987e-06 -1.53641345e-05 
 9.86934190e-03 -8.20027252e-02 -8.88044281e-02  1.56559409e-04  1.54006318e-06 -1.28382982e-05 
 9.89434190e-03 -6.63381921e-02 -7.33882699e-02  1.55837321e-04  1.52588970e-06 -1.03379661e-05 
 9.91934190e-03 -5.06572909e-02 -5.80392719e-02  1.55198457e-04  1.51340440e-06 -7.86193341e-06 
 9.94434190e-03 -3.49638908e-02 -4.27483412e-02  1.54660632e-04  1.50293346e-06 -5.40753745e-06 
 9.96934190e-03 -1.92618639e-02 -2.75048087e-02  1.54237971e-04  1.49473016e-06 -2.97091080e-06 
 9.99434190e-03 -3.55508447e-03 -1.22968071e-02  1.53940623e-04  1.48897249e-06 -5.47271918e-07 
 1.00193419e-02  1.21525722e-02  2.88832696e-03  1.53774578e-04  1.48576211e-06  1.86875665e-06 
 1.00443419e-02  2.78572303e-02  1.80636386e-02  1.53741579e-04  1.48512452e-06  4.28281459e-06 
 1.00693419e-02  4.35550151e-02  3.32421369e-02  1.53839153e-04  1.48701022e-06  6.70046664e-06 
 1.00943419e-02  5.92420534e-02  4.84363846e-02  1.54060729e-04  1.49129682e-06  9.12687396e-06 
 1.01193419e-02  7.49144746e-02  6.36581052e-02  1.54395870e-04  1.49779215e-06  1.15664855e-05 
 1.01443419e-02  9.05684117e-02  7.89178164e-02  1.54830580e-04  1.50623825e-06  1.40227597e-05 
 1.01693419e-02  1.06200002e-01  9.42244988e-02  1.55347706e-04  1.51631657e-06  1.64979268e-05 
 1.01943419e-02  1.21805390e-01  1.09585307e-01  1.55927403e-04  1.52765430e-06  1.89927982e-05 
 1.02193419e-02  1.37380724e-01  1.25005331e-01  1.56547663e-04  1.53983209e-06  2.15066312e-05 
 1.02443419e-02  1.52922161e-01  1.40487409e-01  1.57184879e-04  1.55239317e-06  2.40370514e-05 
 1.02693419e-02  1.68425867e-01  1.56032001e-01  1.57814456e-04  1.56485375e-06  2.65800365e-05 
 1.02943419e-02  1.83888016e-01  1.71637119e-01  1.58411417e-04  1.57671482e-06  2.91299612e-05 
 1.03193419e-02  1.99304794e-01  1.87298326e-01  1.58951027e-04  1.58747491e-06  3.16797017e-05 
 1.03443419e-02  2.14672396e-01  2.03008780e-01  1.59409389e-04  1.59664360e-06  3.42207955e-05 
 1.03693419e-02  2.29987031e-01  2.18759354e-01  1.59764017e-04  1.60375541e-06  3.67436519e-05 
 1.03943419e-02  2.45244921e-01  2.34538795e-01  1.59994364e-04  1.60838332e-06  3.92378050e-05 
 1.04193419e-02  2.60442299e-01  2.50333942e-01  1.60082296e-04  1.61015173e-06  4.16922013e-05 
 1.04443419e-02  2.75575418e-01  2.66129985e-01  1.60012499e-04  1.60874796e-06  4.40955113e-05 
 1.04693419e-02  2.90640542e-01  2.81910755e-01  1.59772812e-04  1.60393199e-06  4.64364567e-05 
 1.04943419e-02  3.05633955e-01  2.97659053e-01  1.59354477e-04  1.59554379e-06  4.87041390e-05 
 1.05193419e-02  3.20551958e-01  3.13356990e-01  1.58752304e-04  1.58350801e-06  5.08883617e-05 
 1.05443419e-02  3.35390869e-01  3.28986348e-01  1.57964748e-04  1.56783570e-06  5.29799341e-05 
 1.05693419e-02  3.50147028e-01  3.44528931e-01  1.56993894e-04  1.54862303e-06  5.49709452e-05 
 1.05943419e-02  3.64816792e-01  3.59966927e-01  1.55845353e-04  1.52604700e-06  5.68550020e-05 
 1.06193419e-02  3.79396544e-01  3.75283240e-01  1.54528081e-04  1.50035840e-06  5.86274198e-05 
 1.06443419e-02  3.93882686e-01  3.90461810e-01  1.53054107e-04  1.47187241e-06  6.02853625e-05 
 1.06693419e-02  4.08271642e-01  4.05487901e-01  1.51438205e-04  1.44095726e-06  6.18279247e-05 
 1.06943419e-02  4.22559864e-01  4.20348349e-01  1.49697496e-04  1.40802143e-06  6.32561536e-05 
 1.07193419e-02  4.36743826e-01  4.35031777e-01  1.47850999e-04  1.37350018e-06  6.45730111e-05 
 1.07443419e-02  4.50820027e-01  4.49528750e-01  1.45919148e-04  1.33784181e-06  6.57832744e-05 
 1.07693419e-02  4.64784996e-01  4.63831898e-01  1.43923276e-04  1.30149429e-06  6.68933793e-05 
 1.07943419e-02  4.78635285e-01  4.77935973e-01  1.41885092e-04  1.26489281e-06  6.79112116e-05 
 1.08193419e-02  4.92367479e-01  4.91837864e-01  1.39826151e-04  1.22844863e-06  6.88458497e-05 
 1.08443419e-02  5.05978188e-01  5.05536551e-01  1.37767342e-04  1.19253944e-06  6.97072702e-05 
 1.08693419e-02  5.19464055e-01  5.19033023e-01  1.35728394e-04  1.15750163e-06  7.05060217e-05 
 1.08943419e-02  5.32821752e-01  5.32330132e-01  1.33727422e-04  1.12362435e-06  7.12528795e-05 
 1.09193419e-02  5.46047983e-01  5.45432422e-01  1.31780524e-04  1.09114547e-06  7.19584892e-05 
 1.09443419e-02  5.59139485e-01  5.58345906e-01  1.29901420e-04  1.06024928e-06  7.26330128e-05 
 1.09693419e-02  5.72093027e-01  5.71077822e-01  1.28101168e-04  1.03106578e-06  7.32857852e-05 
 1.09943419e-02  5.84905414e-01  5.83636354e-01  1.26387947e-04  1.00367132e-06  7.39249946e-05 
 1.10193419e-02  5.97573485e-01  5.96030347e-01  1.24766905e-04  9.78090398e-07  7.45573941e-05 
 1.10443419e-02  6.10094113e-01  6.08269000e-01  1.23240092e-04  9.54298457e-07  7.51880547e-05 
 1.10693419e-02  6.22464209e-01  6.20361561e-01  1.21806470e-04  9.32225342e-07  7.58201678e-05 
 1.10943419e-02  6.34680722e-01  6.32317029e-01  1.20461989e-04  9.11759403e-07  7.64549020e-05 
 1.11193419e-02  6.46740637e-01  6.44143859e-01  1.19199747e-04  8.92752064e-07  7.70913206e-05 
 1.11443419e-02  6.58640978e-01  6.55849700e-01  1.18010210e-04  8.75022785e-07  7.77263604e-05 
 1.11693419e-02  6.70378810e-01  6.67441139e-01  1.16881493e-04  8.58364386e-07  7.83548758e-05 
 1.11943419e-02  6.81951235e-01  6.78923493e-01  1.15799694e-04  8.42548707e-07  7.89697443e-05 
 1.12193419e-02  6.93355399e-01  6.90300627e-01  1.14749280e-04  8.27332581e-07  7.95620325e-05 
 1.12443419e-02  7.04588488e-01  7.01574811e-01  1.13713492e-04  8.12464109e-07  8.01212174e-05 
 1.12693419e-02  7.15647731e-01  7.12746623e-01  1.12674789e-04  7.97689182e-07  8.06354573e-05 
 1.12943419e-02  7.26530398e-01  7.23814893e-01  1.11615294e-04  7.82758172e-07  8.10919042e-05 
 1.13193419e-02  7.37233805e-01  7.34776693e-01  1.10517245e-04  7.67432690e-07  8.14770491e-05 
 1.13443419e-02  7.47755310e-01  7.45627368e-01  1.09363437e-04  7.51492225e-07  8.17770905e-05 
 1.13693419e-02  7.58092318e-01  7.56360614e-01  1.08137642e-04  7.34740501e-07  8.19783154e-05 
 1.13943419e-02  7.68242278e-01  7.66968594e-01  1.06825001e-04  7.17011307e-07  8.20674821e-05 
 1.14193419e-02  7.78202685e-01  7.77442087e-01  1.05412377e-04  6.98173567e-07  8.20321945e-05 
 1.14443419e-02  7.87971083e-01  7.87770677e-01  1.03888654e-04  6.78135429e-07  8.18612555e-05 
 1.14693419e-02  7.97545060e-01  7.97942963e-01  1.02244996e-04  6.56847147e-07  8.15449916e-05 
 1.14943419e-02  8.06922256e-01  8.07946794e-01  1.00475030e-04  6.34302590e-07  8.10755381e-05 
 1.15193419e-02  8.16100355e-01  8.17769517e-01  9.85749815e-05  6.10539267e-07  8.04470774e-05 
 1.15443419e-02  8.25077094e-01  8.27398238e-01  9.65437333e-05  5.85636815e-07  7.96560229e-05 
 1.15693419e-02  8.33850257e-01  8.36820085e-01  9.43828270e-05  5.59713981e-07  7.87011446e-05 
 1.15943419e-02  8.42417680e-01  8.46022464e-01  9.20963952e-05  5.32924217e-07  7.75836316e-05 
 1.16193419e-02  8.50777250e-01  8.54993312e-01  8.96910332e-05  5.05450053e-07  7.63070905e-05 
 1.16443419e-02  8.58926902e-01  8.63721330e-01  8.71756135e-05  4.77496527e-07  7.48774796e-05 
 1.16693419e-02  8.66864628e-01  8.72196193e-01  8.45610467e-05  4.49283938e-07  7.33029803e-05 
 1.16943419e-02  8.74588467e-01  8.80408741e-01  8.18599980e-05  4.21040286e-07  7.15938102e-05 
 1.17193419e-02  8.82096515e-01  8.88351135e-01  7.90865640e-05  3.92993718e-07  6.97619825e-05 
 1.17443419e-02  8.89386919e-01  8.96016978e-01  7.62559214e-05  3.65365334e-07  6.78210190e-05 
 1.17693419e-02  8.96457880e-01  9.03401408e-01  7.33839533e-05  3.38362637e-07  6.57856232e-05 
 1.17943419e-02  9.03307653e-01  9.10501148e-01  7.04868658e-05  3.12173902e-07  6.36713253e-05 
 1.18193419e-02  9.09934549e-01  9.17314513e-01  6.75808018e-05  2.86963640e-07  6.14941064e-05 
 1.18443419e-02  9.16336932e-01  9.23841393e-01  6.46814625e-05  2.62869292e-07  5.92700129e-05 
 1.18693419e-02  9.22513222e-01  9.30083187e-01  6.18037461e-05  2.39999199e-07  5.70147730e-05 
 1.18943419e-02  9.28461896e-01  9.36042707e-01  5.89614112e-05  2.18431833e-07  5.47434236e-05 
 1.19193419e-02  9.34181487e-01  9.41724055e-01  5.61667735e-05  1.98216200e-07  5.24699599e-05 
 1.19443419e-02  9.39670581e-01  9.47132460e-01  5.34304425e-05  1.79373274e-07  5.02070150e-05 
 1.19693419e-02  9.44927826e-01  9.52274105e-01  5.07611037e-05  1.61898307e-07  4.79655794e-05 
 1.19943419e-02  9.49951925e-01  9.57155930e-01  4.81653511e-05  1.45763791e-07  4.57547680e-05 
 1.20193419e-02  9.54741637e-01  9.61785411e-01  4.56475732e-05  1.30922889e-07  4.35816387e-05 
 1.20443419e-02  9.59295780e-01  9.66170351e-01  4.32098946e-05  1.17313126e-07  4.14510696e-05 
 1.20693419e-02  9.63613232e-01  9.70318647e-01  4.08521741e-05  1.04860166e-07  3.93656955e-05 
 1.20943419e-02  9.67692927e-01  9.74238075e-01  3.85720568e-05  9.34815251e-08  3.73259066e-05 
 1.21193419e-02  9.71533858e-01  9.77936074e-01  3.63650810e-05  8.30901056e-08  3.53299074e-05 
 1.21443419e-02  9.75135077e-01  9.81419546e-01  3.42248331e-05  7.35974675e-08  3.33738353e-05 
 1.21693419e-02  9.78495697e-01  9.84694674e-01  3.21431490e-05  6.49167900e-08  3.14519330e-05 
 1.21943419e-02  9.81614887e-01  9.87766761e-01  3.01103544e-05  5.69655018e-08  2.95567721e-05 
 1.22193419e-02  9.84491878e-01  9.90640093e-01  2.81155380e-05  4.96675787e-08  2.76795188e-05 
 1.22443419e-02  9.87125961e-01  9.93317834e-01  2.61468510e-05  4.29555195e-08  2.58102354e-05 
 1.22693419e-02  9.89516486e-01  9.95801948e-01  2.41918248e-05  3.67720168e-08  2.39382095e-05 
 1.22943419e-02  9.91662862e-01  9.98093152e-01  2.22376988e-05  3.10713326e-08  2.20523000e-05 
 1.23193419e-02  9.93564560e-01  1.00019091e+00  2.02717500e-05  2.58203828e-08  2.01412924e-05 
 1.23443419e-02  9.95221110e-01  1.00209344e+00  1.82816173e-05  2.09995224e-08  1.81942514e-05 
 1.23693419e-02  9.96632105e-01  1.00379779e+00  1.62556109e-05  1.66030083e-08  1.62008637e-05 
 1.23943419e-02  9.97797196e-01  1.00529987e+00  1.41830022e-05  1.26391111e-08  1.41517598e-05 
 1.24193419e-02  9.98716095e-01  1.00659463e+00  1.20542840e-05  9.12983712e-09  1.20388074e-05 
 1.24443419e-02  9.99388576e-01  1.00767612e+00  9.86139846e-06  6.11022506e-09  9.85536897e-06 
 1.24693419e-02  9.99814473e-01  1.00853771e+00  7.59792556e-06  3.62718963e-09  7.59651594e-06 
 1.24943419e-02  9.99993681e-01  1.00917218e+00  5.25922885e-06  1.73789819e-09  5.25919561e-06 
 1.25193419e-02  9.99926155e-01  1.00957199e+00  2.84255571e-06  5.07689478e-10  2.84234580e-06 
 1.25443419e-02  9.99611912e-01  1.00972939e+00  3.47090162e-07  7.56945832e-12  3.46955461e-07 
 1.25693419e-02  9.99051030e-01  1.00963667e+00 -2.22604229e-06  3.11348668e-10 -2.22392984e-06 
 1.25943419e-02  9.98243647e-01  1.00928630e+00 -4.87381709e-06  1.49251480e-09 -4.86525695e-06 
 1.26193419e-02  9.97189963e-01  1.00867117e+00 -7.59139869e-06  3.62096055e-09 -7.57006657e-06 
 1.26443419e-02  9.95890236e-01  1.00778470e+00 -1.03722712e-05  6.75970776e-09 -1.03296436e-05 
 1.26693419e-02  9.94344789e-01  1.00662104e+00 -1.32084081e-05  1.09617818e-08 -1.31337118e-05 
 1.26943419e-02  9.92554002e-01  1.00517520e+00 -1.60904759e-05  1.62673935e-08 -1.59706663e-05 
 1.27193419e-02  9.90518317e-01  1.00344315e+00 -1.90080666e-05  2.27015800e-08 -1.88278382e-05 
 1.27443419e-02  9.88238237e-01  1.00142196e+00 -2.19499527e-05  3.02724360e-08 -2.16917825e-05 
 1.27693419e-02  9.85714323e-01  9.99109791e-01 -2.49043581e-05  3.89700440e-08 -2.45485825e-05 
 1.27943419e-02  9.82947200e-01  9.96506012e-01 -2.78592384e-05  4.87661726e-08 -2.73841604e-05 
 1.28193419e-02  9.79937549e-01  9.93611169e-01 -3.08025634e-05  5.96147754e-08 -3.01845884e-05 
 1.28443419e-02  9.76686112e-01  9.90426980e-01 -3.37225945e-05  7.14532776e-08 -3.29363898e-05 
 1.28693419e-02  9.73193694e-01  9.86956298e-01 -3.66081517e-05  8.42045962e-08 -3.56268224e-05 
 1.28943419e-02  9.69461154e-01  9.83203035e-01 -3.94488615e-05  9.77797990e-08 -3.82441388e-05 
 1.29193419e-02  9.65489414e-01  9.79172080e-01 -4.22353828e-05  1.12081275e-07 -4.07778150e-05 
 1.29443419e-02  9.61279454e-01  9.74869180e-01 -4.49596034e-05  1.27006263e-07 -4.32187431e-05 
 1.29693419e-02  9.56832313e-01  9.70300817e-01 -4.76148040e-05  1.42450571e-07 -4.55593830e-05 
 1.29943419e-02  9.52149088e-01  9.65474059e-01 -5.01957852e-05  1.58312314e-07 -4.77938711e-05 
 1.30193419e-02  9.47230934e-01  9.60396408e-01 -5.26989568e-05  1.74495499e-07 -4.99180821e-05 
 1.30443419e-02  9.42079065e-01  9.55075639e-01 -5.51223852e-05  1.90913305e-07 -5.19296452e-05 
 1.30693419e-02  9.36694752e-01  9.49519635e-01 -5.74658011e-05  2.07490933e-07 -5.38279143e-05 
 1.30943419e-02  9.31079324e-01  9.43736227e-01 -5.97305655e-05  2.24167911e-07 -5.56138946e-05 
 1.31193419e-02  9.25234166e-01  9.37733033e-01 -6.19195979e-05  2.40899805e-07 -5.72901275e-05 
 1.31443419e-02  9.19160720e-01  9.31517312e-01 -6.40372666e-05  2.57659266e-07 -5.88605401e-05 
 1.31693419e-02  9.12860485e-01  9.25095827e-01 -6.60892463e-05  2.74436449e-07 -6.03302615e-05 
 1.31943419e-02  9.06335016e-01  9.18474726e-01 -6.80823457e-05  2.91238787e-07 -6.17054139e-05 
 1.32193419e-02  8.99585922e-01  9.11659436e-01 -7.00243108e-05  3.08090196e-07 -6.29928842e-05 
 1.32443419e-02  8.92614868e-01  9.04654588e-01 -7.19236080e-05  3.25029757e-07 -6.42000818e-05 
 1.32693419e-02  8.85423575e-01  8.97463951e-01 -7.37891934e-05  3.42109961e-07 -6.53346915e-05 
 1.32943419e-02  8.78013817e-01  8.90090397e-01 -7.56302742e-05  3.59394596e-07 -6.64044258e-05 
 1.33193419e-02  8.70387423e-01  8.82535890e-01 -7.74560669e-05  3.76956359e-07 -6.74167865e-05 
 1.33443419e-02  8.62546273e-01  8.74801496e-01 -7.92755600e-05  3.94874264e-07 -6.83788388e-05 
 1.33693419e-02  8.54492303e-01  8.66887414e-01 -8.10972854e-05  4.13230936e-07 -6.92970062e-05 
 1.33943419e-02  8.46227499e-01  8.58793038e-01 -8.29291054e-05  4.32109837e-07 -7.01768895e-05 
 1.34193419e-02  8.37753902e-01  8.50517024e-01 -8.47780183e-05  4.51592493e-07 -7.10231156e-05 
 1.34443419e-02  8.29073602e-01  8.42057392e-01 -8.66499889e-05  4.71755765e-07 -7.18392184e-05 
 1.34693419e-02  8.20188740e-01  8.33411630e-01 -8.85498071e-05  4.92669222e-07 -7.26275547e-05 
 1.34943419e-02  8.11101508e-01  8.24576817e-01 -9.04809765e-05  5.14392646e-07 -7.33892565e-05 
 1.35193419e-02  8.01814150e-01  8.15549752e-01 -9.24456370e-05  5.36973720e-07 -7.41242198e-05 
 1.35443419e-02  7.92328955e-01  8.06327094e-01 -9.44445216e-05  5.60445949e-07 -7.48311291e-05 
 1.35693419e-02  7.82648266e-01  7.96905498e-01 -9.64769480e-05  5.84826853e-07 -7.55075161e-05 
 1.35943419e-02  7.72774470e-01  7.87281757e-01 -9.85408457e-05  6.10116489e-07 -7.61498498e-05 
 1.36193419e-02  7.62710003e-01  7.77452933e-01 -1.00632815e-04  6.36296360e-07 -7.67536549e-05 
 1.36443419e-02  7.52457349e-01  7.67416482e-01 -1.02748221e-04  6.63328743e-07 -7.73136541e-05 
 1.36693419e-02  7.42019037e-01  7.57170377e-01 -1.04881311e-04  6.91156512e-07 -7.78239291e-05 
 1.36943419e-02  7.31397644e-01  7.46713204e-01 -1.07025361e-04  7.19703466e-07 -7.82780967e-05 
 1.37193419e-02  7.20595788e-01  7.36044252e-01 -1.09172846e-04  7.48875211e-07 -7.86694929e-05 
 1.37443419e-02  7.09616137e-01  7.25163584e-01 -1.11315621e-04  7.78560594e-07 -7.89913609e-05 
 1.37693419e-02  6.98461399e-01  7.14072088e-01 -1.13445120e-04  8.08633686e-07 -7.92370371e-05 
 1.37943419e-02  6.87134325e-01  7.02771507e-01 -1.15552559e-04  8.38956276e-07 -7.94001295e-05 
 1.38193419e-02  6.75637712e-01  6.91264453e-01 -1.17629143e-04  8.69380830e-07 -7.94746851e-05 
 1.38443419e-02  6.63974394e-01  6.79554396e-01 -1.19666271e-04  8.99753836e-07 -7.94553397e-05 
 1.38693419e-02  6.52147252e-01  6.67645634e-01 -1.21655729e-04  9.29919430e-07 -7.93374492e-05 
 1.38943419e-02  6.40159201e-01  6.55543251e-01 -1.23589877e-04  9.59723197e-07 -7.91171969e-05 
 1.39193419e-02  6.28013201e-01  6.43253044e-01 -1.25461815e-04  9.89016010e-07 -7.87916758e-05 
 1.39443419e-02  6.15712248e-01  6.30781452e-01 -1.27265528e-04  1.01765779e-06 -7.83589444e-05 
 1.39693419e-02  6.03259378e-01  6.18135454e-01 -1.28996013e-04  1.04552102e-06 -7.78180546e-05 
 1.39943419e-02  5.90657662e-01  6.05322470e-01 -1.30649372e-04  1.07249394e-06 -7.71690526e-05 
 1.40193419e-02  5.77910210e-01  5.92350246e-01 -1.32222882e-04  1.09848323e-06 -7.64129536e-05 
 1.40443419e-02  5.65020167e-01  5.79226738e-01 -1.33715035e-04  1.12341619e-06 -7.55516914e-05 
 1.40693419e-02  5.51990714e-01  5.65959989e-01 -1.35125545e-04  1.14724219e-06 -7.45880462e-05 
 1.40943419e-02  5.38825066e-01  5.52558012e-01 -1.36455330e-04  1.16993356e-06 -7.35255522e-05 
 1.41193419e-02  5.25526471e-01  5.39028673e-01 -1.37706460e-04  1.19148567e-06 -7.23683900e-05 
 1.41443419e-02  5.12098210e-01  5.25379577e-01 -1.38882083e-04  1.21191633e-06 -7.11212663e-05 
 1.41693419e-02  4.98543596e-01  5.11617975e-01 -1.39986323e-04  1.23126463e-06 -6.97892848e-05 
 1.41943419e-02  4.84865974e-01  4.97750666e-01 -1.41024154e-04  1.24958902e-06 -6.83778138e-05 
 1.42193419e-02  4.71068719e-01  4.83783924e-01 -1.42001263e-04  1.26696497e-06 -6.68923531e-05 
 1.42443419e-02  4.57155234e-01  4.69723433e-01 -1.42923890e-04  1.28348220e-06 -6.53384044e-05 
 1.42693419e-02  4.43128954e-01  4.55574245e-01 -1.43798661e-04  1.29924148e-06 -6.37213502e-05 
 1.42943419e-02  4.28993338e-01  4.41340744e-01 -1.44632414e-04  1.31435131e-06 -6.20463421e-05 
 1.43193419e-02  4.14751874e-01  4.27026640e-01 -1.45432023e-04  1.32892443e-06 -6.03182042e-05 
 1.43443419e-02  4.00408076e-01  4.12634971e-01 -1.46204224e-04  1.34307427e-06 -5.85413519e-05 
 1.43693419e-02  3.85965484e-01  3.98168123e-01 -1.46955443e-04  1.35691157e-06 -5.67197287e-05 
 1.43943419e-02  3.71427660e-01  3.83627875e-01 -1.47691645e-04  1.37054105e-06 -5.48567622e-05 
 1.44193419e-02  3.56798193e-01  3.69015443e-01 -1.48418185e-04  1.38405844e-06 -5.29553403e-05 
 1.44443419e-02  3.42080690e-01  3.54331553e-01 -1.49139684e-04  1.39754766e-06 -5.10178059e-05 
 1.44693419e-02  3.27278785e-01  3.39576516e-01 -1.49859919e-04  1.41107851e-06 -4.90459721e-05 
 1.44943419e-02  3.12396128e-01  3.24750317e-01 -1.50581744e-04  1.42470463e-06 -4.70411537e-05 
 1.45193419e-02  2.97436392e-01  3.09852706e-01 -1.51307026e-04  1.43846196e-06 -4.50042159e-05 
 1.45443419e-02  2.82403268e-01  2.94883299e-01 -1.52036612e-04  1.45236762e-06 -4.29356361e-05 
 1.45693419e-02  2.67300466e-01  2.79841683e-01 -1.52770318e-04  1.46641927e-06 -4.08355772e-05 
 1.45943419e-02  2.52131711e-01  2.64727508e-01 -1.53506947e-04  1.48059495e-06 -3.87039692e-05 
 1.46193419e-02  2.36900746e-01  2.49540594e-01 -1.54244328e-04  1.49485338e-06 -3.65405964e-05 
 1.46443419e-02  2.21611329e-01  2.34281018e-01 -1.54979381e-04  1.50913481e-06 -3.43451867e-05 
 1.46693419e-02  2.06267234e-01  2.18949203e-01 -1.55708202e-04  1.52336219e-06 -3.21175000e-05 
 1.46943419e-02  1.90872245e-01  2.03545991e-01 -1.56426167e-04  1.53744291e-06 -2.98574136e-05 
 1.47193419e-02  1.75430161e-01  1.88072713e-01 -1.57128053e-04  1.55127093e-06 -2.75649996e-05 
 1.47443419e-02  1.59944792e-01  1.72531236e-01 -1.57808173e-04  1.56472916e-06 -2.52405954e-05 
 1.47693419e-02  1.44419959e-01  1.56924004e-01 -1.58460514e-04  1.57769232e-06 -2.28848609e-05 
 1.47943419e-02  1.28859493e-01  1.41254065e-01 -1.59078890e-04  1.59002993e-06 -2.04988252e-05 
 1.48193419e-02  1.13267233e-01  1.25525078e-01 -1.59657094e-04  1.60160949e-06 -1.80839172e-05 
 1.48443419e-02  9.76470255e-02  1.09741306e-01 -1.60189042e-04  1.61229981e-06 -1.56419835e-05 
 1.48693419e-02  8.20027252e-02  9.39076027e-02 -1.60668922e-04  1.62197425e-06 -1.31752895e-05 
 1.48943419e-02  6.63381921e-02  7.80293733e-02 -1.61091329e-04  1.63051396e-06 -1.06865075e-05 
 1.49193419e-02  5.06572909e-02  6.21125309e-02 -1.61451385e-04  1.63781085e-06 -8.17868978e-06 
 1.49443419e-02  3.49638908e-02  4.61634384e-02 -1.61744854e-04  1.64377033e-06 -5.65522943e-06 
 1.49693419e-02  1.92618639e-02  3.01888405e-02 -1.61968231e-04  1.64831371e-06 -3.11981003e-06 
 1.49943419e-02  3.55508447e-03  1.41957884e-02 -1.62118816e-04  1.65138006e-06 -5.76346083e-07 
 1.50193419e-02 -1.21525722e-02 -1.80844276e-03 -1.62194765e-04  1.65292770e-06  1.97108359e-06 
 1.50443419e-02 -2.78572303e-02 -1.78164397e-02 -1.62195126e-04  1.65293506e-06  4.51830698e-06 
 1.50693419e-02 -4.35550151e-02 -3.38207393e-02 -1.62119843e-04  1.65140100e-06  7.06113224e-06 
 1.50943419e-02 -5.92420534e-02 -4.98139171e-02 -1.61969749e-04  1.64834461e-06  9.59542054e-06 
 1.51193419e-02 -7.49144746e-02 -6.57886725e-02 -1.61746528e-04  1.64380436e-06  1.21171562e-05 
 1.51443419e-02 -9.05684117e-02 -8.17379107e-02 -1.61452664e-04  1.63783679e-06  1.46225113e-05 
 1.51693419e-02 -1.06200002e-01 -9.76548181e-02 -1.61091367e-04  1.63051474e-06  1.71079036e-05 
 1.51943419e-02 -1.21805390e-01 -1.13532929e-01 -1.60666491e-04  1.62192515e-06  1.95700446e-05 
 1.52193419e-02 -1.37380724e-01 -1.29366186e-01 -1.60182422e-04  1.61216655e-06  2.20059771e-05 
 1.52443419e-02 -1.52922161e-01 -1.45148984e-01 -1.59643974e-04  1.60134627e-06  2.44131015e-05 
 1.52693419e-02 -1.68425867e-01 -1.60876207e-01 -1.59056261e-04  1.58957759e-06  2.67891887e-05 
 1.52943419e-02 -1.83888016e-01 -1.76543256e-01 -1.58424573e-04  1.57697673e-06  2.91323805e-05 
 1.53193419e-02 -1.99304794e-01 -1.92146053e-01 -1.57754246e-04  1.56365994e-06  3.14411776e-05 
 1.53443419e-02 -2.14672396e-01 -2.07681044e-01 -1.57050535e-04  1.54974069e-06  3.37144148e-05 
 1.53693419e-02 -2.29987031e-01 -2.23145183e-01 -1.56318489e-04  1.53532701e-06  3.59512253e-05 
 1.53943419e-02 -2.45244921e-01 -2.38535907e-01 -1.55562835e-04  1.52051914e-06  3.81509951e-05 
 1.54193419e-02 -2.60442299e-01 -2.53851098e-01 -1.54787871e-04  1.50540741e-06  4.03133091e-05 
 1.54443419e-02 -2.75575418e-01 -2.69089036e-01 -1.53997374e-04  1.49007052e-06  4.24378906e-05 
 1.54693419e-02 -2.90640542e-01 -2.84248346e-01 -1.53194515e-04  1.47457418e-06  4.45245369e-05 
 1.54943419e-02 -3.05633955e-01 -2.99327930e-01 -1.52381800e-04  1.45897010e-06  4.65730523e-05 
 1.55193419e-02 -3.20551958e-01 -3.14326905e-01 -1.51561022e-04  1.44329545e-06  4.85831822e-05 
 1.55443419e-02 -3.35390869e-01 -3.29244526e-01 -1.50733231e-04  1.42757262e-06  5.05545493e-05 
 1.55693419e-02 -3.50147028e-01 -3.44080116e-01 -1.49898728e-04  1.41180946e-06  5.24865941e-05 
 1.55943419e-02 -3.64816792e-01 -3.58832991e-01 -1.49057072e-04  1.39599983e-06  5.43785230e-05 
 1.56193419e-02 -3.79396544e-01 -3.73502388e-01 -1.48207108e-04  1.38012447e-06  5.62292645e-05 
 1.56443419e-02 -3.93882686e-01 -3.88087397e-01 -1.47347010e-04  1.36415227e-06  5.80374361e-05 
 1.56693419e-02 -4.08271642e-01 -4.02586897e-01 -1.46474345e-04  1.34804169e-06  5.98013215e-05 
 1.56943419e-02 -4.22559864e-01 -4.16999502e-01 -1.45586144e-04  1.33174257e-06  6.15188614e-05 
 1.57193419e-02 -4.36743826e-01 -4.31323510e-01 -1.44678990e-04  1.31519797e-06  6.31876557e-05 
 1.57443419e-02 -4.50820027e-01 -4.45556864e-01 -1.43749114e-04  1.29834631e-06  6.48049797e-05 
 1.57693419e-02 -4.64784996e-01 -4.59697124e-01 -1.42792500e-04  1.28112346e-06  6.63678113e-05 
 1.57943419e-02 -4.78635285e-01 -4.73741445e-01 -1.41804989e-04  1.26346499e-06  6.78728712e-05 
 1.58193419e-02 -4.92367479e-01 -4.87686571e-01 -1.40782394e-04  1.24530831e-06  6.93166726e-05 
 1.58443419e-02 -5.05978188e-01 -5.01528837e-01 -1.39720610e-04  1.22659485e-06  7.06955810e-05 
 1.58693419e-02 -5.19464055e-01 -5.15264182e-01 -1.38615713e-04  1.20727197e-06  7.20058803e-05 
 1.58943419e-02 -5.32821752e-01 -5.28888171e-01 -1.37464068e-04  1.18729482e-06  7.32438453e-05 
 1.59193419e-02 -5.46047983e-01 -5.42396029e-01 -1.36262415e-04  1.16662790e-06  7.44058169e-05 
 1.59443419e-02 -5.59139485e-01 -5.55782683e-01 -1.35007955e-04  1.14524634e-06  7.54882786e-05 
 1.59693419e-02 -5.72093027e-01 -5.69042809e-01 -1.33698416e-04  1.12313696e-06  7.64879317e-05 
 1.59943419e-02 -5.84905414e-01 -5.82170887e-01 -1.32332109e-04  1.10029886e-06  7.74017671e-05 
 1.60193419e-02 -5.97573485e-01 -5.95161262e-01 -1.30907969e-04  1.07674375e-06  7.82271310e-05 
 1.60443419e-02 -6.10094113e-01 -6.08008205e-01 -1.29425578e-04  1.05249592e-06  7.89617834e-05 
 1.60693419e-02 -6.22464209e-01 -6.20705980e-01 -1.27885180e-04  1.02759180e-06  7.96039474e-05 
 1.60943419e-02 -6.34680722e-01 -6.33248906e-01 -1.26287665e-04  1.00207923e-06  8.01523466e-05 
 1.61193419e-02 -6.46740637e-01 -6.45631419e-01 -1.24634555e-04  9.76016421e-07  8.06062312e-05 
 1.61443419e-02 -6.58640978e-01 -6.57848137e-01 -1.22927959e-04  9.49470630e-07  8.09653912e-05 
 1.61693419e-02 -6.70378810e-01 -6.69893913e-01 -1.21170530e-04  9.22516635e-07  8.12301555e-05 
 1.61943419e-02 -6.81951235e-01 -6.81763883e-01 -1.19365395e-04  8.95235035e-07  8.14013784e-05 
 1.62193419e-02 -6.93355399e-01 -6.93453514e-01 -1.17516085e-04  8.67710443e-07  8.14804122e-05 
 1.62443419e-02 -7.04588488e-01 -7.04958635e-01 -1.15626454e-04  8.40029635e-07  8.14690685e-05 
 1.62693419e-02 -7.15647731e-01 -7.16275469e-01 -1.13700587e-04  8.12279710e-07  8.13695670e-05 
 1.62943419e-02 -7.26530398e-01 -7.27400648e-01 -1.11742709e-04  7.84546317e-07  8.11844752e-05 
 1.63193419e-02 -7.37233805e-01 -7.38331223e-01 -1.09757094e-04  7.56912007e-07  8.09166402e-05 
 1.63443419e-02 -7.47755310e-01 -7.49064666e-01 -1.07747965e-04  7.29454737e-07  8.05691132e-05 
 1.63693419e-02 -7.58092318e-01 -7.59598857e-01 -1.05719408e-04  7.02246593e-07  8.01450713e-05 
 1.63943419e-02 -7.68242278e-01 -7.69932069e-01 -1.03675284e-04  6.75352727e-07  7.96477361e-05 
 1.64193419e-02 -7.78202685e-01 -7.80062942e-01 -1.01619148e-04  6.48830549e-07  7.90802936e-05 
 1.64443419e-02 -7.87971083e-01 -7.89990446e-01 -9.95541825e-05  6.22729176e-07  7.84458170e-05 
 1.64693419e-02 -7.97545060e-01 -7.99713846e-01 -9.74831352e-05  5.97089136e-07  7.77471929e-05 
 1.64943419e-02 -8.06922256e-01 -8.09232654e-01 -9.54082705e-05  5.71942328e-07  7.69870568e-05 
 1.65193419e-02 -8.16100355e-01 -8.18546579e-01 -9.33313342e-05  5.47312215e-07  7.61677350e-05 
 1.65443419e-02 -8.25077094e-01 -8.27655475e-01 -9.12535313e-05  5.23214236e-07  7.52911984e-05 
 1.65693419e-02 -8.33850257e-01 -8.36559291e-01 -8.91755170e-05  4.99656411e-07  7.43590277e-05 
 1.65943419e-02 -8.42417680e-01 -8.45258009e-01 -8.70974014e-05  4.76640113e-07  7.33723909e-05 
 1.66193419e-02 -8.50777250e-01 -8.53751600e-01 -8.50187683e-05  4.54160972e-07  7.23320339e-05 
 1.66443419e-02 -8.58926902e-01 -8.62039968e-01 -8.29387054e-05  4.32209887e-07  7.12382853e-05 
 1.66693419e-02 -8.66864628e-01 -8.70122904e-01 -8.08558474e-05  4.10774105e-07  7.00910740e-05 
 1.66943419e-02 -8.74588467e-01 -8.78000045e-01 -7.87684286e-05  3.89838346e-07  6.88899593e-05 
 1.67193419e-02 -8.82096515e-01 -8.85670837e-01 -7.66743456e-05  3.69385930e-07  6.76341731e-05 
 1.67443419e-02 -8.89386919e-01 -8.93134506e-01 -7.45712263e-05  3.49399889e-07  6.63226732e-05 
 1.67693419e-02 -8.96457880e-01 -9.00390032e-01 -7.24565049e-05  3.29864026e-07  6.49542048e-05 
 1.67943419e-02 -9.03307653e-01 -9.07436139e-01 -7.03275014e-05  3.10763904e-07  6.35273702e-05 
 1.68193419e-02 -9.09934549e-01 -9.14271283e-01 -6.81815008e-05  2.92087725e-07  6.20407032e-05 
 1.68443419e-02 -9.16336932e-01 -9.20893655e-01 -6.60158343e-05  2.73827099e-07  6.04927471e-05 
 1.68693419e-02 -9.22513222e-01 -9.27301189e-01 -6.38279565e-05  2.55977666e-07  5.88821339e-05 
 1.68943419e-02 -9.28461896e-01 -9.33491575e-01 -6.16155194e-05  2.38539564e-07  5.72076620e-05 
 1.69193419e-02 -9.34181487e-01 -9.39462288e-01 -5.93764401e-05  2.21517736e-07  5.54683710e-05 
 1.69443419e-02 -9.39670581e-01 -9.45210611e-01 -5.71089613e-05  2.04922061e-07  5.36636108e-05 
 1.69693419e-02 -9.44927826e-01 -9.50733674e-01 -5.48117031e-05  1.88767310e-07  5.17931035e-05 
 1.69943419e-02 -9.49951925e-01 -9.56028489e-01 -5.24837049e-05  1.73072936e-07  4.98569964e-05 
 1.70193419e-02 -9.54741637e-01 -9.61091998e-01 -5.01244559e-05  1.57862703e-07  4.78559051e-05 
 1.70443419e-02 -9.59295780e-01 -9.65921114e-01 -4.77339156e-05  1.43164162e-07  4.57909438e-05 
 1.70693419e-02 -9.63613232e-01 -9.70512771e-01 -4.53125209e-05  1.29008000e-07  4.36637447e-05 
 1.70943419e-02 -9.67692927e-01 -9.74863968e-01 -4.28611832e-05  1.15427291e-07  4.14764638e-05 
 1.71193419e-02 -9.71533858e-01 -9.78971818e-01 -4.03812727e-05  1.02456661e-07  3.92317736e-05 
 1.71443419e-02 -9.75135077e-01 -9.82833590e-01 -3.78745930e-05  9.01314050e-08  3.69328441e-05 
 1.71693419e-02 -9.78495697e-01 -9.86446750e-01 -3.53433445e-05  7.84865936e-08  3.45833105e-05 
 1.71943419e-02 -9.81614887e-01 -9.89808999e-01 -3.27900798e-05  6.75561888e-08  3.21872305e-05 
 1.72193419e-02 -9.84491878e-01 -9.92918305e-01 -3.02176506e-05  5.73722105e-08  2.97490316e-05 
 1.72443419e-02 -9.87125961e-01 -9.95772930e-01 -2.76291482e-05  4.79639768e-08  2.72734495e-05 
 1.72693419e-02 -9.89516486e-01 -9.98371448e-01 -2.50278396e-05  3.93574468e-08  2.47654598e-05 
 1.72943419e-02 -9.91662862e-01 -1.00071276e+00 -2.24170999e-05  3.15746866e-08  2.22302055e-05 
 1.73193419e-02 -9.93564560e-01 -1.00279611e+00 -1.98003436e-05  2.46334731e-08  1.96729197e-05 
 1.73443419e-02 -9.95221110e-01 -1.00462106e+00 -1.71809555e-05  1.85470490e-08  1.70988496e-05 
 1.73693419e-02 -9.96632105e-01 -1.00618752e+00 -1.45622236e-05  1.33240294e-08  1.45131796e-05 
 1.73943419e-02 -9.97797196e-01 -1.00749572e+00 -1.19472759e-05  8.96846217e-09  1.19209584e-05 
 1.74193419e-02 -9.98716095e-01 -1.00854615e+00 -9.33902151e-06  5.48003011e-09  9.32703110e-06 
 1.74443419e-02 -9.99388576e-01 -1.00933962e+00 -6.74009811e-06  2.85438551e-09  6.73597705e-06 
 1.74693419e-02 -9.99814473e-01 -1.00987717e+00 -4.15282713e-06  1.08359726e-09  4.15205667e-06 
 1.74943419e-02 -9.99993681e-01 -1.01016003e+00 -1.57917711e-06  1.56690213e-10  1.57916713e-06 
 1.75193419e-02 -9.99926155e-01 -1.01018964e+00  9.79263773e-07  6.02531241e-11 -9.79191459e-07 
 1.75443419e-02 -9.99611912e-01 -1.00996754e+00  3.52130540e-06  7.79089908e-10 -3.51993883e-06 
 1.75693419e-02 -9.99051030e-01 -1.00949541e+00  6.04616353e-06  2.29688881e-09 -6.04042591e-06 
 1.75943419e-02 -9.98243647e-01 -1.00877494e+00  8.55345758e-06  4.59688463e-09 -8.53843469e-06 
 1.76193419e-02 -9.97189963e-01 -1.00780789e+00  1.10431986e-05  7.66249067e-09 -1.10121668e-05 
 1.76443419e-02 -9.95890236e-01 -1.00659595e+00  1.35157680e-05  1.14778793e-08 -1.34602214e-05 
 1.76693419e-02 -9.94344789e-01 -1.00514080e+00  1.59718876e-05  1.60284927e-08 -1.58815632e-05 
 1.76943419e-02 -9.92554002e-01 -1.00344399e+00  1.84125816e-05  2.13014695e-08 -1.82754816e-05 
 1.77193419e-02 -9.90518317e-01 -1.00150700e+00  2.08391324e-05  2.72859741e-08 -2.06415424e-05 
 1.77443419e-02 -9.88238237e-01 -9.99331135e-01  2.32530302e-05  3.39734229e-08 -2.29795336e-05 
 1.77693419e-02 -9.85714323e-01 -9.96917575e-01  2.56559187e-05  4.13576007e-08 -2.52894066e-05 
 1.77943419e-02 -9.82947200e-01 -9.94267318e-01  2.80495380e-05  4.94346676e-08 -2.75712149e-05 
 1.78193419e-02 -9.79937549e-01 -9.91381189e-01  3.04356658e-05  5.82030585e-08 -2.98250518e-05 
 1.78443419e-02 -9.76686112e-01 -9.88259842e-01  3.28160589e-05  6.76632785e-08 -3.20509890e-05 
 1.78693419e-02 -9.73193694e-01 -9.84903760e-01  3.51923958e-05  7.78176050e-08 -3.42490177e-05 
 1.78943419e-02 -9.69461154e-01 -9.81313267e-01  3.75662229e-05  8.86697034e-08 -3.64189938e-05 
 1.79193419e-02 -9.65489414e-01 -9.77488543e-01  3.99389038e-05  1.00224171e-07 -3.85605888e-05 
 1.79443419e-02 -9.61279454e-01 -9.73429645e-01  4.23115745e-05  1.12486024e-07 -4.06732472e-05 
 1.79693419e-02 -9.56832313e-01 -9.69136531e-01  4.46851048e-05  1.25460136e-07 -4.27561522e-05 
 1.79943419e-02 -9.52149088e-01 -9.64609089e-01  4.70600669e-05  1.39150661e-07 -4.48081997e-05 
 1.80193419e-02 -9.47230934e-01 -9.59847165e-01  4.94367115e-05  1.53560437e-07 -4.68279824e-05 
 1.80443419e-02 -9.42079065e-01 -9.54850597e-01  5.18149525e-05  1.68690413e-07 -4.88137820e-05 
 1.80693419e-02 -9.36694752e-01 -9.49619248e-01  5.41943600e-05  1.84539091e-07 -5.07635726e-05 
 1.80943419e-02 -9.31079324e-01 -9.44153041e-01  5.65741619e-05  2.01102028e-07 -5.26750324e-05 
 1.81193419e-02 -9.25234166e-01 -9.38451992e-01  5.89532539e-05  2.18371398e-07 -5.45455647e-05 
 1.81443419e-02 -9.19160720e-01 -9.32516242e-01  6.13302175e-05  2.36335631e-07 -5.63723269e-05 
 1.81693419e-02 -9.12860485e-01 -9.26346084e-01  6.37033455e-05  2.54979153e-07 -5.81522669e-05 
 1.81943419e-02 -9.06335016e-01 -9.19941994e-01  6.60706740e-05  2.74282227e-07 -5.98821654e-05 
 1.82193419e-02 -8.99585922e-01 -9.13304652e-01  6.84300207e-05  2.94220911e-07 -6.15586832e-05 
 1.82443419e-02 -8.92614868e-01 -9.06434962e-01  7.07790275e-05  3.14767130e-07 -6.31784123e-05 
 1.82693419e-02 -8.85423575e-01 -8.99334067e-01  7.31152071e-05  3.35888876e-07 -6.47379281e-05 
 1.82943419e-02 -8.78013817e-01 -8.92003360e-01  7.54359921e-05  3.57550513e-07 -6.62338434e-05 
 1.83193419e-02 -8.70387423e-01 -8.84444489e-01  7.77387855e-05  3.79713201e-07 -6.76628612e-05 
 1.83443419e-02 -8.62546273e-01 -8.76659356e-01  8.00210108e-05  4.02335411e-07 -6.90218246e-05 
 1.83693419e-02 -8.54492303e-01 -8.68650116e-01  8.22801615e-05  4.25373532e-07 -7.03077647e-05 
 1.83943419e-02 -8.46227499e-01 -8.60419163e-01  8.45138480e-05  4.48782532e-07 -7.15179423e-05 
 1.84193419e-02 -8.37753902e-01 -8.51969120e-01  8.67198410e-05  4.72516674e-07 -7.26498852e-05 
 1.84443419e-02 -8.29073602e-01 -8.43302822e-01  8.88961103e-05  4.96530248e-07 -7.37014183e-05 
 1.84693419e-02 -8.20188740e-01 -8.34423290e-01  9.10408589e-05  5.20778307e-07 -7.46706873e-05 
 1.84943419e-02 -8.11101508e-01 -8.25333711e-01  9.31525503e-05  5.45217380e-07 -7.55561741e-05 
 1.85193419e-02 -8.01814150e-01 -8.16037410e-01  9.52299295e-05  5.69806132e-07 -7.63567050e-05 
 1.85443419e-02 -7.92328955e-01 -8.06537820e-01  9.72720371e-05  5.94505962e-07 -7.70714515e-05 
 1.85693419e-02 -7.82648266e-01 -7.96838455e-01  9.92782155e-05  6.19281516e-07 -7.76999232e-05 
 1.85943419e-02 -7.72774470e-01 -7.86942879e-01  1.01248109e-04  6.44101092e-07 -7.82419539e-05 
 1.86193419e-02 -7.62710003e-01 -7.76854676e-01  1.03181656e-04  6.68936938e-07 -7.86976809e-05 
 1.86443419e-02 -7.52457349e-01 -7.66577423e-01  1.05079072e-04  6.93765422e-07 -7.90675200e-05 
 1.86693419e-02 -7.42019037e-01 -7.56114662e-01  1.06940833e-04  7.18567078e-07 -7.93521337e-05 
 1.86943419e-02 -7.31397644e-01 -7.45469877e-01  1.08767643e-04  7.43326523e-07 -7.95523980e-05 
 1.87193419e-02 -7.20595788e-01 -7.34646473e-01  1.10560408e-04  7.68032256e-07 -7.96693646e-05 
 1.87443419e-02 -7.09616137e-01 -7.23647758e-01  1.12320195e-04  7.92676331e-07 -7.97042229e-05 
 1.87693419e-02 -6.98461399e-01 -7.12476928e-01  1.14048194e-04  8.17253934e-07 -7.96582613e-05 
 1.87943419e-02 -6.87134325e-01 -7.01137056e-01  1.15745679e-04  8.41762867e-07 -7.95328288e-05 
 1.88193419e-02 -6.75637712e-01 -6.89631091e-01  1.17413960e-04  8.66202956e-07 -7.93292990e-05 
 1.88443419e-02 -6.63974394e-01 -6.77961850e-01  1.19054345e-04  8.90575395e-07 -7.90490366e-05 
 1.88693419e-02 -6.52147252e-01 -6.66132024e-01  1.20668096e-04  9.14882068e-07 -7.86933674e-05 
 1.88943419e-02 -6.40159201e-01 -6.54144183e-01  1.22256390e-04  9.39124835e-07 -7.82635527e-05 
 1.89193419e-02 -6.28013201e-01 -6.42000788e-01  1.23820278e-04  9.63304833e-07 -7.77607689e-05 
 1.89443419e-02 -6.15712248e-01 -6.29704204e-01  1.25360656e-04  9.87421792e-07 -7.71860916e-05 
 1.89693419e-02 -6.03259378e-01 -6.17256715e-01  1.26878237e-04  1.01147339e-06 -7.65404862e-05 
 1.89943419e-02 -5.90657662e-01 -6.04660548e-01  1.28373521e-04  1.03545469e-06 -7.58248036e-05 
 1.90193419e-02 -5.77910210e-01 -5.91917889e-01  1.29846782e-04  1.05935758e-06 -7.50397813e-05 
 1.90443419e-02 -5.65020167e-01 -5.79030910e-01  1.31298057e-04  1.08317042e-06 -7.41860500e-05 
 1.90693419e-02 -5.51990714e-01 -5.66001791e-01  1.32727134e-04  1.10687766e-06 -7.32641453e-05 
 1.90943419e-02 -5.38825066e-01 -5.52832746e-01  1.34133558e-04  1.13045969e-06 -7.22745230e-05 
 1.91193419e-02 -5.25526471e-01 -5.39526044e-01  1.35516635e-04  1.15389266e-06 -7.12175789e-05 
 1.91443419e-02 -5.12098210e-01 -5.26084036e-01  1.36875446e-04  1.17714859e-06 -7.00936708e-05 
 1.91693419e-02 -4.98543596e-01 -5.12509172e-01  1.38208863e-04  1.20019546e-06 -6.89031433e-05 
 1.91943419e-02 -4.84865974e-01 -4.98804022e-01  1.39515571e-04  1.22299746e-06 -6.76463534e-05 
 1.92193419e-02 -4.71068719e-01 -4.84971297e-01  1.40794101e-04  1.24551542e-06 -6.63236967e-05 
 1.92443419e-02 -4.57155234e-01 -4.71013855e-01  1.42042853e-04  1.26770722e-06 -6.49356337e-05 
 1.92693419e-02 -4.43128954e-01 -4.56934719e-01  1.43260135e-04  1.28952838e-06 -6.34827137e-05 
 1.92943419e-02 -4.28993338e-01 -4.42737081e-01  1.44444197e-04  1.31093269e-06 -6.19655983e-05 
 1.93193419e-02 -4.14751874e-01 -4.28424309e-01  1.45593269e-04  1.33187292e-06 -6.03850811e-05 
 1.93443419e-02 -4.00408076e-01 -4.13999940e-01  1.46705595e-04  1.35230155e-06 -5.87421050e-05 
 1.93693419e-02 -3.85965484e-01 -3.99467687e-01  1.47779471e-04  1.37217154e-06 -5.70377751e-05 
 1.93943419e-02 -3.71427660e-01 -3.84831424e-01  1.48813281e-04  1.39143710e-06 -5.52733688e-05 
 1.94193419e-02 -3.56798193e-01 -3.70095178e-01  1.49805526e-04  1.41005438e-06 -5.34503411e-05 
 1.94443419e-02 -3.42080690e-01 -3.55263121e-01  1.50754856e-04  1.42798226e-06 -5.15703252e-05 
 1.94693419e-02 -3.27278785e-01 -3.40339543e-01  1.51660091e-04  1.44518292e-06 -4.96351304e-05 
 1.94943419e-02 -3.12396128e-01 -3.25328848e-01  1.52520248e-04  1.46162242e-06 -4.76467348e-05 
 1.95193419e-02 -2.97436392e-01 -3.10235521e-01  1.53334549e-04  1.47727121e-06 -4.56072750e-05 
 1.95443419e-02 -2.82403268e-01 -2.95064116e-01  1.54102440e-04  1.49210444e-06 -4.35190327e-05 
 1.95693419e-02 -2.67300466e-01 -2.79819230e-01  1.54823590e-04  1.50610226e-06 -4.13844178e-05 
 1.95943419e-02 -2.52131711e-01 -2.64505481e-01  1.55497896e-04  1.51924994e-06 -3.92059505e-05 
 1.96193419e-02 -2.36900746e-01 -2.49127487e-01  1.56125474e-04  1.53153784e-06 -3.69862412e-05 
 1.96443419e-02 -2.21611329e-01 -2.33689843e-01  1.56706651e-04  1.54296137e-06 -3.47279693e-05 
 1.96693419e-02 -2.06267234e-01 -2.18197103e-01  1.57241950e-04  1.55352067e-06 -3.24338621e-05 
 1.96943419e-02 -1.90872245e-01 -2.02653760e-01  1.57732071e-04  1.56322037e-06 -3.01066745e-05 
 1.97193419e-02 -1.75430161e-01 -1.87064232e-01  1.58177867e-04  1.57206907e-06 -2.77491686e-05 
 1.97443419e-02 -1.59944792e-01 -1.71432845e-01  1.58580318e-04  1.58007885e-06 -2.53640959e-05 
 1.97693419e-02 -1.44419959e-01 -1.55763823e-01  1.58940503e-04  1.58726470e-06 -2.29541809e-05 
 1.97943419e-02 -1.28859493e-01 -1.40061281e-01  1.59259570e-04  1.59364384e-06 -2.05221074e-05 
 1.98193419e-02 -1.13267233e-01 -1.24329219e-01  1.59538704e-04  1.59923509e-06 -1.80705075e-05 
 1.98443419e-02 -9.76470255e-02 -1.08571520e-01  1.59779096e-04  1.60405817e-06 -1.56019535e-05 
 1.98693419e-02 -8.20027252e-02 -9.27919494e-02  1.59981912e-04  1.60813298e-06 -1.31189528e-05 
 1.98943419e-02 -6.63381921e-02 -7.69941611e-02  1.60148263e-04  1.61147902e-06 -1.06239462e-05 
 1.99193419e-02 -5.06572909e-02 -6.11817033e-02  1.60279177e-04  1.61411473e-06 -8.11930891e-06 
 1.99443419e-02 -3.49638908e-02 -4.53580279e-02  1.60375578e-04  1.61605694e-06 -5.60735418e-06 
 1.99693419e-02 -1.92618639e-02 -2.95265023e-02  1.60438257e-04  1.61732039e-06 -3.09033987e-06 
 1.99943419e-02 -3.55508447e-03 -1.36904227e-02  1.60467861e-04  1.61791731e-06 -5.70476800e-07 
 2.00193419e-02  1.21525722e-02  2.14697052e-03  1.60464877e-04  1.61785713e-06  1.95006100e-06 
 2.00443419e-02  2.78572303e-02  1.79824766e-02  1.60429620e-04  1.61714626e-06  4.46912487e-06 
 2.00693419e-02  4.35550151e-02  3.38129174e-02  1.60362231e-04  1.61578798e-06  6.98457941e-06 
 2.00943419e-02  5.92420534e-02  4.96351198e-02  1.60262676e-04  1.61378239e-06  9.49429001e-06 
 2.01193419e-02  7.49144746e-02  6.54458991e-02  1.60130749e-04  1.61112657e-06  1.19961109e-05 
 2.01443419e-02  9.05684117e-02  8.12420419e-02  1.59966080e-04  1.60781472e-06  1.44878738e-05 
 2.01693419e-02  1.06200002e-01  9.70202913e-02  1.59768152e-04  1.60383843e-06  1.69673781e-05 
 2.01943419e-02  1.21805390e-01  1.12777332e-01  1.59536310e-04  1.59918710e-06  1.94323824e-05 
 2.02193419e-02  1.37380724e-01  1.28509780e-01  1.59269786e-04  1.59384830e-06  2.18805985e-05 
 2.02443419e-02  1.52922161e-01  1.44214169e-01  1.58967719e-04  1.58780835e-06  2.43096872e-05 
 2.02693419e-02  1.68425867e-01  1.59886945e-01  1.58629182e-04  1.58105275e-06  2.67172574e-05 
 2.02943419e-02  1.83888016e-01  1.75524461e-01  1.58253201e-04  1.57356685e-06  2.91008672e-05 
 2.03193419e-02  1.99304794e-01  1.91122973e-01  1.57838790e-04  1.56533638e-06  3.14580276e-05 
 2.03443419e-02  2.14672396e-01  2.06678640e-01  1.57384974e-04  1.55634805e-06  3.37862095e-05 
 2.03693419e-02  2.29987031e-01  2.22187526e-01  1.56890813e-04  1.54659009e-06  3.60828524e-05 
 2.03943419e-02  2.45244921e-01  2.37645606e-01  1.56355434e-04  1.53605282e-06  3.83453759e-05 
 2.04193419e-02  2.60442299e-01  2.53048774e-01  1.55778046e-04  1.52472913e-06  4.05711926e-05 
 2.04443419e-02  2.75575418e-01  2.68392849e-01  1.55157971e-04  1.51261490e-06  4.27577226e-05 
 2.04693419e-02  2.90640542e-01  2.83673591e-01  1.54494653e-04  1.49970935e-06  4.49024097e-05 
 2.04943419e-02  3.05633955e-01  2.98886712e-01  1.53787682e-04  1.48601534e-06  4.70027374e-05 
 2.05193419e-02  3.20551958e-01  3.14027890e-01  1.53036800e-04  1.47153957e-06  4.90562458e-05 
 2.05443419e-02  3.35390869e-01  3.29092789e-01  1.52241913e-04  1.45629265e-06  5.10605476e-05 
 2.05693419e-02  3.50147028e-01  3.44077067e-01  1.51403094e-04  1.44028917e-06  5.30133434e-05 
 2.05943419e-02  3.64816792e-01  3.58976401e-01  1.50520583e-04  1.42354755e-06  5.49124365e-05 
 2.06193419e-02  3.79396544e-01  3.73786498e-01  1.49594786e-04  1.40608995e-06  5.67557448e-05 
 2.06443419e-02  3.93882686e-01  3.88503115e-01  1.48626264e-04  1.38794198e-06  5.85413119e-05 
 2.06693419e-02  4.08271642e-01  4.03122068e-01  1.47615726e-04  1.36913239e-06  6.02673149e-05 
 2.06943419e-02  4.22559864e-01  4.17639254e-01  1.46564015e-04  1.34969270e-06  6.19320702e-05 
 2.07193419e-02  4.36743826e-01  4.32050656e-01  1.45472089e-04  1.32965676e-06  6.35340369e-05 
 2.07443419e-02  4.50820027e-01  4.46352357e-01  1.44341006e-04  1.30906029e-06  6.50718163e-05 
 2.07693419e-02  4.64784996e-01  4.60540548e-01  1.43171898e-04  1.28794037e-06  6.65441500e-05 
 2.07943419e-02  4.78635285e-01  4.74611534e-01  1.41965954e-04  1.26633497e-06  6.79499148e-05 
 2.08193419e-02  4.92367479e-01  4.88561742e-01  1.40724393e-04  1.24428241e-06  6.92881148e-05 
 2.08443419e-02  5.05978188e-01  5.02387715e-01  1.39448446e-04  1.22182090e-06  7.05578719e-05 
 2.08693419e-02  5.19464055e-01  5.16086120e-01  1.38139326e-04  1.19898806e-06  7.17584144e-05 
 2.08943419e-02  5.32821752e-01  5.29653742e-01  1.36798213e-04  1.17582054e-06  7.28890635e-05 
 2.09193419e-02  5.46047983e-01  5.43087477e-01  1.35426230e-04  1.15235362e-06  7.39492198e-05 
 2.09443419e-02  5.59139485e-01  5.56384332e-01  1.34024425e-04  1.12862093e-06  7.49383481e-05 
 2.09693419e-02  5.72093027e-01  5.69541410e-01  1.32593756e-04  1.10465417e-06  7.58559630e-05 
 2.09943419e-02  5.84905414e-01  5.82555904e-01  1.31135074e-04  1.08048296e-06  7.67016146e-05 
 2.10193419e-02  5.97573485e-01  5.95425086e-01  1.29649117e-04  1.05613471e-06  7.74748744e-05 
 2.10443419e-02  6.10094113e-01  6.08146294e-01  1.28136499e-04  1.03163460e-06  7.81753235e-05 
 2.10693419e-02  6.22464209e-01  6.20716921e-01  1.26597708e-04  1.00700558e-06  7.88025421e-05 
 2.10943419e-02  6.34680722e-01  6.33134402e-01  1.25033104e-04  9.82268498e-07  7.93561005e-05 
 2.11193419e-02  6.46740637e-01  6.45396200e-01  1.23442921e-04  9.57442211e-07  7.98355532e-05 
 2.11443419e-02  6.58640978e-01  6.57499797e-01  1.21827274e-04  9.32543813e-07  8.02404348e-05 
 2.11693419e-02  6.70378810e-01  6.69442680e-01  1.20186167e-04  9.07588874e-07  8.05702596e-05 
 2.11943419e-02  6.81951235e-01  6.81222331e-01  1.18519505e-04  8.82591724e-07  8.08245228e-05 
 2.12193419e-02  6.93355399e-01  6.92836219e-01  1.16827106e-04  8.57565759e-07  8.10027049e-05 
 2.12443419e-02  7.04588488e-01  7.04281791e-01  1.15108720e-04  8.32523769e-07  8.11042790e-05 
 2.12693419e-02  7.15647731e-01  7.15556468e-01  1.13364043e-04  8.07478269e-07  8.11287200e-05 
 2.12943419e-02  7.26530398e-01  7.26657638e-01  1.11592738e-04  7.82441827e-07  8.10755162e-05 
 2.13193419e-02  7.37233805e-01  7.37582657e-01  1.09794454e-04  7.57427379e-07  8.09441831e-05 
 2.13443419e-02  7.47755310e-01  7.48328843e-01  1.07968846e-04  7.32448525e-07  8.07342776e-05 
 2.13693419e-02  7.58092318e-01  7.58893485e-01  1.06115592e-04  7.07519790e-07  8.04454148e-05 
 2.13943419e-02  7.68242278e-01  7.69273840e-01  1.04234414e-04  6.82656849e-07  8.00772837e-05 
 2.14193419e-02  7.78202685e-01  7.79467142e-01  1.02325096e-04  6.57876712e-07  7.96296644e-05 
 2.14443419e-02  7.87971083e-01  7.89470605e-01  1.00387496e-04  6.33197861e-07  7.91024442e-05 
 2.14693419e-02  7.97545060e-01  7.99281438e-01  9.84215650e-05  6.08640329e-07  7.84956330e-05 
 2.14943419e-02  8.06922256e-01  8.08896845e-01  9.64273532e-05  5.84225737e-07  7.78093774e-05 
 2.15193419e-02  8.16100355e-01  8.18314044e-01  9.44050234e-05  5.59977272e-07  7.70439731e-05 
 2.15443419e-02  8.25077094e-01  8.27530273e-01  9.23548552e-05  5.35919619e-07  7.61998755e-05 
 2.15693419e-02  8.33850257e-01  8.36542804e-01  9.02772491e-05  5.12078836e-07  7.52777074e-05 
 2.15943419e-02  8.42417680e-01  8.45348956e-01  8.81727273e-05  4.88482198e-07  7.42782644e-05 
 2.16193419e-02  8.50777250e-01  8.53946104e-01  8.60419313e-05  4.65157998e-07  7.32025177e-05 
 2.16443419e-02  8.58926902e-01  8.62331691e-01  8.38856172e-05  4.42135311e-07  7.20516133e-05 
 2.16693419e-02  8.66864628e-01  8.70503242e-01  8.17046480e-05  4.19443742e-07  7.08268693e-05 
 2.16943419e-02  8.74588467e-01  8.78458370e-01  7.94999843e-05  3.97113159e-07  6.95297694e-05 
 2.17193419e-02  8.82096515e-01  8.86194789e-01  7.72726717e-05  3.75173409e-07  6.81619545e-05 
 2.17443419e-02  8.89386919e-01  8.93710319e-01  7.50238277e-05  3.53654044e-07  6.67252110e-05 
 2.17693419e-02  8.96457880e-01  9.01002892e-01  7.27546260e-05  3.32584050e-07  6.52214578e-05 
 2.17943419e-02  9.03307653e-01  9.08070560e-01  7.04662810e-05  3.11991595e-07  6.36527309e-05 
 2.18193419e-02  9.09934549e-01  9.14911493e-01  6.81600304e-05  2.91903796e-07  6.20211665e-05 
 2.18443419e-02  9.16336932e-01  9.21523986e-01  6.58371187e-05  2.72346516e-07  6.03289833e-05 
 2.18693419e-02  9.22513222e-01  9.27906456e-01  6.34987802e-05  2.53344195e-07  5.85784643e-05 
 2.18943419e-02  9.28461896e-01  9.34057439e-01  6.11462229e-05  2.34919714e-07  5.67719381e-05 
 2.19193419e-02  9.34181487e-01  9.39975590e-01  5.87806132e-05  2.17094299e-07  5.49117607e-05 
 2.19443419e-02  9.39670581e-01  9.45659676e-01  5.64030623e-05  1.99887465e-07  5.30002983e-05 
 2.19693419e-02  9.44927826e-01  9.51108569e-01  5.40146136e-05  1.83317000e-07  5.10399114e-05 
 2.19943419e-02  9.49951925e-01  9.56321241e-01  5.16162329e-05  1.67398978e-07  4.90329398e-05 
 2.20193419e-02  9.54741637e-01  9.61296757e-01  4.92087998e-05  1.52147821e-07  4.69816900e-05 
 2.20443419e-02  9.59295780e-01  9.66034260e-01  4.67931021e-05  1.37576377e-07  4.48884254e-05 
 2.20693419e-02  9.63613232e-01  9.70532970e-01  4.43698325e-05  1.23696033e-07  4.27553577e-05 
 2.20943419e-02  9.67692927e-01  9.74792168e-01  4.19395870e-05  1.10516849e-07  4.05846417e-05 
 2.21193419e-02  9.71533858e-01  9.78811191e-01  3.95028672e-05  9.80477043e-08  3.83783729e-05 
 2.21443419e-02  9.75135077e-01  9.82589421e-01  3.70600830e-05  8.62964577e-08  3.61385869e-05 
 2.21693419e-02  9.78495697e-01  9.86126274e-01  3.46115597e-05  7.52701071e-08  3.38672622e-05 
 2.21943419e-02  9.81614887e-01  9.89421197e-01  3.21575451e-05  6.49749519e-08  3.15663250e-05 
 2.22193419e-02  9.84491878e-01  9.92473656e-01  2.96982197e-05  5.54167466e-08  2.92376561e-05 
 2.22443419e-02  9.87125961e-01  9.95283134e-01  2.72337084e-05  4.66008414e-08  2.68831006e-05 
 2.22693419e-02  9.89516486e-01  9.97849122e-01  2.47640923e-05  3.85323077e-08  2.45044775e-05 
 2.22943419e-02  9.91662862e-01  1.00017112e+00  2.22894228e-05  3.12160421e-08  2.21035928e-05 
 2.23193419e-02  9.93564560e-01  1.00224863e+00  1.98097356e-05  2.46568477e-08  1.96822513e-05 
 2.23443419e-02  9.95221110e-01  1.00408116e+00  1.73250647e-05  1.88594892e-08  1.72422702e-05 
 2.23693419e-02  9.96632105e-01  1.00566822e+00  1.48354567e-05  1.38287215e-08  1.47854924e-05 
 2.23943419e-02  9.97797196e-01  1.00700932e+00  1.23409840e-05  9.56929129e-09  1.23137993e-05 
 2.24193419e-02  9.98716095e-01  1.00810399e+00  9.84175842e-06  6.08591096e-09  9.82912254e-06 
 2.24443419e-02  9.99388576e-01  1.00895178e+00  7.33794187e-06  3.38320821e-09  7.33345528e-06 
 2.24693419e-02  9.99814473e-01  1.00955223e+00  4.82975725e-06  1.46565178e-09  4.82886120e-06 
 2.24943419e-02  9.99993681e-01  1.00990493e+00  2.31749688e-06  3.37457053e-10  2.31748224e-06 
 2.25193419e-02  9.99926155e-01  1.01000950e+00 -1.98470709e-07  2.47498765e-12 -1.98456053e-07 
 2.25443419e-02  9.99611912e-01  1.00986559e+00 -2.71769587e-06  4.64068299e-10 -2.71664117e-06 
 2.25693419e-02  9.99051030e-01  1.00947292e+00 -5.23964506e-06  1.72497946e-09 -5.23467279e-06 
 2.25943419e-02  9.98243647e-01  1.00883123e+00 -7.76370007e-06  3.78719521e-09 -7.75006427e-06 
 2.26193419e-02  9.97189963e-01  1.00794035e+00 -1.02891594e-05  6.65181231e-09 -1.02602465e-05 
 2.26443419e-02  9.95890236e-01  1.00680020e+00 -1.28152418e-05  1.03189094e-08 -1.27625742e-05 
 2.26693419e-02  9.94344789e-01  1.00541074e+00 -1.53410911e-05  1.47874296e-08 -1.52543340e-05 
 2.26943419e-02  9.92554002e-01  1.00377204e+00 -1.78657837e-05  2.00550772e-08 -1.77327551e-05 
 2.27193419e-02  9.90518317e-01  1.00188428e+00 -2.03883371e-05  2.61182336e-08 -2.01950213e-05 
 2.27443419e-02  9.88238237e-01  9.99747706e-01 -2.29077193e-05  3.29718944e-08 -2.26382842e-05 
 2.27693419e-02  9.85714323e-01  9.97362688e-01 -2.54228607e-05  4.06096296e-08 -2.50596779e-05 
 2.27943419e-02  9.82947200e-01  9.94729698e-01 -2.79326649e-05  4.90235701e-08 -2.74563347e-05 
 2.28193419e-02  9.79937549e-01  9.91849320e-01 -3.04360217e-05  5.82044194e-08 -2.98254004e-05 
 2.28443419e-02  9.76686112e-01  9.88722242e-01 -3.29318190e-05  6.81414912e-08 -3.21640503e-05 
 2.28693419e-02  9.73193694e-01  9.85349267e-01 -3.54189559e-05  7.88227716e-08 -3.44695045e-05 
 2.28943419e-02  9.69461154e-01  9.81731303e-01 -3.78963537e-05  9.02350041e-08 -3.67390428e-05 
 2.29193419e-02  9.65489414e-01  9.77869360e-01 -4.03629678e-05  1.02363794e-07 -3.89700181e-05 
 2.29443419e-02  9.61279454e-01  9.73764555e-01 -4.28177980e-05  1.15193732e-07 -4.11598695e-05 
 2.29693419e-02  9.56832313e-01  9.69418095e-01 -4.52598972e-05  1.28708527e-07 -4.33061322e-05 
 2.29943419e-02  9.52149088e-01  9.64831283e-01 -4.76883798e-05  1.42891149e-07 -4.54064473e-05 
 2.30193419e-02  9.47230934e-01  9.60005500e-01 -5.01024272e-05  1.57723979e-07 -4.74585689e-05 
 2.30443419e-02  9.42079065e-01  9.54942211e-01 -5.25012929e-05  1.73188954e-07 -4.94603689e-05 
 2.30693419e-02  9.36694752e-01  9.49642945e-01 -5.48843050e-05  1.89267711e-07 -5.14098404e-05 
 2.30943419e-02  9.31079324e-01  9.44109297e-01 -5.72508673e-05  2.05941719e-07 -5.33050988e-05 
 2.31193419e-02  9.25234166e-01  9.38342916e-01 -5.96004587e-05  2.23192397e-07 -5.51443807e-05 
 2.31443419e-02  9.19160720e-01  9.32345499e-01 -6.19326304e-05  2.41001222e-07 -5.69260412e-05 
 2.31693419e-02  9.12860485e-01  9.26118785e-01 -6.42470019e-05  2.59349804e-07 -5.86485494e-05 
 2.31943419e-02  9.06335016e-01  9.19664545e-01 -6.65432555e-05  2.78219958e-07 -6.03104825e-05 
 2.32193419e-02  8.99585922e-01  9.12984582e-01 -6.88211290e-05  2.97593731e-07 -6.19105188e-05 
 2.32443419e-02  8.92614868e-01  9.06080719e-01 -7.10804079e-05  3.17453424e-07 -6.34474290e-05 
 2.32693419e-02  8.85423575e-01  8.98954800e-01 -7.33209162e-05  3.37781577e-07 -6.49200678e-05 
 2.32943419e-02  8.78013817e-01  8.91608686e-01 -7.55425065e-05  3.58560937e-07 -6.63273645e-05 
 2.33193419e-02  8.70387423e-01  8.84044250e-01 -7.77450499e-05  3.79774399e-07 -6.76683136e-05 
 2.33443419e-02  8.62546273e-01  8.76263377e-01 -7.99284257e-05  4.01404938e-07 -6.89419657e-05 
 2.33693419e-02  8.54492303e-01  8.68267965e-01 -8.20925110e-05  4.23435507e-07 -7.01474188e-05 
 2.33943419e-02  8.46227499e-01  8.60059926e-01 -8.42371709e-05  4.45848939e-07 -7.12838105e-05 
 2.34193419e-02  8.37753902e-01  8.51641183e-01 -8.63622486e-05  4.68627830e-07 -7.23503108e-05 
 2.34443419e-02  8.29073602e-01  8.43013679e-01 -8.84675574e-05  4.91754412e-07 -7.33461164e-05 
 2.34693419e-02  8.20188740e-01  8.34179377e-01 -9.05528725e-05  5.15210442e-07 -7.42704464e-05 
 2.34943419e-02  8.11101508e-01  8.25140262e-01 -9.26179252e-05  5.38977070e-07 -7.51225388e-05 
 2.35193419e-02  8.01814150e-01  8.15898350e-01 -9.46623971e-05  5.63034735e-07 -7.59016495e-05 
 2.35443419e-02  7.92328955e-01  8.06455690e-01 -9.66859167e-05  5.87363062e-07 -7.66070514e-05 
 2.35693419e-02  7.82648266e-01  7.96814373e-01 -9.86880572e-05  6.11940774e-07 -7.72380369e-05 
 2.35943419e-02  7.72774470e-01  7.86976531e-01 -1.00668336e-04  6.36745624e-07 -7.77939196e-05 
 2.36193419e-02  7.62710003e-01  7.76944348e-01 -1.02626214e-04  6.61754349e-07 -7.82740396e-05 
 2.36443419e-02  7.52457349e-01  7.66720066e-01 -1.04561100e-04  6.86942645e-07 -7.86777679e-05 
 2.36693419e-02  7.42019037e-01  7.56305984e-01 -1.06472354e-04  7.12285170e-07 -7.90045134e-05 
 2.36943419e-02  7.31397644e-01  7.45704469e-01 -1.08359290e-04  7.37755568e-07 -7.92537295e-05 
 2.37193419e-02  7.20595788e-01  7.34917957e-01 -1.10221186e-04  7.63326523e-07 -7.94249225e-05 
 2.37443419e-02  7.09616137e-01  7.23948956e-01 -1.12057287e-04  7.88969838e-07 -7.95176592e-05 
 2.37693419e-02  6.98461399e-01  7.12800050e-01 -1.13866816e-04  8.14656533e-07 -7.95315754e-05 
 2.37943419e-02  6.87134325e-01  7.01473901e-01 -1.15648980e-04  8.40356969e-07 -7.94663838e-05 
 2.38193419e-02  6.75637712e-01  6.89973250e-01 -1.17402982e-04  8.66040992e-07 -7.93218821e-05 
 2.38443419e-02  6.63974394e-01  6.78300914e-01 -1.19128028e-04  8.91678090e-07 -7.90979600e-05 
 2.38693419e-02  6.52147252e-01  6.66459791e-01 -1.20823335e-04  9.17237561e-07 -7.87946058e-05 
 2.38943419e-02  6.40159201e-01  6.54452853e-01 -1.22488143e-04  9.42688691e-07 -7.84119121e-05 
 2.39193419e-02  6.28013201e-01  6.42283145e-01 -1.24121722e-04  9.68000937e-07 -7.79500800e-05 
 2.39443419e-02  6.15712248e-01  6.29953786e-01 -1.25723377e-04  9.93144104e-07 -7.74094231e-05 
 2.39693419e-02  6.03259378e-01  6.17467957e-01 -1.27292458e-04  1.01808852e-06 -7.67903693e-05 
 2.39943419e-02  5.90657662e-01  6.04828903e-01 -1.28828366e-04  1.04280521e-06 -7.60934616e-05 
 2.40193419e-02  5.77910210e-01  5.92039925e-01 -1.30330555e-04  1.06726602e-06 -7.53193583e-05 
 2.40443419e-02  5.65020167e-01  5.79104375e-01 -1.31798537e-04  1.09144378e-06 -7.44688312e-05 
 2.40693419e-02  5.51990714e-01  5.66025650e-01 -1.33231884e-04  1.11531240e-06 -7.35427628e-05 
 2.40943419e-02  5.38825066e-01  5.52807186e-01 -1.34630230e-04  1.13884697e-06 -7.25421427e-05 
 2.41193419e-02  5.25526471e-01  5.39452454e-01 -1.35993270e-04  1.16202380e-06 -7.14680630e-05 
 2.41443419e-02  5.12098210e-01  5.25964950e-01 -1.37320755e-04  1.18482050e-06 -7.03217129e-05 
 2.41693419e-02  4.98543596e-01  5.12348192e-01 -1.38612496e-04  1.20721594e-06 -6.91043722e-05 
 2.41943419e-02  4.84865974e-01  4.98605715e-01 -1.39868353e-04  1.22919027e-06 -6.78174052e-05 
 2.42193419e-02  4.71068719e-01  4.84741065e-01 -1.41088234e-04  1.25072488e-06 -6.64622538e-05 
 2.42443419e-02  4.57155234e-01  4.70757796e-01 -1.42272090e-04  1.27180232e-06 -6.50404304e-05 
 2.42693419e-02  4.43128954e-01  4.56659464e-01 -1.43419902e-04  1.29240621e-06 -6.35535112e-05 
 2.42943419e-02  4.28993338e-01  4.42449625e-01 -1.44531684e-04  1.31252117e-06 -6.20031294e-05 
 2.43193419e-02  4.14751874e-01  4.28131834e-01 -1.45607465e-04  1.33213266e-06 -6.03909691e-05 
 2.43443419e-02  4.00408076e-01  4.13709642e-01 -1.46647291e-04  1.35122690e-06 -5.87187597e-05 
 2.43693419e-02  3.85965484e-01  3.99186596e-01 -1.47651209e-04  1.36979068e-06 -5.69882704e-05 
 2.43943419e-02  3.71427660e-01  3.84566236e-01 -1.48619265e-04  1.38781128e-06 -5.52013060e-05 
 2.44193419e-02  3.56798193e-01  3.69852101e-01 -1.49551497e-04  1.40527629e-06 -5.33597037e-05 
 2.44443419e-02  3.42080690e-01  3.55047726e-01 -1.50447923e-04  1.42217351e-06 -5.14653293e-05 
 2.44693419e-02  3.27278785e-01  3.40156643e-01 -1.51308543e-04  1.43849081e-06 -4.95200761e-05 
 2.44943419e-02  3.12396128e-01  3.25182390e-01 -1.52133330e-04  1.45421605e-06 -4.75258631e-05 
 2.45193419e-02  2.97436392e-01  3.10128504e-01 -1.52922224e-04  1.46933696e-06 -4.54846345e-05 
 2.45443419e-02  2.82403268e-01  2.94998533e-01 -1.53675134e-04  1.48384109e-06 -4.33983601e-05 
 2.45693419e-02  2.67300466e-01  2.79796035e-01 -1.54391933e-04  1.49771578e-06 -4.12690357e-05 
 2.45943419e-02  2.52131711e-01  2.64524582e-01 -1.55072459e-04  1.51094808e-06 -3.90986844e-05 
 2.46193419e-02  2.36900746e-01  2.49187763e-01 -1.55716513e-04  1.52352481e-06 -3.68893580e-05 
 2.46443419e-02  2.21611329e-01  2.33789191e-01 -1.56323861e-04  1.53543254e-06 -3.46431387e-05 
 2.46693419e-02  2.06267234e-01  2.18332499e-01 -1.56894241e-04  1.54665766e-06 -3.23621411e-05 
 2.46943419e-02  1.90872245e-01  2.02821353e-01 -1.57427360e-04  1.55718645e-06 -3.00485135e-05 
 2.47193419e-02  1.75430161e-01  1.87259443e-01 -1.57922902e-04  1.56700515e-06 -2.77044400e-05 
 2.47443419e-02  1.59944792e-01  1.71650497e-01 -1.58380532e-04  1.57610007e-06 -2.53321412e-05 
 2.47693419e-02  1.44419959e-01  1.55998273e-01 -1.58799903e-04  1.58445773e-06 -2.29338755e-05 
 2.47943419e-02  1.28859493e-01  1.40306563e-01 -1.59180661e-04  1.59206501e-06 -2.05119392e-05 
 2.48193419e-02  1.13267233e-01  1.24579198e-01 -1.59522450e-04  1.59890925e-06 -1.80686665e-05 
 2.48443419e-02  9.76470255e-02  1.08820039e-01 -1.59824922e-04  1.60497841e-06 -1.56064282e-05 
 2.48693419e-02  8.20027252e-02  9.30329846e-02 -1.60087741e-04  1.61026126e-06 -1.31276310e-05 
 2.48943419e-02  6.63381921e-02  7.72219633e-02 -1.60310590e-04  1.61474749e-06 -1.06347147e-05 
 2.49193419e-02  5.06572909e-02  6.13909344e-02 -1.60493178e-04  1.61842787e-06 -8.13014962e-06 
 2.49443419e-02  3.49638908e-02  4.55438845e-02 -1.60635244e-04  1.62129435e-06 -5.61643315e-06 
 2.49693419e-02  1.92618639e-02  2.96848240e-02 -1.60736563e-04  1.62334022e-06 -3.09608581e-06 
 2.49943419e-02  3.55508447e-03  1.38177836e-02 -1.60796951e-04  1.62456020e-06 -5.71646742e-07 
 2.50193419e-02 -1.21525722e-02 -2.05318984e-03 -1.60816265e-04  1.62495049e-06  1.95433126e-06 
 2.50443419e-02 -2.78572303e-02 -1.79240379e-02 -1.60794410e-04  1.62450887e-06  4.47928692e-06 
 2.50693419e-02 -4.35550151e-02 -3.37906952e-02 -1.60731340e-04  1.62323472e-06  7.00065595e-06 
 2.50943419e-02 -5.92420534e-02 -4.96490938e-02 -1.60627055e-04  1.62112905e-06  9.51587658e-06 
 2.51193419e-02 -7.49144746e-02 -6.54951684e-02 -1.60481605e-04  1.61819446e-06  1.20223951e-05 
 2.51443419e-02 -9.05684117e-02 -8.13248611e-02 -1.60295086e-04  1.61443517e-06  1.45176713e-05 
 2.51693419e-02 -1.06200002e-01 -9.71341254e-02 -1.60067640e-04  1.60985690e-06  1.69991837e-05 
 2.51943419e-02 -1.21805390e-01 -1.12918931e-01 -1.59799450e-04  1.60446686e-06  1.94644343e-05 
 2.52193419e-02 -1.37380724e-01 -1.28675268e-01 -1.59490738e-04  1.59827360e-06  2.19109530e-05 
 2.52443419e-02 -1.52922161e-01 -1.44399149e-01 -1.59141761e-04  1.59128698e-06  2.43363019e-05 
 2.52693419e-02 -1.68425867e-01 -1.60086614e-01 -1.58752804e-04  1.58351799e-06  2.67380786e-05 
 2.52943419e-02 -1.83888016e-01 -1.75733733e-01 -1.58324177e-04  1.57497865e-06  2.91139189e-05 
 2.53193419e-02 -1.99304794e-01 -1.91336608e-01 -1.57856209e-04  1.56568190e-06  3.14614992e-05 
 2.53443419e-02 -2.14672396e-01 -2.06891371e-01 -1.57349241e-04  1.55564142e-06  3.37785386e-05 
 2.53693419e-02 -2.29987031e-01 -2.22394190e-01 -1.56803622e-04  1.54487154e-06  3.60627995e-05 
 2.53943419e-02 -2.45244921e-01 -2.37841270e-01 -1.56219702e-04  1.53338709e-06  3.83120884e-05 
 2.54193419e-02 -2.60442299e-01 -2.53228846e-01 -1.55597829e-04  1.52120330e-06  4.05242564e-05 
 2.54443419e-02 -2.75575418e-01 -2.68553189e-01 -1.54938342e-04  1.50833567e-06  4.26971984e-05 
 2.54693419e-02 -2.90640542e-01 -2.83810604e-01 -1.54241568e-04  1.49479988e-06  4.48288529e-05 
 2.54943419e-02 -3.05633955e-01 -2.98997424e-01 -1.53507817e-04  1.48061172e-06  4.69172012e-05 
 2.55193419e-02 -3.20551958e-01 -3.14110017e-01 -1.52737380e-04  1.46578700e-06  4.89602662e-05 
 2.55443419e-02 -3.35390869e-01 -3.29144773e-01 -1.51930527e-04  1.45034152e-06  5.09561113e-05 
 2.55693419e-02 -3.50147028e-01 -3.44098111e-01 -1.51087503e-04  1.43429103e-06  5.29028402e-05 
 2.55943419e-02 -3.64816792e-01 -3.58966472e-01 -1.50208533e-04  1.41765123e-06  5.47985951e-05 
 2.56193419e-02 -3.79396544e-01 -3.73746318e-01 -1.49293813e-04  1.40043777e-06  5.66415569e-05 
 2.56443419e-02 -3.93882686e-01 -3.88434129e-01 -1.48343521e-04  1.38266625e-06  5.84299446e-05 
 2.56693419e-02 -4.08271642e-01 -4.03026403e-01 -1.47357811e-04  1.36435227e-06  6.01620157e-05 
 2.56943419e-02 -4.22559864e-01 -4.17519649e-01 -1.46336819e-04  1.34551150e-06  6.18360665e-05 
 2.57193419e-02 -4.36743826e-01 -4.31910393e-01 -1.45280665e-04  1.32615972e-06  6.34504335e-05 
 2.57443419e-02 -4.50820027e-01 -4.46195169e-01 -1.44189457e-04  1.30631286e-06  6.50034948e-05 
 2.57693419e-02 -4.64784996e-01 -4.60370522e-01 -1.43063294e-04  1.28598716e-06  6.64936724e-05 
 2.57943419e-02 -4.78635285e-01 -4.74433006e-01 -1.41902272e-04  1.26519915e-06  6.79194345e-05 
 2.58193419e-02 -4.92367479e-01 -4.88379187e-01 -1.40706488e-04  1.24396579e-06  6.92792986e-05 
 2.58443419e-02 -5.05978188e-01 -5.02205639e-01 -1.39476043e-04  1.22230454e-06  7.05718354e-05 
 2.58693419e-02 -5.19464055e-01 -5.15908945e-01 -1.38211049e-04  1.20023343e-06  7.17956721e-05 
 2.58943419e-02 -5.32821752e-01 -5.29485703e-01 -1.36911634e-04  1.17777112e-06  7.29494966e-05 
 2.59193419e-02 -5.46047983e-01 -5.42932523e-01 -1.35577943e-04  1.15493694e-06  7.40320621e-05 
 2.59443419e-02 -5.59139485e-01 -5.56246029e-01 -1.34210145e-04  1.13175099e-06  7.50421912e-05 
 2.59693419e-02 -5.72093027e-01 -5.69422866e-01 -1.32808436e-04  1.10823413e-06  7.59787803e-05 
 2.59943419e-02 -5.84905414e-01 -5.82459697e-01 -1.31373043e-04  1.08440800e-06  7.68408041e-05 
 2.60193419e-02 -5.97573485e-01 -5.95353211e-01 -1.29904223e-04  1.06029505e-06  7.76273194e-05 
 2.60443419e-02 -6.10094113e-01 -6.08100124e-01 -1.28402270e-04  1.03591852e-06  7.83374691e-05 
 2.60693419e-02 -6.22464209e-01 -6.20697181e-01 -1.26867512e-04  1.01130240e-06  7.89704853e-05 
 2.60943419e-02 -6.34680722e-01 -6.33141162e-01 -1.25300312e-04  9.86471403e-07  7.95256927e-05 
 2.61193419e-02 -6.46740637e-01 -6.45428886e-01 -1.23701072e-04  9.61450927e-07  8.00025104e-05 
 2.61443419e-02 -6.58640978e-01 -6.57557211e-01 -1.22070227e-04  9.36266965e-07  8.04004540e-05 
 2.61693419e-02 -6.70378810e-01 -6.69523042e-01 -1.20408246e-04  9.10946045e-07  8.07191368e-05 
 2.61943419e-02 -6.81951235e-01 -6.81323331e-01 -1.18715629e-04  8.85515139e-07  8.09582700e-05 
 2.62193419e-02 -6.93355399e-01 -6.92955079e-01 -1.16992905e-04  8.60001573e-07  8.11176626e-05 
 2.62443419e-02 -7.04588488e-01 -7.04415343e-01 -1.15240629e-04  8.34432932e-07  8.11972209e-05 
 2.62693419e-02 -7.15647731e-01 -7.15701234e-01 -1.13459378e-04  8.08836959e-07  8.11969462e-05 
 2.62943419e-02 -7.26530398e-01 -7.26809922e-01 -1.11649745e-04  7.83241454e-07  8.11169338e-05 
 2.63193419e-02 -7.37233805e-01 -7.37738636e-01 -1.09812340e-04  7.57674179e-07  8.09573694e-05 
 2.63443419e-02 -7.47755310e-01 -7.48484666e-01 -1.07947782e-04  7.32162761e-07  8.07185269e-05 
 2.63693419e-02 -7.58092318e-01 -7.59045361e-01 -1.06056693e-04  7.06734605e-07  8.04007644e-05 
 2.63943419e-02 -7.68242278e-01 -7.69418136e-01 -1.04139701e-04  6.81416808e-07  8.00045208e-05 
 2.64193419e-02 -7.78202685e-01 -7.79600464e-01 -1.02197427e-04  6.56236095e-07  7.95303119e-05 
 2.64443419e-02 -7.87971083e-01 -7.89589879e-01 -1.00230489e-04  6.31218745e-07  7.89787266e-05 
 2.64693419e-02 -7.97545060e-01 -7.99383979e-01 -9.82394935e-05  6.06390547e-07  7.83504228e-05 
 2.64943419e-02 -8.06922256e-01 -8.08980417e-01 -9.62250366e-05  5.81776752e-07  7.76461236e-05 
 2.65193419e-02 -8.16100355e-01 -8.18376907e-01 -9.41876982e-05  5.57402047e-07  7.68666139e-05 
 2.65443419e-02 -8.25077094e-01 -8.27571219e-01 -9.21280420e-05  5.33290534e-07  7.60127372e-05 
 2.65693419e-02 -8.33850257e-01 -8.36561176e-01 -9.00466140e-05  5.09465718e-07  7.50853922e-05 
 2.65943419e-02 -8.42417680e-01 -8.45344657e-01 -8.79439414e-05  4.85950512e-07  7.40855311e-05 
 2.66193419e-02 -8.50777250e-01 -8.53919589e-01 -8.58205329e-05  4.62767240e-07  7.30141570e-05 
 2.66443419e-02 -8.58926902e-01 -8.62283949e-01 -8.36768792e-05  4.39937661e-07  7.18723226e-05 
 2.66693419e-02 -8.66864628e-01 -8.70435764e-01 -8.15134535e-05  4.17482984e-07  7.06611295e-05 
 2.66943419e-02 -8.74588467e-01 -8.78373104e-01 -7.93307137e-05  3.95423901e-07  6.93817273e-05 
 2.67193419e-02 -8.82096515e-01 -8.86094086e-01 -7.71291043e-05  3.73780611e-07  6.80353142e-05 
 2.67443419e-02 -8.89386919e-01 -8.93596867e-01 -7.49090587e-05  3.52572855e-07  6.66231369e-05 
 2.67693419e-02 -8.96457880e-01 -9.00879650e-01 -7.26710020e-05  3.31819947e-07  6.51464924e-05 
 2.67943419e-02 -9.03307653e-01 -9.07940677e-01 -7.04153542e-05  3.11540799e-07  6.36067284e-05 
 2.68193419e-02 -9.09934549e-01 -9.14778234e-01 -6.81425336e-05  2.91753952e-07  6.20052456e-05 
 2.68443419e-02 -9.16336932e-01 -9.21390646e-01 -6.58529598e-05  2.72477592e-07  6.03434992e-05 
 2.68693419e-02 -9.22513222e-01 -9.27776279e-01 -6.35470573e-05  2.53729569e-07  5.86230006e-05 
 2.68943419e-02 -9.28461896e-01 -9.33933545e-01 -6.12252589e-05  2.35527408e-07  5.68453199e-05 
 2.69193419e-02 -9.34181487e-01 -9.39860897e-01 -5.88880084e-05  2.17888308e-07  5.50120872e-05 
 2.69443419e-02 -9.39670581e-01 -9.45556831e-01 -5.65357641e-05  2.00829138e-07  5.31249943e-05 
 2.69693419e-02 -9.44927826e-01 -9.51019891e-01 -5.41690010e-05  1.84366430e-07  5.11857964e-05 
 2.69943419e-02 -9.49951925e-01 -9.56248669e-01 -5.17882133e-05  1.68516352e-07  4.91963129e-05 
 2.70193419e-02 -9.54741637e-01 -9.61241806e-01 -4.93939159e-05  1.53294689e-07  4.71584281e-05 
 2.70443419e-02 -9.59295780e-01 -9.65997995e-01 -4.69866461e-05  1.38716807e-07  4.50740913e-05 
 2.70693419e-02 -9.63613232e-01 -9.70515984e-01 -4.45669642e-05  1.24797618e-07  4.29453165e-05 
 2.70943419e-02 -9.67692927e-01 -9.74794576e-01 -4.21354543e-05  1.11551536e-07  4.07741811e-05 
 2.71193419e-02 -9.71533858e-01 -9.78832635e-01 -3.96927235e-05  9.89924312e-08  3.85628248e-05 
 2.71443419e-02 -9.75135077e-01 -9.82629082e-01 -3.72394018e-05  8.71335854e-08  3.63134470e-05 
 2.71693419e-02 -9.78495697e-01 -9.86182906e-01 -3.47761408e-05  7.59876414e-08  3.40283041e-05 
 2.71943419e-02 -9.81614887e-01 -9.89493159e-01 -3.23036121e-05  6.55665551e-08  3.17097066e-05 
 2.72193419e-02 -9.84491878e-01 -9.92558959e-01 -2.98225053e-05  5.58815497e-08  2.93600143e-05 
 2.72443419e-02 -9.87125961e-01 -9.95379496e-01 -2.73335256e-05  4.69430711e-08  2.69816328e-05 
 2.72693419e-02 -9.89516486e-01 -9.97954027e-01 -2.48373914e-05  3.87607485e-08  2.45770083e-05 
 2.72943419e-02 -9.91662862e-01 -1.00028188e+00 -2.23348311e-05  3.13433590e-08  2.21486225e-05 
 2.73193419e-02 -9.93564560e-01 -1.00236246e+00 -1.98265802e-05  2.46987977e-08  1.96989874e-05 
 2.73443419e-02 -9.95221110e-01 -1.00419525e+00 -1.73133781e-05  1.88340544e-08  1.72306394e-05 
 2.73693419e-02 -9.96632105e-01 -1.00577978e+00 -1.47959652e-05  1.37551964e-08  1.47461340e-05 
 2.73943419e-02 -9.97797196e-01 -1.00711568e+00 -1.22750795e-05  9.46735836e-09  1.22480399e-05 
 2.74193419e-02 -9.98716095e-01 -1.00820265e+00 -9.75145348e-06  5.97473846e-09  9.73893354e-06 
 2.74443419e-02 -9.99388576e-01 -1.00904044e+00 -7.22581192e-06  3.28060165e-09  7.22139389e-06 
 2.74693419e-02 -9.99814473e-01 -1.00962890e+00 -4.69886883e-06  1.38728866e-09  4.69799706e-06 
 2.74943419e-02 -9.99993681e-01 -1.00996793e+00 -2.17132545e-06  2.96230681e-10  2.17131172e-06 
 2.75193419e-02 -9.99926155e-01 -1.01005751e+00  3.56131652e-07  7.96895438e-12 -3.56105353e-07 
 2.75443419e-02 -9.99611912e-01 -1.00989767e+00  2.88283201e-06  5.22178353e-10 -2.88171322e-06 
 2.75693419e-02 -9.99051030e-01 -1.00948853e+00  5.40812236e-06  1.83769406e-09 -5.40299022e-06 
 2.75943419e-02 -9.98243647e-01 -1.00883025e+00  7.93136727e-06  3.95254036e-09 -7.91743699e-06 
 2.76193419e-02 -9.97189963e-01 -1.00792307e+00  1.04519493e-05  6.86396054e-09 -1.04225789e-05 
 2.76443419e-02 -9.95890236e-01 -1.00676728e+00  1.29692687e-05  1.05684468e-08 -1.29159680e-05 
 2.76693419e-02 -9.94344789e-01 -1.00536323e+00  1.54827428e-05  1.50617694e-08 -1.53951847e-05 
 2.76943419e-02 -9.92554002e-01 -1.00371133e+00  1.79918053e-05  2.03390038e-08 -1.78578383e-05 
 2.77193419e-02 -9.90518317e-01 -1.00181204e+00  2.04959041e-05  2.63945555e-08 -2.03015684e-05 
 2.77443419e-02 -9.88238237e-01 -9.99665872e-01  2.29945003e-05  3.32221814e-08 -2.27240444e-05 
 2.77693419e-02 -9.85714323e-01 -9.97273403e-01  2.54870660e-05  4.08150073e-08 -2.51229660e-05 
 2.77943419e-02 -9.82947200e-01 -9.94635251e-01  2.79730819e-05  4.91655415e-08 -2.74960625e-05 
 2.78193419e-02 -9.79937549e-01 -9.91752087e-01  3.04520354e-05  5.82656835e-08 -2.98410929e-05 
 2.78443419e-02 -9.76686112e-01 -9.88624634e-01  3.29234179e-05  6.81067291e-08 -3.21558451e-05 
 2.78693419e-02 -9.73193694e-01 -9.85253665e-01  3.53867225e-05  7.86793701e-08 -3.44381352e-05 
 2.78943419e-02 -9.69461154e-01 -9.81640000e-01  3.78414416e-05  8.99736912e-08 -3.66858076e-05 
 2.79193419e-02 -9.65489414e-01 -9.77784513e-01  4.02870645e-05  1.01979162e-07 -3.88967343e-05 
 2.79443419e-02 -9.61279454e-01 -9.73688128e-01  4.27230755e-05  1.14684628e-07 -4.10688147e-05 
 2.79693419e-02 -9.56832313e-01 -9.69351818e-01  4.51489520e-05  1.28078296e-07 -4.31999762e-05 
 2.79943419e-02 -9.52149088e-01 -9.64776610e-01  4.75641627e-05  1.42147722e-07 -4.52881741e-05 
 2.80193419e-02 -9.47230934e-01 -9.59963583e-01  4.99681664e-05  1.56879797e-07 -4.73313929e-05 
 2.80443419e-02 -9.42079065e-01 -9.54913871e-01  5.23604109e-05  1.72260730e-07 -4.93276469e-05 
 2.80693419e-02 -9.36694752e-01 -9.49628662e-01  5.47403324e-05  1.88276039e-07 -5.12749821e-05 
 2.80943419e-02 -9.31079324e-01 -9.44109201e-01  5.71073553e-05  2.04910536e-07 -5.31714778e-05 
 2.81193419e-02 -9.25234166e-01 -9.38356789e-01  5.94608922e-05  2.22148321e-07 -5.50152490e-05 
 2.81443419e-02 -9.19160720e-01 -9.32372788e-01  6.18003443e-05  2.39972779e-07 -5.68044490e-05 
 2.81693419e-02 -9.12860485e-01 -9.26158617e-01  6.41251023e-05  2.58366579e-07 -5.85372720e-05 
 2.81943419e-02 -9.06335016e-01 -9.19715758e-01  6.64345477e-05  2.77311677e-07 -6.02119568e-05 
 2.82193419e-02 -8.99585922e-01 -9.13045752e-01  6.87280538e-05  2.96789331e-07 -6.18267896e-05 
 2.82443419e-02 -8.92614868e-01 -9.06150204e-01  7.10049880e-05  3.16780113e-07 -6.33801080e-05 
 2.82693419e-02 -8.85423575e-01 -8.99030781e-01  7.32647131e-05  3.37263932e-07 -6.48703042e-05 
 2.82943419e-02 -8.78013817e-01 -8.91689212e-01  7.55065902e-05  3.58220066e-07 -6.62958295e-05 
 2.83193419e-02 -8.70387423e-01 -8.84127292e-01  7.77299800e-05  3.79627186e-07 -6.76551970e-05 
 2.83443419e-02 -8.62546273e-01 -8.76346875e-01  7.99342461e-05  4.01463401e-07 -6.89469861e-05 
 2.83693419e-02 -8.54492303e-01 -8.68349881e-01  8.21187565e-05  4.23706300e-07 -7.01698453e-05 
 2.83943419e-02 -8.46227499e-01 -8.60138291e-01  8.42828863e-05  4.46332995e-07 -7.13224961e-05 
 2.84193419e-02 -8.37753902e-01 -8.51714145e-01  8.64260201e-05  4.69320172e-07 -7.24037355e-05 
 2.84443419e-02 -8.29073602e-01 -8.43079547e-01  8.85475534e-05  4.92644144e-07 -7.34124390e-05 
 2.84693419e-02 -8.20188740e-01 -8.34236657e-01  9.06468953e-05  5.16280902e-07 -7.43475628e-05 
 2.84943419e-02 -8.11101508e-01 -8.25187693e-01  9.27234695e-05  5.40206170e-07 -7.52081460e-05 
 2.85193419e-02 -8.01814150e-01 -8.15934932e-01  9.47767163e-05  5.64395456e-07 -7.59933122e-05 
 2.85443419e-02 -7.92328955e-01 -8.06480701e-01  9.68060932e-05  5.88824105e-07 -7.67022707e-05 
 2.85693419e-02 -7.82648266e-01 -7.96827382e-01  9.88110760e-05  6.13467345e-07 -7.73343173e-05 
 2.85943419e-02 -7.72774470e-01 -7.86977408e-01  1.00791159e-04  6.38300337e-07 -7.78888347e-05 
 2.86193419e-02 -7.62710003e-01 -7.76933260e-01  1.02745857e-04  6.63298212e-07 -7.83652925e-05 
 2.86443419e-02 -7.52457349e-01 -7.66697468e-01  1.04674700e-04  6.88436111e-07 -7.87632473e-05 
 2.86693419e-02 -7.42019037e-01 -7.56272604e-01  1.06577241e-04  7.13689219e-07 -7.90823415e-05 
 2.86943419e-02 -7.31397644e-01 -7.45661286e-01  1.08453047e-04  7.39032786e-07 -7.93223027e-05 
 2.87193419e-02 -7.20595788e-01 -7.34866174e-01  1.10301703e-04  7.64442156e-07 -7.94829427e-05 
 2.87443419e-02 -7.09616137e-01 -7.23889966e-01  1.12122810e-04  7.89892779e-07 -7.95641557e-05 
 2.87693419e-02 -6.98461399e-01 -7.12735400e-01  1.13915983e-04  8.15360222e-07 -7.95659171e-05 
 2.87943419e-02 -6.87134325e-01 -7.01405253e-01  1.15680849e-04  8.40820181e-07 -7.94882821e-05 
 2.88193419e-02 -6.75637712e-01 -6.89902334e-01  1.17417045e-04  8.66248477e-07 -7.93313835e-05 
 2.88443419e-02 -6.63974394e-01 -6.78229493e-01  1.19124218e-04  8.91621059e-07 -7.90954304e-05 
 2.88693419e-02 -6.52147252e-01 -6.66389609e-01  1.20802022e-04  9.16913995e-07 -7.87807068e-05 
 2.88943419e-02 -6.40159201e-01 -6.54385599e-01  1.22450117e-04  9.42103473e-07 -7.83875694e-05 
 2.89193419e-02 -6.28013201e-01 -6.42220412e-01  1.24068167e-04  9.67165785e-07 -7.79164467e-05 
 2.89443419e-02 -6.15712248e-01 -6.29897028e-01  1.25655837e-04  9.92077327e-07 -7.73678376e-05 
 2.89693419e-02 -6.03259378e-01 -6.17418463e-01  1.27212793e-04  1.01681458e-06 -7.67423101e-05 
 2.89943419e-02 -5.90657662e-01 -6.04787765e-01  1.28738702e-04  1.04135413e-06 -7.60405004e-05 
 2.90193419e-02 -5.77910210e-01 -5.92008015e-01  1.30233228e-04  1.06567261e-06 -7.52631121e-05 
 2.90443419e-02 -5.65020167e-01 -5.79082326e-01  1.31696034e-04  1.08974676e-06 -7.44109153e-05 
 2.90693419e-02 -5.51990714e-01 -5.66013846e-01  1.33126781e-04  1.11355341e-06 -7.34847467e-05 
 2.90943419e-02 -5.38825066e-01 -5.52805756e-01  1.34525124e-04  1.13706945e-06 -7.24855086e-05 
 2.91193419e-02 -5.25526471e-01 -5.39461272e-01  1.35890717e-04  1.16027190e-06 -7.14141691e-05 
 2.91443419e-02 -5.12098210e-01 -5.25983641e-01  1.37223213e-04  1.18313788e-06 -7.02717617e-05 
 2.91693419e-02 -4.98543596e-01 -5.12376150e-01  1.38522260e-04  1.20564466e-06 -6.90593855e-05 
 2.91943419e-02 -4.84865974e-01 -4.98642116e-01  1.39787505e-04  1.22776967e-06 -6.77782049e-05 
 2.92193419e-02 -4.71068719e-01 -4.84784892e-01  1.41018597e-04  1.24949054e-06 -6.64294499e-05 
 2.92443419e-02 -4.57155234e-01 -4.70807868e-01  1.42215183e-04  1.27078513e-06 -6.50144155e-05 
 2.92693419e-02 -4.43128954e-01 -4.56714465e-01  1.43376915e-04  1.29163158e-06 -6.35344622e-05 
 2.92943419e-02 -4.28993338e-01 -4.42508141e-01  1.44503445e-04  1.31200834e-06 -6.19910153e-05 
 2.93193419e-02 -4.14751874e-01 -4.28192387e-01  1.45594435e-04  1.33189424e-06 -6.03855646e-05 
 2.93443419e-02 -4.00408076e-01 -4.13770726e-01  1.46649549e-04  1.35126852e-06 -5.87196640e-05 
 2.93693419e-02 -3.85965484e-01 -3.99246717e-01  1.47668465e-04  1.37011087e-06 -5.69949305e-05 
 2.93943419e-02 -3.71427660e-01 -3.84623946e-01  1.48650866e-04  1.38840153e-06 -5.52130435e-05 
 2.94193419e-02 -3.56798193e-01 -3.69906033e-01  1.49596452e-04  1.40612127e-06 -5.33757435e-05 
 2.94443419e-02 -3.42080690e-01 -3.55096626e-01  1.50504931e-04  1.42325150e-06 -5.14848307e-05 
 2.94693419e-02 -3.27278785e-01 -3.40199400e-01  1.51376031e-04  1.43977431e-06 -4.95421634e-05 
 2.94943419e-02 -3.12396128e-01 -3.25218058e-01  1.52209492e-04  1.45567246e-06 -4.75496559e-05 
 2.95193419e-02 -2.97436392e-01 -3.10156325e-01  1.53005073e-04  1.47092949e-06 -4.55092770e-05 
 2.95443419e-02 -2.82403268e-01 -2.95017952e-01  1.53762551e-04  1.48552973e-06 -4.34230471e-05 
 2.95693419e-02 -2.67300466e-01 -2.79806709e-01  1.54481721e-04  1.49945829e-06 -4.12930359e-05 
 2.95943419e-02 -2.52131711e-01 -2.64526387e-01  1.55162395e-04  1.51270116e-06 -3.91213600e-05 
 2.96193419e-02 -2.36900746e-01 -2.49180793e-01  1.55804406e-04  1.52524518e-06 -3.69101799e-05 
 2.96443419e-02 -2.21611329e-01 -2.33773750e-01  1.56407605e-04  1.53707807e-06 -3.46616973e-05 
 2.96693419e-02 -2.06267234e-01 -2.18309096e-01  1.56971862e-04  1.54818841e-06 -3.23781518e-05 
 2.96943419e-02 -1.90872245e-01 -2.02790679e-01  1.57497064e-04  1.55856571e-06 -3.00618182e-05 
 2.97193419e-02 -1.75430161e-01 -1.87222359e-01  1.57983116e-04  1.56820034e-06 -2.77150034e-05 
 2.97443419e-02 -1.59944792e-01 -1.71608003e-01  1.58429938e-04  1.57708353e-06 -2.53400434e-05 
 2.97693419e-02 -1.44419959e-01 -1.55951487e-01  1.58837466e-04  1.58520740e-06 -2.29393003e-05 
 2.97943419e-02 -1.28859493e-01 -1.40256690e-01  1.59205650e-04  1.59256491e-06 -2.05151593e-05 
 2.98193419e-02 -1.13267233e-01 -1.24527499e-01  1.59534452e-04  1.59914985e-06 -1.80700259e-05 
 2.98443419e-02 -9.76470255e-02 -1.08767802e-01  1.59823846e-04  1.60495680e-06 -1.56063232e-05 
 2.98693419e-02 -8.20027252e-02 -9.29814873e-02  1.60073816e-04  1.60998115e-06 -1.31264892e-05 
 2.98943419e-02 -6.63381921e-02 -7.71724478e-02  1.60284354e-04  1.61421901e-06 -1.06329743e-05 
 2.99193419e-02 -5.06572909e-02 -6.13445749e-02  1.60455460e-04  1.61766725e-06 -8.12823893e-06 
 2.99443419e-02 -3.49638908e-02 -4.55017602e-02  1.60587140e-04  1.62032346e-06 -5.61475123e-06 
 2.99693419e-02 -1.92618639e-02 -2.96478943e-02  1.60679404e-04  1.62218588e-06 -3.09498482e-06 
 2.99943419e-02 -3.55508447e-03 -1.37868666e-02  1.60732267e-04  1.62325345e-06 -5.71416787e-07 
 3.00193419e-02  1.21525722e-02  2.07743501e-03  1.60745748e-04  1.62352574e-06  1.95347430e-06 
 3.00443419e-02  2.78572303e-02  1.79411247e-02  1.60719866e-04  1.62300298e-06  4.47721033e-06 
 3.00693419e-02  4.35550151e-02  3.38003186e-02  1.60654645e-04  1.62168600e-06  6.99731550e-06 
 3.00943419e-02  5.92420534e-02  4.96511353e-02  1.60550109e-04  1.61957626e-06  9.51131813e-06 
 3.01193419e-02  7.49144746e-02  6.54896958e-02  1.60406284e-04  1.61667583e-06  1.20167525e-05 
 3.01443419e-02  9.05684117e-02  8.13121239e-02  1.60223197e-04  1.61298741e-06  1.45111605e-05 
 3.01693419e-02  1.06200002e-01  9.71145461e-02  1.60000879e-04  1.60851431e-06  1.69920938e-05 
 3.01943419e-02  1.21805390e-01  1.12893092e-01  1.59739362e-04  1.60326048e-06  1.94571153e-05 
 3.02193419e-02  1.37380724e-01  1.28643895e-01  1.59438683e-04  1.59723048e-06  2.19038017e-05 
 3.02443419e-02  1.52922161e-01  1.44363091e-01  1.59098880e-04  1.59042956e-06  2.43297446e-05 
 3.02693419e-02  1.68425867e-01  1.60046821e-01  1.58719999e-04  1.58286362e-06  2.67325535e-05 
 3.02943419e-02  1.83888016e-01  1.75691232e-01  1.58302090e-04  1.57453926e-06  2.91098574e-05 
 3.03193419e-02  1.99304794e-01  1.91292473e-01  1.57845212e-04  1.56546375e-06  3.14593074e-05 
 3.03443419e-02  2.14672396e-01  2.06846703e-01  1.57349429e-04  1.55564513e-06  3.37785789e-05 
 3.03693419e-02  2.29987031e-01  2.22350085e-01  1.56814817e-04  1.54509213e-06  3.60653742e-05 
 3.03943419e-02  2.45244921e-01  2.37798790e-01  1.56241461e-04  1.53381428e-06  3.83174248e-05 
 3.04193419e-02  2.60442299e-01  2.53189001e-01  1.55629460e-04  1.52182184e-06  4.05324943e-05 
 3.04443419e-02  2.75575418e-01  2.68516907e-01  1.54978921e-04  1.50912586e-06  4.27083810e-05 
 3.04693419e-02  2.90640542e-01  2.83778713e-01  1.54289970e-04  1.49573818e-06  4.48429205e-05 
 3.04943419e-02  3.05633955e-01  2.98970633e-01  1.53562742e-04  1.48167144e-06  4.69339883e-05 
 3.05193419e-02  3.20551958e-01  3.14088897e-01  1.52797392e-04  1.46693906e-06  4.89795030e-05 
 3.05443419e-02  3.35390869e-01  3.29129751e-01  1.51994085e-04  1.45155525e-06  5.09774284e-05 
 3.05693419e-02  3.50147028e-01  3.44089458e-01  1.51153008e-04  1.43553498e-06  5.29257764e-05 
 3.05943419e-02  3.64816792e-01  3.58964300e-01  1.50274359e-04  1.41889402e-06  5.48226095e-05 
 3.06193419e-02  3.79396544e-01  3.73750580e-01  1.49358354e-04  1.40164887e-06  5.66660435e-05 
 3.06443419e-02  3.93882686e-01  3.88444621e-01  1.48405227e-04  1.38381676e-06  5.84542492e-05 
 3.06693419e-02  4.08271642e-01  4.03042773e-01  1.47415223e-04  1.36541560e-06  6.01854553e-05 
 3.06943419e-02  4.22559864e-01  4.17541408e-01  1.46388607e-04  1.34646402e-06  6.18579501e-05 
 3.07193419e-02  4.36743826e-01  4.31936928e-01  1.45325656e-04  1.32698123e-06  6.34700832e-05 
 3.07443419e-02  4.50820027e-01  4.46225760e-01  1.44226662e-04  1.30698709e-06  6.50202677e-05 
 3.07693419e-02  4.64784996e-01  4.60404361e-01  1.43091928e-04  1.28650199e-06  6.65069812e-05 
 3.07943419e-02  4.78635285e-01  4.74469221e-01  1.41921771e-04  1.26554688e-06  6.79287675e-05 
 3.08193419e-02  4.92367479e-01  4.88416860e-01  1.40716519e-04  1.24414317e-06  6.92842378e-05 
 3.08443419e-02  5.05978188e-01  5.02243829e-01  1.39476509e-04  1.22231272e-06  7.05720713e-05 
 3.08693419e-02  5.19464055e-01  5.15946717e-01  1.38202087e-04  1.20007778e-06  7.17910165e-05 
 3.08943419e-02  5.32821752e-01  5.29522143e-01  1.36893607e-04  1.17746099e-06  7.29398916e-05 
 3.09193419e-02  5.46047983e-01  5.42966764e-01  1.35551431e-04  1.15448529e-06  7.40175853e-05 
 3.09443419e-02  5.59139485e-01  5.56277274e-01  1.34175924e-04  1.13117392e-06  7.50230571e-05 
 3.09693419e-02  5.72093027e-01  5.69450399e-01  1.32767459e-04  1.10755035e-06  7.59553375e-05 
 3.09943419e-02  5.84905414e-01  5.82482907e-01  1.31326411e-04  1.08363829e-06  7.68135287e-05 
 3.10193419e-02  5.97573485e-01  5.95371600e-01  1.29853159e-04  1.05946162e-06  7.75968045e-05 
 3.10443419e-02  6.10094113e-01  6.08113319e-01  1.28348084e-04  1.03504438e-06  7.83044104e-05 
 3.10693419e-02  6.22464209e-01  6.20704941e-01  1.26811571e-04  1.01041075e-06  7.89356643e-05 
 3.10943419e-02  6.34680722e-01  6.33143383e-01  1.25244005e-04  9.85585010e-07  7.94899558e-05 
 3.11193419e-02  6.46740637e-01  6.45425600e-01  1.23645775e-04  9.60591538e-07  7.99667474e-05 
 3.11443419e-02  6.58640978e-01  6.57548583e-01  1.22017270e-04  9.35454781e-07  8.03655739e-05 
 3.11693419e-02  6.70378810e-01  6.69509365e-01  1.20358880e-04  9.10199246e-07  8.06860430e-05 
 3.11943419e-02  6.81951235e-01  6.81305015e-01  1.18671001e-04  8.84849487e-07  8.09278356e-05 
 3.12193419e-02  6.93355399e-01  6.92932642e-01  1.16954027e-04  8.59430087e-07  8.10907061e-05 
 3.12443419e-02  7.04588488e-01  7.04389395e-01  1.15208358e-04  8.33965657e-07  8.11744828e-05 
 3.12693419e-02  7.15647731e-01  7.15672460e-01  1.13434396e-04  8.08480818e-07  8.11790682e-05 
 3.12943419e-02  7.26530398e-01  7.26779067e-01  1.11632548e-04  7.83000197e-07  8.11044398e-05 
 3.13193419e-02  7.37233805e-01  7.37706483e-01  1.09803226e-04  7.57548415e-07  8.09506502e-05 
 3.13443419e-02  7.47755310e-01  7.48452016e-01  1.07946847e-04  7.32150080e-07  8.07178278e-05 
 3.13693419e-02  7.58092318e-01  7.59013019e-01  1.06063834e-04  7.06829771e-07  8.04061774e-05 
 3.13943419e-02  7.68242278e-01  7.69386882e-01  1.04154617e-04  6.81612033e-07  8.00159805e-05 
 3.14193419e-02  7.78202685e-01  7.79571041e-01  1.02219637e-04  6.56521356e-07  7.95475956e-05 
 3.14443419e-02  7.87971083e-01  7.89562976e-01  1.00259338e-04  6.31582166e-07  7.90014591e-05 
 3.14693419e-02  7.97545060e-01  7.99360211e-01  9.82741777e-05  6.06818803e-07  7.83780850e-05 
 3.14943419e-02  8.06922256e-01  8.08960315e-01  9.62646212e-05  5.82255507e-07  7.76780653e-05 
 3.15193419e-02  8.16100355e-01  8.18360902e-01  9.42311440e-05  5.57916391e-07  7.69020701e-05 
 3.15443419e-02  8.25077094e-01  8.27559637e-01  9.21742322e-05  5.33825419e-07  7.60508476e-05 
 3.15693419e-02  8.33850257e-01  8.36554232e-01  9.00943820e-05  5.10006386e-07  7.51252236e-05 
 3.15943419e-02  8.42417680e-01  8.45342446e-01  8.79921005e-05  4.86482882e-07  7.41261012e-05 
 3.16193419e-02  8.50777250e-01  8.53922092e-01  8.58679053e-05  4.63278270e-07  7.30544603e-05 
 3.16443419e-02  8.58926902e-01  8.62291033e-01  8.37223242e-05  4.40415652e-07  7.19113566e-05 
 3.16693419e-02  8.66864628e-01  8.70447185e-01  8.15558952e-05  4.17917841e-07  7.06979208e-05 
 3.16943419e-02  8.74588467e-01  8.78388517e-01  7.93691660e-05  3.95807324e-07  6.94153573e-05 
 3.17193419e-02  8.82096515e-01  8.86113053e-01  7.71626933e-05  3.74106237e-07  6.80649429e-05 
 3.17443419e-02  8.89386919e-01  8.93618873e-01  7.49370424e-05  3.52836324e-07  6.66480252e-05 
 3.17693419e-02  8.96457880e-01  9.00904112e-01  7.26927863e-05  3.32018913e-07  6.51660211e-05 
 3.17943419e-02  9.03307653e-01  9.07966962e-01  7.04305051e-05  3.11674878e-07  6.36204143e-05 
 3.18193419e-02  9.09934549e-01  9.14805674e-01  6.81507851e-05  2.91824614e-07  6.20127539e-05 
 3.18443419e-02  9.16336932e-01  9.21418554e-01  6.58542181e-05  2.72488004e-07  6.03446521e-05 
 3.18693419e-02  9.22513222e-01  9.27803971e-01  6.35414001e-05  2.53684395e-07  5.86177817e-05 
 3.18943419e-02  9.28461896e-01  9.33960350e-01  6.12129308e-05  2.35432568e-07  5.68338739e-05 
 3.19193419e-02  9.34181487e-01  9.39886175e-01  5.88694129e-05  2.17750721e-07  5.49947157e-05 
 3.19443419e-02  9.39670581e-01  9.45579991e-01  5.65114507e-05  2.00656441e-07  5.31021478e-05 
 3.19693419e-02  9.44927826e-01  9.51040403e-01  5.41396500e-05  1.84166689e-07  5.11580618e-05 
 3.19943419e-02  9.49951925e-01  9.56266075e-01  5.17546168e-05  1.68297780e-07  4.91643979e-05 
 3.20193419e-02  9.54741637e-01  9.61255731e-01  4.93569572e-05  1.53065371e-07  4.71231421e-05 
 3.20443419e-02  9.59295780e-01  9.66008153e-01  4.69472766e-05  1.38484447e-07  4.50363243e-05 
 3.20693419e-02  9.63613232e-01  9.70522187e-01  4.45261793e-05  1.24569309e-07  4.29060155e-05 
 3.20943419e-02  9.67692927e-01  9.74796734e-01  4.20942682e-05  1.11333566e-07  4.07343256e-05 
 3.21193419e-02  9.71533858e-01  9.78830757e-01  3.96521446e-05  9.87901298e-08  3.85234010e-05 
 3.21443419e-02  9.75135077e-01  9.82623278e-01  3.72004082e-05  8.69512046e-08  3.62754229e-05 
 3.21693419e-02  9.78495697e-01  9.86173377e-01  3.47396567e-05  7.58282856e-08  3.39926046e-05 
 3.21943419e-02  9.81614887e-01  9.89480195e-01  3.22704864e-05  6.54321536e-08  3.16771898e-05 
 3.22193419e-02  9.84491878e-01  9.92542929e-01  2.97934920e-05  5.57728719e-08  2.93314509e-05 
 3.22443419e-02  9.87125961e-01  9.95360836e-01  2.73092670e-05  4.68597836e-08  2.69576864e-05 
 3.22693419e-02  9.89516486e-01  9.97933233e-01  2.48184040e-05  3.87015086e-08  2.45582199e-05 
 3.22943419e-02  9.91662862e-01  1.00025949e+00  2.23214954e-05  3.13059411e-08  2.21353980e-05 
 3.23193419e-02  9.93564560e-01  1.00233905e+00  1.98191331e-05  2.46802469e-08  1.96915882e-05 
 3.23443419e-02  9.95221110e-01  1.00417139e+00  1.73119096e-05  1.88308596e-08  1.72291779e-05 
 3.23693419e-02  9.96632105e-01  1.00575607e+00  1.48004184e-05  1.37634776e-08  1.47505722e-05 
 3.23943419e-02  9.97797196e-01  1.00709270e+00  1.22852543e-05  9.48305990e-09  1.22581923e-05 
 3.24193419e-02  9.98716095e-01  1.00818093e+00  9.76701373e-06  5.99382128e-09  9.75447382e-06 
 3.24443419e-02  9.99388576e-01  1.00902051e+00  7.24629554e-06  3.29922761e-09  7.24186498e-06 
 3.24693419e-02  9.99814473e-01  1.00961120e+00  4.72370112e-06  1.40199032e-09  4.72282475e-06 
 3.24943419e-02  9.99993681e-01  1.00995286e+00  2.19983480e-06  3.04060727e-10  2.19982090e-06 
 3.25193419e-02  9.99926155e-01  1.01004540e+00 -3.24695899e-07  6.62420552e-12 -3.24671921e-07 
 3.25443419e-02  9.99611912e-01  1.00988877e+00 -2.84928011e-06  5.10094318e-10 -2.84817434e-06 
 3.25693419e-02  9.99051030e-01  1.00948300e+00 -5.37330352e-06  1.81410716e-09 -5.36820441e-06 
 3.25943419e-02  9.98243647e-01  1.00882818e+00 -7.89614833e-06  3.91751609e-09 -7.88227991e-06 
 3.26193419e-02  9.97189963e-01  1.00792445e+00 -1.04171934e-05  6.81838701e-09 -1.03879207e-05 
 3.26443419e-02  9.95890236e-01  1.00677203e+00 -1.29358144e-05  1.05139945e-08 -1.28826513e-05 
 3.26693419e-02  9.94344789e-01  1.00537118e+00 -1.54513841e-05  1.50008190e-08 -1.53640033e-05 
 3.26943419e-02  9.92554002e-01  1.00372223e+00 -1.79632726e-05  2.02745449e-08 -1.78295181e-05 
 3.27193419e-02  9.90518317e-01  1.00182558e+00 -2.04708480e-05  2.63300607e-08 -2.02767499e-05 
 3.27443419e-02  9.88238237e-01  9.99681691e-01 -2.29734766e-05  3.31614597e-08 -2.27032681e-05 
 3.27693419e-02  9.85714323e-01  9.97291075e-01 -2.54705238e-05  4.07620433e-08 -2.51066601e-05 
 3.27943419e-02  9.82947200e-01  9.94654318e-01 -2.79613543e-05  4.91243254e-08 -2.74845350e-05 
 3.28193419e-02  9.79937549e-01  9.91772064e-01 -3.04453333e-05  5.82400390e-08 -2.98345252e-05 
 3.28443419e-02  9.76686112e-01  9.88645021e-01 -3.29218264e-05  6.81001445e-08 -3.21542906e-05 
 3.28693419e-02  9.73193694e-01  9.85273958e-01 -3.53902012e-05  7.86948398e-08 -3.44415206e-05 
 3.28943419e-02  9.69461154e-01  9.81659708e-01 -3.78498272e-05  9.00135718e-08 -3.66939372e-05 
 3.29193419e-02  9.65489414e-01  9.77803165e-01 -4.03000770e-05  1.02045051e-07 -3.89092978e-05 
 3.29443419e-02  9.61279454e-01  9.73705286e-01 -4.27403267e-05  1.14777264e-07 -4.10853979e-05 
 3.29693419e-02  9.56832313e-01  9.69367089e-01 -4.51699564e-05  1.28197494e-07 -4.32200738e-05 
 3.29943419e-02  9.52149088e-01  9.64789650e-01 -4.75883511e-05  1.42292335e-07 -4.53112050e-05 
 3.30193419e-02  9.47230934e-01  9.59974111e-01 -4.99949008e-05  1.57047712e-07 -4.73567166e-05 
 3.30443419e-02  9.42079065e-01  9.54921668e-01 -5.23890014e-05  1.72448902e-07 -4.93545815e-05 
 3.30693419e-02  9.36694752e-01  9.49633582e-01 -5.47700546e-05  1.88480550e-07 -5.13028227e-05 
 3.30943419e-02  9.31079324e-01  9.44111168e-01 -5.71374684e-05  2.05126694e-07 -5.31995155e-05 
 3.31193419e-02  9.25234166e-01  9.38355801e-01 -5.94906574e-05  2.22370785e-07 -5.50427888e-05 
 3.31443419e-02  9.19160720e-01  9.32368915e-01 -6.18290428e-05  2.40195705e-07 -5.68308275e-05 
 3.31693419e-02  9.12860485e-01  9.26151998e-01 -6.41520522e-05  2.58583793e-07 -5.85618736e-05 
 3.31943419e-02  9.06335016e-01  9.19706596e-01 -6.64591204e-05  2.77516858e-07 -6.02342279e-05 
 3.32193419e-02  8.99585922e-01  9.13034310e-01 -6.87496882e-05  2.96976208e-07 -6.18462516e-05 
 3.32443419e-02  8.92614868e-01  9.06136795e-01 -7.10232031e-05  3.16942663e-07 -6.33963671e-05 
 3.32693419e-02  8.85423575e-01  8.99015762e-01 -7.32791188e-05  3.37396574e-07 -6.48830593e-05 
 3.32943419e-02  8.78013817e-01  8.91672975e-01 -7.55168948e-05  3.58317847e-07 -6.63048771e-05 
 3.33193419e-02  8.70387423e-01  8.84110249e-01 -7.77359964e-05  3.79685955e-07 -6.76604336e-05 
 3.33443419e-02  8.62546273e-01  8.76329454e-01 -7.99358943e-05  4.01479957e-07 -6.89484077e-05 
 3.33693419e-02  8.54492303e-01  8.68332512e-01 -8.21160641e-05  4.23678516e-07 -7.01675447e-05 
 3.33943419e-02  8.46227499e-01  8.60121395e-01 -8.42759860e-05  4.46259914e-07 -7.13166569e-05 
 3.34193419e-02  8.37753902e-01  8.51698126e-01 -8.64151449e-05  4.69202069e-07 -7.23946249e-05 
 3.34443419e-02  8.29073602e-01  8.43064781e-01 -8.85330297e-05  4.92482548e-07 -7.34003978e-05 
 3.34693419e-02  8.20188740e-01  8.34223484e-01 -9.06291329e-05  5.16078590e-07 -7.43329943e-05 
 3.34943419e-02  8.11101508e-01  8.25176410e-01 -9.27029509e-05  5.39967113e-07 -7.51915033e-05 
 3.35193419e-02  8.01814150e-01  8.15925783e-01 -9.47539833e-05  5.64124739e-07 -7.59750846e-05 
 3.35443419e-02  7.92328955e-01  8.06473876e-01 -9.67817334e-05  5.88527804e-07 -7.66829697e-05 
 3.35693419e-02  7.82648266e-01  7.96823011e-01 -9.87857072e-05  6.13152382e-07 -7.73144625e-05 
 3.35943419e-02  7.72774470e-01  7.86975559e-01 -1.00765414e-04  6.37974300e-07 -7.78689398e-05 
 3.36193419e-02  7.62710003e-01  7.76933940e-01 -1.02720368e-04  6.62969159e-07 -7.83458522e-05 
 3.36443419e-02  7.52457349e-01  7.66700620e-01 -1.04650084e-04  6.88112355e-07 -7.87447248e-05 
 3.36693419e-02  7.42019037e-01  7.56278114e-01 -1.06554083e-04  7.13379099e-07 -7.90651578e-05 
 3.36943419e-02  7.31397644e-01  7.45668983e-01 -1.08431887e-04  7.38744444e-07 -7.93068270e-05 
 3.37193419e-02  7.20595788e-01  7.34875836e-01 -1.10283027e-04  7.64183306e-07 -7.94694846e-05 
 3.37443419e-02  7.09616137e-01  7.23901329e-01 -1.12107033e-04  7.89670491e-07 -7.95529596e-05 
 3.37693419e-02  6.98461399e-01  7.12748161e-01 -1.13903444e-04  8.15180723e-07 -7.95571585e-05 
 3.37943419e-02  6.87134325e-01  7.01419078e-01 -1.15671802e-04  8.40688670e-07 -7.94820655e-05 
 3.38193419e-02  6.75637712e-01  6.89916872e-01 -1.17411657e-04  8.66168975e-07 -7.93277429e-05 
 3.38443419e-02  6.63974394e-01  6.78244378e-01 -1.19122563e-04  8.91596283e-07 -7.90943315e-05 
 3.38693419e-02  6.52147252e-01  6.66404475e-01 -1.20804083e-04  9.16945276e-07 -7.87820506e-05 
 3.38943419e-02  6.40159201e-01  6.54400083e-01 -1.22455786e-04  9.42190700e-07 -7.83911982e-05 
 3.39193419e-02  6.28013201e-01  6.42234168e-01 -1.24077250e-04  9.67307398e-07 -7.79221508e-05 
 3.39443419e-02  6.15712248e-01  6.29909733e-01 -1.25668059e-04  9.92270341e-07 -7.73753635e-05 
 3.39693419e-02  6.03259378e-01  6.17429824e-01 -1.27227810e-04  1.01705466e-06 -7.67513694e-05 
 3.39943419e-02  5.90657662e-01  6.04797526e-01 -1.28756104e-04  1.04163568e-06 -7.60507794e-05 
 3.40193419e-02  5.77910210e-01  5.92015963e-01 -1.30252556e-04  1.06598894e-06 -7.52742817e-05 
 3.40443419e-02  5.65020167e-01  5.79088296e-01 -1.31716787e-04  1.09009023e-06 -7.44226410e-05 
 3.40693419e-02  5.51990714e-01  5.66017724e-01 -1.33148431e-04  1.11391564e-06 -7.34966976e-05 
 3.40943419e-02  5.38825066e-01  5.52807479e-01 -1.34547131e-04  1.13744152e-06 -7.24973670e-05 
 3.41193419e-02  5.25526471e-01  5.39460832e-01 -1.35912541e-04  1.16064461e-06 -7.14256381e-05 
 3.41443419e-02  5.12098210e-01  5.25981083e-01 -1.37244325e-04  1.18350197e-06 -7.02825731e-05 
 3.41693419e-02  4.98543596e-01  5.12371568e-01 -1.38542157e-04  1.20599104e-06 -6.90693051e-05 
 3.41943419e-02  4.84865974e-01  4.98635653e-01 -1.39805722e-04  1.22808970e-06 -6.77870378e-05 
 3.42193419e-02  4.71068719e-01  4.84776735e-01 -1.41034717e-04  1.24977622e-06 -6.64370434e-05 
 3.42443419e-02  4.57155234e-01  4.70798240e-01 -1.42228846e-04  1.27102931e-06 -6.50206615e-05 
 3.42693419e-02  4.43128954e-01  4.56703625e-01 -1.43387826e-04  1.29182818e-06 -6.35392973e-05 
 3.42943419e-02  4.28993338e-01  4.42496371e-01 -1.44511382e-04  1.31215247e-06 -6.19944202e-05 
 3.43193419e-02  4.14751874e-01  4.28179987e-01 -1.45599250e-04  1.33198235e-06 -6.03875619e-05 
 3.43443419e-02  4.00408076e-01  4.13758009e-01 -1.46651175e-04  1.35129847e-06 -5.87203148e-05 
 3.43693419e-02  3.85965484e-01  3.99233996e-01 -1.47666910e-04  1.37008202e-06 -5.69943303e-05 
 3.43943419e-02  3.71427660e-01  3.84611531e-01 -1.48646218e-04  1.38831470e-06 -5.52113170e-05 
 3.44193419e-02  3.56798193e-01  3.69894222e-01 -1.49588871e-04  1.40597877e-06 -5.33730388e-05 
 3.44443419e-02  3.42080690e-01  3.55085696e-01 -1.50494648e-04  1.42305703e-06 -5.14813132e-05 
 3.44693419e-02  3.27278785e-01  3.40189604e-01 -1.51363338e-04  1.43953287e-06 -4.95380092e-05 
 3.44943419e-02  3.12396128e-01  3.25209616e-01 -1.52194735e-04  1.45539021e-06 -4.75450459e-05 
 3.45193419e-02  2.97436392e-01  3.10149423e-01 -1.52988643e-04  1.47061361e-06 -4.55043901e-05 
 3.45443419e-02  2.82403268e-01  2.95012733e-01 -1.53744874e-04  1.48518818e-06 -4.34180549e-05 
 3.45693419e-02  2.67300466e-01  2.79803274e-01 -1.54463245e-04  1.49909965e-06 -4.12880974e-05 
 3.45943419e-02  2.52131711e-01  2.64524792e-01 -1.55143584e-04  1.51233440e-06 -3.91166171e-05 
 3.46193419e-02  2.36900746e-01  2.49181048e-01 -1.55785722e-04  1.52487939e-06 -3.69057536e-05 
 3.46443419e-02  2.21611329e-01  2.33775821e-01 -1.56389501e-04  1.53672225e-06 -3.46576851e-05 
 3.46693419e-02  2.06267234e-01  2.18312904e-01 -1.56954769e-04  1.54785125e-06 -3.23746260e-05 
 3.46943419e-02  1.90872245e-01  2.02796104e-01 -1.57481382e-04  1.55825536e-06 -3.00588249e-05 
 3.47193419e-02  1.75430161e-01  1.87229244e-01 -1.57969205e-04  1.56792418e-06 -2.77125630e-05 
 3.47443419e-02  1.59944792e-01  1.71616158e-01 -1.58418109e-04  1.57684805e-06 -2.53381515e-05 
 3.47693419e-02  1.44419959e-01  1.55960694e-01 -1.58827975e-04  1.58501797e-06 -2.29379297e-05 
 3.47943419e-02  1.28859493e-01  1.40266710e-01 -1.59198692e-04  1.59242571e-06 -2.05142627e-05 
 3.48193419e-02  1.13267233e-01  1.24538074e-01 -1.59530156e-04  1.59906374e-06 -1.80695394e-05 
 3.48443419e-02  9.76470255e-02  1.08778666e-01 -1.59822277e-04  1.60492528e-06 -1.56061699e-05 
 3.48693419e-02  8.20027252e-02  9.29923719e-02 -1.60074969e-04  1.61000433e-06 -1.31265837e-05 
 3.48943419e-02  6.63381921e-02  7.71830878e-02 -1.60288158e-04  1.61429563e-06 -1.06332266e-05 
 3.49193419e-02  5.06572909e-02  6.13547152e-02 -1.60461782e-04  1.61779473e-06 -8.12855919e-06 
 3.49443419e-02  3.49638908e-02  4.55111618e-02 -1.60595787e-04  1.62049796e-06 -5.61505357e-06 
 3.49693419e-02  1.92618639e-02  2.96563398e-02 -1.60690130e-04  1.62240246e-06 -3.09519142e-06 
 3.49943419e-02  3.55508447e-03  1.37941655e-02 -1.60744779e-04  1.62350617e-06 -5.71461266e-07 
 3.50193419e-02 -1.21525722e-02 -2.07144270e-03 -1.60759713e-04  1.62380785e-06  1.95364401e-06 
 3.50443419e-02 -2.78572303e-02 -1.79365645e-02 -1.60734922e-04  1.62330708e-06  4.47762975e-06 
 3.50693419e-02 -4.35550151e-02 -3.37972793e-02 -1.60670409e-04  1.62200426e-06  6.99800210e-06 
 3.50943419e-02 -5.92420534e-02 -4.96496673e-02 -1.60566186e-04  1.61990064e-06  9.51227058e-06 
 3.51193419e-02 -7.49144746e-02 -6.54898105e-02 -1.60422278e-04  1.61699825e-06  1.20179507e-05 
 3.51443419e-02 -9.05684117e-02 -8.13137940e-02 -1.60238721e-04  1.61329999e-06  1.45125664e-05 
 3.51693419e-02 -1.06200002e-01 -9.71177068e-02 -1.60015562e-04  1.60880954e-06  1.69936531e-05 
 3.51943419e-02 -1.21805390e-01 -1.12897643e-01 -1.59752860e-04  1.60353143e-06  1.94587594e-05 
 3.52193419e-02 -1.37380724e-01 -1.28649704e-01 -1.59450685e-04  1.59747096e-06  2.19054505e-05 
 3.52443419e-02 -1.52922161e-01 -1.44369998e-01 -1.59109118e-04  1.59063425e-06  2.43313102e-05 
 3.52693419e-02 -1.68425867e-01 -1.60054641e-01 -1.58728251e-04  1.58302821e-06  2.67339433e-05 
 3.52943419e-02 -1.83888016e-01 -1.75699760e-01 -1.58308186e-04  1.57466052e-06  2.91109783e-05 
 3.53193419e-02 -1.99304794e-01 -1.91301491e-01 -1.57849036e-04  1.56553962e-06  3.14600697e-05 
 3.53443419e-02 -2.14672396e-01 -2.06855983e-01 -1.57350924e-04  1.55567470e-06  3.37789000e-05 
 3.53693419e-02 -2.29987031e-01 -2.22359397e-01 -1.56813983e-04  1.54507571e-06  3.60651825e-05 
 3.53943419e-02 -2.45244921e-01 -2.37807908e-01 -1.56238355e-04  1.53375329e-06  3.83166629e-05 
 3.54193419e-02 -2.60442299e-01 -2.53197705e-01 -1.55624191e-04  1.52171880e-06  4.05311222e-05 
 3.54443419e-02 -2.75575418e-01 -2.68524993e-01 -1.54971653e-04  1.50898430e-06  4.27063779e-05 
 3.54693419e-02 -2.90640542e-01 -2.83785993e-01 -1.54280908e-04  1.49556250e-06  4.48402869e-05 
 3.54943419e-02 -3.05633955e-01 -2.98976943e-01 -1.53552137e-04  1.48146679e-06  4.69307469e-05 
 3.55193419e-02 -3.20551958e-01 -3.14094098e-01 -1.52785524e-04  1.46671120e-06  4.89756988e-05 
 3.55443419e-02 -3.35390869e-01 -3.29133734e-01 -1.51981264e-04  1.45131036e-06  5.09731281e-05 
 3.55693419e-02 -3.50147028e-01 -3.44092144e-01 -1.51139559e-04  1.43527954e-06  5.29210673e-05 
 3.55943419e-02 -3.64816792e-01 -3.58965644e-01 -1.50260620e-04  1.41863458e-06  5.48175973e-05 
 3.56193419e-02 -3.79396544e-01 -3.73750570e-01 -1.49344664e-04  1.40139193e-06  5.66608493e-05 
 3.56443419e-02 -3.93882686e-01 -3.88443279e-01 -1.48391917e-04  1.38356855e-06  5.84490068e-05 
 3.56693419e-02 -4.08271642e-01 -4.03040152e-01 -1.47402613e-04  1.36518200e-06  6.01803067e-05 
 3.56943419e-02 -4.22559864e-01 -4.17537592e-01 -1.46376992e-04  1.34625034e-06  6.18530417e-05 
 3.57193419e-02 -4.36743826e-01 -4.31932027e-01 -1.45315303e-04  1.32679216e-06  6.34655614e-05 
 3.57443419e-02 -4.50820027e-01 -4.46219911e-01 -1.44217803e-04  1.30682653e-06  6.50162739e-05 
 3.57693419e-02 -4.64784996e-01 -4.60397722e-01 -1.43084756e-04  1.28637304e-06  6.65036478e-05 
 3.57943419e-02 -4.78635285e-01 -4.74461964e-01 -1.41916435e-04  1.26545171e-06  6.79262132e-05 
 3.58193419e-02 -4.92367479e-01 -4.88409172e-01 -1.40713119e-04  1.24408305e-06  6.92825638e-05 
 3.58443419e-02 -5.05978188e-01 -5.02235904e-01 -1.39475099e-04  1.22228800e-06  7.05713577e-05 
 3.58693419e-02 -5.19464055e-01 -5.15938750e-01 -1.38202670e-04  1.20008790e-06  7.17913191e-05 
 3.58943419e-02 -5.32821752e-01 -5.29514330e-01 -1.36896138e-04  1.17750452e-06  7.29412400e-05 
 3.59193419e-02 -5.46047983e-01 -5.42959293e-01 -1.35555818e-04  1.15456002e-06  7.40199807e-05 
 3.59443419e-02 -5.59139485e-01 -5.56270320e-01 -1.34182032e-04  1.13127690e-06  7.50264720e-05 
 3.59693419e-02 -5.72093027e-01 -5.69444125e-01 -1.32775112e-04  1.10767804e-06  7.59597157e-05 
 3.59943419e-02 -5.84905414e-01 -5.82477454e-01 -1.31335399e-04  1.08378663e-06  7.68187860e-05 
 3.60193419e-02 -5.97573485e-01 -5.95367088e-01 -1.29863243e-04  1.05962618e-06  7.76028305e-05 
 3.60443419e-02 -6.10094113e-01 -6.08109843e-01 -1.28359002e-04  1.03522048e-06  7.83110712e-05 
 3.60693419e-02 -6.22464209e-01 -6.20702570e-01 -1.26823044e-04  1.01059358e-06  7.89428055e-05 
 3.60943419e-02 -6.34680722e-01 -6.33142158e-01 -1.25255745e-04  9.85769788e-07  7.94974069e-05 
 3.61193419e-02 -6.46740637e-01 -6.45425532e-01 -1.23657492e-04  9.60773606e-07  7.99743254e-05 
 3.61443419e-02 -6.58640978e-01 -6.57549657e-01 -1.22028680e-04  9.35629738e-07  8.03730889e-05 
 3.61693419e-02 -6.70378810e-01 -6.69511536e-01 -1.20369710e-04  9.10363049e-07  8.06933029e-05 
 3.61943419e-02 -6.81951235e-01 -6.81308213e-01 -1.18680996e-04  8.84998543e-07  8.09346516e-05 
 3.62193419e-02 -6.93355399e-01 -6.92936774e-01 -1.16962957e-04  8.59561333e-07  8.10968977e-05 
 3.62443419e-02 -7.04588488e-01 -7.04394346e-01 -1.15216022e-04  8.34076616e-07  8.11798828e-05 
 3.62693419e-02 -7.15647731e-01 -7.15678097e-01 -1.13440628e-04  8.08569645e-07  8.11835277e-05 
 3.62943419e-02 -7.26530398e-01 -7.26785242e-01 -1.11637218e-04  7.83065698e-07  8.11078321e-05 
 3.63193419e-02 -7.37233805e-01 -7.37713037e-01 -1.09806244e-04  7.57590054e-07  8.09528749e-05 
 3.63443419e-02 -7.47755310e-01 -7.48458785e-01 -1.07948165e-04  7.32167962e-07  8.07188136e-05 
 3.63693419e-02 -7.58092318e-01 -7.59019833e-01 -1.06063447e-04  7.06824615e-07  8.04058841e-05 
 3.63943419e-02 -7.68242278e-01 -7.69393575e-01 -1.04152561e-04  6.81585120e-07  8.00144008e-05 
 3.64193419e-02 -7.78202685e-01 -7.79577453e-01 -1.02215987e-04  6.56474476e-07  7.95447555e-05 
 3.64443419e-02 -7.87971083e-01 -7.89568955e-01 -1.00254208e-04  6.31517540e-07  7.89974172e-05 
 3.64693419e-02 -7.97545060e-01 -7.99365618e-01 -9.82677159e-05  6.06739006e-07  7.83729314e-05 
 3.64943419e-02 -8.06922256e-01 -8.08965027e-01 -9.62570051e-05  5.82163379e-07  7.76719197e-05 
 3.65193419e-02 -8.16100355e-01 -8.18364816e-01 -9.42225769e-05  5.57814947e-07  7.68950784e-05 
 3.65443419e-02 -8.25077094e-01 -8.27562670e-01 -9.21649371e-05  5.33717760e-07  7.60431784e-05 
 3.65693419e-02 -8.33850257e-01 -8.36556322e-01 -9.00845964e-05  5.09895604e-07  7.51170639e-05 
 3.65943419e-02 -8.42417680e-01 -8.45343558e-01 -8.79820702e-05  4.86371979e-07  7.41176515e-05 
 3.66193419e-02 -8.50777250e-01 -8.53922215e-01 -8.58578780e-05  4.63170077e-07  7.30459293e-05 
 3.66443419e-02 -8.58926902e-01 -8.62290178e-01 -8.37125440e-05  4.40312762e-07  7.19029561e-05 
 3.66693419e-02 -8.66864628e-01 -8.70445389e-01 -8.15465962e-05  4.17822544e-07  7.06898598e-05 
 3.66943419e-02 -8.74588467e-01 -8.78385838e-01 -7.93605670e-05  3.95721564e-07  6.94078367e-05 
 3.67193419e-02 -8.82096515e-01 -8.86109570e-01 -7.71549927e-05  3.74031571e-07  6.80581502e-05 
 3.67443419e-02 -8.89386919e-01 -8.93614682e-01 -7.49304136e-05  3.52773905e-07  6.66421297e-05 
 3.67693419e-02 -8.96457880e-01 -9.00899327e-01 -7.26873741e-05  3.31969475e-07  6.51611693e-05 
 3.67943419e-02 -9.03307653e-01 -9.07961709e-01 -7.04264223e-05  3.11638744e-07  6.36167262e-05 
 3.68193419e-02 -9.09934549e-01 -9.14800087e-01 -6.81481105e-05  2.91801709e-07  6.20103202e-05 
 3.68443419e-02 -9.16336932e-01 -9.21412775e-01 -6.58529949e-05  2.72477882e-07  6.03435313e-05 
 3.68693419e-02 -9.22513222e-01 -9.27798143e-01 -6.35416356e-05  2.53686275e-07  5.86179990e-05 
 3.68943419e-02 -9.28461896e-01 -9.33954615e-01 -6.12145967e-05  2.35445383e-07  5.68354206e-05 
 3.69193419e-02 -9.34181487e-01 -9.39880672e-01 -5.88724465e-05  2.17773163e-07  5.49975496e-05 
 3.69443419e-02 -9.39670581e-01 -9.45574851e-01 -5.65157570e-05  2.00687023e-07  5.31061942e-05 
 3.69693419e-02 -9.44927826e-01 -9.51035745e-01 -5.41451044e-05  1.84203800e-07  5.11632158e-05 
 3.69943419e-02 -9.49951925e-01 -9.56262004e-01 -5.17610689e-05  1.68339745e-07  4.91705270e-05 
 3.70193419e-02 -9.54741637e-01 -9.61252337e-01 -4.93642346e-05  1.53110511e-07  4.71300901e-05 
 3.70443419e-02 -9.59295780e-01 -9.66005509e-01 -4.69551893e-05  1.38531132e-07  4.50439150e-05 
 3.70693419e-02 -9.63613232e-01 -9.70520345e-01 -4.45345250e-05  1.24616010e-07  4.29140576e-05 
 3.70943419e-02 -9.67692927e-01 -9.74795727e-01 -4.21028371e-05  1.11378898e-07  4.07426176e-05 
 3.71193419e-02 -9.71533858e-01 -9.78830596e-01 -3.96607248e-05  9.88328878e-08  3.85317369e-05 
 3.71443419e-02 -9.75135077e-01 -9.82623954e-01 -3.72087906e-05  8.69903947e-08  3.62835969e-05 
 3.71693419e-02 -9.78495697e-01 -9.86174861e-01 -3.47476405e-05  7.58631430e-08  3.40004167e-05 
 3.71943419e-02 -9.81614887e-01 -9.89482438e-01 -3.22778835e-05  6.54621539e-08  3.16844509e-05 
 3.72193419e-02 -9.84491878e-01 -9.92545864e-01 -2.98001314e-05  5.57977326e-08  2.93379874e-05 
 3.72443419e-02 -9.87125961e-01 -9.95364383e-01 -2.73149990e-05  4.68794567e-08  2.69633446e-05 
 3.72693419e-02 -9.89516486e-01 -9.97937294e-01 -2.48231032e-05  3.87161656e-08  2.45628699e-05 
 3.72943419e-02 -9.91662862e-01 -1.00026396e+00 -2.23250634e-05  3.13159501e-08  2.21389362e-05 
 3.73193419e-02 -9.93564560e-01 -1.00234381e+00 -1.98215005e-05  2.46861435e-08  1.96939405e-05 
 3.73443419e-02 -9.95221110e-01 -1.00417633e+00 -1.73130376e-05  1.88333135e-08  1.72303005e-05 
 3.73693419e-02 -9.96632105e-01 -1.00576106e+00 -1.48002987e-05  1.37632549e-08  1.47504528e-05 
 3.73943419e-02 -9.97797196e-01 -1.00709761e+00 -1.22839090e-05  9.48098315e-09  1.22568500e-05 
 3.74193419e-02 -9.98716095e-01 -1.00818565e+00 -9.76449466e-06  5.99072987e-09  9.75195798e-06 
 3.74443419e-02 -9.99388576e-01 -1.00902492e+00 -7.24268216e-06  3.29593810e-09  7.23825381e-06 
 3.74693419e-02 -9.99814473e-01 -1.00961521e+00 -4.71909830e-06  1.39925942e-09  4.71822278e-06 
 3.74943419e-02 -9.99993681e-01 -1.00995638e+00 -2.19436988e-06  3.02551881e-10  2.19435601e-06 
 3.75193419e-02 -9.99926155e-01 -1.01004834e+00  3.30876603e-07  6.87879410e-12 -3.30852170e-07 
 3.75443419e-02 -9.99611912e-01 -1.00989107e+00  2.85601511e-06  5.12508644e-10 -2.85490673e-06 
 3.75693419e-02 -9.99051030e-01 -1.00948462e+00  5.38042034e-06  1.81891584e-09 -5.37531449e-06 
 3.75943419e-02 -9.98243647e-01 -1.00882909e+00  7.90346790e-06  3.92478237e-09 -7.88958662e-06 
 3.76193419e-02 -9.97189963e-01 -1.00792464e+00  1.04245345e-05  6.82800032e-09 -1.03952411e-05 
 3.76443419e-02 -9.95890236e-01 -1.00677150e+00  1.29429980e-05  1.05256752e-08 -1.28898054e-05 
 3.76693419e-02 -9.94344789e-01 -1.00536995e+00  1.54582379e-05  1.50141298e-08 -1.53708183e-05 
 3.76943419e-02 -9.92554002e-01 -1.00372035e+00  1.79696349e-05  2.02889093e-08 -1.78358331e-05 
 3.77193419e-02 -9.90518317e-01 -1.00182311e+00  2.04765716e-05  2.63447864e-08 -2.02824193e-05 
 3.77443419e-02 -9.88238237e-01 -9.99678690e-01  2.29784322e-05  3.31757676e-08 -2.27081653e-05 
 3.77693419e-02 -9.85714323e-01 -9.97287629e-01  2.54746026e-05  4.07750994e-08 -2.51106807e-05 
 3.77943419e-02 -9.82947200e-01 -9.94650517e-01  2.79644707e-05  4.91352761e-08 -2.74875982e-05 
 3.78193419e-02 -9.79937549e-01 -9.91768006e-01  3.04474263e-05  5.82480470e-08 -2.98365763e-05 
 3.78443419e-02 -9.76686112e-01 -9.88640808e-01  3.29228610e-05  6.81044249e-08 -3.21553011e-05 
 3.78693419e-02 -9.73193694e-01 -9.85269696e-01  3.53901686e-05  7.86946950e-08 -3.44414889e-05 
 3.78943419e-02 -9.69461154e-01 -9.81655501e-01  3.78487448e-05  9.00084234e-08 -3.66928878e-05 
 3.79193419e-02 -9.65489414e-01 -9.77799115e-01  4.02979873e-05  1.02034468e-07 -3.89072802e-05 
 3.79443419e-02 -9.61279454e-01 -9.73701489e-01  4.27372962e-05  1.14760988e-07 -4.10824847e-05 
 3.79693419e-02 -9.56832313e-01 -9.69363632e-01  4.51660734e-05  1.28175454e-07 -4.32163585e-05 
 3.79943419e-02 -9.52149088e-01 -9.64786614e-01  4.75837232e-05  1.42264661e-07 -4.53067987e-05 
 3.80193419e-02 -9.47230934e-01 -9.59971561e-01  4.99896523e-05  1.57014740e-07 -4.73517451e-05 
 3.80443419e-02 -9.42079065e-01 -9.54919661e-01  5.23832696e-05  1.72411169e-07 -4.93491816e-05 
 3.80693419e-02 -9.36694752e-01 -9.49632157e-01  5.47639864e-05  1.88438787e-07 -5.12971387e-05 
 3.80943419e-02 -9.31079324e-01 -9.44110351e-01  5.71312167e-05  2.05081809e-07 -5.31936946e-05 
 3.81193419e-02 -9.25234166e-01 -9.38355603e-01  5.94843772e-05  2.22323837e-07 -5.50369781e-05 
 3.81443419e-02 -9.19160720e-01 -9.32369330e-01  6.18228872e-05  2.40147881e-07 -5.68251695e-05 
 3.81693419e-02 -9.12860485e-01 -9.26153007e-01  6.41461692e-05  2.58536369e-07 -5.85565032e-05 
 3.81943419e-02 -9.06335016e-01 -9.19708166e-01  6.64536489e-05  2.77471165e-07 -6.02292689e-05 
 3.82193419e-02 -8.99585922e-01 -9.13036393e-01  6.87447549e-05  2.96933590e-07 -6.18418137e-05 
 3.82443419e-02 -8.92614868e-01 -9.06139333e-01  7.10189198e-05  3.16904435e-07 -6.33925437e-05 
 3.82693419e-02 -8.85423575e-01 -8.99018686e-01  7.32755796e-05  3.37363984e-07 -6.48799256e-05 
 3.82943419e-02 -8.78013817e-01 -8.91676207e-01  7.55141743e-05  3.58292031e-07 -6.63024884e-05 
 3.83193419e-02 -8.70387423e-01 -8.84113707e-01  7.77341482e-05  3.79667900e-07 -6.76588249e-05 
 3.83443419e-02 -8.62546273e-01 -8.76333050e-01  7.99349497e-05  4.01470469e-07 -6.89475930e-05 
 3.83693419e-02 -8.54492303e-01 -8.68336156e-01  8.21160321e-05  4.23678187e-07 -7.01675174e-05 
 3.83943419e-02 -8.46227499e-01 -8.60124998e-01  8.42768534e-05  4.46269100e-07 -7.13173909e-05 
 3.84193419e-02 -8.37753902e-01 -8.51701601e-01  8.64168766e-05  4.69220873e-07 -7.23960756e-05 
 3.84443419e-02 -8.29073602e-01 -8.43068045e-01  8.85355701e-05  4.92510812e-07 -7.34025039e-05 
 3.84693419e-02 -8.20188740e-01 -8.34226461e-01  9.06324077e-05  5.16115887e-07 -7.43356802e-05 
 3.84943419e-02 -8.11101508e-01 -8.25179032e-01  9.27068690e-05  5.40012758e-07 -7.51946813e-05 
 3.85193419e-02 -8.01814150e-01 -8.15927991e-01  9.47584395e-05  5.64177800e-07 -7.59786576e-05 
 3.85443419e-02 -7.92328955e-01 -8.06475624e-01  9.67866108e-05  5.88587124e-07 -7.66868342e-05 
 3.85693419e-02 -7.82648266e-01 -7.96824263e-01  9.87908807e-05  6.13216606e-07 -7.73185115e-05 
 3.85943419e-02 -7.72774470e-01 -7.86976292e-01  1.00770754e-04  6.38041908e-07 -7.78730657e-05 
 3.86193419e-02 -7.62710003e-01 -7.76934145e-01  1.02725740e-04  6.63038507e-07 -7.83499496e-05 
 3.86443419e-02 -7.52457349e-01 -7.66700299e-01  1.04655358e-04  6.88181715e-07 -7.87486933e-05 
 3.86693419e-02 -7.42019037e-01 -7.56277284e-01  1.06559132e-04  7.13446709e-07 -7.90689043e-05 
 3.86943419e-02 -7.31397644e-01 -7.45667672e-01  1.08436592e-04  7.38808554e-07 -7.93102681e-05 
 3.87193419e-02 -7.20595788e-01 -7.34874083e-01  1.10287278e-04  7.64242225e-07 -7.94725481e-05 
 3.87443419e-02 -7.09616137e-01 -7.23899183e-01  1.12110734e-04  7.89722638e-07 -7.95555863e-05 
 3.87693419e-02 -6.98461399e-01 -7.12745680e-01  1.13906514e-04  8.15224667e-07 -7.95593029e-05 
 3.87943419e-02 -6.87134325e-01 -7.01416329e-01  1.15674176e-04  8.40723174e-07 -7.94836966e-05 
 3.88193419e-02 -6.75637712e-01 -6.89913926e-01  1.17413287e-04  8.66193030e-07 -7.93288445e-05 
 3.88443419e-02 -6.63974394e-01 -6.78241309e-01  1.19123422e-04  8.91609140e-07 -7.90949018e-05 
 3.88693419e-02 -6.52147252e-01 -6.66401359e-01  1.20804161e-04  9.16946467e-07 -7.87821018e-05 
 3.88943419e-02 -6.40159201e-01 -6.54396998e-01  1.22455094e-04  9.42180054e-07 -7.83907553e-05 
 3.89193419e-02 -6.28013201e-01 -6.42231187e-01  1.24075816e-04  9.67285050e-07 -7.79212507e-05 
 3.89443419e-02 -6.15712248e-01 -6.29906928e-01  1.25665931e-04  9.92236730e-07 -7.73740530e-05 
 3.89693419e-02 -6.03259378e-01 -6.17427261e-01  1.27225049e-04  1.01701052e-06 -7.67497038e-05 
 3.89943419e-02 -5.90657662e-01 -6.04795263e-01  1.28752788e-04  1.04158202e-06 -7.60488205e-05 
 3.90193419e-02 -5.77910210e-01 -5.92014050e-01  1.30248773e-04  1.06592702e-06 -7.52720956e-05 
 3.90443419e-02 -5.65020167e-01 -5.79086775e-01  1.31712637e-04  1.09002155e-06 -7.44202962e-05 
 3.90693419e-02 -5.51990714e-01 -5.66016625e-01  1.33144021e-04  1.11384185e-06 -7.34942632e-05 
 3.90943419e-02 -5.38825066e-01 -5.52806823e-01  1.34542572e-04  1.13736444e-06 -7.24949104e-05 
 3.91193419e-02 -5.25526471e-01 -5.39460627e-01  1.35907946e-04  1.16056613e-06 -7.14232234e-05 
 3.91443419e-02 -5.12098210e-01 -5.25981328e-01  1.37239807e-04  1.18342404e-06 -7.02802592e-05 
 3.91693419e-02 -4.98543596e-01 -5.12372249e-01  1.38537824e-04  1.20591561e-06 -6.90671449e-05 
 3.91943419e-02 -4.84865974e-01 -4.98636748e-01  1.39801677e-04  1.22801864e-06 -6.77850765e-05 
 3.92193419e-02 -4.71068719e-01 -4.84778210e-01  1.41031054e-04  1.24971129e-06 -6.64353178e-05 
 3.92443419e-02 -4.57155234e-01 -4.70800054e-01  1.42225648e-04  1.27097216e-06 -6.50191995e-05 
 3.92693419e-02 -4.43128954e-01 -4.56705728e-01  1.43385164e-04  1.29178021e-06 -6.35381176e-05 
 3.92943419e-02 -4.28993338e-01 -4.42498707e-01  1.44509312e-04  1.31211488e-06 -6.19935321e-05 
 3.93193419e-02 -4.14751874e-01 -4.28182497e-01  1.45597814e-04  1.33195606e-06 -6.03869660e-05 
 3.93443419e-02 -4.00408076e-01 -4.13760628e-01  1.46650397e-04  1.35128413e-06 -5.87200032e-05 
 3.93693419e-02 -3.85965484e-01 -3.99236659e-01  1.47666799e-04  1.37007996e-06 -5.69942875e-05 
 3.93943419e-02 -3.71427660e-01 -3.84614173e-01  1.48646767e-04  1.38832495e-06 -5.52115209e-05 
 3.94193419e-02 -3.56798193e-01 -3.69896778e-01  1.49590056e-04  1.40600104e-06 -5.33734616e-05 
 3.94443419e-02 -3.42080690e-01 -3.55088106e-01  1.50496431e-04  1.42309074e-06 -5.14819229e-05 
 3.94693419e-02 -3.27278785e-01 -3.40191811e-01  1.51365665e-04  1.43957713e-06 -4.95387708e-05 
 3.94943419e-02 -3.12396128e-01 -3.25211570e-01  1.52197542e-04  1.45544389e-06 -4.75459227e-05 
 3.95193419e-02 -2.97436392e-01 -3.10151079e-01  1.52991854e-04  1.47067533e-06 -4.55053451e-05 
 3.95443419e-02 -2.82403268e-01 -2.95014057e-01  1.53748404e-04  1.48525638e-06 -4.34190519e-05 
 3.95693419e-02 -2.67300466e-01 -2.79804238e-01  1.54467004e-04  1.49917262e-06 -4.12891022e-05 
 3.95943419e-02 -2.52131711e-01 -2.64525378e-01  1.55147476e-04  1.51241029e-06 -3.91175986e-05 
 3.96193419e-02 -2.36900746e-01 -2.49181249e-01  1.55789651e-04  1.52495632e-06 -3.69066846e-05 
 3.96443419e-02 -2.21611329e-01 -2.33775637e-01  1.56393371e-04  1.53679831e-06 -3.46585429e-05 
 3.96693419e-02 -2.06267234e-01 -2.18312345e-01  1.56958487e-04  1.54792459e-06 -3.23753929e-05 
 3.96943419e-02 -1.90872245e-01 -2.02795190e-01  1.57484860e-04  1.55832417e-06 -3.00594886e-05 
 3.97193419e-02 -1.75430161e-01 -1.87228003e-01  1.57972361e-04  1.56798683e-06 -2.77131167e-05 
 3.97443419e-02 -1.59944792e-01 -1.71614625e-01  1.58420872e-04  1.57690304e-06 -2.53385934e-05 
 3.97693419e-02 -1.44419959e-01 -1.55958910e-01  1.58830283e-04  1.58506404e-06 -2.29382630e-05 
 3.97943419e-02 -1.28859493e-01 -1.40264723e-01  1.59200496e-04  1.59246181e-06 -2.05144952e-05 
 3.98193419e-02 -1.13267233e-01 -1.24535936e-01  1.59531421e-04  1.59908910e-06 -1.80696826e-05 
 3.98443419e-02 -9.76470255e-02 -1.08776431e-01  1.59822979e-04  1.60493940e-06 -1.56062385e-05 
 3.98693419e-02 -8.20027252e-02 -9.29900956e-02  1.60075101e-04  1.61000699e-06 -1.31265945e-05 
 3.98943419e-02 -6.63381921e-02 -7.71808263e-02  1.60287726e-04  1.61428691e-06 -1.06331979e-05 
 3.99193419e-02 -5.06572909e-02 -6.13525234e-02  1.60460804e-04  1.61777501e-06 -8.12850963e-06 
 3.99443419e-02 -3.49638908e-02 -4.55090918e-02  1.60594296e-04  1.62046786e-06 -5.61500142e-06 
 3.99693419e-02 -1.92618639e-02 -2.96544402e-02  1.60688169e-04  1.62236287e-06 -3.09515365e-06 
 3.99943419e-02 -3.55508447e-03 -1.37924798e-02  1.60742404e-04  1.62345820e-06 -5.71452824e-07 
 4.00193419e-02  1.21525722e-02  2.07287673e-03  1.60756988e-04  1.62375281e-06  1.95361090e-06 
 4.00443419e-02  2.78572303e-02  1.79377159e-02  1.60731920e-04  1.62324643e-06  4.47754610e-06 
 4.00693419e-02  4.35550151e-02  3.37981244e-02  1.60667205e-04  1.62193958e-06  6.99786257e-06 
 4.00943419e-02  5.92420534e-02  4.96501903e-02  1.60562863e-04  1.61983358e-06  9.51207369e-06 
 4.01193419e-02  7.49144746e-02  6.54900037e-02  1.60418918e-04  1.61693051e-06  1.20176989e-05 
 4.01443419e-02  9.05684117e-02  8.13136578e-02  1.60235406e-04  1.61323324e-06  1.45122662e-05 
 4.01693419e-02  1.06200002e-01  9.71172496e-02  1.60012372e-04  1.60874540e-06  1.69933143e-05 
 4.01943419e-02  1.21805390e-01  1.12896881e-01  1.59749871e-04  1.60347143e-06  1.94583953e-05 
 4.02193419e-02  1.37380724e-01  1.28648661e-01  1.59447967e-04  1.59741649e-06  2.19050771e-05 
 4.02443419e-02  1.52922161e-01  1.44368702e-01  1.59106732e-04  1.59058655e-06  2.43309453e-05 
 4.02693419e-02  1.68425867e-01  1.60053129e-01  1.58726251e-04  1.58298831e-06  2.67336064e-05 
 4.02943419e-02  1.83888016e-01  1.75698071e-01  1.58306614e-04  1.57462924e-06  2.91106892e-05 
 4.03193419e-02  1.99304794e-01  1.91299670e-01  1.57847924e-04  1.56551755e-06  3.14598479e-05 
 4.03443419e-02  2.14672396e-01  2.06854076e-01  1.57350292e-04  1.55566219e-06  3.37787642e-05 
 4.03693419e-02  2.29987031e-01  2.22357452e-01  1.56813838e-04  1.54507285e-06  3.60651491e-05 
 4.03943419e-02  2.45244921e-01  2.37805972e-01  1.56238693e-04  1.53375994e-06  3.83167460e-05 
 4.04193419e-02  2.60442299e-01  2.53195826e-01  1.55624998e-04  1.52173457e-06  4.05313322e-05 
 4.04443419e-02  2.75575418e-01  2.68523215e-01  1.54972900e-04  1.50900859e-06  4.27067217e-05 
 4.04693419e-02  2.90640542e-01  2.83784358e-01  1.54282560e-04  1.49559452e-06  4.48407668e-05 
 4.04943419e-02  3.05633955e-01  2.98975488e-01  1.53554146e-04  1.48150555e-06  4.69313609e-05 
 4.05193419e-02  3.20551958e-01  3.14092857e-01  1.52787836e-04  1.46675558e-06  4.89764398e-05 
 4.05443419e-02  3.35390869e-01  3.29132732e-01  1.51983817e-04  1.45135913e-06  5.09739846e-05 
 4.05693419e-02  3.50147028e-01  3.44091404e-01  1.51142289e-04  1.43533139e-06  5.29220232e-05 
 4.05943419e-02  3.64816792e-01  3.58965179e-01  1.50263457e-04  1.41868815e-06  5.48186323e-05 
 4.06193419e-02  3.79396544e-01  3.73750386e-01  1.49347537e-04  1.40144585e-06  5.66619395e-05 
 4.06443419e-02  3.93882686e-01  3.88443377e-01  1.48394756e-04  1.38362150e-06  5.84501251e-05 
 4.06693419e-02  4.08271642e-01  4.03040525e-01  1.47405349e-04  1.36523269e-06  6.01814240e-05 
 4.06943419e-02  4.22559864e-01  4.17538227e-01  1.46379560e-04  1.34629760e-06  6.18541272e-05 
 4.07193419e-02  4.36743826e-01  4.31932904e-01  1.45317644e-04  1.32683491e-06  6.34665839e-05 
 4.07443419e-02  4.50820027e-01  4.46221005e-01  1.44219863e-04  1.30686387e-06  6.50172026e-05 
 4.07693419e-02  4.64784996e-01  4.60399003e-01  1.43086489e-04  1.28640420e-06  6.65044534e-05 
 4.07943419e-02  4.78635285e-01  4.74463399e-01  1.41917804e-04  1.26547613e-06  6.79268686e-05 
 4.08193419e-02  4.92367479e-01  4.88410722e-01  1.40714097e-04  1.24410034e-06  6.92830452e-05 
 4.08443419e-02  5.05978188e-01  5.02237531e-01  1.39475667e-04  1.22229796e-06  7.05716453e-05 
 4.08693419e-02  5.19464055e-01  5.15940413e-01  1.38202821e-04  1.20009053e-06  7.17913978e-05 
 4.08943419e-02  5.32821752e-01  5.29515987e-01  1.36895875e-04  1.17750001e-06  7.29411001e-05 
 4.09193419e-02  5.46047983e-01  5.42960904e-01  1.35555154e-04  1.15454871e-06  7.40196182e-05 
 4.09443419e-02  5.59139485e-01  5.56271847e-01  1.34180989e-04  1.13125932e-06  7.50258890e-05 
 4.09693419e-02  5.72093027e-01  5.69445532e-01  1.32773722e-04  1.10765484e-06  7.59589203e-05 
 4.09943419e-02  5.84905414e-01  5.82478709e-01  1.31333700e-04  1.08375859e-06  7.68177924e-05 
 4.10193419e-02  5.97573485e-01  5.95368162e-01  1.29861282e-04  1.05959418e-06  7.76016586e-05 
 4.10443419e-02  6.10094113e-01  6.08110713e-01  1.28356830e-04  1.03518545e-06  7.83097463e-05 
 4.10693419e-02  6.22464209e-01  6.20703218e-01  1.26820718e-04  1.01055651e-06  7.89413576e-05 
 4.10943419e-02  6.34680722e-01  6.33142572e-01  1.25253324e-04  9.85731673e-07  7.94958700e-05 
 4.11193419e-02  6.46740637e-01  6.45425705e-01  1.23655036e-04  9.60735433e-07  7.99727367e-05 
 4.11443419e-02  6.58640978e-01  6.57549588e-01  1.22026248e-04  9.35592455e-07  8.03714875e-05 
 4.11693419e-02  6.70378810e-01  6.69511232e-01  1.20367363e-04  9.10327545e-07  8.06917294e-05 
 4.11943419e-02  6.81951235e-01  6.81307685e-01  1.18678788e-04  8.84965622e-07  8.09331463e-05 
 4.12193419e-02  6.93355399e-01  6.92936037e-01  1.16960941e-04  8.59531702e-07  8.10954999e-05 
 4.12443419e-02  7.04588488e-01  7.04393422e-01  1.15214244e-04  8.34050867e-07  8.11786297e-05 
 4.12693419e-02  7.15647731e-01  7.15677011e-01  1.13439126e-04  8.08548242e-07  8.11824532e-05 
 4.12943419e-02  7.26530398e-01  7.26784023e-01  1.11636026e-04  7.83048975e-07  8.11069661e-05 
 4.13193419e-02  7.37233805e-01  7.37711717e-01  1.09805385e-04  7.57578208e-07  8.09522420e-05 
 4.13443419e-02  7.47755310e-01  7.48457397e-01  1.07947656e-04  7.32161054e-07  8.07184328e-05 
 4.13693419e-02  7.58092318e-01  7.59018412e-01  1.06063294e-04  7.06822575e-07  8.04057682e-05 
 4.13943419e-02  7.68242278e-01  7.69392157e-01  1.04152763e-04  6.81587757e-07  8.00145556e-05 
 4.14193419e-02  7.78202685e-01  7.79576072e-01  1.02216532e-04  6.56481483e-07  7.95451800e-05 
 4.14443419e-02  7.87971083e-01  7.89567644e-01  1.00255079e-04  6.31528513e-07  7.89981035e-05 
 4.14693419e-02  7.97545060e-01  7.99364407e-01  9.82688861e-05  6.06753457e-07  7.83738647e-05 
 4.14943419e-02  8.06922256e-01  8.08963945e-01  9.62584414e-05  5.82180753e-07  7.76730787e-05 
 4.15193419e-02  8.16100355e-01  8.18363887e-01  9.42242402e-05  5.57834642e-07  7.68964359e-05 
 4.15443419e-02  8.25077094e-01  8.27561914e-01  9.21667835e-05  5.33739145e-07  7.60447019e-05 
 4.15693419e-02  8.33850257e-01  8.36555755e-01  9.00865781e-05  5.09918037e-07  7.51187163e-05 
 4.15943419e-02  8.42417680e-01  8.45343191e-01  8.79841369e-05  4.86394828e-07  7.41193925e-05 
 4.16193419e-02  8.50777250e-01  8.53922053e-01  8.58599781e-05  4.63192735e-07  7.30477160e-05 
 4.16443419e-02  8.58926902e-01  8.62290223e-01  8.37146258e-05  4.40334662e-07  7.19047442e-05 
 4.16693419e-02  8.66864628e-01  8.70445635e-01  8.15486094e-05  4.17843174e-07  7.06916049e-05 
 4.16943419e-02  8.74588467e-01  8.78386277e-01  7.93624636e-05  3.95740479e-07  6.94094954e-05 
 4.17193419e-02  8.82096515e-01  8.86110189e-01  7.71567284e-05  3.74048400e-07  6.80596813e-05 
 4.17443419e-02  8.89386919e-01  8.93615463e-01  7.49319487e-05  3.52788360e-07  6.66434950e-05 
 4.17693419e-02  8.96457880e-01  9.00900247e-01  7.26886743e-05  3.31981352e-07  6.51623348e-05 
 4.17943419e-02  9.03307653e-01  9.07962744e-01  7.04274596e-05  3.11647925e-07  6.36176633e-05 
 4.18193419e-02  9.09934549e-01  9.14801211e-01  6.81488638e-05  2.91808160e-07  6.20110056e-05 
 4.18443419e-02  9.16336932e-01  9.21413959e-01  6.58534502e-05  2.72481649e-07  6.03439485e-05 
 4.18693419e-02  9.22513222e-01  9.27799357e-01  6.35417864e-05  2.53687480e-07  5.86181382e-05 
 4.18943419e-02  9.28461896e-01  9.33955829e-01  6.12144442e-05  2.35444210e-07  5.68352790e-05 
 4.19193419e-02  9.34181487e-01  9.39881856e-01  5.88719990e-05  2.17769853e-07  5.49971315e-05 
 4.19443419e-02  9.39670581e-01  9.45575977e-01  5.65150300e-05  2.00681860e-07  5.31055111e-05 
 4.19693419e-02  9.44927826e-01  9.51036786e-01  5.41441199e-05  1.84197101e-07  5.11622855e-05 
 4.19943419e-02  9.49951925e-01  9.56262937e-01  5.17598548e-05  1.68331848e-07  4.91693737e-05 
 4.20193419e-02  9.54741637e-01  9.61253141e-01  4.93628240e-05  1.53101762e-07  4.71287434e-05 
 4.20443419e-02  9.59295780e-01  9.66006166e-01  4.69536197e-05  1.38521871e-07  4.50424092e-05 
 4.20693419e-02  9.63613232e-01  9.70520841e-01  4.45328369e-05  1.24606563e-07  4.29124309e-05 
 4.20943419e-02  9.67692927e-01  9.74796052e-01  4.21010735e-05  1.11369567e-07  4.07409110e-05 
 4.21193419e-02  9.71533858e-01  9.78830746e-01  3.96589297e-05  9.88239416e-08  3.85299930e-05 
 4.21443419e-02  9.75135077e-01  9.82623927e-01  3.72070083e-05  8.69820611e-08  3.62818589e-05 
 4.21693419e-02  9.78495697e-01  9.86174661e-01  3.47459141e-05  7.58556047e-08  3.39987274e-05 
 4.21943419e-02  9.81614887e-01  9.89482072e-01  3.22762541e-05  6.54555450e-08  3.16828515e-05 
 4.22193419e-02  9.84491878e-01  9.92545345e-01  2.97986372e-05  5.57921372e-08  2.93365163e-05 
 4.22443419e-02  9.87125961e-01  9.95363724e-01  2.73136742e-05  4.68749096e-08  2.69620369e-05 
 4.22693419e-02  9.89516486e-01  9.97936515e-01  2.48219775e-05  3.87126542e-08  2.45617560e-05 
 4.22943419e-02  9.91662862e-01  1.00026308e+00  2.23241610e-05  3.13134187e-08  2.21380414e-05 
 4.23193419e-02  9.93564560e-01  1.00234286e+00  1.98208401e-05  2.46844984e-08  1.96932842e-05 
 4.23443419e-02  9.95221110e-01  1.00417532e+00  1.73126313e-05  1.88324296e-08  1.72298961e-05 
 4.23693419e-02  9.96632105e-01  1.00576002e+00  1.48001525e-05  1.37629830e-08  1.47503072e-05 
 4.23943419e-02  9.97797196e-01  1.00709657e+00  1.22840225e-05  9.48115836e-09  1.22569632e-05 
 4.24193419e-02  9.98716095e-01  1.00818464e+00  9.76486104e-06  5.99117944e-09  9.75232389e-06 
 4.24443419e-02  9.99388576e-01  1.00902396e+00  7.24328858e-06  3.29649005e-09  7.23885986e-06 
 4.24693419e-02  9.99814473e-01  1.00961432e+00  4.71992630e-06  1.39975048e-09  4.71905062e-06 
 4.24943419e-02  9.99993681e-01  1.00995558e+00  2.19539586e-06  3.02834866e-10  2.19538199e-06 
 4.25193419e-02  9.99926155e-01  1.01004765e+00 -3.29680660e-07  6.82915760e-12 -3.29656315e-07 
 4.25443419e-02  9.99611912e-01  1.00989050e+00 -2.85468094e-06  5.12029926e-10 -2.85357308e-06 
 4.25693419e-02  9.99051030e-01  1.00948419e+00 -5.37898256e-06  1.81794385e-09 -5.37387806e-06 
 4.25943419e-02  9.98243647e-01  1.00882880e+00 -7.90196308e-06  3.92328796e-09 -7.88808445e-06 
 4.26193419e-02  9.97189963e-01  1.00792450e+00 -1.04230003e-05  6.82599070e-09 -1.03937113e-05 
 4.26443419e-02  9.95890236e-01  1.00677151e+00 -1.29414722e-05  1.05231937e-08 -1.28882859e-05 
 4.26693419e-02  9.94344789e-01  1.00537011e+00 -1.54567575e-05  1.50112542e-08 -1.53693463e-05 
 4.26943419e-02  9.92554002e-01  1.00372066e+00 -1.79682353e-05  2.02857488e-08 -1.78344438e-05 
 4.27193419e-02  9.90518317e-01  1.00182354e+00 -2.04752855e-05  2.63414771e-08 -2.02811453e-05 
 4.27443419e-02  9.88238237e-01  9.99679246e-01 -2.29772891e-05  3.31724670e-08 -2.27070357e-05 
 4.27693419e-02  9.85714323e-01  9.97288290e-01 -2.54736282e-05  4.07719802e-08 -2.51097202e-05 
 4.27943419e-02  9.82947200e-01  9.94651264e-01 -2.79636861e-05  4.91325189e-08 -2.74868269e-05 
 4.28193419e-02  9.79937549e-01  9.91768821e-01 -3.04468476e-05  5.82458328e-08 -2.98360092e-05 
 4.28443419e-02  9.76686112e-01  9.88641669e-01 -3.29224991e-05  6.81029277e-08 -3.21549477e-05 
 4.28693419e-02  9.73193694e-01  9.85270582e-01 -3.53900290e-05  7.86940739e-08 -3.44413530e-05 
 4.28943419e-02  9.69461154e-01  9.81656389e-01 -3.78488273e-05  9.00088162e-08 -3.66929678e-05 
 4.29193419e-02  9.65489414e-01  9.77799985e-01 -4.02982867e-05  1.02035984e-07 -3.89075692e-05 
 4.29443419e-02  9.61279454e-01  9.73702319e-01 -4.27378016e-05  1.14763702e-07 -4.10829706e-05 
 4.29693419e-02  9.56832313e-01  9.69364403e-01 -4.51667694e-05  1.28179405e-07 -4.32170245e-05 
 4.29943419e-02  9.52149088e-01  9.64787307e-01 -4.75845900e-05  1.42269844e-07 -4.53076240e-05 
 4.30193419e-02  9.47230934e-01  9.59972162e-01 -4.99906661e-05  1.57021109e-07 -4.73527054e-05 
 4.30443419e-02  9.42079065e-01  9.54920156e-01 -5.23844034e-05  1.72418633e-07 -4.93502498e-05 
 4.30693419e-02  9.36694752e-01  9.49632535e-01 -5.47652108e-05  1.88447214e-07 -5.12982856e-05 
 4.30943419e-02  9.31079324e-01  9.44110605e-01 -5.71325006e-05  2.05091026e-07 -5.31948900e-05 
 4.31193419e-02  9.25234166e-01  9.38355729e-01 -5.94856883e-05  2.22333638e-07 -5.50381912e-05 
 4.31443419e-02  9.19160720e-01  9.32369327e-01 -6.18241932e-05  2.40158028e-07 -5.68263700e-05 
 4.31693419e-02  9.12860485e-01  9.26152878e-01 -6.41474385e-05  2.58546600e-07 -5.85576618e-05 
 4.31943419e-02  9.06335016e-01  9.19707914e-01 -6.64548510e-05  2.77481204e-07 -6.02303584e-05 
 4.32193419e-02  8.99585922e-01  9.13036027e-01 -6.87458617e-05  2.96943151e-07 -6.18428094e-05 
 4.32443419e-02  8.92614868e-01  9.06138864e-01 -7.10199058e-05  3.16913235e-07 -6.33934239e-05 
 4.32693419e-02  8.85423575e-01  8.99018127e-01 -7.32764227e-05  3.37371748e-07 -6.48806722e-05 
 4.32943419e-02  8.78013817e-01  8.91675573e-01 -7.55148563e-05  3.58298503e-07 -6.63030872e-05 
 4.33193419e-02  8.70387423e-01  8.84113014e-01 -7.77346549e-05  3.79672850e-07 -6.76592659e-05 
 4.33443419e-02  8.62546273e-01  8.76332316e-01 -7.99352715e-05  4.01473701e-07 -6.89478705e-05 
 4.33693419e-02  8.54492303e-01  8.68335400e-01 -8.21161641e-05  4.23679548e-07 -7.01676301e-05 
 4.33943419e-02  8.46227499e-01  8.60124237e-01 -8.42767952e-05  4.46268484e-07 -7.13173417e-05 
 4.34193419e-02  8.37753902e-01  8.51700856e-01 -8.64166326e-05  4.69218224e-07 -7.23958712e-05 
 4.34443419e-02  8.29073602e-01  8.43067333e-01 -8.85351491e-05  4.92506128e-07 -7.34021549e-05 
 4.34693419e-02  8.20188740e-01  8.34225799e-01 -9.06318227e-05  5.16109225e-07 -7.43352005e-05 
 4.34943419e-02  8.11101508e-01  8.25178434e-01 -9.27061369e-05  5.40004229e-07 -7.51940874e-05 
 4.35193419e-02  8.01814150e-01  8.15927472e-01 -9.47575803e-05  5.64167568e-07 -7.59779686e-05 
 4.35443419e-02  7.92328955e-01  8.06475194e-01 -9.67856473e-05  5.88575406e-07 -7.66860709e-05 
 4.35693419e-02  7.82648266e-01  7.96823933e-01 -9.87898381e-05  6.13203662e-07 -7.73176955e-05 
 4.35943419e-02  7.72774470e-01  7.86976068e-01 -1.00769658e-04  6.38028039e-07 -7.78722193e-05 
 4.36193419e-02  7.62710003e-01  7.76934029e-01 -1.02724620e-04  6.63024044e-07 -7.83490951e-05 
 4.36443419e-02  7.52457349e-01  7.66700294e-01 -1.04654240e-04  6.88167014e-07 -7.87478522e-05 
 4.36693419e-02  7.42019037e-01  7.56277388e-01 -1.06558044e-04  7.13432139e-07 -7.90680969e-05 
 4.36943419e-02  7.31397644e-01  7.45667880e-01 -1.08435560e-04  7.38794486e-07 -7.93095130e-05 
 4.37193419e-02  7.20595788e-01  7.34874389e-01 -1.10286326e-04  7.64229026e-07 -7.94718618e-05 
 4.37443419e-02  7.09616137e-01  7.23899578e-01 -1.12109884e-04  7.89710656e-07 -7.95549827e-05 
 4.37693419e-02  6.98461399e-01  7.12746154e-01 -1.13905784e-04  8.15214225e-07 -7.95587933e-05 
 4.37943419e-02  6.87134325e-01  7.01416868e-01 -1.15673583e-04  8.40714560e-07 -7.94832894e-05 
 4.38193419e-02  6.75637712e-01  6.89914516e-01 -1.17412844e-04  8.66186488e-07 -7.93285449e-05 
 4.38443419e-02  6.63974394e-01  6.78241935e-01 -1.19123136e-04  8.91604863e-07 -7.90947121e-05 
 4.38693419e-02  6.52147252e-01  6.66402005e-01 -1.20804038e-04  9.16944592e-07 -7.87820212e-05 
 4.38943419e-02  6.40159201e-01  6.54397648e-01 -1.22455133e-04  9.42180657e-07 -7.83907804e-05 
 4.39193419e-02  6.28013201e-01  6.42231826e-01 -1.24076015e-04  9.67288143e-07 -7.79213752e-05 
 4.39443419e-02  6.15712248e-01  6.29907540e-01 -1.25666281e-04  9.92242262e-07 -7.73742686e-05 
 4.39693419e-02  6.03259378e-01  6.17427830e-01 -1.27225540e-04  1.01701837e-06 -7.67500002e-05 
 4.39943419e-02  5.90657662e-01  6.04795778e-01 -1.28753406e-04  1.04159202e-06 -7.60491856e-05 
 4.40193419e-02  5.77910210e-01  5.92014499e-01 -1.30249501e-04  1.06593894e-06 -7.52725164e-05 
 4.40443419e-02  5.65020167e-01  5.79087147e-01 -1.31713456e-04  1.09003510e-06 -7.44207587e-05 
 4.40693419e-02  5.51990714e-01  5.66016913e-01 -1.33144909e-04  1.11385670e-06 -7.34947533e-05 
 4.40943419e-02  5.38825066e-01  5.52807021e-01 -1.34543506e-04  1.13738023e-06 -7.24954137e-05 
 4.41193419e-02  5.25526471e-01  5.39460732e-01 -1.35908904e-04  1.16058248e-06 -7.14237264e-05 
 4.41443419e-02  5.12098210e-01  5.25981338e-01 -1.37240763e-04  1.18344054e-06 -7.02807491e-05 
 4.41693419e-02  4.98543596e-01  5.12372167e-01 -1.38538757e-04  1.20593185e-06 -6.90676099e-05 
 4.41943419e-02  4.84865974e-01  4.98636575e-01 -1.39802564e-04  1.22803421e-06 -6.77855063e-05 
 4.42193419e-02  4.71068719e-01  4.84777953e-01 -1.41031873e-04  1.24972582e-06 -6.64357038e-05 
 4.42443419e-02  4.57155234e-01  4.70799721e-01 -1.42226382e-04  1.27098526e-06 -6.50195348e-05 
 4.42693419e-02  4.43128954e-01  4.56705327e-01 -1.43385795e-04  1.29179158e-06 -6.35383972e-05 
 4.42943419e-02  4.28993338e-01  4.42498250e-01 -1.44509827e-04  1.31212423e-06 -6.19937530e-05 
 4.43193419e-02  4.14751874e-01  4.28181995e-01 -1.45598201e-04  1.33196316e-06 -6.03871268e-05 
 4.43443419e-02  4.00408076e-01  4.13760095e-01 -1.46650650e-04  1.35128880e-06 -5.87201046e-05 
 4.43693419e-02  3.85965484e-01  3.99236107e-01 -1.47666914e-04  1.37008209e-06 -5.69943318e-05 
 4.43943419e-02  3.71427660e-01  3.84613617e-01 -1.48646743e-04  1.38832449e-06 -5.52115118e-05 
 4.44193419e-02  3.56798193e-01  3.69896231e-01 -1.49589895e-04  1.40599802e-06 -5.33734042e-05 
 4.44443419e-02  3.42080690e-01  3.55087581e-01 -1.50496139e-04  1.42308523e-06 -5.14818232e-05 
 4.44693419e-02  3.27278785e-01  3.40191321e-01 -1.51365252e-04  1.43956928e-06 -4.95386358e-05 
 4.44943419e-02  3.12396128e-01  3.25211126e-01 -1.52197020e-04  1.45543391e-06 -4.75457596e-05 
 4.45193419e-02  2.97436392e-01  3.10150691e-01 -1.52991237e-04  1.47066347e-06 -4.55051616e-05 
 4.45443419e-02  2.82403268e-01  2.95013734e-01 -1.53747709e-04  1.48524295e-06 -4.34188555e-05 
 4.45693419e-02  2.67300466e-01  2.79803987e-01 -1.54466249e-04  1.49915795e-06 -4.12889002e-05 
 4.45943419e-02  2.52131711e-01  2.64525204e-01 -1.55146680e-04  1.51239476e-06 -3.91173977e-05 
 4.46193419e-02  2.36900746e-01  2.49181154e-01 -1.55788834e-04  1.52494031e-06 -3.69064909e-05 
 4.46443419e-02  2.21611329e-01  2.33775622e-01 -1.56392552e-04  1.53678222e-06 -3.46583615e-05 
 4.46693419e-02  2.06267234e-01  2.18312410e-01 -1.56957687e-04  1.54790882e-06 -3.23752280e-05 
 4.46943419e-02  1.90872245e-01  2.02795333e-01 -1.57484098e-04  1.55830911e-06 -3.00593434e-05 
 4.47193419e-02  1.75430161e-01  1.87228218e-01 -1.57971656e-04  1.56797284e-06 -2.77129930e-05 
 4.47443419e-02  1.59944792e-01  1.71614906e-01 -1.58420239e-04  1.57689045e-06 -2.53384922e-05 
 4.47693419e-02  1.44419959e-01  1.55959250e-01 -1.58829738e-04  1.58505315e-06 -2.29381842e-05 
 4.47943419e-02  1.28859493e-01  1.40265111e-01 -1.59200049e-04  1.59245287e-06 -2.05144376e-05 
 4.48193419e-02  1.13267233e-01  1.24536363e-01 -1.59531082e-04  1.59908230e-06 -1.80696443e-05 
 4.48443419e-02  9.76470255e-02  1.08776885e-01 -1.59822755e-04  1.60493489e-06 -1.56062166e-05 
 4.48693419e-02  8.20027252e-02  9.29905666e-02 -1.60074995e-04  1.61000485e-06 -1.31265858e-05 
 4.48943419e-02  6.63381921e-02  7.71813019e-02 -1.60287739e-04  1.61428718e-06 -1.06331988e-05 
 4.49193419e-02  5.06572909e-02  6.13529919e-02 -1.60460934e-04  1.61777763e-06 -8.12851622e-06 
 4.49443419e-02  3.49638908e-02  4.55095420e-02 -1.60594537e-04  1.62047274e-06 -5.61500987e-06 
 4.49693419e-02  1.92618639e-02  2.96548614e-02 -1.60688515e-04  1.62236986e-06 -3.09516032e-06 
 4.49943419e-02  3.55508447e-03  1.37928621e-02 -1.60742844e-04  1.62346710e-06 -5.71454390e-07 
 4.50193419e-02 -1.21525722e-02 -2.07254193e-03 -1.60757511e-04  1.62376336e-06  1.95361725e-06 
 4.50443419e-02 -2.78572303e-02 -1.79374360e-02 -1.60732510e-04  1.62325835e-06  4.47756256e-06 
 4.50693419e-02 -4.35550151e-02 -3.37979054e-02 -1.60667849e-04  1.62195257e-06  6.99789058e-06 
 4.50943419e-02 -5.92420534e-02 -4.96500366e-02 -1.60563542e-04  1.61984729e-06  9.51211394e-06 
 4.51193419e-02 -7.49144746e-02 -6.54899180e-02 -1.60419616e-04  1.61694459e-06  1.20177513e-05 
 4.51443419e-02 -9.05684117e-02 -8.13136411e-02 -1.60236106e-04  1.61324734e-06  1.45123296e-05 
 4.51693419e-02 -1.06200002e-01 -9.71173013e-02 -1.60013057e-04  1.60875918e-06  1.69933871e-05 
 4.51943419e-02 -1.21805390e-01 -1.12896999e-01 -1.59750524e-04  1.60348454e-06  1.94584749e-05 
 4.52193419e-02 -1.37380724e-01 -1.28648841e-01 -1.59448573e-04  1.59742864e-06  2.19051604e-05 
 4.52443419e-02 -1.52922161e-01 -1.44368939e-01 -1.59107277e-04  1.59059745e-06  2.43310287e-05 
 4.52693419e-02 -1.68425867e-01 -1.60053416e-01 -1.58726722e-04  1.58299772e-06  2.67336858e-05 
 4.52943419e-02 -1.83888016e-01 -1.75698400e-01 -1.58307002e-04  1.57463696e-06  2.91107605e-05 
 4.53193419e-02 -1.99304794e-01 -1.91300033e-01 -1.57848220e-04  1.56552342e-06  3.14599069e-05 
 4.53443419e-02 -2.14672396e-01 -2.06854463e-01 -1.57350490e-04  1.55566611e-06  3.37788067e-05 
 4.53693419e-02 -2.29987031e-01 -2.22357854e-01 -1.56813935e-04  1.54507477e-06  3.60651715e-05 
 4.53943419e-02 -2.45244921e-01 -2.37806379e-01 -1.56238689e-04  1.53375985e-06  3.83167449e-05 
 4.54193419e-02 -2.60442299e-01 -2.53196227e-01 -1.55624893e-04  1.52173253e-06  4.05313050e-05 
 4.54443419e-02 -2.75575418e-01 -2.68523602e-01 -1.54972699e-04  1.50900469e-06  4.27066664e-05 
 4.54693419e-02 -2.90640542e-01 -2.83784720e-01 -1.54282269e-04  1.49558889e-06  4.48406824e-05 
 4.54943419e-02 -3.05633955e-01 -2.98975818e-01 -1.53553774e-04  1.48149839e-06  4.69312473e-05 
 4.55193419e-02 -3.20551958e-01 -3.14093146e-01 -1.52787393e-04  1.46674709e-06  4.89762980e-05 
 4.55443419e-02 -3.35390869e-01 -3.29132975e-01 -1.51983316e-04  1.45134955e-06  5.09738164e-05 
 4.55693419e-02 -3.50147028e-01 -3.44091595e-01 -1.51141741e-04  1.43532099e-06  5.29218315e-05 
 4.55943419e-02 -3.64816792e-01 -3.58965314e-01 -1.50262877e-04  1.41867721e-06  5.48184209e-05 
 4.56193419e-02 -3.79396544e-01 -3.73750463e-01 -1.49346940e-04  1.40143465e-06  5.66617131e-05 
 4.56443419e-02 -3.93882686e-01 -3.88443395e-01 -1.48394157e-04  1.38361033e-06  5.84498891e-05 
 4.56693419e-02 -4.08271642e-01 -4.03040484e-01 -1.47404762e-04  1.36522182e-06  6.01811843e-05 
 4.56943419e-02 -4.22559864e-01 -4.17538130e-01 -1.46379000e-04  1.34628728e-06  6.18538902e-05 
 4.57193419e-02 -4.36743826e-01 -4.31932754e-01 -1.45317123e-04  1.32682539e-06  6.34663561e-05 
 4.57443419e-02 -4.50820027e-01 -4.46220806e-01 -1.44219393e-04  1.30685535e-06  6.50169908e-05 
 4.57693419e-02 -4.64784996e-01 -4.60398761e-01 -1.43086082e-04  1.28639687e-06  6.65042638e-05 
 4.57943419e-02 -4.78635285e-01 -4.74463120e-01 -1.41917467e-04  1.26547013e-06  6.79267075e-05 
 4.58193419e-02 -4.92367479e-01 -4.88410413e-01 -1.40713839e-04  1.24409577e-06  6.92829179e-05 
 4.58443419e-02 -5.05978188e-01 -5.02237200e-01 -1.39475492e-04  1.22229489e-06  7.05715566e-05 
 4.58693419e-02 -5.19464055e-01 -5.15940069e-01 -1.38202732e-04  1.20008899e-06  7.17913517e-05 
 4.58943419e-02 -5.32821752e-01 -5.29515639e-01 -1.36895873e-04  1.17749998e-06  7.29410991e-05 
 4.59193419e-02 -5.46047983e-01 -5.42960560e-01 -1.35555238e-04  1.15455014e-06  7.40196641e-05 
 4.59443419e-02 -5.59139485e-01 -5.56271516e-01 -1.34181155e-04  1.13126212e-06  7.50259820e-05 
 4.59693419e-02 -5.72093027e-01 -5.69445221e-01 -1.32773965e-04  1.10765890e-06  7.59590595e-05 
 4.59943419e-02 -5.84905414e-01 -5.82478425e-01 -1.31334014e-04  1.08376376e-06  7.68179756e-05 
 4.60193419e-02 -5.97573485e-01 -5.95367913e-01 -1.29861656e-04  1.05960029e-06  7.76018824e-05 
 4.60443419e-02 -6.10094113e-01 -6.08110503e-01 -1.28357256e-04  1.03519232e-06  7.83100061e-05 
 4.60693419e-02 -6.22464209e-01 -6.20703052e-01 -1.26821183e-04  1.01056394e-06  7.89416476e-05 
 4.60943419e-02 -6.34680722e-01 -6.33142453e-01 -1.25253818e-04  9.85739448e-07  7.94961835e-05 
 4.61193419e-02 -6.46740637e-01 -6.45425636e-01 -1.23655545e-04  9.60743351e-07  7.99730662e-05 
 4.61443419e-02 -6.58640978e-01 -6.57549570e-01 -1.22026761e-04  9.35600315e-07  8.03718251e-05 
 4.61693419e-02 -6.70378810e-01 -6.69511263e-01 -1.20367866e-04  9.10335153e-07  8.06920666e-05 
 4.61943419e-02 -6.81951235e-01 -6.81307764e-01 -1.18679270e-04  8.84972802e-07  8.09334746e-05 
 4.62193419e-02 -6.93355399e-01 -6.92936163e-01 -1.16961389e-04  8.59538293e-07  8.10958108e-05 
 4.62443419e-02 -7.04588488e-01 -7.04393589e-01 -1.15214649e-04  8.34056730e-07  8.11789150e-05 
 4.62693419e-02 -7.15647731e-01 -7.15677216e-01 -1.13439479e-04  8.08553266e-07  8.11827054e-05 
 4.62943419e-02 -7.26530398e-01 -7.26784260e-01 -1.11636318e-04  7.83053072e-07  8.11071783e-05 
 4.63193419e-02 -7.37233805e-01 -7.37711979e-01 -1.09805611e-04  7.57581320e-07  8.09524083e-05 
 4.63443419e-02 -7.47755310e-01 -7.48457678e-01 -1.07947810e-04  7.32163151e-07  8.07185484e-05 
 4.63693419e-02 -7.58092318e-01 -7.59018705e-01 -1.06063375e-04  7.06823654e-07  8.04058295e-05 
 4.63943419e-02 -7.68242278e-01 -7.69392454e-01 -1.04152769e-04  6.81587842e-07  8.00145605e-05 
 4.64193419e-02 -7.78202685e-01 -7.79576366e-01 -1.02216465e-04  6.56480622e-07  7.95451279e-05 
 4.64443419e-02 -7.87971083e-01 -7.89567928e-01 -1.00254942e-04  6.31526778e-07  7.89979950e-05 
 4.64693419e-02 -7.97545060e-01 -7.99364675e-01 -9.82686822e-05  6.06750938e-07  7.83737020e-05 
 4.64943419e-02 -8.06922256e-01 -8.08964189e-01 -9.62581772e-05  5.82177557e-07  7.76728655e-05 
 4.65193419e-02 -8.16100355e-01 -8.18364102e-01 -9.42239231e-05  5.57830887e-07  7.68961771e-05 
 4.65443419e-02 -8.25077094e-01 -8.27562096e-01 -9.21664220e-05  5.33734958e-07  7.60444036e-05 
 4.65693419e-02 -8.33850257e-01 -8.36555900e-01 -9.00861817e-05  5.09913550e-07  7.51183858e-05 
 4.65943419e-02 -8.42417680e-01 -8.45343296e-01 -8.79837158e-05  4.86390173e-07  7.41190378e-05 
 4.66193419e-02 -8.50777250e-01 -8.53922115e-01 -8.58595429e-05  4.63188040e-07  7.30473458e-05 
 4.66443419e-02 -8.58926902e-01 -8.62290242e-01 -8.37141874e-05  4.40330050e-07  7.19043676e-05 
 4.66693419e-02 -8.66864628e-01 -8.70445611e-01 -8.15481784e-05  4.17838758e-07  7.06912313e-05 
 4.66943419e-02 -8.74588467e-01 -8.78386212e-01 -7.93620505e-05  3.95736359e-07  6.94091341e-05 
 4.67193419e-02 -8.82096515e-01 -8.86110084e-01 -7.71563429e-05  3.74044662e-07  6.80593412e-05 
 4.67443419e-02 -8.89386919e-01 -8.93615322e-01 -7.49315997e-05  3.52785074e-07  6.66431846e-05 
 4.67693419e-02 -8.96457880e-01 -9.00900074e-01 -7.26883698e-05  3.31978571e-07  6.51620619e-05 
 4.67943419e-02 -9.03307653e-01 -9.07962543e-01 -7.04272064e-05  3.11645683e-07  6.36174345e-05 
 4.68193419e-02 -9.09934549e-01 -9.14800987e-01 -6.81486671e-05  2.91806475e-07  6.20108266e-05 
 4.68443419e-02 -9.16336932e-01 -9.21413719e-01 -6.58533140e-05  2.72480522e-07  6.03438237e-05 
 4.68693419e-02 -9.22513222e-01 -9.27799107e-01 -6.35417131e-05  2.53686894e-07  5.86180705e-05 
 4.68943419e-02 -9.28461896e-01 -9.33955575e-01 -6.12144345e-05  2.35444135e-07  5.68352699e-05 
 4.69193419e-02 -9.34181487e-01 -9.39881604e-01 -5.88720522e-05  2.17770246e-07  5.49971812e-05 
 4.69443419e-02 -9.39670581e-01 -9.45575733e-01 -5.65151438e-05  2.00682668e-07  5.31056181e-05 
 4.69693419e-02 -9.44927826e-01 -9.51036557e-01 -5.41442907e-05  1.84198263e-07  5.11624469e-05 
 4.69943419e-02 -9.49951925e-01 -9.56262727e-01 -5.17600775e-05  1.68333297e-07  4.91695853e-05 
 4.70193419e-02 -9.54741637e-01 -9.61252955e-01 -4.93630924e-05  1.53103426e-07  4.71289996e-05 
 4.70443419e-02 -9.59295780e-01 -9.66006008e-01 -4.69539265e-05  1.38523681e-07  4.50427036e-05 
 4.70693419e-02 -9.63613232e-01 -9.70520715e-01 -4.45331741e-05  1.24608450e-07  4.29127558e-05 
 4.70943419e-02 -9.67692927e-01 -9.74795961e-01 -4.21014324e-05  1.11371466e-07  4.07412583e-05 
 4.71193419e-02 -9.71533858e-01 -9.78830691e-01 -3.96593013e-05  9.88257933e-08  3.85303539e-05 
 4.71443419e-02 -9.75135077e-01 -9.82623909e-01 -3.72073832e-05  8.69838142e-08  3.62822245e-05 
 4.71693419e-02 -9.78495697e-01 -9.86174679e-01 -3.47462832e-05  7.58572166e-08  3.39990886e-05 
 4.71943419e-02 -9.81614887e-01 -9.89482126e-01 -3.22766086e-05  6.54569829e-08  3.16831995e-05 
 4.72193419e-02 -9.84491878e-01 -9.92545432e-01 -2.97989686e-05  5.57933783e-08  2.93368426e-05 
 4.72443419e-02 -9.87125961e-01 -9.95363843e-01 -2.73139749e-05  4.68759415e-08  2.69623337e-05 
 4.72693419e-02 -9.89516486e-01 -9.97936661e-01 -2.48222405e-05  3.87134747e-08  2.45620162e-05 
 4.72943419e-02 -9.91662862e-01 -1.00026325e+00 -2.23243806e-05  3.13140347e-08  2.21382592e-05 
 4.73193419e-02 -9.93564560e-01 -1.00234304e+00 -1.98210116e-05  2.46849256e-08  1.96934546e-05 
 4.73443419e-02 -9.95221110e-01 -1.00417552e+00 -1.73127513e-05  1.88326906e-08  1.72300155e-05 
 4.73693419e-02 -9.96632105e-01 -1.00576023e+00 -1.48002188e-05  1.37631063e-08  1.47503732e-05 
 4.73943419e-02 -9.97797196e-01 -1.00709679e+00 -1.22840344e-05  9.48117668e-09  1.22569751e-05 
 4.74193419e-02 -9.98716095e-01 -1.00818485e+00 -9.76481903e-06  5.99112789e-09  9.75228193e-06 
 4.74443419e-02 -9.99388576e-01 -1.00902417e+00 -7.24319455e-06  3.29640446e-09  7.23876588e-06 
 4.74693419e-02 -9.99814473e-01 -1.00961452e+00 -4.71978333e-06  1.39966569e-09  4.71890768e-06 
 4.74943419e-02 -9.99993681e-01 -1.00995576e+00 -2.19520820e-06  3.02783096e-10  2.19519433e-06 
 4.75193419e-02 -9.99926155e-01 -1.01004781e+00  3.29907753e-07  6.83856906e-12 -3.29883391e-07 
 4.75443419e-02 -9.99611912e-01 -1.00989064e+00  2.85494134e-06  5.12123341e-10 -2.85383337e-06 
 4.75693419e-02 -9.99051030e-01 -1.00948430e+00  5.37926939e-06  1.81813774e-09 -5.37416463e-06 
 4.75943419e-02 -9.98243647e-01 -1.00882888e+00  7.90226898e-06  3.92359172e-09 -7.88838980e-06 
 4.76193419e-02 -9.97189963e-01 -1.00792455e+00  1.04233175e-05  6.82640619e-09 -1.03940276e-05 
 4.76443419e-02 -9.95890236e-01 -1.00677153e+00  1.29417929e-05  1.05237151e-08 -1.28886052e-05 
 4.76693419e-02 -9.94344789e-01 -1.00537010e+00  1.54570737e-05  1.50118684e-08 -1.53696607e-05 
 4.76943419e-02 -9.92554002e-01 -1.00372061e+00  1.79685394e-05  2.02864356e-08 -1.78347457e-05 
 4.77193419e-02 -9.90518317e-01 -1.00182347e+00  2.04755704e-05  2.63422101e-08 -2.02814275e-05 
 4.77443419e-02 -9.88238237e-01 -9.99679146e-01  2.29775481e-05  3.31732148e-08 -2.27072916e-05 
 4.77693419e-02 -9.85714323e-01 -9.97288166e-01  2.54738554e-05  4.07727074e-08 -2.51099441e-05 
 4.77943419e-02 -9.82947200e-01 -9.94651120e-01  2.79638764e-05  4.91331877e-08 -2.74870140e-05 
 4.78193419e-02 -9.79937549e-01 -9.91768659e-01  3.04469970e-05  5.82464046e-08 -2.98361556e-05 
 4.78443419e-02 -9.76686112e-01 -9.88641495e-01  3.29226047e-05  6.81033643e-08 -3.21550508e-05 
 4.78693419e-02 -9.73193694e-01 -9.85270400e-01  3.53900887e-05  7.86943396e-08 -3.44414112e-05 
 4.78943419e-02 -9.69461154e-01 -9.81656204e-01  3.78488406e-05  9.00088790e-08 -3.66929806e-05 
 4.79193419e-02 -9.65489414e-01 -9.77799800e-01  4.02982537e-05  1.02035817e-07 -3.89075374e-05 
 4.79443419e-02 -9.61279454e-01 -9.73702139e-01  4.27377241e-05  1.14763286e-07 -4.10828961e-05 
 4.79693419e-02 -9.56832313e-01 -9.69364233e-01  4.51666498e-05  1.28178726e-07 -4.32169100e-05 
 4.79943419e-02 -9.52149088e-01 -9.64787151e-01  4.75844320e-05  1.42268899e-07 -4.53074735e-05 
 4.80193419e-02 -9.47230934e-01 -9.59972024e-01  4.99904740e-05  1.57019902e-07 -4.73525234e-05 
 4.80443419e-02 -9.42079065e-01 -9.54920038e-01  5.23841825e-05  1.72417179e-07 -4.93500417e-05 
 4.80693419e-02 -9.36694752e-01 -9.49632440e-01  5.47649669e-05  1.88445535e-07 -5.12980571e-05 
 4.80943419e-02 -9.31079324e-01 -9.44110535e-01  5.71322399e-05  2.05089155e-07 -5.31946473e-05 
 4.81193419e-02 -9.25234166e-01 -9.38355685e-01  5.94854175e-05  2.22331614e-07 -5.50379406e-05 
 4.81443419e-02 -9.19160720e-01 -9.32369310e-01  6.18239191e-05  2.40155898e-07 -5.68261180e-05 
 4.81693419e-02 -9.12860485e-01 -9.26152887e-01  6.41471677e-05  2.58544417e-07 -5.85574146e-05 
 4.81943419e-02 -9.06335016e-01 -9.19707950e-01  6.64545901e-05  2.77479025e-07 -6.02301220e-05 
 4.82193419e-02 -8.99585922e-01 -9.13036088e-01  6.87456169e-05  2.96941036e-07 -6.18425891e-05 
 4.82443419e-02 -8.92614868e-01 -9.06138948e-01  7.10196828e-05  3.16911245e-07 -6.33932248e-05 
 4.82693419e-02 -8.85423575e-01 -8.99018232e-01  7.32762266e-05  3.37369942e-07 -6.48804985e-05 
 4.82943419e-02 -8.78013817e-01 -8.91675695e-01  7.55146914e-05  3.58296938e-07 -6.63029424e-05 
 4.83193419e-02 -8.70387423e-01 -8.84113151e-01  7.77345247e-05  3.79671578e-07 -6.76591526e-05 
 4.83443419e-02 -8.62546273e-01 -8.76332464e-01  7.99351788e-05  4.01472769e-07 -6.89477905e-05 
 4.83693419e-02 -8.54492303e-01 -8.68335555e-01  8.21161104e-05  4.23678994e-07 -7.01675843e-05 
 4.83943419e-02 -8.46227499e-01 -8.60124396e-01  8.42767813e-05  4.46268336e-07 -7.13173299e-05 
 4.84193419e-02 -8.37753902e-01 -8.51701014e-01  8.64166582e-05  4.69218502e-07 -7.23958926e-05 
 4.84443419e-02 -8.29073602e-01 -8.43067486e-01  8.85352130e-05  4.92506839e-07 -7.34022079e-05 
 4.84693419e-02 -8.20188740e-01 -8.34225944e-01  9.06319227e-05  5.16110363e-07 -7.43352825e-05 
 4.84943419e-02 -8.11101508e-01 -8.25178568e-01  9.27062700e-05  5.40005779e-07 -7.51941954e-05 
 4.85193419e-02 -8.01814150e-01 -8.15927592e-01  9.47577427e-05  5.64169503e-07 -7.59780989e-05 
 4.85443419e-02 -7.92328955e-01 -8.06475297e-01  9.67858348e-05  5.88577686e-07 -7.66862194e-05 
 4.85693419e-02 -7.82648266e-01 -7.96824015e-01  9.87900455e-05  6.13206238e-07 -7.73178578e-05 
 4.85943419e-02 -7.72774470e-01 -7.86976129e-01  1.00769880e-04  6.38030852e-07 -7.78723910e-05 
 4.86193419e-02 -7.62710003e-01 -7.76934068e-01  1.02724851e-04  6.63027028e-07 -7.83492714e-05 
 4.86443419e-02 -7.52457349e-01 -7.66700310e-01  1.04654475e-04  6.88170097e-07 -7.87480286e-05 
 4.86693419e-02 -7.42019037e-01 -7.56277381e-01  1.06558276e-04  7.13435244e-07 -7.90682690e-05 
 4.86943419e-02 -7.31397644e-01 -7.45667851e-01  1.08435784e-04  7.38797535e-07 -7.93096767e-05 
 4.87193419e-02 -7.20595788e-01 -7.34874339e-01  1.10286536e-04  7.64231942e-07 -7.94720134e-05 
 4.87443419e-02 -7.09616137e-01 -7.23899508e-01  1.12110076e-04  7.89713362e-07 -7.95551190e-05 
 4.87693419e-02 -6.98461399e-01 -7.12746065e-01  1.13905954e-04  8.15216649e-07 -7.95589116e-05 
 4.87943419e-02 -6.87134325e-01 -7.01416764e-01  1.15673726e-04  8.40716637e-07 -7.94833876e-05 
 4.88193419e-02 -6.75637712e-01 -6.89914399e-01  1.17412957e-04  8.66188160e-07 -7.93286215e-05 
 4.88443419e-02 -6.63974394e-01 -6.78241809e-01  1.19123217e-04  8.91606083e-07 -7.90947662e-05 
 4.88693419e-02 -6.52147252e-01 -6.66401873e-01  1.20804086e-04  9.16945322e-07 -7.87820526e-05 
 4.88943419e-02 -6.40159201e-01 -6.54397513e-01  1.22455147e-04  9.42180874e-07 -7.83907894e-05 
 4.89193419e-02 -6.28013201e-01 -6.42231691e-01  1.24075995e-04  9.67287836e-07 -7.79213629e-05 
 4.89443419e-02 -6.15712248e-01 -6.29907408e-01  1.25666229e-04  9.92241433e-07 -7.73742363e-05 
 4.89693419e-02 -6.03259378e-01 -6.17427705e-01  1.27225457e-04  1.01701704e-06 -7.67499498e-05 
 4.89943419e-02 -5.90657662e-01 -6.04795662e-01  1.28753294e-04  1.04159021e-06 -7.60491194e-05 
 4.90193419e-02 -5.77910210e-01 -5.92014396e-01  1.30249364e-04  1.06593669e-06 -7.52724370e-05 
 4.90443419e-02 -5.65020167e-01 -5.79087059e-01  1.31713297e-04  1.09003246e-06 -7.44206689e-05 
 4.90693419e-02 -5.51990714e-01 -5.66016841e-01  1.33144732e-04  1.11385375e-06 -7.34946559e-05 
 4.90943419e-02 -5.38825066e-01 -5.52806967e-01  1.34543317e-04  1.13737703e-06 -7.24953118e-05 
 4.91193419e-02 -5.25526471e-01 -5.39460697e-01  1.35908706e-04  1.16057911e-06 -7.14236228e-05 
 4.91443419e-02 -5.12098210e-01 -5.25981323e-01  1.37240563e-04  1.18343708e-06 -7.02806465e-05 
 4.91693419e-02 -4.98543596e-01 -5.12372171e-01  1.38538558e-04  1.20592839e-06 -6.90675109e-05 
 4.91943419e-02 -4.84865974e-01 -4.98636599e-01  1.39802372e-04  1.22803084e-06 -6.77854133e-05 
 4.92193419e-02 -4.71068719e-01 -4.84777996e-01  1.41031692e-04  1.24972261e-06 -6.64356187e-05 
 4.92443419e-02 -4.57155234e-01 -4.70799780e-01  1.42226216e-04  1.27098231e-06 -6.50194592e-05 
 4.92693419e-02 -4.43128954e-01 -4.56705402e-01  1.43385649e-04  1.29178894e-06 -6.35383324e-05 
 4.92943419e-02 -4.28993338e-01 -4.42498338e-01  1.44509703e-04  1.31212198e-06 -6.19936999e-05 
 4.93193419e-02 -4.14751874e-01 -4.28182094e-01  1.45598103e-04  1.33196135e-06 -6.03870859e-05 
 4.93443419e-02 -4.00408076e-01 -4.13760202e-01  1.46650579e-04  1.35128748e-06 -5.87200760e-05 
 4.93693419e-02 -3.85965484e-01 -3.99236220e-01  1.47666871e-04  1.37008129e-06 -5.69943152e-05 
 4.93943419e-02 -3.71427660e-01 -3.84613733e-01  1.48646729e-04  1.38832423e-06 -5.52115066e-05 
 4.94193419e-02 -3.56798193e-01 -3.69896347e-01  1.49589910e-04  1.40599830e-06 -5.33734096e-05 
 4.94443419e-02 -3.42080690e-01 -3.55087694e-01  1.50496182e-04  1.42308605e-06 -5.14818380e-05 
 4.94693419e-02 -3.27278785e-01 -3.40191428e-01  1.51365322e-04  1.43957061e-06 -4.95386586e-05 
 4.94943419e-02 -3.12396128e-01 -3.25211225e-01  1.52197114e-04  1.45543571e-06 -4.75457891e-05 
 4.95193419e-02 -2.97436392e-01 -3.10150780e-01  1.52991353e-04  1.47066571e-06 -4.55051961e-05 
 4.95443419e-02 -2.82403268e-01 -2.95013810e-01  1.53747844e-04  1.48524555e-06 -4.34188936e-05 
 4.95693419e-02 -2.67300466e-01 -2.79804049e-01  1.54466399e-04  1.49916086e-06 -4.12889403e-05 
 4.95943419e-02 -2.52131711e-01 -2.64525251e-01  1.55146841e-04  1.51239790e-06 -3.91174383e-05 
 4.96193419e-02 -2.36900746e-01 -2.49181185e-01  1.55789002e-04  1.52494360e-06 -3.69065307e-05 
 4.96443419e-02 -2.21611329e-01 -2.33775636e-01  1.56392724e-04  1.53678559e-06 -3.46583994e-05 
 4.96693419e-02 -2.06267234e-01 -2.18312408e-01  1.56957857e-04  1.54791217e-06 -3.23752630e-05 
 4.96943419e-02 -1.90872245e-01 -2.02795313e-01  1.57484263e-04  1.55831237e-06 -3.00593748e-05 
 4.97193419e-02 -1.75430161e-01 -1.87228183e-01  1.57971811e-04  1.56797592e-06 -2.77130203e-05 
 4.97443419e-02 -1.59944792e-01 -1.71614856e-01  1.58420382e-04  1.57689329e-06 -2.53385150e-05 
 4.97693419e-02 -1.44419959e-01 -1.55959187e-01  1.58829864e-04  1.58505567e-06 -2.29382025e-05 
 4.97943419e-02 -1.28859493e-01 -1.40265037e-01  1.59200156e-04  1.59245501e-06 -2.05144514e-05 
 4.98193419e-02 -1.13267233e-01 -1.24536279e-01  1.59531168e-04  1.59908402e-06 -1.80696540e-05 
 4.98443419e-02 -9.76470255e-02 -1.08776794e-01  1.59822818e-04  1.60493615e-06 -1.56062228e-05 
 4.98693419e-02 -8.20027252e-02 -9.29904702e-02  1.60075033e-04  1.61000563e-06 -1.31265890e-05 
 4.98943419e-02 -6.63381921e-02 -7.71812029e-02  1.60287752e-04  1.61428745e-06 -1.06331997e-05 
 4.99193419e-02 -5.06572909e-02 -6.13528928e-02  1.60460923e-04  1.61777740e-06 -8.12851565e-06 
 4.99443419e-02 -3.49638908e-02 -4.55094452e-02  1.60594502e-04  1.62047203e-06 -5.61500864e-06 
 4.99693419e-02 -1.92618639e-02 -2.96547692e-02  1.60688457e-04  1.62236868e-06 -3.09515920e-06 
 4.99943419e-02 -3.55508447e-03 -1.37927767e-02  1.60742765e-04  1.62346549e-06 -5.71454108e-07 
 5.00193419e-02  1.21525722e-02  2.07261855e-03  1.60757412e-04  1.62376138e-06  1.95361606e-06 
 5.00443419e-02  2.78572303e-02  1.79375021e-02  1.60732396e-04  1.62325604e-06  4.47755937e-06 
 5.00693419e-02  4.35550151e-02  3.37979596e-02  1.60667721e-04  1.62195000e-06  6.99788503e-06 
 5.00943419e-02  5.92420534e-02  4.96500777e-02  1.60563405e-04  1.61984452e-06  9.51210581e-06 
 5.01193419e-02  7.49144746e-02  6.54899453e-02  1.60419473e-04  1.61694170e-06  1.20177405e-05 
 5.01443419e-02  9.05684117e-02  8.13136540e-02  1.60235960e-04  1.61324439e-06  1.45123164e-05 
 5.01693419e-02  1.06200002e-01  9.71172998e-02  1.60012912e-04  1.60875625e-06  1.69933716e-05 
 5.01943419e-02  1.21805390e-01  1.12896983e-01  1.59750383e-04  1.60348171e-06  1.94584577e-05 
 5.02193419e-02  1.37380724e-01  1.28648811e-01  1.59448440e-04  1.59742597e-06  2.19051420e-05 
 5.02443419e-02  1.52922161e-01  1.44368897e-01  1.59107155e-04  1.59059500e-06  2.43310100e-05 
 5.02693419e-02  1.68425867e-01  1.60053363e-01  1.58726614e-04  1.58299555e-06  2.67336675e-05 
 5.02943419e-02  1.83888016e-01  1.75698337e-01  1.58306909e-04  1.57463511e-06  2.91107435e-05 
 5.03193419e-02  1.99304794e-01  1.91299961e-01  1.57848145e-04  1.56552194e-06  3.14598921e-05 
 5.03443419e-02  2.14672396e-01  2.06854385e-01  1.57350435e-04  1.55566503e-06  3.37787949e-05 
 5.03693419e-02  2.29987031e-01  2.22357771e-01  1.56813901e-04  1.54507409e-06  3.60651636e-05 
 5.03943419e-02  2.45244921e-01  2.37806294e-01  1.56238676e-04  1.53375959e-06  3.83167417e-05 
 5.04193419e-02  2.60442299e-01  2.53196143e-01  1.55624901e-04  1.52173269e-06  4.05313071e-05 
 5.04443419e-02  2.75575418e-01  2.68523519e-01  1.54972728e-04  1.50900525e-06  4.27066743e-05 
 5.04693419e-02  2.90640542e-01  2.83784641e-01  1.54282318e-04  1.49558983e-06  4.48406965e-05 
 5.04943419e-02  3.05633955e-01  2.98975744e-01  1.53553841e-04  1.48149967e-06  4.69312677e-05 
 5.05193419e-02  3.20551958e-01  3.14093080e-01  1.52787476e-04  1.46674868e-06  4.89763246e-05 
 5.05443419e-02  3.35390869e-01  3.29132918e-01  1.51983413e-04  1.45135141e-06  5.09738489e-05 
 5.05693419e-02  3.50147028e-01  3.44091548e-01  1.51141850e-04  1.43532305e-06  5.29218694e-05 
 5.05943419e-02  3.64816792e-01  3.58965278e-01  1.50262994e-04  1.41867942e-06  5.48184636e-05 
 5.06193419e-02  3.79396544e-01  3.73750439e-01  1.49347063e-04  1.40143695e-06  5.66617596e-05 
 5.06443419e-02  3.93882686e-01  3.88443383e-01  1.48394282e-04  1.38361266e-06  5.84499384e-05 
 5.06693419e-02  4.08271642e-01  4.03040485e-01  1.47404887e-04  1.36522413e-06  6.01812351e-05 
 5.06943419e-02  4.22559864e-01  4.17538142e-01  1.46379121e-04  1.34628950e-06  6.18539413e-05 
 5.07193419e-02  4.36743826e-01  4.31932778e-01  1.45317237e-04  1.32682748e-06  6.34664062e-05 
 5.07443419e-02  4.50820027e-01  4.46220841e-01  1.44219499e-04  1.30685726e-06  6.50170383e-05 
 5.07693419e-02  4.64784996e-01  4.60398806e-01  1.43086175e-04  1.28639856e-06  6.65043075e-05 
 5.07943419e-02  4.78635285e-01  4.74463173e-01  1.41917548e-04  1.26547156e-06  6.79267459e-05 
 5.08193419e-02  4.92367479e-01  4.88410474e-01  1.40713903e-04  1.24409692e-06  6.92829499e-05 
 5.08443419e-02  5.05978188e-01  5.02237267e-01  1.39475540e-04  1.22229573e-06  7.05715810e-05 
 5.08693419e-02  5.19464055e-01  5.15940139e-01  1.38202763e-04  1.20008952e-06  7.17913675e-05 
 5.08943419e-02  5.32821752e-01  5.29515711e-01  1.36895886e-04  1.17750019e-06  7.29411057e-05 
 5.09193419e-02  5.46047983e-01  5.42960633e-01  1.35555232e-04  1.15455004e-06  7.40196609e-05 
 5.09443419e-02  5.59139485e-01  5.56271587e-01  1.34181132e-04  1.13126173e-06  7.50259689e-05 
 5.09693419e-02  5.72093027e-01  5.69445289e-01  1.32773925e-04  1.10765823e-06  7.59590364e-05 
 5.09943419e-02  5.84905414e-01  5.82478488e-01  1.31333958e-04  1.08376284e-06  7.68179429e-05 
 5.10193419e-02  5.97573485e-01  5.95367970e-01  1.29861586e-04  1.05959915e-06  7.76018406e-05 
 5.10443419e-02  6.10094113e-01  6.08110553e-01  1.28357174e-04  1.03519099e-06  7.83099560e-05 
 5.10693419e-02  6.22464209e-01  6.20703093e-01  1.26821091e-04  1.01056247e-06  7.89415903e-05 
 5.10943419e-02  6.34680722e-01  6.33142484e-01  1.25253718e-04  9.85737880e-07  7.94961203e-05 
 5.11193419e-02  6.46740637e-01  6.45425657e-01  1.23655441e-04  9.60741727e-07  7.99729986e-05 
 5.11443419e-02  6.58640978e-01  6.57549581e-01  1.22026654e-04  9.35598676e-07  8.03717547e-05 
 5.11693419e-02  6.70378810e-01  6.69511263e-01  1.20367759e-04  9.10333540e-07  8.06919951e-05 
 5.11943419e-02  6.81951235e-01  6.81307754e-01  1.18679166e-04  8.84971254e-07  8.09334038e-05 
 5.12193419e-02  6.93355399e-01  6.92936143e-01  1.16961291e-04  8.59536846e-07  8.10957425e-05 
 5.12443419e-02  7.04588488e-01  7.04393560e-01  1.15214558e-04  8.34055416e-07  8.11788511e-05 
 5.12693419e-02  7.15647731e-01  7.15677179e-01  1.13439398e-04  8.08552111e-07  8.11826474e-05 
 5.12943419e-02  7.26530398e-01  7.26784215e-01  1.11636248e-04  7.83052098e-07  8.11071278e-05 
 5.13193419e-02  7.37233805e-01  7.37711928e-01  1.09805555e-04  7.57580542e-07  8.09523667e-05 
 5.13443419e-02  7.47755310e-01  7.48457622e-01  1.07947768e-04  7.32162579e-07  8.07185169e-05 
 5.13693419e-02  7.58092318e-01  7.59018646e-01  1.06063348e-04  7.06823293e-07  8.04058090e-05 
 5.13943419e-02  7.68242278e-01  7.69392393e-01  1.04152758e-04  6.81587690e-07  8.00145517e-05 
 5.14193419e-02  7.78202685e-01  7.79576304e-01  1.02216469e-04  6.56480673e-07  7.95451309e-05 
 5.14443419e-02  7.87971083e-01  7.89567867e-01  1.00254961e-04  6.31527019e-07  7.89980100e-05 
 5.14693419e-02  7.97545060e-01  7.99364616e-01  9.82687158e-05  6.06751353e-07  7.83737289e-05 
 5.14943419e-02  8.06922256e-01  8.08964135e-01  9.62582242e-05  5.82178126e-07  7.76729034e-05 
 5.15193419e-02  8.16100355e-01  8.18364053e-01  9.42239822e-05  5.57831587e-07  7.68962253e-05 
 5.15443419e-02  8.25077094e-01  8.27562053e-01  9.21664916e-05  5.33735764e-07  7.60444610e-05 
 5.15693419e-02  8.33850257e-01  8.36555864e-01  9.00862600e-05  5.09914435e-07  7.51184510e-05 
 5.15943419e-02  8.42417680e-01  8.45343268e-01  8.79838006e-05  4.86391110e-07  7.41191092e-05 
 5.16193419e-02  8.50777250e-01  8.53922096e-01  8.58596321e-05  4.63189002e-07  7.30474217e-05 
 5.16443419e-02  8.58926902e-01  8.62290232e-01  8.37142787e-05  4.40331011e-07  7.19044461e-05 
 5.16693419e-02  8.66864628e-01  8.70445611e-01  8.15482697e-05  4.17839693e-07  7.06913104e-05 
 5.16943419e-02  8.74588467e-01  8.78386220e-01  7.93621394e-05  3.95737246e-07  6.94092119e-05 
 5.17193419e-02  8.82096515e-01  8.86110100e-01  7.71564274e-05  3.74045482e-07  6.80594157e-05 
 5.17443419e-02  8.89386919e-01  8.93615346e-01  7.49316778e-05  3.52785809e-07  6.66432541e-05 
 5.17693419e-02  8.96457880e-01  9.00900106e-01  7.26884397e-05  3.31979209e-07  6.51621245e-05 
 5.17943419e-02  9.03307653e-01  9.07962582e-01  7.04272664e-05  3.11646215e-07  6.36174887e-05 
 5.18193419e-02  9.09934549e-01  9.14801031e-01  6.81487160e-05  2.91806894e-07  6.20108712e-05 
 5.18443419e-02  9.16336932e-01  9.21413767e-01  6.58533508e-05  2.72480827e-07  6.03438574e-05 
 5.18693419e-02  9.22513222e-01  9.27799158e-01  6.35417371e-05  2.53687085e-07  5.86180926e-05 
 5.18943419e-02  9.28461896e-01  9.33955627e-01  6.12144453e-05  2.35444218e-07  5.68352799e-05 
 5.19193419e-02  9.34181487e-01  9.39881658e-01  5.88720497e-05  2.17770228e-07  5.49971789e-05 
 5.19443419e-02  9.39670581e-01  9.45575786e-01  5.65151283e-05  2.00682558e-07  5.31056035e-05 
 5.19693419e-02  9.44927826e-01  9.51036607e-01  5.41442628e-05  1.84198073e-07  5.11624205e-05 
 5.19943419e-02  9.49951925e-01  9.56262774e-01  5.17600380e-05  1.68333040e-07  4.91695478e-05 
 5.20193419e-02  9.54741637e-01  9.61252997e-01  4.93630425e-05  1.53103117e-07  4.71289520e-05 
 5.20443419e-02  9.59295780e-01  9.66006045e-01  4.69538675e-05  1.38523333e-07  4.50426470e-05 
 5.20693419e-02  9.63613232e-01  9.70520746e-01  4.45331077e-05  1.24608078e-07  4.29126918e-05 
 5.20943419e-02  9.67692927e-01  9.74795985e-01  4.21013602e-05  1.11371084e-07  4.07411885e-05 
 5.21193419e-02  9.71533858e-01  9.78830707e-01  3.96592252e-05  9.88254142e-08  3.85302800e-05 
 5.21443419e-02  9.75135077e-01  9.82623918e-01  3.72073052e-05  8.69834493e-08  3.62821484e-05 
 5.21693419e-02  9.78495697e-01  9.86174681e-01  3.47462051e-05  7.58568757e-08  3.39990122e-05 
 5.21943419e-02  9.81614887e-01  9.89482120e-01  3.22765323e-05  6.54566736e-08  3.16831246e-05 
 5.22193419e-02  9.84491878e-01  9.92545419e-01  2.97988961e-05  5.57931066e-08  2.93367712e-05 
 5.22443419e-02  9.87125961e-01  9.95363822e-01  2.73139077e-05  4.68757110e-08  2.69622674e-05 
 5.22693419e-02  9.89516486e-01  9.97936635e-01  2.48221803e-05  3.87132868e-08  2.45619566e-05 
 5.22943419e-02  9.91662862e-01  1.00026322e+00  2.23243287e-05  3.13138890e-08  2.21382076e-05 
 5.23193419e-02  9.93564560e-01  1.00234301e+00  1.98209690e-05  2.46848197e-08  1.96934124e-05 
 5.23443419e-02  9.95221110e-01  1.00417548e+00  1.73127191e-05  1.88326206e-08  1.72299835e-05 
 5.23693419e-02  9.96632105e-01  1.00576019e+00  1.48001976e-05  1.37630668e-08  1.47503521e-05 
 5.23943419e-02  9.97797196e-01  1.00709674e+00  1.22840244e-05  9.48116131e-09  1.22569651e-05 
 5.24193419e-02  9.98716095e-01  1.00818481e+00  9.76482043e-06  5.99112961e-09  9.75228333e-06 
 5.24443419e-02  9.99388576e-01  1.00902412e+00  7.24320710e-06  3.29641588e-09  7.23877843e-06 
 5.24693419e-02  9.99814473e-01  1.00961447e+00  4.71980655e-06  1.39967946e-09  4.71893090e-06 
 5.24943419e-02  9.99993681e-01  1.00995572e+00  2.19524136e-06  3.02792244e-10  2.19522749e-06 
 5.25193419e-02  9.99926155e-01  1.01004777e+00 -3.29865614e-07  6.83682219e-12 -3.29841255e-07 
 5.25443419e-02  9.99611912e-01  1.00989061e+00 -2.85489138e-06  5.12105419e-10 -2.85378343e-06 
 5.25693419e-02  9.99051030e-01  1.00948427e+00 -5.37921296e-06  1.81809959e-09 -5.37410825e-06 
 5.25943419e-02  9.98243647e-01  1.00882886e+00 -7.90220754e-06  3.92353071e-09 -7.88832848e-06 
 5.26193419e-02  9.97189963e-01  1.00792453e+00 -1.04232526e-05  6.82632122e-09 -1.03939629e-05 
 5.26443419e-02  9.95890236e-01  1.00677152e+00 -1.29417262e-05  1.05236067e-08 -1.28885388e-05 
 5.26693419e-02  9.94344789e-01  1.00537010e+00 -1.54570069e-05  1.50117386e-08 -1.53695943e-05 
 5.26943419e-02  9.92554002e-01  1.00372062e+00 -1.79684741e-05  2.02862880e-08 -1.78346809e-05 
 5.27193419e-02  9.90518317e-01  1.00182348e+00 -2.04755081e-05  2.63420499e-08 -2.02813658e-05 
 5.27443419e-02  9.88238237e-01  9.99679164e-01 -2.29774903e-05  3.31730480e-08 -2.27072345e-05 
 5.27693419e-02  9.85714323e-01  9.97288188e-01 -2.54738035e-05  4.07725412e-08 -2.51098929e-05 
 5.27943419e-02  9.82947200e-01  9.94651147e-01 -2.79638315e-05  4.91330299e-08 -2.74869699e-05 
 5.28193419e-02  9.79937549e-01  9.91768691e-01 -3.04469601e-05  5.82462634e-08 -2.98361195e-05 
 5.28443419e-02  9.76686112e-01  9.88641530e-01 -3.29225765e-05  6.81032480e-08 -3.21550233e-05 
 5.28693419e-02  9.73193694e-01  9.85270437e-01 -3.53900699e-05  7.86942560e-08 -3.44413929e-05 
 5.28943419e-02  9.69461154e-01  9.81656242e-01 -3.78488314e-05  9.00088354e-08 -3.66929718e-05 
 5.29193419e-02  9.65489414e-01  9.77799839e-01 -4.02982543e-05  1.02035820e-07 -3.89075379e-05 
 5.29443419e-02  9.61279454e-01  9.73702178e-01 -4.27377342e-05  1.14763340e-07 -4.10829058e-05 
 5.29693419e-02  9.56832313e-01  9.69364270e-01 -4.51666691e-05  1.28178835e-07 -4.32169285e-05 
 5.29943419e-02  9.52149088e-01  9.64787186e-01 -4.75844598e-05  1.42269066e-07 -4.53075000e-05 
 5.30193419e-02  9.47230934e-01  9.59972055e-01 -4.99905096e-05  1.57020125e-07 -4.73525571e-05 
 5.30443419e-02  9.42079065e-01  9.54920065e-01 -5.23842248e-05  1.72417457e-07 -4.93500815e-05 
 5.30693419e-02  9.36694752e-01  9.49632463e-01 -5.47650148e-05  1.88445865e-07 -5.12981020e-05 
 5.30943419e-02  9.31079324e-01  9.44110553e-01 -5.71322922e-05  2.05089530e-07 -5.31946960e-05 
 5.31193419e-02  9.25234166e-01  9.38355698e-01 -5.94854728e-05  2.22332027e-07 -5.50379918e-05 
 5.31443419e-02  9.19160720e-01  9.32369318e-01 -6.18239760e-05  2.40156340e-07 -5.68261703e-05 
 5.31693419e-02  9.12860485e-01  9.26152889e-01 -6.41472248e-05  2.58544878e-07 -5.85574668e-05 
 5.31943419e-02  9.06335016e-01  9.19707946e-01 -6.64546461e-05  2.77479492e-07 -6.02301727e-05 
 5.32193419e-02  8.99585922e-01  9.13036079e-01 -6.87456704e-05  2.96941498e-07 -6.18426373e-05 
 5.32443419e-02  8.92614868e-01  9.06138934e-01 -7.10197325e-05  3.16911688e-07 -6.33932692e-05 
 5.32693419e-02  8.85423575e-01  8.99018213e-01 -7.32762713e-05  3.37370354e-07 -6.48805382e-05 
 5.32943419e-02  8.78013817e-01  8.91675672e-01 -7.55147302e-05  3.58297306e-07 -6.63029765e-05 
 5.33193419e-02  8.70387423e-01  8.84113124e-01 -7.77345567e-05  3.79671891e-07 -6.76591805e-05 
 5.33443419e-02  8.62546273e-01  8.76332435e-01 -7.99352033e-05  4.01473016e-07 -6.89478117e-05 
 5.33693419e-02  8.54492303e-01  8.68335523e-01 -8.21161270e-05  4.23679166e-07 -7.01675984e-05 
 5.33943419e-02  8.46227499e-01  8.60124363e-01 -8.42767897e-05  4.46268425e-07 -7.13173370e-05 
 5.34193419e-02  8.37753902e-01  8.51700981e-01 -8.64166583e-05  4.69218502e-07 -7.23958927e-05 
 5.34443419e-02  8.29073602e-01  8.43067454e-01 -8.85352049e-05  4.92506748e-07 -7.34022012e-05 
 5.34693419e-02  8.20188740e-01  8.34225913e-01 -9.06319067e-05  5.16110181e-07 -7.43352694e-05 
 5.34943419e-02  8.11101508e-01  8.25178539e-01 -9.27062466e-05  5.40005508e-07 -7.51941765e-05 
 5.35193419e-02  8.01814150e-01  8.15927565e-01 -9.47577128e-05  5.64169146e-07 -7.59780749e-05 
 5.35443419e-02  7.92328955e-01  8.06475273e-01 -9.67857990e-05  5.88577250e-07 -7.66861910e-05 
 5.35693419e-02  7.82648266e-01  7.96823995e-01 -9.87900049e-05  6.13205733e-07 -7.73178260e-05 
 5.35943419e-02  7.72774470e-01  7.86976113e-01 -1.00769836e-04  6.38030289e-07 -7.78723566e-05 
 5.36193419e-02  7.62710003e-01  7.76934057e-01 -1.02724804e-04  6.63026419e-07 -7.83492354e-05 
 5.36443419e-02  7.52457349e-01  7.66700304e-01 -1.04654426e-04  6.88169457e-07 -7.87479920e-05 
 5.36693419e-02  7.42019037e-01  7.56277379e-01 -1.06558227e-04  7.13434589e-07 -7.90682327e-05 
 5.36943419e-02  7.31397644e-01  7.45667854e-01 -1.08435736e-04  7.38796882e-07 -7.93096416e-05 
 5.37193419e-02  7.20595788e-01  7.34874346e-01 -1.10286490e-04  7.64231305e-07 -7.94719803e-05 
 5.37443419e-02  7.09616137e-01  7.23899520e-01 -1.12110033e-04  7.89712760e-07 -7.95550887e-05 
 5.37693419e-02  6.98461399e-01  7.12746082e-01 -1.13905915e-04  8.15216097e-07 -7.95588847e-05 
 5.37943419e-02  6.87134325e-01  7.01416784e-01 -1.15673692e-04  8.40716149e-07 -7.94833645e-05 
 5.38193419e-02  6.75637712e-01  6.89914422e-01 -1.17412929e-04  8.66187750e-07 -7.93286027e-05 
 5.38443419e-02  6.63974394e-01  6.78241834e-01 -1.19123196e-04  8.91605762e-07 -7.90947519e-05 
 5.38693419e-02  6.52147252e-01  6.66401900e-01 -1.20804071e-04  9.16945100e-07 -7.87820430e-05 
 5.38943419e-02  6.40159201e-01  6.54397541e-01 -1.22455140e-04  9.42180757e-07 -7.83907845e-05 
 5.39193419e-02  6.28013201e-01  6.42231719e-01 -1.24075995e-04  9.67287828e-07 -7.79213625e-05 
 5.39443419e-02  6.15712248e-01  6.29907436e-01 -1.25666235e-04  9.92241535e-07 -7.73742403e-05 
 5.39693419e-02  6.03259378e-01  6.17427732e-01 -1.27225470e-04  1.01701725e-06 -7.67499578e-05 
 5.39943419e-02  5.90657662e-01  6.04795688e-01 -1.28753313e-04  1.04159053e-06 -7.60491310e-05 
 5.40193419e-02  5.77910210e-01  5.92014419e-01 -1.30249389e-04  1.06593711e-06 -7.52724516e-05 
 5.40443419e-02  5.65020167e-01  5.79087079e-01 -1.31713327e-04  1.09003297e-06 -7.44206861e-05 
 5.40693419e-02  5.51990714e-01  5.66016858e-01 -1.33144767e-04  1.11385433e-06 -7.34946750e-05 
 5.40943419e-02  5.38825066e-01  5.52806981e-01 -1.34543355e-04  1.13737767e-06 -7.24953322e-05 
 5.41193419e-02  5.25526471e-01  5.39460707e-01 -1.35908747e-04  1.16057980e-06 -7.14236439e-05 
 5.41443419e-02  5.12098210e-01  5.25981329e-01 -1.37240604e-04  1.18343780e-06 -7.02806678e-05 
 5.41693419e-02  4.98543596e-01  5.12372173e-01 -1.38538600e-04  1.20592912e-06 -6.90675318e-05 
 5.41943419e-02  4.84865974e-01  4.98636597e-01 -1.39802413e-04  1.22803156e-06 -6.77854332e-05 
 5.42193419e-02  4.71068719e-01  4.84777989e-01 -1.41031732e-04  1.24972331e-06 -6.64356372e-05 
 5.42443419e-02  4.57155234e-01  4.70799770e-01 -1.42226253e-04  1.27098297e-06 -6.50194760e-05 
 5.42693419e-02  4.43128954e-01  4.56705388e-01 -1.43385682e-04  1.29178954e-06 -6.35383471e-05 
 5.42943419e-02  4.28993338e-01  4.42498322e-01 -1.44509732e-04  1.31212251e-06 -6.19937123e-05 
 5.43193419e-02  4.14751874e-01  4.28182075e-01 -1.45598127e-04  1.33196179e-06 -6.03870959e-05 
 5.43443419e-02  4.00408076e-01  4.13760181e-01 -1.46650597e-04  1.35128783e-06 -5.87200835e-05 
 5.43693419e-02  3.85965484e-01  3.99236198e-01 -1.47666884e-04  1.37008153e-06 -5.69943202e-05 
 5.43943419e-02  3.71427660e-01  3.84613709e-01 -1.48646736e-04  1.38832436e-06 -5.52115092e-05 
 5.44193419e-02  3.56798193e-01  3.69896323e-01 -1.49589911e-04  1.40599831e-06 -5.33734099e-05 
 5.44443419e-02  3.42080690e-01  3.55087670e-01 -1.50496177e-04  1.42308595e-06 -5.14818362e-05 
 5.44693419e-02  3.27278785e-01  3.40191405e-01 -1.51365311e-04  1.43957040e-06 -4.95386550e-05 
 5.44943419e-02  3.12396128e-01  3.25211203e-01 -1.52197098e-04  1.45543540e-06 -4.75457840e-05 
 5.45193419e-02  2.97436392e-01  3.10150760e-01 -1.52991332e-04  1.47066530e-06 -4.55051898e-05 
 5.45443419e-02  2.82403268e-01  2.95013792e-01 -1.53747818e-04  1.48524506e-06 -4.34188863e-05 
 5.45693419e-02  2.67300466e-01  2.79804034e-01 -1.54466369e-04  1.49916029e-06 -4.12889325e-05 
 5.45943419e-02  2.52131711e-01  2.64525239e-01 -1.55146809e-04  1.51239727e-06 -3.91174302e-05 
 5.46193419e-02  2.36900746e-01  2.49181176e-01 -1.55788968e-04  1.52494293e-06 -3.69065226e-05 
 5.46443419e-02  2.21611329e-01  2.33775631e-01 -1.56392688e-04  1.53678489e-06 -3.46583916e-05 
 5.46693419e-02  2.06267234e-01  2.18312406e-01 -1.56957822e-04  1.54791147e-06 -3.23752556e-05 
 5.46943419e-02  1.90872245e-01  2.02795315e-01 -1.57484228e-04  1.55831167e-06 -3.00593681e-05 
 5.47193419e-02  1.75430161e-01  1.87228188e-01 -1.57971778e-04  1.56797525e-06 -2.77130143e-05 
 5.47443419e-02  1.59944792e-01  1.71614865e-01 -1.58420350e-04  1.57689266e-06 -2.53385100e-05 
 5.47693419e-02  1.44419959e-01  1.55959198e-01 -1.58829835e-04  1.58505510e-06 -2.29381983e-05 
 5.47943419e-02  1.28859493e-01  1.40265051e-01 -1.59200131e-04  1.59245451e-06 -2.05144482e-05 
 5.48193419e-02  1.13267233e-01  1.24536295e-01 -1.59531147e-04  1.59908360e-06 -1.80696516e-05 
 5.48443419e-02  9.76470255e-02  1.08776812e-01 -1.59822801e-04  1.60493582e-06 -1.56062212e-05 
 5.48693419e-02  8.20027252e-02  9.29904897e-02 -1.60075022e-04  1.61000540e-06 -1.31265880e-05 
 5.48943419e-02  6.63381921e-02  7.71812233e-02 -1.60287746e-04  1.61428733e-06 -1.06331993e-05 
 5.49193419e-02  5.06572909e-02  6.13529135e-02 -1.60460922e-04  1.61777738e-06 -8.12851560e-06 
 5.49443419e-02  3.49638908e-02  4.55094658e-02 -1.60594506e-04  1.62047211e-06 -5.61500878e-06 
 5.49693419e-02  1.92618639e-02  2.96547891e-02 -1.60688466e-04  1.62236887e-06 -3.09515937e-06 
 5.49943419e-02  3.55508447e-03  1.37927955e-02 -1.60742779e-04  1.62346577e-06 -5.71454157e-07 
 5.50193419e-02 -1.21525722e-02 -2.07260130e-03 -1.60757430e-04  1.62376174e-06  1.95361627e-06 
 5.50443419e-02 -2.78572303e-02 -1.79374868e-02 -1.60732417e-04  1.62325648e-06  4.47755998e-06 
 5.50693419e-02 -4.35550151e-02 -3.37979466e-02 -1.60667746e-04  1.62195050e-06  6.99788612e-06 
 5.50943419e-02 -5.92420534e-02 -4.96500673e-02 -1.60563432e-04  1.61984507e-06  9.51210743e-06 
 5.51193419e-02 -7.49144746e-02 -6.54899377e-02 -1.60419502e-04  1.61694229e-06  1.20177427e-05 
 5.51443419e-02 -9.05684117e-02 -8.13136494e-02 -1.60235990e-04  1.61324500e-06  1.45123191e-05 
 5.51693419e-02 -1.06200002e-01 -9.71172982e-02 -1.60012942e-04  1.60875687e-06  1.69933749e-05 
 5.51943419e-02 -1.21805390e-01 -1.12896985e-01 -1.59750413e-04  1.60348231e-06  1.94584614e-05 
 5.52193419e-02 -1.37380724e-01 -1.28648816e-01 -1.59448469e-04  1.59742655e-06  2.19051460e-05 
 5.52443419e-02 -1.52922161e-01 -1.44368904e-01 -1.59107182e-04  1.59059554e-06  2.43310141e-05 
 5.52693419e-02 -1.68425867e-01 -1.60053372e-01 -1.58726638e-04  1.58299604e-06  2.67336716e-05 
 5.52943419e-02 -1.83888016e-01 -1.75698349e-01 -1.58306931e-04  1.57463554e-06  2.91107475e-05 
 5.53193419e-02 -1.99304794e-01 -1.91299975e-01 -1.57848163e-04  1.56552230e-06  3.14598957e-05 
 5.53443419e-02 -2.14672396e-01 -2.06854401e-01 -1.57350449e-04  1.55566531e-06  3.37787980e-05 
 5.53693419e-02 -2.29987031e-01 -2.22357788e-01 -1.56813911e-04  1.54507429e-06  3.60651659e-05 
 5.53943419e-02 -2.45244921e-01 -2.37806312e-01 -1.56238681e-04  1.53375970e-06  3.83167430e-05 
 5.54193419e-02 -2.60442299e-01 -2.53196160e-01 -1.55624902e-04  1.52173271e-06  4.05313074e-05 
 5.54443419e-02 -2.75575418e-01 -2.68523536e-01 -1.54972725e-04  1.50900518e-06  4.27066734e-05 
 5.54693419e-02 -2.90640542e-01 -2.83784658e-01 -1.54282310e-04  1.49558968e-06  4.48406944e-05 
 5.54943419e-02 -3.05633955e-01 -2.98975760e-01 -1.53553829e-04  1.48149945e-06  4.69312642e-05 
 5.55193419e-02 -3.20551958e-01 -3.14093095e-01 -1.52787461e-04  1.46674839e-06  4.89763197e-05 
 5.55443419e-02 -3.35390869e-01 -3.29132931e-01 -1.51983394e-04  1.45135105e-06  5.09738428e-05 
 5.55693419e-02 -3.50147028e-01 -3.44091559e-01 -1.51141829e-04  1.43532265e-06  5.29218620e-05 
 5.55943419e-02 -3.64816792e-01 -3.58965287e-01 -1.50262971e-04  1.41867898e-06  5.48184551e-05 
 5.56193419e-02 -3.79396544e-01 -3.73750446e-01 -1.49347038e-04  1.40143649e-06  5.66617501e-05 
 5.56443419e-02 -3.93882686e-01 -3.88443388e-01 -1.48394256e-04  1.38361218e-06  5.84499282e-05 
 5.56693419e-02 -4.08271642e-01 -4.03040487e-01 -1.47404860e-04  1.36522364e-06  6.01812245e-05 
 5.56943419e-02 -4.22559864e-01 -4.17538141e-01 -1.46379095e-04  1.34628903e-06  6.18539304e-05 
 5.57193419e-02 -4.36743826e-01 -4.31932775e-01 -1.45317212e-04  1.32682703e-06  6.34663953e-05 
 5.57443419e-02 -4.50820027e-01 -4.46220835e-01 -1.44219475e-04  1.30685684e-06  6.50170278e-05 
 5.57693419e-02 -4.64784996e-01 -4.60398797e-01 -1.43086154e-04  1.28639817e-06  6.65042976e-05 
 5.57943419e-02 -4.78635285e-01 -4.74463163e-01 -1.41917529e-04  1.26547122e-06  6.79267370e-05 
 5.58193419e-02 -4.92367479e-01 -4.88410462e-01 -1.40713888e-04  1.24409664e-06  6.92829422e-05 
 5.58443419e-02 -5.05978188e-01 -5.02237254e-01 -1.39475527e-04  1.22229551e-06  7.05715747e-05 
 5.58693419e-02 -5.19464055e-01 -5.15940125e-01 -1.38202754e-04  1.20008936e-06  7.17913629e-05 
 5.58943419e-02 -5.32821752e-01 -5.29515697e-01 -1.36895881e-04  1.17750010e-06  7.29411030e-05 
 5.59193419e-02 -5.46047983e-01 -5.42960618e-01 -1.35555231e-04  1.15455002e-06  7.40196602e-05 
 5.59443419e-02 -5.59139485e-01 -5.56271572e-01 -1.34181134e-04  1.13126177e-06  7.50259703e-05 
 5.59693419e-02 -5.72093027e-01 -5.69445274e-01 -1.32773931e-04  1.10765833e-06  7.59590400e-05 
 5.59943419e-02 -5.84905414e-01 -5.82478474e-01 -1.31333967e-04  1.08376300e-06  7.68179485e-05 
 5.60193419e-02 -5.97573485e-01 -5.95367957e-01 -1.29861599e-04  1.05959935e-06  7.76018482e-05 
 5.60443419e-02 -6.10094113e-01 -6.08110541e-01 -1.28357189e-04  1.03519124e-06  7.83099655e-05 
 5.60693419e-02 -6.22464209e-01 -6.20703083e-01 -1.26821109e-04  1.01056275e-06  7.89416015e-05 
 5.60943419e-02 -6.34680722e-01 -6.33142477e-01 -1.25253738e-04  9.85738192e-07  7.94961328e-05 
 5.61193419e-02 -6.46740637e-01 -6.45425651e-01 -1.23655462e-04  9.60742056e-07  7.99730123e-05 
 5.61443419e-02 -6.58640978e-01 -6.57549577e-01 -1.22026676e-04  9.35599014e-07  8.03717692e-05 
 5.61693419e-02 -6.70378810e-01 -6.69511262e-01 -1.20367782e-04  9.10333879e-07  8.06920101e-05 
 5.61943419e-02 -6.81951235e-01 -6.81307755e-01 -1.18679188e-04  8.84971584e-07  8.09334189e-05 
 5.62193419e-02 -6.93355399e-01 -6.92936146e-01 -1.16961312e-04  8.59537160e-07  8.10957573e-05 
 5.62443419e-02 -7.04588488e-01 -7.04393565e-01 -1.15214578e-04  8.34055707e-07  8.11788652e-05 
 5.62693419e-02 -7.15647731e-01 -7.15677185e-01 -1.13439416e-04  8.08552372e-07  8.11826605e-05 
 5.62943419e-02 -7.26530398e-01 -7.26784223e-01 -1.11636264e-04  7.83052324e-07  8.11071395e-05 
 5.63193419e-02 -7.37233805e-01 -7.37711938e-01 -1.09805568e-04  7.57580730e-07  8.09523767e-05 
 5.63443419e-02 -7.47755310e-01 -7.48457633e-01 -1.07947779e-04  7.32162725e-07  8.07185249e-05 
 5.63693419e-02 -7.58092318e-01 -7.59018658e-01 -1.06063355e-04  7.06823396e-07  8.04058149e-05 
 5.63943419e-02 -7.68242278e-01 -7.69392405e-01 -1.04152762e-04  6.81587750e-07  8.00145552e-05 
 5.64193419e-02 -7.78202685e-01 -7.79576317e-01 -1.02216471e-04  6.56480690e-07  7.95451319e-05 
 5.64443419e-02 -7.87971083e-01 -7.89567880e-01 -1.00254959e-04  6.31526995e-07  7.89980085e-05 
 5.64693419e-02 -7.97545060e-01 -7.99364629e-01 -9.82687107e-05  6.06751291e-07  7.83737248e-05 
 5.64943419e-02 -8.06922256e-01 -8.08964147e-01 -9.62582162e-05  5.82178029e-07  7.76728970e-05 
 5.65193419e-02 -8.16100355e-01 -8.18364064e-01 -9.42239715e-05  5.57831460e-07  7.68962166e-05 
 5.65443419e-02 -8.25077094e-01 -8.27562063e-01 -9.21664784e-05  5.33735612e-07  7.60444502e-05 
 5.65693419e-02 -8.33850257e-01 -8.36555873e-01 -9.00862448e-05  5.09914263e-07  7.51184384e-05 
 5.65943419e-02 -8.42417680e-01 -8.45343275e-01 -8.79837837e-05  4.86390924e-07  7.41190950e-05 
 5.66193419e-02 -8.50777250e-01 -8.53922101e-01 -8.58596140e-05  4.63188807e-07  7.30474063e-05 
 5.66443419e-02 -8.58926902e-01 -8.62290235e-01 -8.37142599e-05  4.40330813e-07  7.19044299e-05 
 5.66693419e-02 -8.66864628e-01 -8.70445612e-01 -8.15482506e-05  4.17839497e-07  7.06912939e-05 
 5.66943419e-02 -8.74588467e-01 -8.78386219e-01 -7.93621205e-05  3.95737057e-07  6.94091953e-05 
 5.67193419e-02 -8.82096515e-01 -8.86110098e-01 -7.71564091e-05  3.74045304e-07  6.80593996e-05 
 5.67443419e-02 -8.89386919e-01 -8.93615342e-01 -7.49316606e-05  3.52785647e-07  6.66432388e-05 
 5.67693419e-02 -8.96457880e-01 -9.00900100e-01 -7.26884239e-05  3.31979065e-07  6.51621104e-05 
 5.67943419e-02 -9.03307653e-01 -9.07962574e-01 -7.04272525e-05  3.11646092e-07  6.36174762e-05 
 5.68193419e-02 -9.09934549e-01 -9.14801023e-01 -6.81487043e-05  2.91806794e-07  6.20108605e-05 
 5.68443419e-02 -9.16336932e-01 -9.21413758e-01 -6.58533414e-05  2.72480749e-07  6.03438488e-05 
 5.68693419e-02 -9.22513222e-01 -9.27799147e-01 -6.35417303e-05  2.53687031e-07  5.86180863e-05 
 5.68943419e-02 -9.28461896e-01 -9.33955617e-01 -6.12144412e-05  2.35444186e-07  5.68352762e-05 
 5.69193419e-02 -9.34181487e-01 -9.39881646e-01 -5.88720484e-05  2.17770218e-07  5.49971777e-05 
 5.69443419e-02 -9.39670581e-01 -9.45575775e-01 -5.65151298e-05  2.00682569e-07  5.31056049e-05 
 5.69693419e-02 -9.44927826e-01 -9.51036596e-01 -5.41442669e-05  1.84198101e-07  5.11624244e-05 
 5.69943419e-02 -9.49951925e-01 -9.56262763e-01 -5.17600447e-05  1.68333083e-07  4.91695541e-05 
 5.70193419e-02 -9.54741637e-01 -9.61252987e-01 -4.93630515e-05  1.53103173e-07  4.71289606e-05 
 5.70443419e-02 -9.59295780e-01 -9.66006037e-01 -4.69538786e-05  1.38523399e-07  4.50426576e-05 
 5.70693419e-02 -9.63613232e-01 -9.70520738e-01 -4.45331206e-05  1.24608150e-07  4.29127042e-05 
 5.70943419e-02 -9.67692927e-01 -9.74795979e-01 -4.21013745e-05  1.11371160e-07  4.07412024e-05 
 5.71193419e-02 -9.71533858e-01 -9.78830703e-01 -3.96592406e-05  9.88254910e-08  3.85302950e-05 
 5.71443419e-02 -9.75135077e-01 -9.82623915e-01 -3.72073212e-05  8.69835244e-08  3.62821641e-05 
 5.71693419e-02 -9.78495697e-01 -9.86174679e-01 -3.47462215e-05  7.58569470e-08  3.39990282e-05 
 5.71943419e-02 -9.81614887e-01 -9.89482120e-01 -3.22765485e-05  6.54567394e-08  3.16831405e-05 
 5.72193419e-02 -9.84491878e-01 -9.92545421e-01 -2.97989118e-05  5.57931654e-08  2.93367866e-05 
 5.72443419e-02 -9.87125961e-01 -9.95363825e-01 -2.73139225e-05  4.68757618e-08  2.69622820e-05 
 5.72693419e-02 -9.89516486e-01 -9.97936639e-01 -2.48221939e-05  3.87133291e-08  2.45619700e-05 
 5.72943419e-02 -9.91662862e-01 -1.00026323e+00 -2.23243407e-05  3.13139227e-08  2.21382196e-05 
 5.73193419e-02 -9.93564560e-01 -1.00234301e+00 -1.98209792e-05  2.46848451e-08  1.96934225e-05 
 5.73443419e-02 -9.95221110e-01 -1.00417549e+00 -1.73127272e-05  1.88326383e-08  1.72299916e-05 
 5.73693419e-02 -9.96632105e-01 -1.00576020e+00 -1.48002035e-05  1.37630779e-08  1.47503580e-05 
 5.73943419e-02 -9.97797196e-01 -1.00709675e+00 -1.22840281e-05  9.48116692e-09  1.22569688e-05 
 5.74193419e-02 -9.98716095e-01 -1.00818482e+00 -9.76482170e-06  5.99113117e-09  9.75228459e-06 
 5.74443419e-02 -9.99388576e-01 -1.00902413e+00 -7.24320600e-06  3.29641488e-09  7.23877733e-06 
 5.74693419e-02 -9.99814473e-01 -1.00961448e+00 -4.71980315e-06  1.39967745e-09  4.71892750e-06 
 5.74943419e-02 -9.99993681e-01 -1.00995573e+00 -2.19523578e-06  3.02790705e-10  2.19522191e-06 
 5.75193419e-02 -9.99926155e-01 -1.01004778e+00  3.29873205e-07  6.83713687e-12 -3.29848846e-07 
 5.75443419e-02 -9.99611912e-01 -1.00989062e+00  2.85490077e-06  5.12108787e-10 -2.85379282e-06 
 5.75693419e-02 -9.99051030e-01 -1.00948428e+00  5.37922389e-06  1.81810698e-09 -5.37411917e-06 
 5.75943419e-02 -9.98243647e-01 -1.00882886e+00  7.90221972e-06  3.92354280e-09 -7.88834063e-06 
 5.76193419e-02 -9.97189963e-01 -1.00792454e+00  1.04232657e-05  6.82633839e-09 -1.03939760e-05 
 5.76443419e-02 -9.95890236e-01 -1.00677152e+00  1.29417399e-05  1.05236290e-08 -1.28885524e-05 
 5.76693419e-02 -9.94344789e-01 -1.00537010e+00  1.54570209e-05  1.50117658e-08 -1.53696082e-05 
 5.76943419e-02 -9.92554002e-01 -1.00372062e+00  1.79684880e-05  2.02863194e-08 -1.78346946e-05 
 5.77193419e-02 -9.90518317e-01 -1.00182348e+00  2.04755215e-05  2.63420845e-08 -2.02813791e-05 
 5.77443419e-02 -9.88238237e-01 -9.99679161e-01  2.29775030e-05  3.31730847e-08 -2.27072471e-05 
 5.77693419e-02 -9.85714323e-01 -9.97288184e-01  2.54738151e-05  4.07725786e-08 -2.51099044e-05 
 5.77943419e-02 -9.82947200e-01 -9.94651142e-01  2.79638419e-05  4.91330663e-08 -2.74869801e-05 
 5.78193419e-02 -9.79937549e-01 -9.91768685e-01  3.04469689e-05  5.82462971e-08 -2.98361281e-05 
 5.78443419e-02 -9.76686112e-01 -9.88641523e-01  3.29225836e-05  6.81032773e-08 -3.21550302e-05 
 5.78693419e-02 -9.73193694e-01 -9.85270429e-01  3.53900751e-05  7.86942792e-08 -3.44413979e-05 
 5.78943419e-02 -9.69461154e-01 -9.81656234e-01  3.78488346e-05  9.00088509e-08 -3.66929749e-05 
 5.79193419e-02 -9.65489414e-01 -9.77799831e-01  4.02982555e-05  1.02035826e-07 -3.89075391e-05 
 5.79443419e-02 -9.61279454e-01 -9.73702170e-01  4.27377334e-05  1.14763336e-07 -4.10829050e-05 
 5.79693419e-02 -9.56832313e-01 -9.69364262e-01  4.51666663e-05  1.28178819e-07 -4.32169258e-05 
 5.79943419e-02 -9.52149088e-01 -9.64787178e-01  4.75844551e-05  1.42269038e-07 -4.53074955e-05 
 5.80193419e-02 -9.47230934e-01 -9.59972048e-01  4.99905032e-05  1.57020085e-07 -4.73525510e-05 
 5.80443419e-02 -9.42079065e-01 -9.54920059e-01  5.23842169e-05  1.72417405e-07 -4.93500740e-05 
 5.80693419e-02 -9.36694752e-01 -9.49632457e-01  5.47650055e-05  1.88445801e-07 -5.12980933e-05 
 5.80943419e-02 -9.31079324e-01 -9.44110549e-01  5.71322818e-05  2.05089456e-07 -5.31946864e-05 
 5.81193419e-02 -9.25234166e-01 -9.38355695e-01  5.94854616e-05  2.22331944e-07 -5.50379815e-05 
 5.81443419e-02 -9.19160720e-01 -9.32369315e-01  6.18239643e-05  2.40156249e-07 -5.68261596e-05 
 5.81693419e-02 -9.12860485e-01 -9.26152888e-01  6.41472129e-05  2.58544781e-07 -5.85574559e-05 
 5.81943419e-02 -9.06335016e-01 -9.19707946e-01  6.64546342e-05  2.77479393e-07 -6.02301619e-05 
 5.82193419e-02 -8.99585922e-01 -9.13036080e-01  6.87456588e-05  2.96941399e-07 -6.18426269e-05 
 5.82443419e-02 -8.92614868e-01 -9.06138936e-01  7.10197216e-05  3.16911591e-07 -6.33932594e-05 
 5.82693419e-02 -8.85423575e-01 -8.99018216e-01  7.32762613e-05  3.37370262e-07 -6.48805293e-05 
 5.82943419e-02 -8.78013817e-01 -8.91675676e-01  7.55147212e-05  3.58297221e-07 -6.63029687e-05 
 5.83193419e-02 -8.70387423e-01 -8.84113129e-01  7.77345491e-05  3.79671817e-07 -6.76591738e-05 
 5.83443419e-02 -8.62546273e-01 -8.76332440e-01  7.99351972e-05  4.01472954e-07 -6.89478064e-05 
 5.83693419e-02 -8.54492303e-01 -8.68335530e-01  8.21161224e-05  4.23679118e-07 -7.01675945e-05 
 5.83943419e-02 -8.46227499e-01 -8.60124370e-01  8.42767868e-05  4.46268395e-07 -7.13173345e-05 
 5.84193419e-02 -8.37753902e-01 -8.51700988e-01  8.64166571e-05  4.69218490e-07 -7.23958917e-05 
 5.84443419e-02 -8.29073602e-01 -8.43067461e-01  8.85352054e-05  4.92506755e-07 -7.34022016e-05 
 5.84693419e-02 -8.20188740e-01 -8.34225919e-01  9.06319090e-05  5.16110207e-07 -7.43352712e-05 
 5.84943419e-02 -8.11101508e-01 -8.25178545e-01  9.27062505e-05  5.40005553e-07 -7.51941796e-05 
 5.85193419e-02 -8.01814150e-01 -8.15927571e-01  9.47577181e-05  5.64169210e-07 -7.59780792e-05 
 5.85443419e-02 -7.92328955e-01 -8.06475278e-01  9.67858057e-05  5.88577332e-07 -7.66861963e-05 
 5.85693419e-02 -7.82648266e-01 -7.96824000e-01  9.87900127e-05  6.13205830e-07 -7.73178321e-05 
 5.85943419e-02 -7.72774470e-01 -7.86976117e-01  1.00769845e-04  6.38030400e-07 -7.78723634e-05 
 5.86193419e-02 -7.62710003e-01 -7.76934060e-01  1.02724813e-04  6.63026542e-07 -7.83492427e-05 
 5.86443419e-02 -7.52457349e-01 -7.66700306e-01  1.04654436e-04  6.88169589e-07 -7.87479995e-05 
 5.86693419e-02 -7.42019037e-01 -7.56277380e-01  1.06558237e-04  7.13434726e-07 -7.90682403e-05 
 5.86943419e-02 -7.31397644e-01 -7.45667854e-01  1.08435746e-04  7.38797020e-07 -7.93096490e-05 
 5.87193419e-02 -7.20595788e-01 -7.34874345e-01  1.10286500e-04  7.64231443e-07 -7.94719875e-05 
 5.87443419e-02 -7.09616137e-01 -7.23899518e-01  1.12110043e-04  7.89712892e-07 -7.95550953e-05 
 5.87693419e-02 -6.98461399e-01 -7.12746079e-01  1.13905924e-04  8.15216221e-07 -7.95588907e-05 
 5.87943419e-02 -6.87134325e-01 -7.01416780e-01  1.15673700e-04  8.40716261e-07 -7.94833698e-05 
 5.88193419e-02 -6.75637712e-01 -6.89914418e-01  1.17412936e-04  8.66187847e-07 -7.93286072e-05 
 5.88443419e-02 -6.63974394e-01 -6.78241829e-01  1.19123201e-04  8.91605842e-07 -7.90947555e-05 
 5.88693419e-02 -6.52147252e-01 -6.66401894e-01  1.20804075e-04  9.16945161e-07 -7.87820456e-05 
 5.88943419e-02 -6.40159201e-01 -6.54397535e-01  1.22455142e-04  9.42180796e-07 -7.83907862e-05 
 5.89193419e-02 -6.28013201e-01 -6.42231713e-01  1.24075996e-04  9.67287845e-07 -7.79213632e-05 
 5.89443419e-02 -6.15712248e-01 -6.29907430e-01  1.25666235e-04  9.92241529e-07 -7.73742401e-05 
 5.89693419e-02 -6.03259378e-01 -6.17427727e-01  1.27225468e-04  1.01701722e-06 -7.67499567e-05 
 5.89943419e-02 -5.90657662e-01 -6.04795682e-01  1.28753310e-04  1.04159047e-06 -7.60491291e-05 
 5.90193419e-02 -5.77910210e-01 -5.92014414e-01  1.30249384e-04  1.06593703e-06 -7.52724490e-05 
 5.90443419e-02 -5.65020167e-01 -5.79087074e-01  1.31713321e-04  1.09003287e-06 -7.44206829e-05 
 5.90693419e-02 -5.51990714e-01 -5.66016854e-01  1.33144760e-04  1.11385421e-06 -7.34946713e-05 
 5.90943419e-02 -5.38825066e-01 -5.52806978e-01  1.34543348e-04  1.13737755e-06 -7.24953281e-05 
 5.91193419e-02 -5.25526471e-01 -5.39460704e-01  1.35908738e-04  1.16057966e-06 -7.14236396e-05 
 5.91443419e-02 -5.12098210e-01 -5.25981327e-01  1.37240596e-04  1.18343765e-06 -7.02806634e-05 
 5.91693419e-02 -4.98543596e-01 -5.12372172e-01  1.38538591e-04  1.20592897e-06 -6.90675274e-05 
 5.91943419e-02 -4.84865974e-01 -4.98636597e-01  1.39802404e-04  1.22803141e-06 -6.77854290e-05 
 5.92193419e-02 -4.71068719e-01 -4.84777990e-01  1.41031723e-04  1.24972316e-06 -6.64356332e-05 
 5.92443419e-02 -4.57155234e-01 -4.70799772e-01  1.42226245e-04  1.27098282e-06 -6.50194723e-05 
 5.92693419e-02 -4.43128954e-01 -4.56705391e-01  1.43385674e-04  1.29178941e-06 -6.35383438e-05 
 5.92943419e-02 -4.28993338e-01 -4.42498325e-01  1.44509726e-04  1.31212239e-06 -6.19937095e-05 
 5.93193419e-02 -4.14751874e-01 -4.28182079e-01  1.45598121e-04  1.33196169e-06 -6.03870935e-05 
 5.93443419e-02 -4.00408076e-01 -4.13760185e-01  1.46650593e-04  1.35128774e-06 -5.87200816e-05 
 5.93693419e-02 -3.85965484e-01 -3.99236202e-01  1.47666880e-04  1.37008147e-06 -5.69943189e-05 
 5.93943419e-02 -3.71427660e-01 -3.84613714e-01  1.48646733e-04  1.38832432e-06 -5.52115083e-05 
 5.94193419e-02 -3.56798193e-01 -3.69896328e-01  1.49589910e-04  1.40599830e-06 -5.33734095e-05 
 5.94443419e-02 -3.42080690e-01 -3.55087675e-01  1.50496178e-04  1.42308595e-06 -5.14818363e-05 
 5.94693419e-02 -3.27278785e-01 -3.40191410e-01  1.51365313e-04  1.43957043e-06 -4.95386555e-05 
 5.94943419e-02 -3.12396128e-01 -3.25211208e-01  1.52197100e-04  1.45543545e-06 -4.75457848e-05 
 5.95193419e-02 -2.97436392e-01 -3.10150765e-01  1.52991336e-04  1.47066537e-06 -4.55051909e-05 
 5.95443419e-02 -2.82403268e-01 -2.95013796e-01  1.53747823e-04  1.48524515e-06 -4.34188877e-05 
 5.95693419e-02 -2.67300466e-01 -2.79804038e-01  1.54466375e-04  1.49916040e-06 -4.12889340e-05 
 5.95943419e-02 -2.52131711e-01 -2.64525242e-01  1.55146815e-04  1.51239740e-06 -3.91174318e-05 
 5.96193419e-02 -2.36900746e-01 -2.49181178e-01  1.55788975e-04  1.52494307e-06 -3.69065243e-05 
 5.96443419e-02 -2.21611329e-01 -2.33775633e-01  1.56392696e-04  1.53678504e-06 -3.46583932e-05 
 5.96693419e-02 -2.06267234e-01 -2.18312407e-01  1.56957829e-04  1.54791161e-06 -3.23752572e-05 
 5.96943419e-02 -1.90872245e-01 -2.02795315e-01  1.57484235e-04  1.55831182e-06 -3.00593695e-05 
 5.97193419e-02 -1.75430161e-01 -1.87228187e-01  1.57971785e-04  1.56797539e-06 -2.77130156e-05 
 5.97443419e-02 -1.59944792e-01 -1.71614863e-01  1.58420357e-04  1.57689279e-06 -2.53385111e-05 
 5.97693419e-02 -1.44419959e-01 -1.55959196e-01  1.58829842e-04  1.58505522e-06 -2.29381992e-05 
 5.97943419e-02 -1.28859493e-01 -1.40265048e-01  1.59200137e-04  1.59245463e-06 -2.05144490e-05 
 5.98193419e-02 -1.13267233e-01 -1.24536292e-01  1.59531152e-04  1.59908370e-06 -1.80696522e-05 
 5.98443419e-02 -9.76470255e-02 -1.08776808e-01  1.59822806e-04  1.60493590e-06 -1.56062216e-05 
 5.98693419e-02 -8.20027252e-02 -9.29904858e-02  1.60075025e-04  1.61000546e-06 -1.31265883e-05 
 5.98943419e-02 -6.63381921e-02 -7.71812192e-02  1.60287748e-04  1.61428737e-06 -1.06331994e-05 
 5.99193419e-02 -5.06572909e-02 -6.13529092e-02  1.60460923e-04  1.61777740e-06 -8.12851564e-06 
 5.99443419e-02 -3.49638908e-02 -4.55094614e-02  1.60594506e-04  1.62047211e-06 -5.61500878e-06 
 5.99693419e-02 -1.92618639e-02 -2.96547849e-02  1.60688465e-04  1.62236884e-06 -3.09515935e-06 
 5.99943419e-02 -3.55508447e-03 -1.37927914e-02  1.60742777e-04  1.62346573e-06 -5.71454149e-07 
 6.00193419e-02  1.21525722e-02  2.07260513e-03  1.60757427e-04  1.62376168e-06  1.95361624e-06 
 6.00443419e-02  2.78572303e-02  1.79374903e-02  1.60732413e-04  1.62325640e-06  4.47755986e-06 
 6.00693419e-02  4.35550151e-02  3.37979497e-02  1.60667741e-04  1.62195040e-06  6.99788591e-06 
 6.00943419e-02  5.92420534e-02  4.96500699e-02  1.60563427e-04  1.61984496e-06  9.51210711e-06 
 6.01193419e-02  7.49144746e-02  6.54899396e-02  1.60419496e-04  1.61694217e-06  1.20177422e-05 
 6.01443419e-02  9.05684117e-02  8.13136507e-02  1.60235984e-04  1.61324488e-06  1.45123185e-05 
 6.01693419e-02  1.06200002e-01  9.71172989e-02  1.60012936e-04  1.60875674e-06  1.69933742e-05 
 6.01943419e-02  1.21805390e-01  1.12896985e-01  1.59750407e-04  1.60348219e-06  1.94584606e-05 
 6.02193419e-02  1.37380724e-01  1.28648815e-01  1.59448462e-04  1.59742642e-06  2.19051452e-05 
 6.02443419e-02  1.52922161e-01  1.44368903e-01  1.59107176e-04  1.59059542e-06  2.43310132e-05 
 6.02693419e-02  1.68425867e-01  1.60053371e-01  1.58726633e-04  1.58299593e-06  2.67336707e-05 
 6.02943419e-02  1.83888016e-01  1.75698347e-01  1.58306926e-04  1.57463545e-06  2.91107465e-05 
 6.03193419e-02  1.99304794e-01  1.91299973e-01  1.57848159e-04  1.56552222e-06  3.14598948e-05 
 6.03443419e-02  2.14672396e-01  2.06854398e-01  1.57350446e-04  1.55566524e-06  3.37787972e-05 
 6.03693419e-02  2.29987031e-01  2.22357785e-01  1.56813908e-04  1.54507424e-06  3.60651653e-05 
 6.03943419e-02  2.45244921e-01  2.37806308e-01  1.56238680e-04  1.53375967e-06  3.83167426e-05 
 6.04193419e-02  2.60442299e-01  2.53196157e-01  1.55624901e-04  1.52173269e-06  4.05313072e-05 
 6.04443419e-02  2.75575418e-01  2.68523533e-01  1.54972725e-04  1.50900519e-06  4.27066735e-05 
 6.04693419e-02  2.90640542e-01  2.83784655e-01  1.54282311e-04  1.49558970e-06  4.48406947e-05 
 6.04943419e-02  3.05633955e-01  2.98975757e-01  1.53553831e-04  1.48149949e-06  4.69312647e-05 
 6.05193419e-02  3.20551958e-01  3.14093091e-01  1.52787463e-04  1.46674844e-06  4.89763206e-05 
 6.05443419e-02  3.35390869e-01  3.29132928e-01  1.51983398e-04  1.45135112e-06  5.09738439e-05 
 6.05693419e-02  3.50147028e-01  3.44091556e-01  1.51141833e-04  1.43532272e-06  5.29218634e-05 
 6.05943419e-02  3.64816792e-01  3.58965285e-01  1.50262975e-04  1.41867907e-06  5.48184567e-05 
 6.06193419e-02  3.79396544e-01  3.73750444e-01  1.49347043e-04  1.40143658e-06  5.66617520e-05 
 6.06443419e-02  3.93882686e-01  3.88443386e-01  1.48394261e-04  1.38361227e-06  5.84499303e-05 
 6.06693419e-02  4.08271642e-01  4.03040486e-01  1.47404866e-04  1.36522374e-06  6.01812267e-05 
 6.06943419e-02  4.22559864e-01  4.17538141e-01  1.46379100e-04  1.34628913e-06  6.18539327e-05 
 6.07193419e-02  4.36743826e-01  4.31932775e-01  1.45317218e-04  1.32682712e-06  6.34663976e-05 
 6.07443419e-02  4.50820027e-01  4.46220836e-01  1.44219480e-04  1.30685693e-06  6.50170301e-05 
 6.07693419e-02  4.64784996e-01  4.60398799e-01  1.43086159e-04  1.28639826e-06  6.65042998e-05 
 6.07943419e-02  4.78635285e-01  4.74463165e-01  1.41917533e-04  1.26547130e-06  6.79267390e-05 
 6.08193419e-02  4.92367479e-01  4.88410465e-01  1.40713891e-04  1.24409670e-06  6.92829440e-05 
 6.08443419e-02  5.05978188e-01  5.02237256e-01  1.39475531e-04  1.22229557e-06  7.05715762e-05 
 6.08693419e-02  5.19464055e-01  5.15940128e-01  1.38202756e-04  1.20008940e-06  7.17913641e-05 
 6.08943419e-02  5.32821752e-01  5.29515700e-01  1.36895882e-04  1.17750013e-06  7.29411038e-05 
 6.09193419e-02  5.46047983e-01  5.42960621e-01  1.35555231e-04  1.15455003e-06  7.40196606e-05 
 6.09443419e-02  5.59139485e-01  5.56271575e-01  1.34181134e-04  1.13126177e-06  7.50259702e-05 
 6.09693419e-02  5.72093027e-01  5.69445277e-01  1.32773930e-04  1.10765832e-06  7.59590395e-05 
 6.09943419e-02  5.84905414e-01  5.82478477e-01  1.31333966e-04  1.08376297e-06  7.68179476e-05 
 6.10193419e-02  5.97573485e-01  5.95367960e-01  1.29861597e-04  1.05959932e-06  7.76018469e-05 
 6.10443419e-02  6.10094113e-01  6.08110544e-01  1.28357186e-04  1.03519120e-06  7.83099637e-05 
 6.10693419e-02  6.22464209e-01  6.20703086e-01  1.26821106e-04  1.01056270e-06  7.89415993e-05 
 6.10943419e-02  6.34680722e-01  6.33142478e-01  1.25253734e-04  9.85738131e-07  7.94961304e-05 
 6.11193419e-02  6.46740637e-01  6.45425653e-01  1.23655458e-04  9.60741990e-07  7.99730096e-05 
 6.11443419e-02  6.58640978e-01  6.57549578e-01  1.22026672e-04  9.35598945e-07  8.03717663e-05 
 6.11693419e-02  6.70378810e-01  6.69511263e-01  1.20367777e-04  9.10333809e-07  8.06920070e-05 
 6.11943419e-02  6.81951235e-01  6.81307755e-01  1.18679183e-04  8.84971515e-07  8.09334157e-05 
 6.12193419e-02  6.93355399e-01  6.92936146e-01  1.16961308e-04  8.59537093e-07  8.10957542e-05 
 6.12443419e-02  7.04588488e-01  7.04393564e-01  1.15214573e-04  8.34055643e-07  8.11788621e-05 
 6.12693419e-02  7.15647731e-01  7.15677184e-01  1.13439412e-04  8.08552314e-07  8.11826576e-05 
 6.12943419e-02  7.26530398e-01  7.26784222e-01  1.11636261e-04  7.83052273e-07  8.11071369e-05 
 6.13193419e-02  7.37233805e-01  7.37711936e-01  1.09805565e-04  7.57580686e-07  8.09523744e-05 
 6.13443419e-02  7.47755310e-01  7.48457631e-01  1.07947776e-04  7.32162690e-07  8.07185229e-05 
 6.13693419e-02  7.58092318e-01  7.59018655e-01  1.06063353e-04  7.06823369e-07  8.04058133e-05 
 6.13943419e-02  7.68242278e-01  7.69392403e-01  1.04152761e-04  6.81587731e-07  8.00145541e-05 
 6.14193419e-02  7.78202685e-01  7.79576315e-01  1.02216470e-04  6.56480681e-07  7.95451314e-05 
 6.14443419e-02  7.87971083e-01  7.89567878e-01  1.00254959e-04  6.31526994e-07  7.89980085e-05 
 6.14693419e-02  7.97545060e-01  7.99364626e-01  9.82687113e-05  6.06751299e-07  7.83737253e-05 
 6.14943419e-02  8.06922256e-01  8.08964144e-01  9.62582175e-05  5.82178045e-07  7.76728980e-05 
 6.15193419e-02  8.16100355e-01  8.18364062e-01  9.42239734e-05  5.57831483e-07  7.68962181e-05 
 6.15443419e-02  8.25077094e-01  8.27562061e-01  9.21664809e-05  5.33735640e-07  7.60444522e-05 
 6.15693419e-02  8.33850257e-01  8.36555871e-01  9.00862477e-05  5.09914296e-07  7.51184408e-05 
 6.15943419e-02  8.42417680e-01  8.45343273e-01  8.79837870e-05  4.86390960e-07  7.41190978e-05 
 6.16193419e-02  8.50777250e-01  8.53922100e-01  8.58596177e-05  4.63188846e-07  7.30474094e-05 
 6.16443419e-02  8.58926902e-01  8.62290234e-01  8.37142637e-05  4.40330853e-07  7.19044332e-05 
 6.16693419e-02  8.66864628e-01  8.70445611e-01  8.15482545e-05  4.17839538e-07  7.06912973e-05 
 6.16943419e-02  8.74588467e-01  8.78386219e-01  7.93621245e-05  3.95737096e-07  6.94091988e-05 
 6.17193419e-02  8.82096515e-01  8.86110098e-01  7.71564130e-05  3.74045342e-07  6.80594031e-05 
 6.17443419e-02  8.89386919e-01  8.93615343e-01  7.49316644e-05  3.52785682e-07  6.66432421e-05 
 6.17693419e-02  8.96457880e-01  9.00900101e-01  7.26884274e-05  3.31979097e-07  6.51621135e-05 
 6.17943419e-02  9.03307653e-01  9.07962576e-01  7.04272557e-05  3.11646120e-07  6.36174790e-05 
 6.18193419e-02  9.09934549e-01  9.14801024e-01  6.81487070e-05  2.91806817e-07  6.20108630e-05 
 6.18443419e-02  9.16336932e-01  9.21413759e-01  6.58533437e-05  2.72480768e-07  6.03438509e-05 
 6.18693419e-02  9.22513222e-01  9.27799149e-01  6.35417321e-05  2.53687045e-07  5.86180880e-05 
 6.18943419e-02  9.28461896e-01  9.33955619e-01  6.12144424e-05  2.35444196e-07  5.68352773e-05 
 6.19193419e-02  9.34181487e-01  9.39881649e-01  5.88720490e-05  2.17770223e-07  5.49971783e-05 
 6.19443419e-02  9.39670581e-01  9.45575777e-01  5.65151299e-05  2.00682569e-07  5.31056049e-05 
 6.19693419e-02  9.44927826e-01  9.51036598e-01  5.41442664e-05  1.84198098e-07  5.11624240e-05 
 6.19943419e-02  9.49951925e-01  9.56262766e-01  5.17600437e-05  1.68333077e-07  4.91695531e-05 
 6.20193419e-02  9.54741637e-01  9.61252990e-01  4.93630499e-05  1.53103163e-07  4.71289591e-05 
 6.20443419e-02  9.59295780e-01  9.66006039e-01  4.69538766e-05  1.38523387e-07  4.50426557e-05 
 6.20693419e-02  9.63613232e-01  9.70520740e-01  4.45331181e-05  1.24608137e-07  4.29127019e-05 
 6.20943419e-02  9.67692927e-01  9.74795980e-01  4.21013717e-05  1.11371145e-07  4.07411996e-05 
 6.21193419e-02  9.71533858e-01  9.78830704e-01  3.96592375e-05  9.88254756e-08  3.85302920e-05 
 6.21443419e-02  9.75135077e-01  9.82623916e-01  3.72073180e-05  8.69835091e-08  3.62821609e-05 
 6.21693419e-02  9.78495697e-01  9.86174680e-01  3.47462181e-05  7.58569323e-08  3.39990249e-05 
 6.21943419e-02  9.81614887e-01  9.89482120e-01  3.22765451e-05  6.54567256e-08  3.16831372e-05 
 6.22193419e-02  9.84491878e-01  9.92545420e-01  2.97989084e-05  5.57931528e-08  2.93367833e-05 
 6.22443419e-02  9.87125961e-01  9.95363825e-01  2.73139193e-05  4.68757507e-08  2.69622788e-05 
 6.22693419e-02  9.89516486e-01  9.97936638e-01  2.48221909e-05  3.87133197e-08  2.45619671e-05 
 6.22943419e-02  9.91662862e-01  1.00026323e+00  2.23243379e-05  3.13139151e-08  2.21382169e-05 
 6.23193419e-02  9.93564560e-01  1.00234301e+00  1.98209769e-05  2.46848391e-08  1.96934201e-05 
 6.23443419e-02  9.95221110e-01  1.00417549e+00  1.73127252e-05  1.88326340e-08  1.72299896e-05 
 6.23693419e-02  9.96632105e-01  1.00576020e+00  1.48002020e-05  1.37630750e-08  1.47503564e-05 
 6.23943419e-02  9.97797196e-01  1.00709675e+00  1.22840270e-05  9.48116526e-09  1.22569677e-05 
 6.24193419e-02  9.98716095e-01  1.00818482e+00  9.76482111e-06  5.99113044e-09  9.75228401e-06 
 6.24443419e-02  9.99388576e-01  1.00902413e+00  7.24320590e-06  3.29641480e-09  7.23877724e-06 
 6.24693419e-02  9.99814473e-01  1.00961448e+00  4.71980355e-06  1.39967768e-09  4.71892790e-06 
 6.24943419e-02  9.99993681e-01  1.00995572e+00  2.19523665e-06  3.02790945e-10  2.19522278e-06 
 6.25193419e-02  9.99926155e-01  1.01004778e+00 -3.29871892e-07  6.83708242e-12 -3.29847532e-07 
 6.25443419e-02  9.99611912e-01  1.00989061e+00 -2.85489905e-06  5.12108170e-10 -2.85379110e-06 
 6.25693419e-02  9.99051030e-01  1.00948428e+00 -5.37922181e-06  1.81810557e-09 -5.37411709e-06 
 6.25943419e-02  9.98243647e-01  1.00882886e+00 -7.90221734e-06  3.92354044e-09 -7.88833826e-06 
 6.26193419e-02  9.97189963e-01  1.00792454e+00 -1.04232631e-05  6.82633497e-09 -1.03939734e-05 
 6.26443419e-02  9.95890236e-01  1.00677152e+00 -1.29417371e-05  1.05236245e-08 -1.28885497e-05 
 6.26693419e-02  9.94344789e-01  1.00537010e+00 -1.54570180e-05  1.50117602e-08 -1.53696053e-05 
 6.26943419e-02  9.92554002e-01  1.00372062e+00 -1.79684850e-05  2.02863128e-08 -1.78346917e-05 
 6.27193419e-02  9.90518317e-01  1.00182348e+00 -2.04755187e-05  2.63420771e-08 -2.02813763e-05 
 6.27443419e-02  9.88238237e-01  9.99679161e-01 -2.29775003e-05  3.31730767e-08 -2.27072444e-05 
 6.27693419e-02  9.85714323e-01  9.97288185e-01 -2.54738125e-05  4.07725703e-08 -2.51099019e-05 
 6.27943419e-02  9.82947200e-01  9.94651143e-01 -2.79638395e-05  4.91330581e-08 -2.74869778e-05 
 6.28193419e-02  9.79937549e-01  9.91768686e-01 -3.04469669e-05  5.82462892e-08 -2.98361261e-05 
 6.28443419e-02  9.76686112e-01  9.88641524e-01 -3.29225819e-05  6.81032702e-08 -3.21550285e-05 
 6.28693419e-02  9.73193694e-01  9.85270431e-01 -3.53900738e-05  7.86942732e-08 -3.44413966e-05 
 6.28943419e-02  9.69461154e-01  9.81656236e-01 -3.78488337e-05  9.00088463e-08 -3.66929740e-05 
 6.29193419e-02  9.65489414e-01  9.77799832e-01 -4.02982550e-05  1.02035823e-07 -3.89075386e-05 
 6.29443419e-02  9.61279454e-01  9.73702171e-01 -4.27377333e-05  1.14763335e-07 -4.10829049e-05 
 6.29693419e-02  9.56832313e-01  9.69364264e-01 -4.51666667e-05  1.28178821e-07 -4.32169261e-05 
 6.29943419e-02  9.52149088e-01  9.64787180e-01 -4.75844558e-05  1.42269042e-07 -4.53074962e-05 
 6.30193419e-02  9.47230934e-01  9.59972049e-01 -4.99905043e-05  1.57020092e-07 -4.73525521e-05 
 6.30443419e-02  9.42079065e-01  9.54920060e-01 -5.23842183e-05  1.72417414e-07 -4.93500754e-05 
 6.30693419e-02  9.36694752e-01  9.49632459e-01 -5.47650073e-05  1.88445813e-07 -5.12980950e-05 
 6.30943419e-02  9.31079324e-01  9.44110550e-01 -5.71322838e-05  2.05089470e-07 -5.31946882e-05 
 6.31193419e-02  9.25234166e-01  9.38355695e-01 -5.94854638e-05  2.22331960e-07 -5.50379835e-05 
 6.31443419e-02  9.19160720e-01  9.32369316e-01 -6.18239667e-05  2.40156268e-07 -5.68261617e-05 
 6.31693419e-02  9.12860485e-01  9.26152888e-01 -6.41472154e-05  2.58544801e-07 -5.85574582e-05 
 6.31943419e-02  9.06335016e-01  9.19707946e-01 -6.64546367e-05  2.77479414e-07 -6.02301642e-05 
 6.32193419e-02  8.99585922e-01  9.13036080e-01 -6.87456613e-05  2.96941420e-07 -6.18426291e-05 
 6.32443419e-02  8.92614868e-01  9.06138936e-01 -7.10197239e-05  3.16911612e-07 -6.33932615e-05 
 6.32693419e-02  8.85423575e-01  8.99018215e-01 -7.32762635e-05  3.37370282e-07 -6.48805312e-05 
 6.32943419e-02  8.78013817e-01  8.91675676e-01 -7.55147233e-05  3.58297240e-07 -6.63029704e-05 
 6.33193419e-02  8.70387423e-01  8.84113128e-01 -7.77345509e-05  3.79671834e-07 -6.76591754e-05 
 6.33443419e-02  8.62546273e-01  8.76332439e-01 -7.99351986e-05  4.01472969e-07 -6.89478077e-05 
 6.33693419e-02  8.54492303e-01  8.68335528e-01 -8.21161236e-05  4.23679131e-07 -7.01675955e-05 
 6.33943419e-02  8.46227499e-01  8.60124369e-01 -8.42767876e-05  4.46268403e-07 -7.13173352e-05 
 6.34193419e-02  8.37753902e-01  8.51700986e-01 -8.64166576e-05  4.69218495e-07 -7.23958921e-05 
 6.34443419e-02  8.29073602e-01  8.43067459e-01 -8.85352055e-05  4.92506756e-07 -7.34022017e-05 
 6.34693419e-02  8.20188740e-01  8.34225918e-01 -9.06319088e-05  5.16110204e-07 -7.43352710e-05 
 6.34943419e-02  8.11101508e-01  8.25178544e-01 -9.27062499e-05  5.40005546e-07 -7.51941791e-05 
 6.35193419e-02  8.01814150e-01  8.15927569e-01 -9.47577172e-05  5.64169199e-07 -7.59780784e-05 
 6.35443419e-02  7.92328955e-01  8.06475277e-01 -9.67858044e-05  5.88577317e-07 -7.66861953e-05 
 6.35693419e-02  7.82648266e-01  7.96823999e-01 -9.87900112e-05  6.13205812e-07 -7.73178310e-05 
 6.35943419e-02  7.72774470e-01  7.86976116e-01 -1.00769843e-04  6.38030378e-07 -7.78723620e-05 
 6.36193419e-02  7.62710003e-01  7.76934059e-01 -1.02724811e-04  6.63026518e-07 -7.83492413e-05 
 6.36443419e-02  7.52457349e-01  7.66700305e-01 -1.04654434e-04  6.88169562e-07 -7.87479980e-05 
 6.36693419e-02  7.42019037e-01  7.56277380e-01 -1.06558235e-04  7.13434698e-07 -7.90682388e-05 
 6.36943419e-02  7.31397644e-01  7.45667854e-01 -1.08435744e-04  7.38796991e-07 -7.93096475e-05 
 6.37193419e-02  7.20595788e-01  7.34874346e-01 -1.10286498e-04  7.64231413e-07 -7.94719859e-05 
 6.37443419e-02  7.09616137e-01  7.23899518e-01 -1.12110041e-04  7.89712863e-07 -7.95550939e-05 
 6.37693419e-02  6.98461399e-01  7.12746079e-01 -1.13905922e-04  8.15216194e-07 -7.95588894e-05 
 6.37943419e-02  6.87134325e-01  7.01416781e-01 -1.15673698e-04  8.40716236e-07 -7.94833686e-05 
 6.38193419e-02  6.75637712e-01  6.89914418e-01 -1.17412934e-04  8.66187825e-07 -7.93286061e-05 
 6.38443419e-02  6.63974394e-01  6.78241830e-01 -1.19123200e-04  8.91605823e-07 -7.90947546e-05 
 6.38693419e-02  6.52147252e-01  6.66401895e-01 -1.20804074e-04  9.16945145e-07 -7.87820450e-05 
 6.38943419e-02  6.40159201e-01  6.54397536e-01 -1.22455142e-04  9.42180785e-07 -7.83907857e-05 
 6.39193419e-02  6.28013201e-01  6.42231714e-01 -1.24075995e-04  9.67287838e-07 -7.79213629e-05 
 6.39443419e-02  6.15712248e-01  6.29907431e-01 -1.25666235e-04  9.92241527e-07 -7.73742400e-05 
 6.39693419e-02  6.03259378e-01  6.17427728e-01 -1.27225468e-04  1.01701722e-06 -7.67499568e-05 
 6.39943419e-02  5.90657662e-01  6.04795684e-01 -1.28753311e-04  1.04159048e-06 -7.60491294e-05 
 6.40193419e-02  5.77910210e-01  5.92014415e-01 -1.30249385e-04  1.06593705e-06 -7.52724494e-05 
 6.40443419e-02  5.65020167e-01  5.79087075e-01 -1.31713322e-04  1.09003289e-06 -7.44206834e-05 
 6.40693419e-02  5.51990714e-01  5.66016855e-01 -1.33144761e-04  1.11385424e-06 -7.34946720e-05 
 6.40943419e-02  5.38825066e-01  5.52806978e-01 -1.34543349e-04  1.13737757e-06 -7.24953289e-05 
 6.41193419e-02  5.25526471e-01  5.39460705e-01 -1.35908740e-04  1.16057969e-06 -7.14236405e-05 
 6.41443419e-02  5.12098210e-01  5.25981328e-01 -1.37240598e-04  1.18343768e-06 -7.02806643e-05 
 6.41693419e-02  4.98543596e-01  5.12372172e-01 -1.38538593e-04  1.20592900e-06 -6.90675283e-05 
 6.41943419e-02  4.84865974e-01  4.98636597e-01 -1.39802406e-04  1.22803144e-06 -6.77854298e-05 
 6.42193419e-02  4.71068719e-01  4.84777990e-01 -1.41031725e-04  1.24972319e-06 -6.64356341e-05 
 6.42443419e-02  4.57155234e-01  4.70799772e-01 -1.42226247e-04  1.27098285e-06 -6.50194731e-05 
 6.42693419e-02  4.43128954e-01  4.56705390e-01 -1.43385676e-04  1.29178944e-06 -6.35383446e-05 
 6.42943419e-02  4.28993338e-01  4.42498324e-01 -1.44509727e-04  1.31212241e-06 -6.19937101e-05 
 6.43193419e-02  4.14751874e-01  4.28182078e-01 -1.45598122e-04  1.33196171e-06 -6.03870941e-05 
 6.43443419e-02  4.00408076e-01  4.13760184e-01 -1.46650594e-04  1.35128776e-06 -5.87200821e-05 
 6.43693419e-02  3.85965484e-01  3.99236201e-01 -1.47666881e-04  1.37008148e-06 -5.69943192e-05 
 6.43943419e-02  3.71427660e-01  3.84613713e-01 -1.48646734e-04  1.38832433e-06 -5.52115086e-05 
 6.44193419e-02  3.56798193e-01  3.69896327e-01 -1.49589910e-04  1.40599830e-06 -5.33734096e-05 
 6.44443419e-02  3.42080690e-01  3.55087674e-01 -1.50496178e-04  1.42308596e-06 -5.14818363e-05 
 6.44693419e-02  3.27278785e-01  3.40191409e-01 -1.51365312e-04  1.43957043e-06 -4.95386555e-05 
 6.44943419e-02  3.12396128e-01  3.25211207e-01 -1.52197100e-04  1.45543544e-06 -4.75457847e-05 
 6.45193419e-02  2.97436392e-01  3.10150764e-01 -1.52991335e-04  1.47066536e-06 -4.55051907e-05 
 6.45443419e-02  2.82403268e-01  2.95013796e-01 -1.53747822e-04  1.48524513e-06 -4.34188874e-05 
 6.45693419e-02  2.67300466e-01  2.79804037e-01 -1.54466374e-04  1.49916038e-06 -4.12889337e-05 
 6.45943419e-02  2.52131711e-01  2.64525241e-01 -1.55146814e-04  1.51239737e-06 -3.91174315e-05 
 6.46193419e-02  2.36900746e-01  2.49181178e-01 -1.55788973e-04  1.52494304e-06 -3.69065239e-05 
 6.46443419e-02  2.21611329e-01  2.33775632e-01 -1.56392694e-04  1.53678501e-06 -3.46583928e-05 
 6.46693419e-02  2.06267234e-01  2.18312406e-01 -1.56957827e-04  1.54791158e-06 -3.23752569e-05 
 6.46943419e-02  1.90872245e-01  2.02795315e-01 -1.57484234e-04  1.55831179e-06 -3.00593692e-05 
 6.47193419e-02  1.75430161e-01  1.87228187e-01 -1.57971783e-04  1.56797536e-06 -2.77130153e-05 
 6.47443419e-02  1.59944792e-01  1.71614863e-01 -1.58420356e-04  1.57689276e-06 -2.53385108e-05 
 6.47693419e-02  1.44419959e-01  1.55959196e-01 -1.58829840e-04  1.58505520e-06 -2.29381990e-05 
 6.47943419e-02  1.28859493e-01  1.40265049e-01 -1.59200136e-04  1.59245460e-06 -2.05144488e-05 
 6.48193419e-02  1.13267233e-01  1.24536293e-01 -1.59531151e-04  1.59908368e-06 -1.80696520e-05 
 6.48443419e-02  9.76470255e-02  1.08776809e-01 -1.59822805e-04  1.60493588e-06 -1.56062215e-05 
 6.48693419e-02  8.20027252e-02  9.29904865e-02 -1.60075024e-04  1.61000544e-06 -1.31265882e-05 
 6.48943419e-02  6.63381921e-02  7.71812200e-02 -1.60287748e-04  1.61428735e-06 -1.06331994e-05 
 6.49193419e-02  5.06572909e-02  6.13529101e-02 -1.60460922e-04  1.61777739e-06 -8.12851563e-06 
 6.49443419e-02  3.49638908e-02  4.55094623e-02 -1.60594506e-04  1.62047211e-06 -5.61500877e-06 
 6.49693419e-02  1.92618639e-02  2.96547858e-02 -1.60688465e-04  1.62236885e-06 -3.09515935e-06 
 6.49943419e-02  3.55508447e-03  1.37927923e-02 -1.60742777e-04  1.62346573e-06 -5.71454150e-07 
 6.50193419e-02 -1.21525722e-02 -2.07260429e-03 -1.60757428e-04  1.62376169e-06  1.95361624e-06 
 6.50443419e-02 -2.78572303e-02 -1.79374895e-02 -1.60732414e-04  1.62325642e-06  4.47755988e-06 
 6.50693419e-02 -4.35550151e-02 -3.37979490e-02 -1.60667742e-04  1.62195042e-06  6.99788595e-06 
 6.50943419e-02 -5.92420534e-02 -4.96500693e-02 -1.60563428e-04  1.61984499e-06  9.51210717e-06 
 6.51193419e-02 -7.49144746e-02 -6.54899391e-02 -1.60419497e-04  1.61694219e-06  1.20177423e-05 
 6.51443419e-02 -9.05684117e-02 -8.13136504e-02 -1.60235985e-04  1.61324490e-06  1.45123187e-05 
 6.51693419e-02 -1.06200002e-01 -9.71172987e-02 -1.60012937e-04  1.60875677e-06  1.69933743e-05 
 6.51943419e-02 -1.21805390e-01 -1.12896985e-01 -1.59750408e-04  1.60348221e-06  1.94584608e-05 
 6.52193419e-02 -1.37380724e-01 -1.28648815e-01 -1.59448464e-04  1.59742645e-06  2.19051454e-05 
 6.52443419e-02 -1.52922161e-01 -1.44368903e-01 -1.59107177e-04  1.59059545e-06  2.43310134e-05 
 6.52693419e-02 -1.68425867e-01 -1.60053371e-01 -1.58726634e-04  1.58299596e-06  2.67336709e-05 
 6.52943419e-02 -1.83888016e-01 -1.75698347e-01 -1.58306927e-04  1.57463547e-06  2.91107468e-05 
 6.53193419e-02 -1.99304794e-01 -1.91299973e-01 -1.57848160e-04  1.56552224e-06  3.14598950e-05 
 6.53443419e-02 -2.14672396e-01 -2.06854398e-01 -1.57350446e-04  1.55566525e-06  3.37787974e-05 
 6.53693419e-02 -2.29987031e-01 -2.22357785e-01 -1.56813909e-04  1.54507425e-06  3.60651654e-05 
 6.53943419e-02 -2.45244921e-01 -2.37806309e-01 -1.56238680e-04  1.53375968e-06  3.83167427e-05 
 6.54193419e-02 -2.60442299e-01 -2.53196157e-01 -1.55624902e-04  1.52173270e-06  4.05313072e-05 
 6.54396709e-02 -2.72753031e-01 -2.65664804e-01 -1.55097474e-04  1.51143558e-06  4.23033060e-05 
 6.54600000e-02 -2.85019262e-01 -2.78090106e-01 -1.54544724e-04  1.50068161e-06  4.40482233e-05 
