 frequency       v(cap)          v(cap)          i_loop          i_loop         
 1.00000000e+01  1.00009901e+00 -1.00019994e-03  1.59186790e-08  1.59170727e-05 
 1.00230524e+01  1.00009947e+00 -1.00250656e-03  1.59921710e-08  1.59537726e-05 
 1.00461579e+01  1.00009993e+00 -1.00481850e-03  1.60660023e-08  1.59905572e-05 
 1.00693167e+01  1.00010039e+00 -1.00713578e-03  1.61401746e-08  1.60274266e-05 
 1.00925289e+01  1.00010085e+00 -1.00945841e-03  1.62146893e-08  1.60643811e-05 
 1.01157945e+01  1.00010132e+00 -1.01178640e-03  1.62895482e-08  1.61014208e-05 
 1.01391139e+01  1.00010178e+00 -1.01411976e-03  1.63647527e-08  1.61385460e-05 
 1.01624869e+01  1.00010225e+00 -1.01645851e-03  1.64403045e-08  1.61757568e-05 
 1.01859139e+01  1.00010273e+00 -1.01880265e-03  1.65162052e-08  1.62130534e-05 
 1.02093948e+01  1.00010320e+00 -1.02115221e-03  1.65924563e-08  1.62504360e-05 
 1.02329299e+01  1.00010368e+00 -1.02350719e-03  1.66690596e-08  1.62879049e-05 
 1.02565193e+01  1.00010415e+00 -1.02586760e-03  1.67460166e-08  1.63254602e-05 
 1.02801630e+01  1.00010464e+00 -1.02823346e-03  1.68233289e-08  1.63631022e-05 
 1.03038612e+01  1.00010512e+00 -1.03060479e-03  1.69009983e-08  1.64008309e-05 
 1.03276141e+01  1.00010560e+00 -1.03298159e-03  1.69790263e-08  1.64386467e-05 
 1.03514217e+01  1.00010609e+00 -1.03536387e-03  1.70574146e-08  1.64765498e-05 
 1.03752842e+01  1.00010658e+00 -1.03775165e-03  1.71361650e-08  1.65145402e-05 
 1.03992017e+01  1.00010707e+00 -1.04014494e-03  1.72152789e-08  1.65526183e-05 
 1.04231743e+01  1.00010757e+00 -1.04254376e-03  1.72947582e-08  1.65907842e-05 
 1.04472022e+01  1.00010806e+00 -1.04494811e-03  1.73746045e-08  1.66290382e-05 
 1.04712855e+01  1.00010856e+00 -1.04735802e-03  1.74548196e-08  1.66673804e-05 
 1.04954243e+01  1.00010906e+00 -1.04977349e-03  1.75354050e-08  1.67058111e-05 
 1.05196187e+01  1.00010957e+00 -1.05219453e-03  1.76163626e-08  1.67443304e-05 
 1.05438690e+01  1.00011007e+00 -1.05462116e-03  1.76976940e-08  1.67829385e-05 
 1.05681751e+01  1.00011058e+00 -1.05705339e-03  1.77794010e-08  1.68216357e-05 
 1.05925373e+01  1.00011109e+00 -1.05949124e-03  1.78614853e-08  1.68604222e-05 
 1.06169556e+01  1.00011160e+00 -1.06193471e-03  1.79439487e-08  1.68992982e-05 
 1.06414302e+01  1.00011212e+00 -1.06438383e-03  1.80267929e-08  1.69382638e-05 
 1.06659612e+01  1.00011264e+00 -1.06683860e-03  1.81100196e-08  1.69773193e-05 
 1.06905488e+01  1.00011316e+00 -1.06929903e-03  1.81936307e-08  1.70164649e-05 
 1.07151931e+01  1.00011368e+00 -1.07176514e-03  1.82776279e-08  1.70557008e-05 
 1.07398941e+01  1.00011420e+00 -1.07423695e-03  1.83620129e-08  1.70950273e-05 
 1.07646521e+01  1.00011473e+00 -1.07671446e-03  1.84467877e-08  1.71344444e-05 
 1.07894672e+01  1.00011526e+00 -1.07919770e-03  1.85319539e-08  1.71739525e-05 
 1.08143395e+01  1.00011579e+00 -1.08168666e-03  1.86175134e-08  1.72135517e-05 
 1.08392691e+01  1.00011633e+00 -1.08418137e-03  1.87034681e-08  1.72532422e-05 
 1.08642562e+01  1.00011687e+00 -1.08668184e-03  1.87898196e-08  1.72930243e-05 
 1.08893009e+01  1.00011740e+00 -1.08918808e-03  1.88765700e-08  1.73328982e-05 
 1.09144034e+01  1.00011795e+00 -1.09170011e-03  1.89637209e-08  1.73728641e-05 
 1.09395637e+01  1.00011849e+00 -1.09421793e-03  1.90512743e-08  1.74129222e-05 
 1.09647820e+01  1.00011904e+00 -1.09674157e-03  1.91392320e-08  1.74530726e-05 
 1.09900584e+01  1.00011959e+00 -1.09927104e-03  1.92275960e-08  1.74933157e-05 
 1.10153931e+01  1.00012014e+00 -1.10180634e-03  1.93163679e-08  1.75336517e-05 
 1.10407862e+01  1.00012069e+00 -1.10434750e-03  1.94055499e-08  1.75740807e-05 
 1.10662378e+01  1.00012125e+00 -1.10689452e-03  1.94951436e-08  1.76146029e-05 
 1.10917482e+01  1.00012181e+00 -1.10944742e-03  1.95851512e-08  1.76552187e-05 
 1.11173173e+01  1.00012237e+00 -1.11200622e-03  1.96755744e-08  1.76959281e-05 
 1.11429453e+01  1.00012294e+00 -1.11457093e-03  1.97664151e-08  1.77367314e-05 
 1.11686325e+01  1.00012351e+00 -1.11714155e-03  1.98576754e-08  1.77776289e-05 
 1.11943788e+01  1.00012408e+00 -1.11971811e-03  1.99493571e-08  1.78186207e-05 
 1.12201845e+01  1.00012465e+00 -1.12230062e-03  2.00414623e-08  1.78597071e-05 
 1.12460497e+01  1.00012522e+00 -1.12488909e-03  2.01339927e-08  1.79008883e-05 
 1.12719746e+01  1.00012580e+00 -1.12748354e-03  2.02269505e-08  1.79421645e-05 
 1.12979591e+01  1.00012638e+00 -1.13008398e-03  2.03203376e-08  1.79835359e-05 
 1.13240036e+01  1.00012697e+00 -1.13269042e-03  2.04141560e-08  1.80250027e-05 
 1.13501082e+01  1.00012755e+00 -1.13530288e-03  2.05084076e-08  1.80665652e-05 
 1.13762729e+01  1.00012814e+00 -1.13792137e-03  2.06030945e-08  1.81082236e-05 
 1.14024979e+01  1.00012873e+00 -1.14054590e-03  2.06982186e-08  1.81499781e-05 
 1.14287833e+01  1.00012933e+00 -1.14317650e-03  2.07937821e-08  1.81918290e-05 
 1.14551294e+01  1.00012992e+00 -1.14581317e-03  2.08897869e-08  1.82337764e-05 
 1.14815362e+01  1.00013052e+00 -1.14845592e-03  2.09862351e-08  1.82758205e-05 
 1.15080039e+01  1.00013113e+00 -1.15110478e-03  2.10831287e-08  1.83179617e-05 
 1.15345326e+01  1.00013173e+00 -1.15375976e-03  2.11804697e-08  1.83602000e-05 
 1.15611224e+01  1.00013234e+00 -1.15642086e-03  2.12782604e-08  1.84025359e-05 
 1.15877736e+01  1.00013295e+00 -1.15908811e-03  2.13765026e-08  1.84449694e-05 
 1.16144861e+01  1.00013356e+00 -1.16176152e-03  2.14751985e-08  1.84875007e-05 
 1.16412603e+01  1.00013418e+00 -1.16444110e-03  2.15743503e-08  1.85301303e-05 
 1.16680962e+01  1.00013480e+00 -1.16712686e-03  2.16739599e-08  1.85728581e-05 
 1.16949939e+01  1.00013542e+00 -1.16981883e-03  2.17740296e-08  1.86156846e-05 
 1.17219537e+01  1.00013605e+00 -1.17251701e-03  2.18745615e-08  1.86586098e-05 
 1.17489755e+01  1.00013668e+00 -1.17522143e-03  2.19755576e-08  1.87016341e-05 
 1.17760597e+01  1.00013731e+00 -1.17793209e-03  2.20770202e-08  1.87447576e-05 
 1.18032064e+01  1.00013794e+00 -1.18064901e-03  2.21789513e-08  1.87879807e-05 
 1.18304156e+01  1.00013858e+00 -1.18337220e-03  2.22813532e-08  1.88313034e-05 
 1.18576875e+01  1.00013922e+00 -1.18610168e-03  2.23842281e-08  1.88747261e-05 
 1.18850223e+01  1.00013986e+00 -1.18883746e-03  2.24875780e-08  1.89182490e-05 
 1.19124201e+01  1.00014051e+00 -1.19157956e-03  2.25914053e-08  1.89618723e-05 
 1.19398810e+01  1.00014115e+00 -1.19432799e-03  2.26957120e-08  1.90055963e-05 
 1.19674053e+01  1.00014181e+00 -1.19708277e-03  2.28005005e-08  1.90494211e-05 
 1.19949930e+01  1.00014246e+00 -1.19984391e-03  2.29057730e-08  1.90933471e-05 
 1.20226443e+01  1.00014312e+00 -1.20261142e-03  2.30115317e-08  1.91373744e-05 
 1.20503594e+01  1.00014378e+00 -1.20538533e-03  2.31177788e-08  1.91815033e-05 
 1.20781384e+01  1.00014444e+00 -1.20816564e-03  2.32245166e-08  1.92257339e-05 
 1.21059813e+01  1.00014511e+00 -1.21095237e-03  2.33317473e-08  1.92700667e-05 
 1.21338885e+01  1.00014578e+00 -1.21374554e-03  2.34394733e-08  1.93145017e-05 
 1.21618600e+01  1.00014645e+00 -1.21654516e-03  2.35476969e-08  1.93590393e-05 
 1.21898960e+01  1.00014713e+00 -1.21935124e-03  2.36564203e-08  1.94036796e-05 
 1.22179966e+01  1.00014781e+00 -1.22216381e-03  2.37656458e-08  1.94484229e-05 
 1.22461620e+01  1.00014849e+00 -1.22498286e-03  2.38753758e-08  1.94932694e-05 
 1.22743923e+01  1.00014918e+00 -1.22780843e-03  2.39856125e-08  1.95382195e-05 
 1.23026877e+01  1.00014986e+00 -1.23064053e-03  2.40963584e-08  1.95832732e-05 
 1.23310483e+01  1.00015056e+00 -1.23347916e-03  2.42076158e-08  1.96284309e-05 
 1.23594743e+01  1.00015125e+00 -1.23632435e-03  2.43193871e-08  1.96736927e-05 
 1.23879659e+01  1.00015195e+00 -1.23917611e-03  2.44316746e-08  1.97190591e-05 
 1.24165231e+01  1.00015265e+00 -1.24203446e-03  2.45444807e-08  1.97645300e-05 
 1.24451461e+01  1.00015336e+00 -1.24489941e-03  2.46578078e-08  1.98101060e-05 
 1.24738351e+01  1.00015406e+00 -1.24777097e-03  2.47716583e-08  1.98557870e-05 
 1.25025903e+01  1.00015478e+00 -1.25064917e-03  2.48860346e-08  1.99015735e-05 
 1.25314117e+01  1.00015549e+00 -1.25353401e-03  2.50009392e-08  1.99474656e-05 
 1.25602996e+01  1.00015621e+00 -1.25642552e-03  2.51163746e-08  1.99934636e-05 
 1.25892541e+01  1.00015693e+00 -1.25932371e-03  2.52323431e-08  2.00395678e-05 
 1.26182753e+01  1.00015765e+00 -1.26222859e-03  2.53488472e-08  2.00857783e-05 
 1.26473635e+01  1.00015838e+00 -1.26514017e-03  2.54658894e-08  2.01320954e-05 
 1.26765187e+01  1.00015911e+00 -1.26805849e-03  2.55834722e-08  2.01785195e-05 
 1.27057411e+01  1.00015985e+00 -1.27098354e-03  2.57015981e-08  2.02250506e-05 
 1.27350308e+01  1.00016058e+00 -1.27391535e-03  2.58202695e-08  2.02716891e-05 
 1.27643881e+01  1.00016133e+00 -1.27685393e-03  2.59394891e-08  2.03184352e-05 
 1.27938130e+01  1.00016207e+00 -1.27979930e-03  2.60592594e-08  2.03652892e-05 
 1.28233058e+01  1.00016282e+00 -1.28275147e-03  2.61795828e-08  2.04122513e-05 
 1.28528666e+01  1.00016357e+00 -1.28571046e-03  2.63004620e-08  2.04593218e-05 
 1.28824955e+01  1.00016433e+00 -1.28867628e-03  2.64218996e-08  2.05065009e-05 
 1.29121927e+01  1.00016508e+00 -1.29164896e-03  2.65438980e-08  2.05537889e-05 
 1.29419584e+01  1.00016585e+00 -1.29462850e-03  2.66664599e-08  2.06011859e-05 
 1.29717927e+01  1.00016661e+00 -1.29761492e-03  2.67895879e-08  2.06486924e-05 
 1.30016958e+01  1.00016738e+00 -1.30060824e-03  2.69132846e-08  2.06963085e-05 
 1.30316678e+01  1.00016815e+00 -1.30360848e-03  2.70375527e-08  2.07440344e-05 
 1.30617089e+01  1.00016893e+00 -1.30661565e-03  2.71623947e-08  2.07918705e-05 
 1.30918192e+01  1.00016971e+00 -1.30962976e-03  2.72878134e-08  2.08398169e-05 
 1.31219990e+01  1.00017049e+00 -1.31265083e-03  2.74138114e-08  2.08878740e-05 
 1.31522483e+01  1.00017128e+00 -1.31567889e-03  2.75403914e-08  2.09360420e-05 
 1.31825674e+01  1.00017207e+00 -1.31871394e-03  2.76675560e-08  2.09843212e-05 
 1.32129563e+01  1.00017287e+00 -1.32175600e-03  2.77953080e-08  2.10327118e-05 
 1.32434154e+01  1.00017366e+00 -1.32480508e-03  2.79236501e-08  2.10812140e-05 
 1.32739446e+01  1.00017447e+00 -1.32786121e-03  2.80525850e-08  2.11298281e-05 
 1.33045442e+01  1.00017527e+00 -1.33092441e-03  2.81821155e-08  2.11785545e-05 
 1.33352143e+01  1.00017608e+00 -1.33399467e-03  2.83122443e-08  2.12273933e-05 
 1.33659552e+01  1.00017689e+00 -1.33707203e-03  2.84429741e-08  2.12763447e-05 
 1.33967669e+01  1.00017771e+00 -1.34015650e-03  2.85743078e-08  2.13254092e-05 
 1.34276496e+01  1.00017853e+00 -1.34324810e-03  2.87062482e-08  2.13745869e-05 
 1.34586035e+01  1.00017935e+00 -1.34634683e-03  2.88387980e-08  2.14238780e-05 
 1.34896288e+01  1.00018018e+00 -1.34945273e-03  2.89719600e-08  2.14732830e-05 
 1.35207256e+01  1.00018101e+00 -1.35256580e-03  2.91057372e-08  2.15228019e-05 
 1.35518941e+01  1.00018185e+00 -1.35568606e-03  2.92401323e-08  2.15724351e-05 
 1.35831345e+01  1.00018269e+00 -1.35881353e-03  2.93751481e-08  2.16221828e-05 
 1.36144468e+01  1.00018353e+00 -1.36194823e-03  2.95107877e-08  2.16720454e-05 
 1.36458314e+01  1.00018438e+00 -1.36509017e-03  2.96470538e-08  2.17220230e-05 
 1.36772883e+01  1.00018523e+00 -1.36823937e-03  2.97839493e-08  2.17721160e-05 
 1.37088177e+01  1.00018609e+00 -1.37139584e-03  2.99214772e-08  2.18223246e-05 
 1.37404198e+01  1.00018695e+00 -1.37455961e-03  3.00596404e-08  2.18726490e-05 
 1.37720947e+01  1.00018781e+00 -1.37773069e-03  3.01984417e-08  2.19230896e-05 
 1.38038426e+01  1.00018868e+00 -1.38090909e-03  3.03378843e-08  2.19736466e-05 
 1.38356638e+01  1.00018955e+00 -1.38409484e-03  3.04779709e-08  2.20243202e-05 
 1.38675583e+01  1.00019042e+00 -1.38728795e-03  3.06187047e-08  2.20751109e-05 
 1.38995263e+01  1.00019130e+00 -1.39048843e-03  3.07600886e-08  2.21260187e-05 
 1.39315680e+01  1.00019218e+00 -1.39369631e-03  3.09021255e-08  2.21770440e-05 
 1.39636836e+01  1.00019307e+00 -1.39691160e-03  3.10448186e-08  2.22281871e-05 
 1.39958732e+01  1.00019396e+00 -1.40013433e-03  3.11881709e-08  2.22794482e-05 
 1.40281370e+01  1.00019486e+00 -1.40336450e-03  3.13321853e-08  2.23308276e-05 
 1.40604752e+01  1.00019576e+00 -1.40660213e-03  3.14768650e-08  2.23823256e-05 
 1.40928880e+01  1.00019666e+00 -1.40984724e-03  3.16222131e-08  2.24339425e-05 
 1.41253754e+01  1.00019757e+00 -1.41309985e-03  3.17682325e-08  2.24856785e-05 
 1.41579378e+01  1.00019848e+00 -1.41635998e-03  3.19149265e-08  2.25375339e-05 
 1.41905752e+01  1.00019940e+00 -1.41962764e-03  3.20622982e-08  2.25895090e-05 
 1.42232879e+01  1.00020032e+00 -1.42290285e-03  3.22103506e-08  2.26416040e-05 
 1.42560759e+01  1.00020124e+00 -1.42618563e-03  3.23590870e-08  2.26938193e-05 
 1.42889396e+01  1.00020217e+00 -1.42947600e-03  3.25085104e-08  2.27461551e-05 
 1.43218790e+01  1.00020311e+00 -1.43277397e-03  3.26586242e-08  2.27986116e-05 
 1.43548943e+01  1.00020404e+00 -1.43607956e-03  3.28094314e-08  2.28511893e-05 
 1.43879858e+01  1.00020499e+00 -1.43939279e-03  3.29609352e-08  2.29038883e-05 
 1.44211535e+01  1.00020593e+00 -1.44271368e-03  3.31131390e-08  2.29567089e-05 
 1.44543977e+01  1.00020688e+00 -1.44604224e-03  3.32660458e-08  2.30096515e-05 
 1.44877185e+01  1.00020784e+00 -1.44937850e-03  3.34196591e-08  2.30627162e-05 
 1.45211162e+01  1.00020880e+00 -1.45272246e-03  3.35739819e-08  2.31159034e-05 
 1.45545908e+01  1.00020976e+00 -1.45607415e-03  3.37290177e-08  2.31692134e-05 
 1.45881426e+01  1.00021073e+00 -1.45943359e-03  3.38847698e-08  2.32226465e-05 
 1.46217717e+01  1.00021170e+00 -1.46280079e-03  3.40412413e-08  2.32762028e-05 
 1.46554784e+01  1.00021268e+00 -1.46617577e-03  3.41984357e-08  2.33298828e-05 
 1.46892628e+01  1.00021366e+00 -1.46955856e-03  3.43563563e-08  2.33836867e-05 
 1.47231250e+01  1.00021465e+00 -1.47294916e-03  3.45150065e-08  2.34376148e-05 
 1.47570653e+01  1.00021564e+00 -1.47634760e-03  3.46743896e-08  2.34916674e-05 
 1.47910839e+01  1.00021663e+00 -1.47975389e-03  3.48345090e-08  2.35458447e-05 
 1.48251809e+01  1.00021764e+00 -1.48316806e-03  3.49953681e-08  2.36001471e-05 
 1.48593564e+01  1.00021864e+00 -1.48659012e-03  3.51569704e-08  2.36545748e-05 
 1.48936108e+01  1.00021965e+00 -1.49002008e-03  3.53193192e-08  2.37091281e-05 
 1.49279441e+01  1.00022066e+00 -1.49345798e-03  3.54824181e-08  2.37638074e-05 
 1.49623566e+01  1.00022168e+00 -1.49690382e-03  3.56462705e-08  2.38186129e-05 
 1.49968484e+01  1.00022271e+00 -1.50035762e-03  3.58108798e-08  2.38735449e-05 
 1.50314197e+01  1.00022373e+00 -1.50381941e-03  3.59762497e-08  2.39286037e-05 
 1.50660707e+01  1.00022477e+00 -1.50728920e-03  3.61423835e-08  2.39837896e-05 
 1.51008015e+01  1.00022580e+00 -1.51076702e-03  3.63092849e-08  2.40391029e-05 
 1.51356125e+01  1.00022685e+00 -1.51425287e-03  3.64769574e-08  2.40945439e-05 
 1.51705037e+01  1.00022789e+00 -1.51774677e-03  3.66454045e-08  2.41501128e-05 
 1.52054753e+01  1.00022895e+00 -1.52124876e-03  3.68146299e-08  2.42058100e-05 
 1.52405275e+01  1.00023000e+00 -1.52475884e-03  3.69846370e-08  2.42616358e-05 
 1.52756606e+01  1.00023107e+00 -1.52827703e-03  3.71554296e-08  2.43175905e-05 
 1.53108746e+01  1.00023213e+00 -1.53180336e-03  3.73270113e-08  2.43736743e-05 
 1.53461698e+01  1.00023320e+00 -1.53533784e-03  3.74993858e-08  2.44298876e-05 
 1.53815464e+01  1.00023428e+00 -1.53888048e-03  3.76725566e-08  2.44862307e-05 
 1.54170045e+01  1.00023536e+00 -1.54243132e-03  3.78465275e-08  2.45427038e-05 
 1.54525444e+01  1.00023645e+00 -1.54599037e-03  3.80213021e-08  2.45993073e-05 
 1.54881662e+01  1.00023754e+00 -1.54955765e-03  3.81968843e-08  2.46560415e-05 
 1.55238701e+01  1.00023864e+00 -1.55313317e-03  3.83732777e-08  2.47129066e-05 
 1.55596563e+01  1.00023974e+00 -1.55671696e-03  3.85504860e-08  2.47699030e-05 
 1.55955250e+01  1.00024085e+00 -1.56030903e-03  3.87285131e-08  2.48270310e-05 
 1.56314764e+01  1.00024196e+00 -1.56390941e-03  3.89073628e-08  2.48842909e-05 
 1.56675107e+01  1.00024307e+00 -1.56751811e-03  3.90870387e-08  2.49416830e-05 
 1.57036280e+01  1.00024420e+00 -1.57113516e-03  3.92675449e-08  2.49992076e-05 
 1.57398286e+01  1.00024532e+00 -1.57476057e-03  3.94488850e-08  2.50568649e-05 
 1.57761127e+01  1.00024646e+00 -1.57839436e-03  3.96310630e-08  2.51146554e-05 
 1.58124804e+01  1.00024759e+00 -1.58203655e-03  3.98140827e-08  2.51725793e-05 
 1.58489319e+01  1.00024874e+00 -1.58568716e-03  3.99979480e-08  2.52306369e-05 
 1.58854675e+01  1.00024989e+00 -1.58934622e-03  4.01826629e-08  2.52888286e-05 
 1.59220873e+01  1.00025104e+00 -1.59301373e-03  4.03682313e-08  2.53471546e-05 
 1.59587915e+01  1.00025220e+00 -1.59668973e-03  4.05546570e-08  2.54056152e-05 
 1.59955803e+01  1.00025336e+00 -1.60037422e-03  4.07419441e-08  2.54642109e-05 
 1.60324539e+01  1.00025453e+00 -1.60406724e-03  4.09300966e-08  2.55229418e-05 
 1.60694125e+01  1.00025571e+00 -1.60776879e-03  4.11191185e-08  2.55818083e-05 
 1.61064564e+01  1.00025689e+00 -1.61147890e-03  4.13090137e-08  2.56408107e-05 
 1.61435856e+01  1.00025808e+00 -1.61519759e-03  4.14997864e-08  2.56999494e-05 
 1.61808004e+01  1.00025927e+00 -1.61892489e-03  4.16914405e-08  2.57592246e-05 
 1.62181010e+01  1.00026046e+00 -1.62266080e-03  4.18839802e-08  2.58186366e-05 
 1.62554876e+01  1.00026167e+00 -1.62640535e-03  4.20774096e-08  2.58781858e-05 
 1.62929603e+01  1.00026287e+00 -1.63015856e-03  4.22717327e-08  2.59378725e-05 
 1.63305195e+01  1.00026409e+00 -1.63392044e-03  4.24669537e-08  2.59976970e-05 
 1.63681652e+01  1.00026531e+00 -1.63769103e-03  4.26630768e-08  2.60576597e-05 
 1.64058977e+01  1.00026653e+00 -1.64147034e-03  4.28601061e-08  2.61177608e-05 
 1.64437172e+01  1.00026776e+00 -1.64525839e-03  4.30580459e-08  2.61780006e-05 
 1.64816239e+01  1.00026900e+00 -1.64905520e-03  4.32569002e-08  2.62383796e-05 
 1.65196180e+01  1.00027024e+00 -1.65286079e-03  4.34566735e-08  2.62988980e-05 
 1.65576996e+01  1.00027149e+00 -1.65667518e-03  4.36573698e-08  2.63595561e-05 
 1.65958691e+01  1.00027274e+00 -1.66049839e-03  4.38589936e-08  2.64203542e-05 
 1.66341265e+01  1.00027400e+00 -1.66433045e-03  4.40615490e-08  2.64812928e-05 
 1.66724721e+01  1.00027527e+00 -1.66817137e-03  4.42650404e-08  2.65423720e-05 
 1.67109061e+01  1.00027654e+00 -1.67202117e-03  4.44694721e-08  2.66035923e-05 
 1.67494288e+01  1.00027781e+00 -1.67587988e-03  4.46748485e-08  2.66649540e-05 
 1.67880402e+01  1.00027910e+00 -1.67974751e-03  4.48811739e-08  2.67264573e-05 
 1.68267406e+01  1.00028039e+00 -1.68362409e-03  4.50884527e-08  2.67881027e-05 
 1.68655303e+01  1.00028168e+00 -1.68750963e-03  4.52966894e-08  2.68498904e-05 
 1.69044093e+01  1.00028298e+00 -1.69140416e-03  4.55058884e-08  2.69118207e-05 
 1.69433780e+01  1.00028429e+00 -1.69530770e-03  4.57160540e-08  2.69738941e-05 
 1.69824365e+01  1.00028560e+00 -1.69922027e-03  4.59271909e-08  2.70361109e-05 
 1.70215851e+01  1.00028692e+00 -1.70314189e-03  4.61393034e-08  2.70984713e-05 
 1.70608239e+01  1.00028824e+00 -1.70707259e-03  4.63523962e-08  2.71609756e-05 
 1.71001532e+01  1.00028957e+00 -1.71101237e-03  4.65664737e-08  2.72236244e-05 
 1.71395731e+01  1.00029091e+00 -1.71496127e-03  4.67815404e-08  2.72864178e-05 
 1.71790839e+01  1.00029225e+00 -1.71891930e-03  4.69976011e-08  2.73493562e-05 
 1.72186857e+01  1.00029360e+00 -1.72288649e-03  4.72146602e-08  2.74124400e-05 
 1.72583789e+01  1.00029496e+00 -1.72686286e-03  4.74327223e-08  2.74756694e-05 
 1.72981636e+01  1.00029632e+00 -1.73084843e-03  4.76517922e-08  2.75390448e-05 
 1.73380400e+01  1.00029769e+00 -1.73484322e-03  4.78718745e-08  2.76025667e-05 
 1.73780083e+01  1.00029906e+00 -1.73884724e-03  4.80929739e-08  2.76662352e-05 
 1.74180687e+01  1.00030044e+00 -1.74286054e-03  4.83150951e-08  2.77300507e-05 
 1.74582215e+01  1.00030183e+00 -1.74688312e-03  4.85382427e-08  2.77940136e-05 
 1.74984669e+01  1.00030323e+00 -1.75091500e-03  4.87624216e-08  2.78581242e-05 
 1.75388050e+01  1.00030463e+00 -1.75495621e-03  4.89876365e-08  2.79223829e-05 
 1.75792361e+01  1.00030603e+00 -1.75900678e-03  4.92138923e-08  2.79867900e-05 
 1.76197605e+01  1.00030744e+00 -1.76306671e-03  4.94411937e-08  2.80513459e-05 
 1.76603782e+01  1.00030886e+00 -1.76713604e-03  4.96695456e-08  2.81160508e-05 
 1.77010896e+01  1.00031029e+00 -1.77121479e-03  4.98989528e-08  2.81809052e-05 
 1.77418948e+01  1.00031172e+00 -1.77530297e-03  5.01294202e-08  2.82459093e-05 
 1.77827941e+01  1.00031316e+00 -1.77940061e-03  5.03609527e-08  2.83110636e-05 
 1.78237877e+01  1.00031461e+00 -1.78350774e-03  5.05935553e-08  2.83763683e-05 
 1.78648757e+01  1.00031606e+00 -1.78762436e-03  5.08272329e-08  2.84418239e-05 
 1.79060585e+01  1.00031752e+00 -1.79175052e-03  5.10619905e-08  2.85074307e-05 
 1.79473363e+01  1.00031899e+00 -1.79588622e-03  5.12978331e-08  2.85731890e-05 
 1.79887092e+01  1.00032046e+00 -1.80003149e-03  5.15347656e-08  2.86390992e-05 
 1.80301774e+01  1.00032194e+00 -1.80418636e-03  5.17727932e-08  2.87051616e-05 
 1.80717413e+01  1.00032343e+00 -1.80835084e-03  5.20119210e-08  2.87713766e-05 
 1.81134009e+01  1.00032492e+00 -1.81252496e-03  5.22521539e-08  2.88377445e-05 
 1.81551566e+01  1.00032642e+00 -1.81670874e-03  5.24934971e-08  2.89042657e-05 
 1.81970086e+01  1.00032793e+00 -1.82090220e-03  5.27359558e-08  2.89709406e-05 
 1.82389570e+01  1.00032944e+00 -1.82510536e-03  5.29795351e-08  2.90377694e-05 
 1.82810022e+01  1.00033096e+00 -1.82931826e-03  5.32242402e-08  2.91047527e-05 
 1.83231442e+01  1.00033249e+00 -1.83354090e-03  5.34700763e-08  2.91718906e-05 
 1.83653834e+01  1.00033402e+00 -1.83777332e-03  5.37170487e-08  2.92391836e-05 
 1.84077200e+01  1.00033557e+00 -1.84201553e-03  5.39651626e-08  2.93066321e-05 
 1.84501542e+01  1.00033712e+00 -1.84626757e-03  5.42144233e-08  2.93742364e-05 
 1.84926862e+01  1.00033867e+00 -1.85052944e-03  5.44648360e-08  2.94419968e-05 
 1.85353162e+01  1.00034024e+00 -1.85480118e-03  5.47164062e-08  2.95099137e-05 
 1.85780446e+01  1.00034181e+00 -1.85908281e-03  5.49691392e-08  2.95779875e-05 
 1.86208714e+01  1.00034339e+00 -1.86337434e-03  5.52230404e-08  2.96462186e-05 
 1.86637969e+01  1.00034497e+00 -1.86767582e-03  5.54781151e-08  2.97146073e-05 
 1.87068214e+01  1.00034656e+00 -1.87198725e-03  5.57343688e-08  2.97831540e-05 
 1.87499451e+01  1.00034816e+00 -1.87630865e-03  5.59918070e-08  2.98518590e-05 
 1.87931682e+01  1.00034977e+00 -1.88064007e-03  5.62504352e-08  2.99207227e-05 
 1.88364909e+01  1.00035139e+00 -1.88498151e-03  5.65102588e-08  2.99897455e-05 
 1.88799135e+01  1.00035301e+00 -1.88933300e-03  5.67712833e-08  3.00589278e-05 
 1.89234362e+01  1.00035464e+00 -1.89369456e-03  5.70335145e-08  3.01282699e-05 
 1.89670592e+01  1.00035628e+00 -1.89806623e-03  5.72969578e-08  3.01977721e-05 
 1.90107828e+01  1.00035792e+00 -1.90244801e-03  5.75616188e-08  3.02674350e-05 
 1.90546072e+01  1.00035958e+00 -1.90683994e-03  5.78275032e-08  3.03372587e-05 
 1.90985326e+01  1.00036124e+00 -1.91124203e-03  5.80946166e-08  3.04072438e-05 
 1.91425593e+01  1.00036290e+00 -1.91565432e-03  5.83629648e-08  3.04773905e-05 
 1.91866874e+01  1.00036458e+00 -1.92007683e-03  5.86325534e-08  3.05476994e-05 
 1.92309173e+01  1.00036626e+00 -1.92450957e-03  5.89033882e-08  3.06181706e-05 
 1.92752491e+01  1.00036795e+00 -1.92895258e-03  5.91754750e-08  3.06888047e-05 
 1.93196832e+01  1.00036965e+00 -1.93340587e-03  5.94488196e-08  3.07596019e-05 
 1.93642196e+01  1.00037136e+00 -1.93786948e-03  5.97234277e-08  3.08305627e-05 
 1.94088588e+01  1.00037307e+00 -1.94234342e-03  5.99993052e-08  3.09016875e-05 
 1.94536008e+01  1.00037480e+00 -1.94682773e-03  6.02764581e-08  3.09729765e-05 
 1.94984460e+01  1.00037653e+00 -1.95132241e-03  6.05548922e-08  3.10444303e-05 
 1.95433946e+01  1.00037827e+00 -1.95582751e-03  6.08346134e-08  3.11160492e-05 
 1.95884467e+01  1.00038001e+00 -1.96034304e-03  6.11156277e-08  3.11878336e-05 
 1.96336028e+01  1.00038177e+00 -1.96486902e-03  6.13979411e-08  3.12597838e-05 
 1.96788629e+01  1.00038353e+00 -1.96940549e-03  6.16815596e-08  3.13319002e-05 
 1.97242274e+01  1.00038530e+00 -1.97395246e-03  6.19664892e-08  3.14041833e-05 
 1.97696964e+01  1.00038708e+00 -1.97850997e-03  6.22527361e-08  3.14766334e-05 
 1.98152703e+01  1.00038887e+00 -1.98307802e-03  6.25403063e-08  3.15492509e-05 
 1.98609492e+01  1.00039066e+00 -1.98765666e-03  6.28292059e-08  3.16220362e-05 
 1.99067334e+01  1.00039247e+00 -1.99224591e-03  6.31194411e-08  3.16949897e-05 
 1.99526231e+01  1.00039428e+00 -1.99684578e-03  6.34110181e-08  3.17681117e-05 
 1.99986187e+01  1.00039610e+00 -2.00145631e-03  6.37039431e-08  3.18414027e-05 
 2.00447203e+01  1.00039793e+00 -2.00607751e-03  6.39982224e-08  3.19148631e-05 
 2.00909281e+01  1.00039977e+00 -2.01070942e-03  6.42938621e-08  3.19884932e-05 
 2.01372425e+01  1.00040161e+00 -2.01535206e-03  6.45908687e-08  3.20622935e-05 
 2.01836636e+01  1.00040347e+00 -2.02000545e-03  6.48892484e-08  3.21362643e-05 
 2.02301918e+01  1.00040533e+00 -2.02466963e-03  6.51890076e-08  3.22104060e-05 
 2.02768272e+01  1.00040720e+00 -2.02934460e-03  6.54901527e-08  3.22847191e-05 
 2.03235701e+01  1.00040908e+00 -2.03403041e-03  6.57926900e-08  3.23592038e-05 
 2.03704208e+01  1.00041097e+00 -2.03872707e-03  6.60966262e-08  3.24338608e-05 
 2.04173794e+01  1.00041287e+00 -2.04343462e-03  6.64019675e-08  3.25086902e-05 
 2.04644464e+01  1.00041478e+00 -2.04815307e-03  6.67087206e-08  3.25836926e-05 
 2.05116218e+01  1.00041669e+00 -2.05288245e-03  6.70168920e-08  3.26588682e-05 
 2.05589060e+01  1.00041862e+00 -2.05762278e-03  6.73264882e-08  3.27342177e-05 
 2.06062991e+01  1.00042055e+00 -2.06237410e-03  6.76375159e-08  3.28097412e-05 
 2.06538016e+01  1.00042249e+00 -2.06713643e-03  6.79499816e-08  3.28854393e-05 
 2.07014135e+01  1.00042444e+00 -2.07190980e-03  6.82638920e-08  3.29613124e-05 
 2.07491352e+01  1.00042640e+00 -2.07669422e-03  6.85792539e-08  3.30373608e-05 
 2.07969669e+01  1.00042837e+00 -2.08148973e-03  6.88960740e-08  3.31135849e-05 
 2.08449088e+01  1.00043035e+00 -2.08629635e-03  6.92143589e-08  3.31899853e-05 
 2.08929613e+01  1.00043234e+00 -2.09111411e-03  6.95341155e-08  3.32665622e-05 
 2.09411246e+01  1.00043433e+00 -2.09594303e-03  6.98553506e-08  3.33433160e-05 
 2.09893988e+01  1.00043634e+00 -2.10078315e-03  7.01780710e-08  3.34202473e-05 
 2.10377844e+01  1.00043835e+00 -2.10563448e-03  7.05022837e-08  3.34973564e-05 
 2.10862815e+01  1.00044038e+00 -2.11049705e-03  7.08279955e-08  3.35746437e-05 
 2.11348904e+01  1.00044241e+00 -2.11537089e-03  7.11552134e-08  3.36521097e-05 
 2.11836114e+01  1.00044445e+00 -2.12025603e-03  7.14839444e-08  3.37297547e-05 
 2.12324446e+01  1.00044651e+00 -2.12515249e-03  7.18141955e-08  3.38075792e-05 
 2.12813905e+01  1.00044857e+00 -2.13006029e-03  7.21459736e-08  3.38855835e-05 
 2.13304491e+01  1.00045064e+00 -2.13497948e-03  7.24792859e-08  3.39637682e-05 
 2.13796209e+01  1.00045272e+00 -2.13991006e-03  7.28141396e-08  3.40421335e-05 
 2.14289060e+01  1.00045481e+00 -2.14485207e-03  7.31505416e-08  3.41206801e-05 
 2.14783047e+01  1.00045691e+00 -2.14980554e-03  7.34884993e-08  3.41994082e-05 
 2.15278173e+01  1.00045902e+00 -2.15477048e-03  7.38280198e-08  3.42783182e-05 
 2.15774441e+01  1.00046114e+00 -2.15974694e-03  7.41691103e-08  3.43574107e-05 
 2.16271852e+01  1.00046327e+00 -2.16473493e-03  7.45117782e-08  3.44366860e-05 
 2.16770410e+01  1.00046541e+00 -2.16973449e-03  7.48560307e-08  3.45161446e-05 
 2.17270118e+01  1.00046756e+00 -2.17474564e-03  7.52018751e-08  3.45957868e-05 
 2.17770977e+01  1.00046972e+00 -2.17976840e-03  7.55493190e-08  3.46756132e-05 
 2.18272991e+01  1.00047189e+00 -2.18480281e-03  7.58983696e-08  3.47556241e-05 
 2.18776162e+01  1.00047407e+00 -2.18984888e-03  7.62490344e-08  3.48358200e-05 
 2.19280494e+01  1.00047626e+00 -2.19490666e-03  7.66013208e-08  3.49162012e-05 
 2.19785987e+01  1.00047845e+00 -2.19997616e-03  7.69552365e-08  3.49967683e-05 
 2.20292646e+01  1.00048066e+00 -2.20505742e-03  7.73107889e-08  3.50775217e-05 
 2.20800473e+01  1.00048288e+00 -2.21015046e-03  7.76679857e-08  3.51584617e-05 
 2.21309471e+01  1.00048511e+00 -2.21525531e-03  7.80268344e-08  3.52395889e-05 
 2.21819642e+01  1.00048735e+00 -2.22037199e-03  7.83873428e-08  3.53209036e-05 
 2.22330989e+01  1.00048960e+00 -2.22550054e-03  7.87495184e-08  3.54024063e-05 
 2.22843515e+01  1.00049187e+00 -2.23064098e-03  7.91133690e-08  3.54840975e-05 
 2.23357222e+01  1.00049414e+00 -2.23579335e-03  7.94789025e-08  3.55659775e-05 
 2.23872114e+01  1.00049642e+00 -2.24095766e-03  7.98461265e-08  3.56480469e-05 
 2.24388192e+01  1.00049871e+00 -2.24613394e-03  8.02150489e-08  3.57303060e-05 
 2.24905461e+01  1.00050101e+00 -2.25132223e-03  8.05856776e-08  3.58127553e-05 
 2.25423921e+01  1.00050333e+00 -2.25652256e-03  8.09580206e-08  3.58953952e-05 
 2.25943577e+01  1.00050565e+00 -2.26173494e-03  8.13320856e-08  3.59782263e-05 
 2.26464431e+01  1.00050799e+00 -2.26695941e-03  8.17078808e-08  3.60612488e-05 
 2.26986485e+01  1.00051033e+00 -2.27219600e-03  8.20854141e-08  3.61444633e-05 
 2.27509743e+01  1.00051269e+00 -2.27744474e-03  8.24646937e-08  3.62278702e-05 
 2.28034207e+01  1.00051506e+00 -2.28270565e-03  8.28457275e-08  3.63114700e-05 
 2.28559880e+01  1.00051744e+00 -2.28797877e-03  8.32285237e-08  3.63952631e-05 
 2.29086765e+01  1.00051983e+00 -2.29326411e-03  8.36130906e-08  3.64792500e-05 
 2.29614865e+01  1.00052223e+00 -2.29856172e-03  8.39994362e-08  3.65634311e-05 
 2.30144182e+01  1.00052464e+00 -2.30387161e-03  8.43875688e-08  3.66478069e-05 
 2.30674719e+01  1.00052706e+00 -2.30919383e-03  8.47774968e-08  3.67323777e-05 
 2.31206479e+01  1.00052950e+00 -2.31452839e-03  8.51692285e-08  3.68171442e-05 
 2.31739465e+01  1.00053194e+00 -2.31987532e-03  8.55627721e-08  3.69021066e-05 
 2.32273680e+01  1.00053440e+00 -2.32523466e-03  8.59581362e-08  3.69872656e-05 
 2.32809126e+01  1.00053687e+00 -2.33060644e-03  8.63553291e-08  3.70726215e-05 
 2.33345806e+01  1.00053935e+00 -2.33599068e-03  8.67543593e-08  3.71581748e-05 
 2.33883724e+01  1.00054184e+00 -2.34138741e-03  8.71552354e-08  3.72439260e-05 
 2.34422882e+01  1.00054434e+00 -2.34679666e-03  8.75579658e-08  3.73298754e-05 
 2.34963282e+01  1.00054685e+00 -2.35221847e-03  8.79625593e-08  3.74160237e-05 
 2.35504928e+01  1.00054938e+00 -2.35765285e-03  8.83690244e-08  3.75023712e-05 
 2.36047823e+01  1.00055192e+00 -2.36309985e-03  8.87773698e-08  3.75889184e-05 
 2.36591970e+01  1.00055446e+00 -2.36855948e-03  8.91876042e-08  3.76756658e-05 
 2.37137371e+01  1.00055702e+00 -2.37403179e-03  8.95997364e-08  3.77626138e-05 
 2.37684029e+01  1.00055960e+00 -2.37951680e-03  9.00137752e-08  3.78497629e-05 
 2.38231947e+01  1.00056218e+00 -2.38501453e-03  9.04297295e-08  3.79371137e-05 
 2.38781128e+01  1.00056478e+00 -2.39052503e-03  9.08476080e-08  3.80246664e-05 
 2.39331576e+01  1.00056739e+00 -2.39604831e-03  9.12674198e-08  3.81124217e-05 
 2.39883292e+01  1.00057001e+00 -2.40158442e-03  9.16891737e-08  3.82003799e-05 
 2.40436280e+01  1.00057264e+00 -2.40713337e-03  9.21128789e-08  3.82885416e-05 
 2.40990543e+01  1.00057528e+00 -2.41269521e-03  9.25385443e-08  3.83769073e-05 
 2.41546083e+01  1.00057794e+00 -2.41826995e-03  9.29661790e-08  3.84654773e-05 
 2.42102905e+01  1.00058061e+00 -2.42385764e-03  9.33957922e-08  3.85542522e-05 
 2.42661010e+01  1.00058329e+00 -2.42945829e-03  9.38273930e-08  3.86432325e-05 
 2.43220401e+01  1.00058599e+00 -2.43507195e-03  9.42609907e-08  3.87324187e-05 
 2.43781082e+01  1.00058869e+00 -2.44069864e-03  9.46965946e-08  3.88218111e-05 
 2.44343055e+01  1.00059141e+00 -2.44633840e-03  9.51342138e-08  3.89114104e-05 
 2.44906324e+01  1.00059414e+00 -2.45199124e-03  9.55738578e-08  3.90012169e-05 
 2.45470892e+01  1.00059689e+00 -2.45765721e-03  9.60155360e-08  3.90912312e-05 
 2.46036760e+01  1.00059964e+00 -2.46333634e-03  9.64592578e-08  3.91814537e-05 
 2.46603934e+01  1.00060241e+00 -2.46902866e-03  9.69050326e-08  3.92718850e-05 
 2.47172415e+01  1.00060519e+00 -2.47473419e-03  9.73528701e-08  3.93625255e-05 
 2.47742206e+01  1.00060799e+00 -2.48045297e-03  9.78027797e-08  3.94533757e-05 
 2.48313311e+01  1.00061080e+00 -2.48618502e-03  9.82547710e-08  3.95444361e-05 
 2.48885732e+01  1.00061362e+00 -2.49193040e-03  9.87088539e-08  3.96357072e-05 
 2.49459473e+01  1.00061645e+00 -2.49768911e-03  9.91650378e-08  3.97271895e-05 
 2.50034536e+01  1.00061930e+00 -2.50346120e-03  9.96233326e-08  3.98188834e-05 
 2.50610925e+01  1.00062216e+00 -2.50924669e-03  1.00083748e-07  3.99107895e-05 
 2.51188643e+01  1.00062503e+00 -2.51504562e-03  1.00546294e-07  4.00029082e-05 
 2.51767693e+01  1.00062792e+00 -2.52085801e-03  1.01010981e-07  4.00952401e-05 
 2.52348077e+01  1.00063082e+00 -2.52668391e-03  1.01477817e-07  4.01877857e-05 
 2.52929800e+01  1.00063373e+00 -2.53252334e-03  1.01946814e-07  4.02805454e-05 
 2.53512863e+01  1.00063666e+00 -2.53837634e-03  1.02417982e-07  4.03735197e-05 
 2.54097271e+01  1.00063960e+00 -2.54424293e-03  1.02891329e-07  4.04667092e-05 
 2.54683025e+01  1.00064256e+00 -2.55012315e-03  1.03366867e-07  4.05601144e-05 
 2.55270130e+01  1.00064552e+00 -2.55601703e-03  1.03844606e-07  4.06537357e-05 
 2.55858589e+01  1.00064851e+00 -2.56192460e-03  1.04324556e-07  4.07475736e-05 
 2.56448404e+01  1.00065150e+00 -2.56784590e-03  1.04806727e-07  4.08416287e-05 
 2.57039578e+01  1.00065451e+00 -2.57378095e-03  1.05291129e-07  4.09359015e-05 
 2.57632116e+01  1.00065753e+00 -2.57972979e-03  1.05777773e-07  4.10303925e-05 
 2.58226019e+01  1.00066057e+00 -2.58569246e-03  1.06266670e-07  4.11251021e-05 
 2.58821292e+01  1.00066362e+00 -2.59166898e-03  1.06757829e-07  4.12200309e-05 
 2.59417936e+01  1.00066669e+00 -2.59765939e-03  1.07251261e-07  4.13151795e-05 
 2.60015956e+01  1.00066977e+00 -2.60366372e-03  1.07746977e-07  4.14105482e-05 
 2.60615355e+01  1.00067286e+00 -2.60968200e-03  1.08244987e-07  4.15061377e-05 
 2.61216135e+01  1.00067597e+00 -2.61571427e-03  1.08745302e-07  4.16019484e-05 
 2.61818301e+01  1.00067909e+00 -2.62176056e-03  1.09247933e-07  4.16979809e-05 
 2.62421854e+01  1.00068223e+00 -2.62782089e-03  1.09752890e-07  4.17942357e-05 
 2.63026799e+01  1.00068538e+00 -2.63389532e-03  1.10260184e-07  4.18907133e-05 
 2.63633139e+01  1.00068854e+00 -2.63998386e-03  1.10769826e-07  4.19874142e-05 
 2.64240876e+01  1.00069172e+00 -2.64608656e-03  1.11281827e-07  4.20843389e-05 
 2.64850014e+01  1.00069492e+00 -2.65220344e-03  1.11796198e-07  4.21814880e-05 
 2.65460556e+01  1.00069813e+00 -2.65833454e-03  1.12312950e-07  4.22788620e-05 
 2.66072506e+01  1.00070135e+00 -2.66447989e-03  1.12832094e-07  4.23764614e-05 
 2.66685866e+01  1.00070459e+00 -2.67063953e-03  1.13353641e-07  4.24742867e-05 
 2.67300641e+01  1.00070785e+00 -2.67681349e-03  1.13877602e-07  4.25723385e-05 
 2.67916832e+01  1.00071112e+00 -2.68300180e-03  1.14403989e-07  4.26706173e-05 
 2.68534445e+01  1.00071440e+00 -2.68920451e-03  1.14932812e-07  4.27691236e-05 
 2.69153480e+01  1.00071770e+00 -2.69542163e-03  1.15464083e-07  4.28678580e-05 
 2.69773943e+01  1.00072102e+00 -2.70165321e-03  1.15997813e-07  4.29668210e-05 
 2.70395836e+01  1.00072435e+00 -2.70789928e-03  1.16534015e-07  4.30660131e-05 
 2.71019163e+01  1.00072769e+00 -2.71415987e-03  1.17072698e-07  4.31654348e-05 
 2.71643927e+01  1.00073105e+00 -2.72043502e-03  1.17613875e-07  4.32650867e-05 
 2.72270131e+01  1.00073443e+00 -2.72672477e-03  1.18157557e-07  4.33649694e-05 
 2.72897778e+01  1.00073782e+00 -2.73302914e-03  1.18703757e-07  4.34650833e-05 
 2.73526873e+01  1.00074123e+00 -2.73934818e-03  1.19252485e-07  4.35654290e-05 
 2.74157417e+01  1.00074466e+00 -2.74568191e-03  1.19803753e-07  4.36660071e-05 
 2.74789415e+01  1.00074809e+00 -2.75203037e-03  1.20357574e-07  4.37668181e-05 
 2.75422870e+01  1.00075155e+00 -2.75839360e-03  1.20913958e-07  4.38678625e-05 
 2.76057786e+01  1.00075502e+00 -2.76477164e-03  1.21472919e-07  4.39691409e-05 
 2.76694165e+01  1.00075851e+00 -2.77116451e-03  1.22034467e-07  4.40706538e-05 
 2.77332010e+01  1.00076201e+00 -2.77757225e-03  1.22598616e-07  4.41724018e-05 
 2.77971327e+01  1.00076553e+00 -2.78399490e-03  1.23165376e-07  4.42743854e-05 
 2.78612117e+01  1.00076907e+00 -2.79043249e-03  1.23734760e-07  4.43766052e-05 
 2.79254384e+01  1.00077262e+00 -2.79688506e-03  1.24306781e-07  4.44790618e-05 
 2.79898132e+01  1.00077619e+00 -2.80335264e-03  1.24881450e-07  4.45817556e-05 
 2.80543364e+01  1.00077978e+00 -2.80983527e-03  1.25458780e-07  4.46846872e-05 
 2.81190083e+01  1.00078338e+00 -2.81633298e-03  1.26038784e-07  4.47878573e-05 
 2.81838293e+01  1.00078700e+00 -2.82284582e-03  1.26621473e-07  4.48912663e-05 
 2.82487997e+01  1.00079063e+00 -2.82937381e-03  1.27206860e-07  4.49949148e-05 
 2.83139200e+01  1.00079429e+00 -2.83591700e-03  1.27794957e-07  4.50988034e-05 
 2.83791903e+01  1.00079795e+00 -2.84247541e-03  1.28385778e-07  4.52029326e-05 
 2.84446111e+01  1.00080164e+00 -2.84904908e-03  1.28979335e-07  4.53073030e-05 
 2.85101827e+01  1.00080534e+00 -2.85563806e-03  1.29575640e-07  4.54119151e-05 
 2.85759054e+01  1.00080906e+00 -2.86224237e-03  1.30174707e-07  4.55167696e-05 
 2.86417797e+01  1.00081280e+00 -2.86886206e-03  1.30776548e-07  4.56218669e-05 
 2.87078058e+01  1.00081656e+00 -2.87549715e-03  1.31381176e-07  4.57272078e-05 
 2.87739841e+01  1.00082033e+00 -2.88214769e-03  1.31988604e-07  4.58327926e-05 
 2.88403150e+01  1.00082412e+00 -2.88881372e-03  1.32598844e-07  4.59386221e-05 
 2.89067988e+01  1.00082793e+00 -2.89549526e-03  1.33211912e-07  4.60446967e-05 
 2.89734359e+01  1.00083175e+00 -2.90219236e-03  1.33827818e-07  4.61510170e-05 
 2.90402265e+01  1.00083559e+00 -2.90890505e-03  1.34446576e-07  4.62575837e-05 
 2.91071712e+01  1.00083945e+00 -2.91563338e-03  1.35068201e-07  4.63643973e-05 
 2.91742701e+01  1.00084333e+00 -2.92237737e-03  1.35692704e-07  4.64714583e-05 
 2.92415238e+01  1.00084723e+00 -2.92913706e-03  1.36320100e-07  4.65787674e-05 
 2.93089325e+01  1.00085114e+00 -2.93591250e-03  1.36950401e-07  4.66863251e-05 
 2.93764965e+01  1.00085507e+00 -2.94270372e-03  1.37583622e-07  4.67941320e-05 
 2.94442163e+01  1.00085902e+00 -2.94951075e-03  1.38219776e-07  4.69021888e-05 
 2.95120923e+01  1.00086299e+00 -2.95633363e-03  1.38858876e-07  4.70104959e-05 
 2.95801247e+01  1.00086698e+00 -2.96317241e-03  1.39500937e-07  4.71190539e-05 
 2.96483139e+01  1.00087098e+00 -2.97002712e-03  1.40145971e-07  4.72278636e-05 
 2.97166603e+01  1.00087501e+00 -2.97689780e-03  1.40793993e-07  4.73369254e-05 
 2.97851643e+01  1.00087905e+00 -2.98378448e-03  1.41445017e-07  4.74462399e-05 
 2.98538262e+01  1.00088311e+00 -2.99068721e-03  1.42099057e-07  4.75558077e-05 
 2.99226464e+01  1.00088719e+00 -2.99760601e-03  1.42756126e-07  4.76656295e-05 
 2.99916252e+01  1.00089129e+00 -3.00454094e-03  1.43416239e-07  4.77757057e-05 
 3.00607630e+01  1.00089541e+00 -3.01149203e-03  1.44079409e-07  4.78860371e-05 
 3.01300602e+01  1.00089954e+00 -3.01845931e-03  1.44745652e-07  4.79966242e-05 
 3.01995172e+01  1.00090370e+00 -3.02544283e-03  1.45414981e-07  4.81074676e-05 
 3.02691343e+01  1.00090787e+00 -3.03244262e-03  1.46087411e-07  4.82185679e-05 
 3.03389118e+01  1.00091207e+00 -3.03945873e-03  1.46762957e-07  4.83299257e-05 
 3.04088503e+01  1.00091628e+00 -3.04649118e-03  1.47441631e-07  4.84415416e-05 
 3.04789499e+01  1.00092051e+00 -3.05354003e-03  1.48123450e-07  4.85534162e-05 
 3.05492111e+01  1.00092477e+00 -3.06060531e-03  1.48808428e-07  4.86655502e-05 
 3.06196343e+01  1.00092904e+00 -3.06768705e-03  1.49496579e-07  4.87779441e-05 
 3.06902199e+01  1.00093333e+00 -3.07478530e-03  1.50187919e-07  4.88905985e-05 
 3.07609681e+01  1.00093764e+00 -3.08190011e-03  1.50882461e-07  4.90035141e-05 
 3.08318795e+01  1.00094198e+00 -3.08903149e-03  1.51580222e-07  4.91166914e-05 
 3.09029543e+01  1.00094633e+00 -3.09617951e-03  1.52281215e-07  4.92301311e-05 
 3.09741930e+01  1.00095070e+00 -3.10334418e-03  1.52985456e-07  4.93438338e-05 
 3.10455959e+01  1.00095509e+00 -3.11052557e-03  1.53692961e-07  4.94578002e-05 
 3.11171634e+01  1.00095951e+00 -3.11772370e-03  1.54403744e-07  4.95720307e-05 
 3.11888958e+01  1.00096394e+00 -3.12493861e-03  1.55117820e-07  4.96865261e-05 
 3.12607937e+01  1.00096839e+00 -3.13217035e-03  1.55835205e-07  4.98012869e-05 
 3.13328572e+01  1.00097287e+00 -3.13941896e-03  1.56555914e-07  4.99163139e-05 
 3.14050869e+01  1.00097736e+00 -3.14668447e-03  1.57279963e-07  5.00316075e-05 
 3.14774831e+01  1.00098188e+00 -3.15396693e-03  1.58007367e-07  5.01471685e-05 
 3.15500462e+01  1.00098641e+00 -3.16126637e-03  1.58738142e-07  5.02629975e-05 
 3.16227766e+01  1.00099097e+00 -3.16858284e-03  1.59472304e-07  5.03790950e-05 
 3.16956746e+01  1.00099555e+00 -3.17591638e-03  1.60209868e-07  5.04954618e-05 
 3.17687407e+01  1.00100015e+00 -3.18326703e-03  1.60950849e-07  5.06120984e-05 
 3.18419752e+01  1.00100477e+00 -3.19063483e-03  1.61695265e-07  5.07290056e-05 
 3.19153786e+01  1.00100941e+00 -3.19801981e-03  1.62443131e-07  5.08461838e-05 
 3.19889511e+01  1.00101408e+00 -3.20542203e-03  1.63194463e-07  5.09636338e-05 
 3.20626932e+01  1.00101876e+00 -3.21284152e-03  1.63949277e-07  5.10813562e-05 
 3.21366054e+01  1.00102347e+00 -3.22027832e-03  1.64707589e-07  5.11993517e-05 
 3.22106879e+01  1.00102820e+00 -3.22773248e-03  1.65469416e-07  5.13176208e-05 
 3.22849412e+01  1.00103295e+00 -3.23520404e-03  1.66234774e-07  5.14361642e-05 
 3.23593657e+01  1.00103772e+00 -3.24269303e-03  1.67003680e-07  5.15549827e-05 
 3.24339617e+01  1.00104252e+00 -3.25019950e-03  1.67776149e-07  5.16740767e-05 
 3.25087297e+01  1.00104733e+00 -3.25772350e-03  1.68552199e-07  5.17934470e-05 
 3.25836701e+01  1.00105217e+00 -3.26526506e-03  1.69331846e-07  5.19130941e-05 
 3.26587832e+01  1.00105704e+00 -3.27282422e-03  1.70115107e-07  5.20330189e-05 
 3.27340695e+01  1.00106192e+00 -3.28040103e-03  1.70901999e-07  5.21532218e-05 
 3.28095293e+01  1.00106683e+00 -3.28799553e-03  1.71692538e-07  5.22737037e-05 
 3.28851631e+01  1.00107176e+00 -3.29560777e-03  1.72486742e-07  5.23944650e-05 
 3.29609712e+01  1.00107671e+00 -3.30323778e-03  1.73284628e-07  5.25155065e-05 
 3.30369541e+01  1.00108168e+00 -3.31088560e-03  1.74086213e-07  5.26368288e-05 
 3.31131121e+01  1.00108668e+00 -3.31855128e-03  1.74891513e-07  5.27584327e-05 
 3.31894458e+01  1.00109170e+00 -3.32623487e-03  1.75700547e-07  5.28803187e-05 
 3.32659553e+01  1.00109675e+00 -3.33393641e-03  1.76513332e-07  5.30024875e-05 
 3.33426413e+01  1.00110181e+00 -3.34165593e-03  1.77329885e-07  5.31249397e-05 
 3.34195040e+01  1.00110691e+00 -3.34939348e-03  1.78150224e-07  5.32476762e-05 
 3.34965439e+01  1.00111202e+00 -3.35714911e-03  1.78974366e-07  5.33706974e-05 
 3.35737614e+01  1.00111716e+00 -3.36492285e-03  1.79802329e-07  5.34940042e-05 
 3.36511569e+01  1.00112232e+00 -3.37271476e-03  1.80634131e-07  5.36175971e-05 
 3.37287309e+01  1.00112751e+00 -3.38052487e-03  1.81469790e-07  5.37414768e-05 
 3.38064836e+01  1.00113272e+00 -3.38835323e-03  1.82309324e-07  5.38656440e-05 
 3.38844156e+01  1.00113795e+00 -3.39619989e-03  1.83152751e-07  5.39900994e-05 
 3.39625273e+01  1.00114321e+00 -3.40406488e-03  1.84000088e-07  5.41148437e-05 
 3.40408190e+01  1.00114849e+00 -3.41194825e-03  1.84851354e-07  5.42398775e-05 
 3.41192912e+01  1.00115380e+00 -3.41985004e-03  1.85706568e-07  5.43652015e-05 
 3.41979443e+01  1.00115913e+00 -3.42777031e-03  1.86565748e-07  5.44908165e-05 
 3.42767787e+01  1.00116449e+00 -3.43570908e-03  1.87428912e-07  5.46167230e-05 
 3.43557948e+01  1.00116987e+00 -3.44366642e-03  1.88296079e-07  5.47429218e-05 
 3.44349931e+01  1.00117528e+00 -3.45164235e-03  1.89167268e-07  5.48694135e-05 
 3.45143739e+01  1.00118071e+00 -3.45963694e-03  1.90042497e-07  5.49961989e-05 
 3.45939378e+01  1.00118616e+00 -3.46765021e-03  1.90921784e-07  5.51232787e-05 
 3.46736850e+01  1.00119165e+00 -3.47568222e-03  1.91805150e-07  5.52506535e-05 
 3.47536161e+01  1.00119715e+00 -3.48373302e-03  1.92692613e-07  5.53783240e-05 
 3.48337315e+01  1.00120269e+00 -3.49180263e-03  1.93584192e-07  5.55062909e-05 
 3.49140315e+01  1.00120824e+00 -3.49989113e-03  1.94479906e-07  5.56345550e-05 
 3.49945167e+01  1.00121383e+00 -3.50799853e-03  1.95379775e-07  5.57631168e-05 
 3.50751874e+01  1.00121944e+00 -3.51612490e-03  1.96283818e-07  5.58919772e-05 
 3.51560441e+01  1.00122507e+00 -3.52427028e-03  1.97192054e-07  5.60211369e-05 
 3.52370871e+01  1.00123073e+00 -3.53243472e-03  1.98104502e-07  5.61505964e-05 
 3.53183170e+01  1.00123642e+00 -3.54061825e-03  1.99021184e-07  5.62803567e-05 
 3.53997341e+01  1.00124214e+00 -3.54882093e-03  1.99942118e-07  5.64104182e-05 
 3.54813389e+01  1.00124788e+00 -3.55704280e-03  2.00867324e-07  5.65407818e-05 
 3.55631319e+01  1.00125364e+00 -3.56528391e-03  2.01796821e-07  5.66714482e-05 
 3.56451133e+01  1.00125944e+00 -3.57354431e-03  2.02730631e-07  5.68024181e-05 
 3.57272838e+01  1.00126526e+00 -3.58182403e-03  2.03668773e-07  5.69336921e-05 
 3.58096437e+01  1.00127110e+00 -3.59012313e-03  2.04611268e-07  5.70652711e-05 
 3.58921935e+01  1.00127698e+00 -3.59844166e-03  2.05558135e-07  5.71971557e-05 
 3.59749335e+01  1.00128288e+00 -3.60677966e-03  2.06509395e-07  5.73293467e-05 
 3.60578643e+01  1.00128881e+00 -3.61513718e-03  2.07465068e-07  5.74618448e-05 
 3.61409863e+01  1.00129477e+00 -3.62351426e-03  2.08425176e-07  5.75946506e-05 
 3.62242998e+01  1.00130075e+00 -3.63191095e-03  2.09389738e-07  5.77277650e-05 
 3.63078055e+01  1.00130676e+00 -3.64032730e-03  2.10358776e-07  5.78611886e-05 
 3.63915036e+01  1.00131280e+00 -3.64876336e-03  2.11332310e-07  5.79949222e-05 
 3.64753947e+01  1.00131887e+00 -3.65721918e-03  2.12310362e-07  5.81289666e-05 
 3.65594792e+01  1.00132497e+00 -3.66569480e-03  2.13292952e-07  5.82633224e-05 
 3.66437575e+01  1.00133109e+00 -3.67419026e-03  2.14280102e-07  5.83979903e-05 
 3.67282300e+01  1.00133724e+00 -3.68270563e-03  2.15271832e-07  5.85329712e-05 
 3.68128974e+01  1.00134342e+00 -3.69124094e-03  2.16268165e-07  5.86682658e-05 
 3.68977599e+01  1.00134963e+00 -3.69979625e-03  2.17269122e-07  5.88038747e-05 
 3.69828180e+01  1.00135587e+00 -3.70837159e-03  2.18274724e-07  5.89397988e-05 
 3.70680722e+01  1.00136214e+00 -3.71696703e-03  2.19284993e-07  5.90760388e-05 
 3.71535229e+01  1.00136843e+00 -3.72558261e-03  2.20299951e-07  5.92125954e-05 
 3.72391706e+01  1.00137476e+00 -3.73421838e-03  2.21319619e-07  5.93494694e-05 
 3.73250158e+01  1.00138111e+00 -3.74287438e-03  2.22344020e-07  5.94866616e-05 
 3.74110588e+01  1.00138749e+00 -3.75155067e-03  2.23373176e-07  5.96241726e-05 
 3.74973002e+01  1.00139391e+00 -3.76024730e-03  2.24407108e-07  5.97620032e-05 
 3.75837404e+01  1.00140035e+00 -3.76896431e-03  2.25445840e-07  5.99001543e-05 
 3.76703799e+01  1.00140682e+00 -3.77770175e-03  2.26489394e-07  6.00386265e-05 
 3.77572191e+01  1.00141333e+00 -3.78645968e-03  2.27537791e-07  6.01774205e-05 
 3.78442585e+01  1.00141986e+00 -3.79523814e-03  2.28591056e-07  6.03165373e-05 
 3.79314985e+01  1.00142642e+00 -3.80403718e-03  2.29649209e-07  6.04559775e-05 
 3.80189396e+01  1.00143302e+00 -3.81285685e-03  2.30712275e-07  6.05957419e-05 
 3.81065823e+01  1.00143964e+00 -3.82169720e-03  2.31780276e-07  6.07358312e-05 
 3.81944271e+01  1.00144629e+00 -3.83055829e-03  2.32853236e-07  6.08762463e-05 
 3.82824743e+01  1.00145298e+00 -3.83944016e-03  2.33931177e-07  6.10169879e-05 
 3.83707245e+01  1.00145970e+00 -3.84834287e-03  2.35014122e-07  6.11580567e-05 
 3.84591782e+01  1.00146644e+00 -3.85726645e-03  2.36102096e-07  6.12994536e-05 
 3.85478358e+01  1.00147322e+00 -3.86621098e-03  2.37195121e-07  6.14411793e-05 
 3.86366977e+01  1.00148003e+00 -3.87517648e-03  2.38293221e-07  6.15832346e-05 
 3.87257645e+01  1.00148687e+00 -3.88416302e-03  2.39396420e-07  6.17256203e-05 
 3.88150366e+01  1.00149375e+00 -3.89317065e-03  2.40504741e-07  6.18683372e-05 
 3.89045145e+01  1.00150065e+00 -3.90219942e-03  2.41618210e-07  6.20113859e-05 
 3.89941987e+01  1.00150759e+00 -3.91124938e-03  2.42736848e-07  6.21547675e-05 
 3.90840896e+01  1.00151456e+00 -3.92032057e-03  2.43860682e-07  6.22984825e-05 
 3.91741877e+01  1.00152156e+00 -3.92941306e-03  2.44989734e-07  6.24425319e-05 
 3.92644935e+01  1.00152859e+00 -3.93852690e-03  2.46124030e-07  6.25869163e-05 
 3.93550075e+01  1.00153566e+00 -3.94766213e-03  2.47263594e-07  6.27316367e-05 
 3.94457302e+01  1.00154276e+00 -3.95681881e-03  2.48408450e-07  6.28766937e-05 
 3.95366620e+01  1.00154989e+00 -3.96599699e-03  2.49558624e-07  6.30220882e-05 
 3.96278034e+01  1.00155706e+00 -3.97519672e-03  2.50714139e-07  6.31678211e-05 
 3.97191549e+01  1.00156425e+00 -3.98441805e-03  2.51875022e-07  6.33138930e-05 
 3.98107171e+01  1.00157149e+00 -3.99366105e-03  2.53041297e-07  6.34603047e-05 
 3.99024902e+01  1.00157875e+00 -4.00292575e-03  2.54212989e-07  6.36070572e-05 
 3.99944750e+01  1.00158605e+00 -4.01221222e-03  2.55390124e-07  6.37541512e-05 
 4.00866718e+01  1.00159338e+00 -4.02152051e-03  2.56572726e-07  6.39015875e-05 
 4.01790811e+01  1.00160075e+00 -4.03085066e-03  2.57760823e-07  6.40493670e-05 
 4.02717034e+01  1.00160815e+00 -4.04020274e-03  2.58954439e-07  6.41974903e-05 
 4.03645393e+01  1.00161558e+00 -4.04957679e-03  2.60153600e-07  6.43459585e-05 
 4.04575892e+01  1.00162305e+00 -4.05897287e-03  2.61358332e-07  6.44947721e-05 
 4.05508535e+01  1.00163056e+00 -4.06839103e-03  2.62568662e-07  6.46439322e-05 
 4.06443329e+01  1.00163809e+00 -4.07783134e-03  2.63784614e-07  6.47934395e-05 
 4.07380278e+01  1.00164567e+00 -4.08729383e-03  2.65006216e-07  6.49432949e-05 
 4.08319386e+01  1.00165328e+00 -4.09677857e-03  2.66233495e-07  6.50934991e-05 
 4.09260660e+01  1.00166092e+00 -4.10628561e-03  2.67466475e-07  6.52440530e-05 
 4.10204103e+01  1.00166860e+00 -4.11581500e-03  2.68705185e-07  6.53949574e-05 
 4.11149721e+01  1.00167631e+00 -4.12536680e-03  2.69949651e-07  6.55462132e-05 
 4.12097519e+01  1.00168406e+00 -4.13494106e-03  2.71199900e-07  6.56978211e-05 
 4.13047502e+01  1.00169185e+00 -4.14453785e-03  2.72455959e-07  6.58497821e-05 
 4.13999675e+01  1.00169967e+00 -4.15415720e-03  2.73717856e-07  6.60020969e-05 
 4.14954043e+01  1.00170753e+00 -4.16379919e-03  2.74985616e-07  6.61547665e-05 
 4.15910610e+01  1.00171543e+00 -4.17346386e-03  2.76259269e-07  6.63077916e-05 
 4.16869383e+01  1.00172336e+00 -4.18315126e-03  2.77538841e-07  6.64611730e-05 
 4.17830367e+01  1.00173133e+00 -4.19286147e-03  2.78824361e-07  6.66149118e-05 
 4.18793565e+01  1.00173933e+00 -4.20259452e-03  2.80115855e-07  6.67690086e-05 
 4.19758984e+01  1.00174737e+00 -4.21235048e-03  2.81413353e-07  6.69234643e-05 
 4.20726628e+01  1.00175545e+00 -4.22212940e-03  2.82716881e-07  6.70782798e-05 
 4.21696503e+01  1.00176357e+00 -4.23193134e-03  2.84026469e-07  6.72334560e-05 
 4.22668614e+01  1.00177172e+00 -4.24175636e-03  2.85342145e-07  6.73889937e-05 
 4.23642966e+01  1.00177992e+00 -4.25160451e-03  2.86663937e-07  6.75448937e-05 
 4.24619564e+01  1.00178815e+00 -4.26147584e-03  2.87991873e-07  6.77011570e-05 
 4.25598413e+01  1.00179642e+00 -4.27137043e-03  2.89325983e-07  6.78577843e-05 
 4.26579519e+01  1.00180472e+00 -4.28128831e-03  2.90666296e-07  6.80147766e-05 
 4.27562886e+01  1.00181307e+00 -4.29122955e-03  2.92012841e-07  6.81721348e-05 
 4.28548520e+01  1.00182145e+00 -4.30119421e-03  2.93365646e-07  6.83298596e-05 
 4.29536427e+01  1.00182987e+00 -4.31118235e-03  2.94724741e-07  6.84879520e-05 
 4.30526610e+01  1.00183834e+00 -4.32119402e-03  2.96090155e-07  6.86464128e-05 
 4.31519077e+01  1.00184684e+00 -4.33122927e-03  2.97461919e-07  6.88052430e-05 
 4.32513831e+01  1.00185538e+00 -4.34128818e-03  2.98840062e-07  6.89644433e-05 
 4.33510878e+01  1.00186396e+00 -4.35137079e-03  3.00224613e-07  6.91240148e-05 
 4.34510224e+01  1.00187258e+00 -4.36147716e-03  3.01615603e-07  6.92839581e-05 
 4.35511874e+01  1.00188124e+00 -4.37160736e-03  3.03013062e-07  6.94442744e-05 
 4.36515832e+01  1.00188994e+00 -4.38176144e-03  3.04417020e-07  6.96049644e-05 
 4.37522105e+01  1.00189868e+00 -4.39193945e-03  3.05827508e-07  6.97660290e-05 
 4.38530698e+01  1.00190746e+00 -4.40214147e-03  3.07244556e-07  6.99274691e-05 
 4.39541615e+01  1.00191628e+00 -4.41236754e-03  3.08668196e-07  7.00892857e-05 
 4.40554864e+01  1.00192514e+00 -4.42261773e-03  3.10098457e-07  7.02514795e-05 
 4.41570447e+01  1.00193404e+00 -4.43289210e-03  3.11535371e-07  7.04140516e-05 
 4.42588372e+01  1.00194299e+00 -4.44319070e-03  3.12978969e-07  7.05770028e-05 
 4.43608644e+01  1.00195197e+00 -4.45351360e-03  3.14429283e-07  7.07403340e-05 
 4.44631267e+01  1.00196100e+00 -4.46386086e-03  3.15886343e-07  7.09040461e-05 
 4.45656248e+01  1.00197007e+00 -4.47423252e-03  3.17350182e-07  7.10681401e-05 
 4.46683592e+01  1.00197918e+00 -4.48462867e-03  3.18820832e-07  7.12326168e-05 
 4.47713304e+01  1.00198833e+00 -4.49504935e-03  3.20298324e-07  7.13974772e-05 
 4.48745390e+01  1.00199753e+00 -4.50549463e-03  3.21782690e-07  7.15627222e-05 
 4.49779855e+01  1.00200677e+00 -4.51596456e-03  3.23273963e-07  7.17283526e-05 
 4.50816705e+01  1.00201605e+00 -4.52645922e-03  3.24772175e-07  7.18943695e-05 
 4.51855944e+01  1.00202537e+00 -4.53697865e-03  3.26277358e-07  7.20607737e-05 
 4.52897580e+01  1.00203474e+00 -4.54752292e-03  3.27789546e-07  7.22275661e-05 
 4.53941617e+01  1.00204415e+00 -4.55809209e-03  3.29308770e-07  7.23947478e-05 
 4.54988060e+01  1.00205361e+00 -4.56868623e-03  3.30835065e-07  7.25623195e-05 
 4.56036916e+01  1.00206310e+00 -4.57930540e-03  3.32368464e-07  7.27302824e-05 
 4.57088190e+01  1.00207265e+00 -4.58994965e-03  3.33908998e-07  7.28986372e-05 
 4.58141887e+01  1.00208223e+00 -4.60061904e-03  3.35456703e-07  7.30673849e-05 
 4.59198013e+01  1.00209186e+00 -4.61131366e-03  3.37011612e-07  7.32365265e-05 
 4.60256574e+01  1.00210154e+00 -4.62203354e-03  3.38573758e-07  7.34060629e-05 
 4.61317575e+01  1.00211126e+00 -4.63277876e-03  3.40143176e-07  7.35759950e-05 
 4.62381021e+01  1.00212103e+00 -4.64354938e-03  3.41719899e-07  7.37463238e-05 
 4.63446920e+01  1.00213084e+00 -4.65434546e-03  3.43303963e-07  7.39170503e-05 
 4.64515275e+01  1.00214069e+00 -4.66516707e-03  3.44895401e-07  7.40881754e-05 
 4.65586094e+01  1.00215060e+00 -4.67601426e-03  3.46494248e-07  7.42597000e-05 
 4.66659380e+01  1.00216054e+00 -4.68688711e-03  3.48100538e-07  7.44316252e-05 
 4.67735141e+01  1.00217054e+00 -4.69778567e-03  3.49714308e-07  7.46039518e-05 
 4.68813382e+01  1.00218058e+00 -4.70871002e-03  3.51335591e-07  7.47766808e-05 
 4.69894109e+01  1.00219066e+00 -4.71966020e-03  3.52964424e-07  7.49498132e-05 
 4.70977326e+01  1.00220080e+00 -4.73063629e-03  3.54600841e-07  7.51233500e-05 
 4.72063041e+01  1.00221098e+00 -4.74163836e-03  3.56244878e-07  7.52972921e-05 
 4.73151259e+01  1.00222121e+00 -4.75266646e-03  3.57896572e-07  7.54716404e-05 
 4.74241985e+01  1.00223148e+00 -4.76372066e-03  3.59555958e-07  7.56463961e-05 
 4.75335226e+01  1.00224181e+00 -4.77480103e-03  3.61223071e-07  7.58215600e-05 
 4.76430987e+01  1.00225218e+00 -4.78590763e-03  3.62897950e-07  7.59971331e-05 
 4.77529274e+01  1.00226259e+00 -4.79704053e-03  3.64580629e-07  7.61731165e-05 
 4.78630092e+01  1.00227306e+00 -4.80819979e-03  3.66271146e-07  7.63495110e-05 
 4.79733449e+01  1.00228358e+00 -4.81938548e-03  3.67969537e-07  7.65263177e-05 
 4.80839348e+01  1.00229414e+00 -4.83059766e-03  3.69675840e-07  7.67035375e-05 
 4.81947798e+01  1.00230476e+00 -4.84183640e-03  3.71390091e-07  7.68811715e-05 
 4.83058802e+01  1.00231542e+00 -4.85310176e-03  3.73112329e-07  7.70592207e-05 
 4.84172368e+01  1.00232613e+00 -4.86439382e-03  3.74842590e-07  7.72376860e-05 
 4.85288500e+01  1.00233689e+00 -4.87571263e-03  3.76580912e-07  7.74165685e-05 
 4.86407206e+01  1.00234770e+00 -4.88705827e-03  3.78327333e-07  7.75958691e-05 
 4.87528490e+01  1.00235857e+00 -4.89843081e-03  3.80081892e-07  7.77755888e-05 
 4.88652359e+01  1.00236948e+00 -4.90983030e-03  3.81844627e-07  7.79557287e-05 
 4.89778819e+01  1.00238044e+00 -4.92125682e-03  3.83615575e-07  7.81362898e-05 
 4.90907876e+01  1.00239145e+00 -4.93271043e-03  3.85394776e-07  7.83172730e-05 
 4.92039536e+01  1.00240252e+00 -4.94419121e-03  3.87182268e-07  7.84986795e-05 
 4.93173804e+01  1.00241363e+00 -4.95569922e-03  3.88978091e-07  7.86805101e-05 
 4.94310687e+01  1.00242480e+00 -4.96723452e-03  3.90782284e-07  7.88627660e-05 
 4.95450191e+01  1.00243602e+00 -4.97879719e-03  3.92594886e-07  7.90454481e-05 
 4.96592321e+01  1.00244729e+00 -4.99038730e-03  3.94415936e-07  7.92285576e-05 
 4.97737085e+01  1.00245862e+00 -5.00200491e-03  3.96245475e-07  7.94120953e-05 
 4.98884487e+01  1.00246999e+00 -5.01365009e-03  3.98083542e-07  7.95960623e-05 
 5.00034535e+01  1.00248142e+00 -5.02532291e-03  3.99930177e-07  7.97804598e-05 
 5.01187234e+01  1.00249290e+00 -5.03702345e-03  4.01785421e-07  7.99652886e-05 
 5.02342590e+01  1.00250444e+00 -5.04875176e-03  4.03649315e-07  8.01505499e-05 
 5.03500609e+01  1.00251603e+00 -5.06050793e-03  4.05521898e-07  8.03362446e-05 
 5.04661298e+01  1.00252767e+00 -5.07229201e-03  4.07403213e-07  8.05223739e-05 
 5.05824662e+01  1.00253937e+00 -5.08410409e-03  4.09293300e-07  8.07089388e-05 
 5.06990708e+01  1.00255112e+00 -5.09594422e-03  4.11192200e-07  8.08959403e-05 
 5.08159443e+01  1.00256292e+00 -5.10781249e-03  4.13099955e-07  8.10833794e-05 
 5.09330871e+01  1.00257478e+00 -5.11970896e-03  4.15016607e-07  8.12712573e-05 
 5.10505000e+01  1.00258670e+00 -5.13163370e-03  4.16942197e-07  8.14595750e-05 
 5.11681836e+01  1.00259867e+00 -5.14358678e-03  4.18876768e-07  8.16483336e-05 
 5.12861384e+01  1.00261069e+00 -5.15556828e-03  4.20820361e-07  8.18375340e-05 
 5.14043652e+01  1.00262278e+00 -5.16757827e-03  4.22773021e-07  8.20271774e-05 
 5.15228645e+01  1.00263491e+00 -5.17961681e-03  4.24734788e-07  8.22172649e-05 
 5.16416369e+01  1.00264711e+00 -5.19168398e-03  4.26705707e-07  8.24077975e-05 
 5.17606832e+01  1.00265936e+00 -5.20377986e-03  4.28685819e-07  8.25987763e-05 
 5.18800039e+01  1.00267167e+00 -5.21590451e-03  4.30675170e-07  8.27902024e-05 
 5.19995997e+01  1.00268403e+00 -5.22805801e-03  4.32673801e-07  8.29820768e-05 
 5.21194711e+01  1.00269645e+00 -5.24024042e-03  4.34681758e-07  8.31744007e-05 
 5.22396189e+01  1.00270893e+00 -5.25245183e-03  4.36699083e-07  8.33671751e-05 
 5.23600437e+01  1.00272147e+00 -5.26469231e-03  4.38725822e-07  8.35604010e-05 
 5.24807460e+01  1.00273407e+00 -5.27696192e-03  4.40762018e-07  8.37540797e-05 
 5.26017266e+01  1.00274672e+00 -5.28926075e-03  4.42807715e-07  8.39482122e-05 
 5.27229861e+01  1.00275943e+00 -5.30158887e-03  4.44862960e-07  8.41427996e-05 
 5.28445252e+01  1.00277220e+00 -5.31394634e-03  4.46927797e-07  8.43378429e-05 
 5.29663444e+01  1.00278504e+00 -5.32633326e-03  4.49002271e-07  8.45333434e-05 
 5.30884444e+01  1.00279793e+00 -5.33874968e-03  4.51086427e-07  8.47293021e-05 
 5.32108259e+01  1.00281088e+00 -5.35119568e-03  4.53180312e-07  8.49257200e-05 
 5.33334895e+01  1.00282389e+00 -5.36367135e-03  4.55283971e-07  8.51225984e-05 
 5.34564359e+01  1.00283696e+00 -5.37617675e-03  4.57397451e-07  8.53199383e-05 
 5.35796658e+01  1.00285009e+00 -5.38871196e-03  4.59520797e-07  8.55177409e-05 
 5.37031796e+01  1.00286328e+00 -5.40127705e-03  4.61654057e-07  8.57160073e-05 
 5.38269783e+01  1.00287654e+00 -5.41387211e-03  4.63797276e-07  8.59147385e-05 
 5.39510623e+01  1.00288985e+00 -5.42649720e-03  4.65950503e-07  8.61139358e-05 
 5.40754323e+01  1.00290323e+00 -5.43915241e-03  4.68113785e-07  8.63136002e-05 
 5.42000890e+01  1.00291667e+00 -5.45183781e-03  4.70287168e-07  8.65137329e-05 
 5.43250331e+01  1.00293017e+00 -5.46455347e-03  4.72470701e-07  8.67143350e-05 
 5.44502653e+01  1.00294374e+00 -5.47729948e-03  4.74664431e-07  8.69154077e-05 
 5.45757861e+01  1.00295736e+00 -5.49007591e-03  4.76868407e-07  8.71169521e-05 
 5.47015963e+01  1.00297105e+00 -5.50288283e-03  4.79082677e-07  8.73189693e-05 
 5.48276965e+01  1.00298481e+00 -5.51572034e-03  4.81307290e-07  8.75214606e-05 
 5.49540874e+01  1.00299863e+00 -5.52858849e-03  4.83542295e-07  8.77244269e-05 
 5.50807696e+01  1.00301251e+00 -5.54148738e-03  4.85787740e-07  8.79278696e-05 
 5.52077439e+01  1.00302646e+00 -5.55441708e-03  4.88043676e-07  8.81317897e-05 
 5.53350109e+01  1.00304047e+00 -5.56737767e-03  4.90310151e-07  8.83361884e-05 
 5.54625713e+01  1.00305454e+00 -5.58036922e-03  4.92587216e-07  8.85410670e-05 
 5.55904257e+01  1.00306869e+00 -5.59339183e-03  4.94874921e-07  8.87464264e-05 
 5.57185749e+01  1.00308289e+00 -5.60644555e-03  4.97173315e-07  8.89522680e-05 
 5.58470195e+01  1.00309717e+00 -5.61953048e-03  4.99482450e-07  8.91585928e-05 
 5.59757601e+01  1.00311151e+00 -5.63264670e-03  5.01802376e-07  8.93654021e-05 
 5.61047976e+01  1.00312591e+00 -5.64579429e-03  5.04133145e-07  8.95726970e-05 
 5.62341325e+01  1.00314039e+00 -5.65897331e-03  5.06474807e-07  8.97804788e-05 
 5.63637656e+01  1.00315493e+00 -5.67218387e-03  5.08827414e-07  8.99887485e-05 
 5.64936975e+01  1.00316953e+00 -5.68542603e-03  5.11191019e-07  9.01975075e-05 
 5.66239289e+01  1.00318421e+00 -5.69869987e-03  5.13565672e-07  9.04067568e-05 
 5.67544605e+01  1.00319896e+00 -5.71200549e-03  5.15951427e-07  9.06164977e-05 
 5.68852931e+01  1.00321377e+00 -5.72534295e-03  5.18348335e-07  9.08267314e-05 
 5.70164272e+01  1.00322865e+00 -5.73871235e-03  5.20756451e-07  9.10374591e-05 
 5.71478637e+01  1.00324360e+00 -5.75211376e-03  5.23175826e-07  9.12486819e-05 
 5.72796031e+01  1.00325862e+00 -5.76554727e-03  5.25606514e-07  9.14604011e-05 
 5.74116462e+01  1.00327371e+00 -5.77901295e-03  5.28048568e-07  9.16726179e-05 
 5.75439937e+01  1.00328887e+00 -5.79251090e-03  5.30502044e-07  9.18853335e-05 
 5.76766463e+01  1.00330410e+00 -5.80604119e-03  5.32966993e-07  9.20985492e-05 
 5.78096047e+01  1.00331940e+00 -5.81960390e-03  5.35443472e-07  9.23122661e-05 
 5.79428696e+01  1.00333477e+00 -5.83319913e-03  5.37931534e-07  9.25264854e-05 
 5.80764418e+01  1.00335022e+00 -5.84682695e-03  5.40431235e-07  9.27412085e-05 
 5.82103218e+01  1.00336573e+00 -5.86048744e-03  5.42942629e-07  9.29564365e-05 
 5.83445104e+01  1.00338132e+00 -5.87418070e-03  5.45465772e-07  9.31721706e-05 
 5.84790084e+01  1.00339698e+00 -5.88790681e-03  5.48000720e-07  9.33884122e-05 
 5.86138165e+01  1.00341271e+00 -5.90166584e-03  5.50547529e-07  9.36051623e-05 
 5.87489353e+01  1.00342852e+00 -5.91545790e-03  5.53106254e-07  9.38224224e-05 
 5.88843655e+01  1.00344440e+00 -5.92928305e-03  5.55676953e-07  9.40401936e-05 
 5.90201080e+01  1.00346035e+00 -5.94314139e-03  5.58259683e-07  9.42584771e-05 
 5.91561634e+01  1.00347638e+00 -5.95703301e-03  5.60854499e-07  9.44772743e-05 
 5.92925325e+01  1.00349248e+00 -5.97095798e-03  5.63461460e-07  9.46965864e-05 
 5.94292159e+01  1.00350866e+00 -5.98491639e-03  5.66080624e-07  9.49164146e-05 
 5.95662144e+01  1.00352491e+00 -5.99890834e-03  5.68712047e-07  9.51367603e-05 
 5.97035287e+01  1.00354124e+00 -6.01293391e-03  5.71355789e-07  9.53576246e-05 
 5.98411595e+01  1.00355764e+00 -6.02699318e-03  5.74011907e-07  9.55790089e-05 
 5.99791076e+01  1.00357412e+00 -6.04108624e-03  5.76680462e-07  9.58009143e-05 
 6.01173737e+01  1.00359067e+00 -6.05521318e-03  5.79361510e-07  9.60233423e-05 
 6.02559586e+01  1.00360731e+00 -6.06937410e-03  5.82055113e-07  9.62462941e-05 
 6.03948629e+01  1.00362402e+00 -6.08356906e-03  5.84761329e-07  9.64697709e-05 
 6.05340875e+01  1.00364081e+00 -6.09779817e-03  5.87480219e-07  9.66937741e-05 
 6.06736330e+01  1.00365767e+00 -6.11206152e-03  5.90211842e-07  9.69183050e-05 
 6.08135001e+01  1.00367462e+00 -6.12635919e-03  5.92956259e-07  9.71433648e-05 
 6.09536897e+01  1.00369164e+00 -6.14069127e-03  5.95713531e-07  9.73689548e-05 
 6.10942025e+01  1.00370874e+00 -6.15505784e-03  5.98483719e-07  9.75950763e-05 
 6.12350392e+01  1.00372592e+00 -6.16945901e-03  6.01266884e-07  9.78217308e-05 
 6.13762005e+01  1.00374318e+00 -6.18389486e-03  6.04063089e-07  9.80489193e-05 
 6.15176873e+01  1.00376053e+00 -6.19836549e-03  6.06872394e-07  9.82766434e-05 
 6.16595002e+01  1.00377795e+00 -6.21287097e-03  6.09694863e-07  9.85049042e-05 
 6.18016400e+01  1.00379545e+00 -6.22741141e-03  6.12530558e-07  9.87337031e-05 
 6.19441075e+01  1.00381304e+00 -6.24198689e-03  6.15379541e-07  9.89630415e-05 
 6.20869034e+01  1.00383071e+00 -6.25659750e-03  6.18241877e-07  9.91929206e-05 
 6.22300285e+01  1.00384845e+00 -6.27124334e-03  6.21117627e-07  9.94233418e-05 
 6.23734835e+01  1.00386629e+00 -6.28592450e-03  6.24006858e-07  9.96543064e-05 
 6.25172693e+01  1.00388420e+00 -6.30064108e-03  6.26909631e-07  9.98858158e-05 
 6.26613865e+01  1.00390220e+00 -6.31539315e-03  6.29826013e-07  1.00117871e-04 
 6.28058359e+01  1.00392028e+00 -6.33018083e-03  6.32756067e-07  1.00350474e-04 
 6.29506183e+01  1.00393845e+00 -6.34500419e-03  6.35699859e-07  1.00583626e-04 
 6.30957344e+01  1.00395670e+00 -6.35986334e-03  6.38657454e-07  1.00817328e-04 
 6.32411851e+01  1.00397503e+00 -6.37475837e-03  6.41628918e-07  1.01051581e-04 
 6.33869711e+01  1.00399345e+00 -6.38968936e-03  6.44614317e-07  1.01286388e-04 
 6.35330932e+01  1.00401196e+00 -6.40465643e-03  6.47613717e-07  1.01521748e-04 
 6.36795521e+01  1.00403055e+00 -6.41965965e-03  6.50627185e-07  1.01757664e-04 
 6.38263486e+01  1.00404923e+00 -6.43469913e-03  6.53654789e-07  1.01994137e-04 
 6.39734835e+01  1.00406799e+00 -6.44977496e-03  6.56696594e-07  1.02231169e-04 
 6.41209577e+01  1.00408685e+00 -6.46488724e-03  6.59752670e-07  1.02468760e-04 
 6.42687717e+01  1.00410579e+00 -6.48003606e-03  6.62823083e-07  1.02706912e-04 
 6.44169266e+01  1.00412482e+00 -6.49522152e-03  6.65907903e-07  1.02945627e-04 
 6.45654229e+01  1.00414393e+00 -6.51044372e-03  6.69007198e-07  1.03184906e-04 
 6.47142616e+01  1.00416314e+00 -6.52570275e-03  6.72121037e-07  1.03424749e-04 
 6.48634434e+01  1.00418244e+00 -6.54099870e-03  6.75249490e-07  1.03665160e-04 
 6.50129690e+01  1.00420182e+00 -6.55633169e-03  6.78392625e-07  1.03906139e-04 
 6.51628394e+01  1.00422130e+00 -6.57170179e-03  6.81550514e-07  1.04147687e-04 
 6.53130553e+01  1.00424086e+00 -6.58710913e-03  6.84723227e-07  1.04389806e-04 
 6.54636174e+01  1.00426052e+00 -6.60255378e-03  6.87910834e-07  1.04632498e-04 
 6.56145266e+01  1.00428027e+00 -6.61803585e-03  6.91113406e-07  1.04875763e-04 
 6.57657837e+01  1.00430011e+00 -6.63355544e-03  6.94331015e-07  1.05119603e-04 
 6.59173895e+01  1.00432004e+00 -6.64911265e-03  6.97563732e-07  1.05364020e-04 
 6.60693448e+01  1.00434007e+00 -6.66470758e-03  7.00811631e-07  1.05609015e-04 
 6.62216504e+01  1.00436019e+00 -6.68034032e-03  7.04074782e-07  1.05854589e-04 
 6.63743070e+01  1.00438040e+00 -6.69601099e-03  7.07353260e-07  1.06100745e-04 
 6.65273156e+01  1.00440071e+00 -6.71171967e-03  7.10647137e-07  1.06347482e-04 
 6.66806769e+01  1.00442111e+00 -6.72746647e-03  7.13956487e-07  1.06594804e-04 
 6.68343918e+01  1.00444161e+00 -6.74325150e-03  7.17281383e-07  1.06842710e-04 
 6.69884609e+01  1.00446220e+00 -6.75907484e-03  7.20621901e-07  1.07091204e-04 
 6.71428853e+01  1.00448289e+00 -6.77493661e-03  7.23978115e-07  1.07340285e-04 
 6.72976656e+01  1.00450367e+00 -6.79083691e-03  7.27350099e-07  1.07589956e-04 
 6.74528028e+01  1.00452455e+00 -6.80677584e-03  7.30737930e-07  1.07840218e-04 
 6.76082975e+01  1.00454553e+00 -6.82275350e-03  7.34141682e-07  1.08091073e-04 
 6.77641508e+01  1.00456661e+00 -6.83876999e-03  7.37561433e-07  1.08342522e-04 
 6.79203633e+01  1.00458778e+00 -6.85482543e-03  7.40997258e-07  1.08594566e-04 
 6.80769359e+01  1.00460906e+00 -6.87091991e-03  7.44449235e-07  1.08847207e-04 
 6.82338694e+01  1.00463043e+00 -6.88705353e-03  7.47917441e-07  1.09100447e-04 
 6.83911647e+01  1.00465190e+00 -6.90322641e-03  7.51401953e-07  1.09354286e-04 
 6.85488226e+01  1.00467347e+00 -6.91943865e-03  7.54902850e-07  1.09608728e-04 
 6.87068440e+01  1.00469514e+00 -6.93569035e-03  7.58420209e-07  1.09863772e-04 
 6.88652296e+01  1.00471692e+00 -6.95198161e-03  7.61954111e-07  1.10119420e-04 
 6.90239804e+01  1.00473879e+00 -6.96831256e-03  7.65504634e-07  1.10375675e-04 
 6.91830971e+01  1.00476077e+00 -6.98468328e-03  7.69071857e-07  1.10632537e-04 
 6.93425806e+01  1.00478284e+00 -7.00109389e-03  7.72655861e-07  1.10890008e-04 
 6.95024318e+01  1.00480503e+00 -7.01754449e-03  7.76256727e-07  1.11148089e-04 
 6.96626514e+01  1.00482731e+00 -7.03403520e-03  7.79874534e-07  1.11406783e-04 
 6.98232404e+01  1.00484970e+00 -7.05056611e-03  7.83509364e-07  1.11666090e-04 
 6.99841996e+01  1.00487219e+00 -7.06713735e-03  7.87161299e-07  1.11926012e-04 
 7.01455298e+01  1.00489479e+00 -7.08374901e-03  7.90830420e-07  1.12186551e-04 
 7.03072320e+01  1.00491749e+00 -7.10040121e-03  7.94516811e-07  1.12447708e-04 
 7.04693069e+01  1.00494030e+00 -7.11709405e-03  7.98220554e-07  1.12709485e-04 
 7.06317554e+01  1.00496322e+00 -7.13382764e-03  8.01941732e-07  1.12971883e-04 
 7.07945784e+01  1.00498624e+00 -7.15060210e-03  8.05680428e-07  1.13234904e-04 
 7.09577768e+01  1.00500937e+00 -7.16741753e-03  8.09436728e-07  1.13498550e-04 
 7.11213514e+01  1.00503261e+00 -7.18427405e-03  8.13210715e-07  1.13762821e-04 
 7.12853030e+01  1.00505595e+00 -7.20117177e-03  8.17002475e-07  1.14027720e-04 
 7.14496326e+01  1.00507941e+00 -7.21811079e-03  8.20812092e-07  1.14293249e-04 
 7.16143410e+01  1.00510297e+00 -7.23509123e-03  8.24639652e-07  1.14559408e-04 
 7.17794291e+01  1.00512665e+00 -7.25211321e-03  8.28485242e-07  1.14826199e-04 
 7.19448978e+01  1.00515043e+00 -7.26917683e-03  8.32348948e-07  1.15093624e-04 
 7.21107479e+01  1.00517433e+00 -7.28628220e-03  8.36230858e-07  1.15361684e-04 
 7.22769804e+01  1.00519833e+00 -7.30342945e-03  8.40131058e-07  1.15630382e-04 
 7.24435960e+01  1.00522245e+00 -7.32061868e-03  8.44049637e-07  1.15899718e-04 
 7.26105957e+01  1.00524668e+00 -7.33785001e-03  8.47986683e-07  1.16169695e-04 
 7.27779805e+01  1.00527102e+00 -7.35512355e-03  8.51942285e-07  1.16440314e-04 
 7.29457510e+01  1.00529548e+00 -7.37243942e-03  8.55916531e-07  1.16711576e-04 
 7.31139083e+01  1.00532005e+00 -7.38979774e-03  8.59909513e-07  1.16983483e-04 
 7.32824533e+01  1.00534474e+00 -7.40719861e-03  8.63921319e-07  1.17256037e-04 
 7.34513868e+01  1.00536954e+00 -7.42464215e-03  8.67952041e-07  1.17529239e-04 
 7.36207097e+01  1.00539446e+00 -7.44212849e-03  8.72001769e-07  1.17803092e-04 
 7.37904230e+01  1.00541949e+00 -7.45965774e-03  8.76070595e-07  1.18077596e-04 
 7.39605275e+01  1.00544464e+00 -7.47723001e-03  8.80158611e-07  1.18352753e-04 
 7.41310241e+01  1.00546991e+00 -7.49484542e-03  8.84265909e-07  1.18628566e-04 
 7.43019138e+01  1.00549529e+00 -7.51250410e-03  8.88392582e-07  1.18905035e-04 
 7.44731974e+01  1.00552080e+00 -7.53020615e-03  8.92538724e-07  1.19182162e-04 
 7.46448758e+01  1.00554642e+00 -7.54795171e-03  8.96704429e-07  1.19459949e-04 
 7.48169501e+01  1.00557216e+00 -7.56574088e-03  9.00889789e-07  1.19738398e-04 
 7.49894209e+01  1.00559803e+00 -7.58357379e-03  9.05094902e-07  1.20017510e-04 
 7.51622894e+01  1.00562401e+00 -7.60145055e-03  9.09319860e-07  1.20297288e-04 
 7.53355564e+01  1.00565011e+00 -7.61937130e-03  9.13564761e-07  1.20577731e-04 
 7.55092228e+01  1.00567634e+00 -7.63733614e-03  9.17829701e-07  1.20858844e-04 
 7.56832895e+01  1.00570269e+00 -7.65534520e-03  9.22114775e-07  1.21140626e-04 
 7.58577575e+01  1.00572916e+00 -7.67339861e-03  9.26420082e-07  1.21423080e-04 
 7.60326277e+01  1.00575575e+00 -7.69149647e-03  9.30745718e-07  1.21706207e-04 
 7.62079010e+01  1.00578247e+00 -7.70963893e-03  9.35091783e-07  1.21990010e-04 
 7.63835784e+01  1.00580932e+00 -7.72782610e-03  9.39458374e-07  1.22274489e-04 
 7.65596607e+01  1.00583629e+00 -7.74605809e-03  9.43845591e-07  1.22559647e-04 
 7.67361489e+01  1.00586338e+00 -7.76433505e-03  9.48253534e-07  1.22845485e-04 
 7.69130440e+01  1.00589061e+00 -7.78265709e-03  9.52682301e-07  1.23132006e-04 
 7.70903469e+01  1.00591795e+00 -7.80102433e-03  9.57131995e-07  1.23419210e-04 
 7.72680585e+01  1.00594543e+00 -7.81943691e-03  9.61602716e-07  1.23707099e-04 
 7.74461798e+01  1.00597304e+00 -7.83789494e-03  9.66094566e-07  1.23995676e-04 
 7.76247117e+01  1.00600077e+00 -7.85639855e-03  9.70607647e-07  1.24284942e-04 
 7.78036551e+01  1.00602863e+00 -7.87494788e-03  9.75142062e-07  1.24574899e-04 
 7.79830111e+01  1.00605663e+00 -7.89354304e-03  9.79697913e-07  1.24865548e-04 
 7.81627805e+01  1.00608475e+00 -7.91218417e-03  9.84275305e-07  1.25156892e-04 
 7.83429643e+01  1.00611301e+00 -7.93087138e-03  9.88874342e-07  1.25448931e-04 
 7.85235635e+01  1.00614140e+00 -7.94960482e-03  9.93495129e-07  1.25741669e-04 
 7.87045790e+01  1.00616992e+00 -7.96838461e-03  9.98137770e-07  1.26035106e-04 
 7.88860118e+01  1.00619857e+00 -7.98721087e-03  1.00280237e-06  1.26329244e-04 
 7.90678628e+01  1.00622736e+00 -8.00608375e-03  1.00748904e-06  1.26624086e-04 
 7.92501330e+01  1.00625628e+00 -8.02500336e-03  1.01219788e-06  1.26919632e-04 
 7.94328235e+01  1.00628534e+00 -8.04396984e-03  1.01692901e-06  1.27215886e-04 
 7.96159350e+01  1.00631453e+00 -8.06298332e-03  1.02168252e-06  1.27512848e-04 
 7.97994687e+01  1.00634386e+00 -8.08204393e-03  1.02645853e-06  1.27810520e-04 
 7.99834255e+01  1.00637333e+00 -8.10115180e-03  1.03125715e-06  1.28108905e-04 
 8.01678063e+01  1.00640293e+00 -8.12030707e-03  1.03607848e-06  1.28408004e-04 
 8.03526122e+01  1.00643267e+00 -8.13950987e-03  1.04092264e-06  1.28707818e-04 
 8.05378441e+01  1.00646255e+00 -8.15876034e-03  1.04578974e-06  1.29008351e-04 
 8.07235030e+01  1.00649258e+00 -8.17805859e-03  1.05067989e-06  1.29309603e-04 
 8.09095899e+01  1.00652274e+00 -8.19740478e-03  1.05559320e-06  1.29611576e-04 
 8.10961058e+01  1.00655304e+00 -8.21679903e-03  1.06052978e-06  1.29914273e-04 
 8.12830516e+01  1.00658349e+00 -8.23624149e-03  1.06548974e-06  1.30217695e-04 
 8.14704284e+01  1.00661407e+00 -8.25573228e-03  1.07047321e-06  1.30521844e-04 
 8.16582371e+01  1.00664480e+00 -8.27527154e-03  1.07548029e-06  1.30826721e-04 
 8.18464788e+01  1.00667568e+00 -8.29485942e-03  1.08051110e-06  1.31132330e-04 
 8.20351544e+01  1.00670669e+00 -8.31449604e-03  1.08556575e-06  1.31438671e-04 
 8.22242650e+01  1.00673786e+00 -8.33418154e-03  1.09064436e-06  1.31745746e-04 
 8.24138115e+01  1.00676917e+00 -8.35391607e-03  1.09574705e-06  1.32053558e-04 
 8.26037950e+01  1.00680062e+00 -8.37369977e-03  1.10087393e-06  1.32362108e-04 
 8.27942164e+01  1.00683222e+00 -8.39353276e-03  1.10602512e-06  1.32671399e-04 
 8.29850768e+01  1.00686397e+00 -8.41341519e-03  1.11120074e-06  1.32981432e-04 
 8.31763771e+01  1.00689587e+00 -8.43334721e-03  1.11640091e-06  1.33292208e-04 
 8.33681185e+01  1.00692792e+00 -8.45332895e-03  1.12162575e-06  1.33603731e-04 
 8.35603018e+01  1.00696012e+00 -8.47336055e-03  1.12687537e-06  1.33916001e-04 
 8.37529282e+01  1.00699247e+00 -8.49344216e-03  1.13214991e-06  1.34229021e-04 
 8.39459987e+01  1.00702497e+00 -8.51357392e-03  1.13744947e-06  1.34542793e-04 
 8.41395142e+01  1.00705762e+00 -8.53375596e-03  1.14277418e-06  1.34857319e-04 
 8.43334758e+01  1.00709043e+00 -8.55398845e-03  1.14812417e-06  1.35172600e-04 
 8.45278845e+01  1.00712338e+00 -8.57427151e-03  1.15349956e-06  1.35488639e-04 
 8.47227414e+01  1.00715650e+00 -8.59460529e-03  1.15890047e-06  1.35805438e-04 
 8.49180475e+01  1.00718977e+00 -8.61498995e-03  1.16432702e-06  1.36122998e-04 
 8.51138038e+01  1.00722319e+00 -8.63542561e-03  1.16977935e-06  1.36441322e-04 
 8.53100114e+01  1.00725677e+00 -8.65591244e-03  1.17525757e-06  1.36760411e-04 
 8.55066713e+01  1.00729051e+00 -8.67645058e-03  1.18076181e-06  1.37080267e-04 
 8.57037845e+01  1.00732440e+00 -8.69704016e-03  1.18629221e-06  1.37400893e-04 
 8.59013522e+01  1.00735846e+00 -8.71768135e-03  1.19184888e-06  1.37722291e-04 
 8.60993752e+01  1.00739267e+00 -8.73837430e-03  1.19743196e-06  1.38044462e-04 
 8.62978548e+01  1.00742704e+00 -8.75911913e-03  1.20304157e-06  1.38367408e-04 
 8.64967919e+01  1.00746158e+00 -8.77991602e-03  1.20867785e-06  1.38691132e-04 
 8.66961876e+01  1.00749627e+00 -8.80076511e-03  1.21434093e-06  1.39015636e-04 
 8.68960429e+01  1.00753113e+00 -8.82166655e-03  1.22003093e-06  1.39340921e-04 
 8.70963590e+01  1.00756616e+00 -8.84262048e-03  1.22574798e-06  1.39666990e-04 
 8.72971368e+01  1.00760134e+00 -8.86362707e-03  1.23149223e-06  1.39993844e-04 
 8.74983775e+01  1.00763669e+00 -8.88468646e-03  1.23726380e-06  1.40321486e-04 
 8.77000821e+01  1.00767221e+00 -8.90579881e-03  1.24306283e-06  1.40649918e-04 
 8.79022517e+01  1.00770789e+00 -8.92696427e-03  1.24888945e-06  1.40979142e-04 
 8.81048873e+01  1.00774375e+00 -8.94818300e-03  1.25474380e-06  1.41309159e-04 
 8.83079900e+01  1.00777976e+00 -8.96945514e-03  1.26062601e-06  1.41639973e-04 
 8.85115610e+01  1.00781595e+00 -8.99078086e-03  1.26653622e-06  1.41971585e-04 
 8.87156012e+01  1.00785231e+00 -9.01216031e-03  1.27247456e-06  1.42303996e-04 
 8.89201118e+01  1.00788884e+00 -9.03359364e-03  1.27844118e-06  1.42637210e-04 
 8.91250938e+01  1.00792553e+00 -9.05508102e-03  1.28443622e-06  1.42971229e-04 
 8.93305484e+01  1.00796241e+00 -9.07662260e-03  1.29045980e-06  1.43306053e-04 
 8.95364766e+01  1.00799945e+00 -9.09821854e-03  1.29651208e-06  1.43641687e-04 
 8.97428795e+01  1.00803667e+00 -9.11986900e-03  1.30259318e-06  1.43978131e-04 
 8.99497582e+01  1.00807406e+00 -9.14157413e-03  1.30870327e-06  1.44315388e-04 
 9.01571138e+01  1.00811163e+00 -9.16333410e-03  1.31484247e-06  1.44653460e-04 
 9.03649474e+01  1.00814937e+00 -9.18514907e-03  1.32101093e-06  1.44992349e-04 
 9.05732601e+01  1.00818729e+00 -9.20701920e-03  1.32720879e-06  1.45332057e-04 
 9.07820530e+01  1.00822539e+00 -9.22894465e-03  1.33343621e-06  1.45672586e-04 
 9.09913273e+01  1.00826367e+00 -9.25092558e-03  1.33969331e-06  1.46013940e-04 
 9.12010839e+01  1.00830212e+00 -9.27296216e-03  1.34598026e-06  1.46356119e-04 
 9.14113241e+01  1.00834076e+00 -9.29505455e-03  1.35229719e-06  1.46699125e-04 
 9.16220490e+01  1.00837958e+00 -9.31720291e-03  1.35864425e-06  1.47042962e-04 
 9.18332596e+01  1.00841858e+00 -9.33940741e-03  1.36502160e-06  1.47387632e-04 
 9.20449572e+01  1.00845776e+00 -9.36166822e-03  1.37142937e-06  1.47733135e-04 
 9.22571427e+01  1.00849713e+00 -9.38398550e-03  1.37786773e-06  1.48079476e-04 
 9.24698174e+01  1.00853668e+00 -9.40635942e-03  1.38433682e-06  1.48426655e-04 
 9.26829823e+01  1.00857642e+00 -9.42879014e-03  1.39083679e-06  1.48774676e-04 
 9.28966387e+01  1.00861634e+00 -9.45127784e-03  1.39736780e-06  1.49123540e-04 
 9.31107875e+01  1.00865646e+00 -9.47382268e-03  1.40393000e-06  1.49473249e-04 
 9.33254301e+01  1.00869676e+00 -9.49642483e-03  1.41052353e-06  1.49823806e-04 
 9.35405674e+01  1.00873725e+00 -9.51908447e-03  1.41714857e-06  1.50175214e-04 
 9.37562007e+01  1.00877793e+00 -9.54180176e-03  1.42380525e-06  1.50527473e-04 
 9.39723311e+01  1.00881880e+00 -9.56457688e-03  1.43049375e-06  1.50880588e-04 
 9.41889597e+01  1.00885986e+00 -9.58740999e-03  1.43721421e-06  1.51234559e-04 
 9.44060876e+01  1.00890111e+00 -9.61030127e-03  1.44396679e-06  1.51589389e-04 
 9.46237161e+01  1.00894256e+00 -9.63325090e-03  1.45075165e-06  1.51945081e-04 
 9.48418463e+01  1.00898421e+00 -9.65625905e-03  1.45756896e-06  1.52301637e-04 
 9.50604794e+01  1.00902605e+00 -9.67932588e-03  1.46441886e-06  1.52659058e-04 
 9.52796164e+01  1.00906808e+00 -9.70245159e-03  1.47130153e-06  1.53017348e-04 
 9.54992586e+01  1.00911032e+00 -9.72563635e-03  1.47821712e-06  1.53376509e-04 
 9.57194071e+01  1.00915275e+00 -9.74888032e-03  1.48516580e-06  1.53736543e-04 
 9.59400632e+01  1.00919538e+00 -9.77218370e-03  1.49214773e-06  1.54097451e-04 
 9.61612278e+01  1.00923821e+00 -9.79554665e-03  1.49916308e-06  1.54459238e-04 
 9.63829024e+01  1.00928125e+00 -9.81896936e-03  1.50621201e-06  1.54821905e-04 
 9.66050879e+01  1.00932448e+00 -9.84245201e-03  1.51329469e-06  1.55185453e-04 
 9.68277856e+01  1.00936792e+00 -9.86599478e-03  1.52041128e-06  1.55549887e-04 
 9.70509967e+01  1.00941156e+00 -9.88959785e-03  1.52756196e-06  1.55915208e-04 
 9.72747224e+01  1.00945541e+00 -9.91326140e-03  1.53474688e-06  1.56281418e-04 
 9.74989638e+01  1.00949947e+00 -9.93698562e-03  1.54196623e-06  1.56648520e-04 
 9.77237221e+01  1.00954373e+00 -9.96077068e-03  1.54922017e-06  1.57016516e-04 
 9.79489985e+01  1.00958820e+00 -9.98461677e-03  1.55650888e-06  1.57385409e-04 
 9.81747943e+01  1.00963288e+00 -1.00085241e-02  1.56383252e-06  1.57755201e-04 
 9.84011106e+01  1.00967777e+00 -1.00324928e-02  1.57119127e-06  1.58125894e-04 
 9.86279486e+01  1.00972287e+00 -1.00565231e-02  1.57858531e-06  1.58497492e-04 
 9.88553095e+01  1.00976818e+00 -1.00806152e-02  1.58601481e-06  1.58869995e-04 
 9.90831945e+01  1.00981371e+00 -1.01047692e-02  1.59347995e-06  1.59243408e-04 
 9.93116048e+01  1.00985945e+00 -1.01289855e-02  1.60098089e-06  1.59617731e-04 
 9.95405417e+01  1.00990540e+00 -1.01532640e-02  1.60851783e-06  1.59992969e-04 
 9.97700064e+01  1.00995157e+00 -1.01776051e-02  1.61609094e-06  1.60369122e-04 
 1.00000000e+02  1.00999796e+00 -1.02020089e-02  1.62370041e-06  1.60746194e-04 
 1.00230524e+02  1.01004457e+00 -1.02264756e-02  1.63134640e-06  1.61124187e-04 
 1.00461579e+02  1.01009139e+00 -1.02510055e-02  1.63902911e-06  1.61503104e-04 
 1.00693167e+02  1.01013844e+00 -1.02755986e-02  1.64674871e-06  1.61882947e-04 
 1.00925289e+02  1.01018571e+00 -1.03002552e-02  1.65450540e-06  1.62263718e-04 
 1.01157945e+02  1.01023320e+00 -1.03249756e-02  1.66229935e-06  1.62645420e-04 
 1.01391139e+02  1.01028092e+00 -1.03497598e-02  1.67013075e-06  1.63028057e-04 
 1.01624869e+02  1.01032886e+00 -1.03746081e-02  1.67799979e-06  1.63411629e-04 
 1.01859139e+02  1.01037702e+00 -1.03995207e-02  1.68590665e-06  1.63796140e-04 
 1.02093948e+02  1.01042541e+00 -1.04244977e-02  1.69385153e-06  1.64181592e-04 
 1.02329299e+02  1.01047403e+00 -1.04495395e-02  1.70183462e-06  1.64567988e-04 
 1.02565193e+02  1.01052288e+00 -1.04746461e-02  1.70985610e-06  1.64955331e-04 
 1.02801630e+02  1.01057196e+00 -1.04998179e-02  1.71791617e-06  1.65343622e-04 
 1.03038612e+02  1.01062127e+00 -1.05250549e-02  1.72601502e-06  1.65732865e-04 
 1.03276141e+02  1.01067082e+00 -1.05503573e-02  1.73415284e-06  1.66123062e-04 
 1.03514217e+02  1.01072059e+00 -1.05757255e-02  1.74232983e-06  1.66514216e-04 
 1.03752842e+02  1.01077061e+00 -1.06011596e-02  1.75054619e-06  1.66906329e-04 
 1.03992017e+02  1.01082085e+00 -1.06266598e-02  1.75880211e-06  1.67299404e-04 
 1.04231743e+02  1.01087134e+00 -1.06522262e-02  1.76709779e-06  1.67693444e-04 
 1.04472022e+02  1.01092206e+00 -1.06778592e-02  1.77543343e-06  1.68088451e-04 
 1.04712855e+02  1.01097302e+00 -1.07035589e-02  1.78380923e-06  1.68484428e-04 
 1.04954243e+02  1.01102422e+00 -1.07293256e-02  1.79222539e-06  1.68881377e-04 
 1.05196187e+02  1.01107567e+00 -1.07551593e-02  1.80068211e-06  1.69279302e-04 
 1.05438690e+02  1.01112735e+00 -1.07810605e-02  1.80917961e-06  1.69678205e-04 
 1.05681751e+02  1.01117928e+00 -1.08070292e-02  1.81771807e-06  1.70078088e-04 
 1.05925373e+02  1.01123146e+00 -1.08330656e-02  1.82629771e-06  1.70478954e-04 
 1.06169556e+02  1.01128388e+00 -1.08591700e-02  1.83491874e-06  1.70880806e-04 
 1.06414302e+02  1.01133654e+00 -1.08853427e-02  1.84358136e-06  1.71283647e-04 
 1.06659612e+02  1.01138946e+00 -1.09115837e-02  1.85228578e-06  1.71687480e-04 
 1.06905488e+02  1.01144263e+00 -1.09378934e-02  1.86103221e-06  1.72092306e-04 
 1.07151931e+02  1.01149605e+00 -1.09642720e-02  1.86982086e-06  1.72498130e-04 
 1.07398941e+02  1.01154972e+00 -1.09907195e-02  1.87865195e-06  1.72904953e-04 
 1.07646521e+02  1.01160364e+00 -1.10172364e-02  1.88752569e-06  1.73312778e-04 
 1.07894672e+02  1.01165782e+00 -1.10438228e-02  1.89644229e-06  1.73721609e-04 
 1.08143395e+02  1.01171225e+00 -1.10704789e-02  1.90540197e-06  1.74131448e-04 
 1.08392691e+02  1.01176694e+00 -1.10972050e-02  1.91440495e-06  1.74542297e-04 
 1.08642562e+02  1.01182189e+00 -1.11240012e-02  1.92345145e-06  1.74954160e-04 
 1.08893009e+02  1.01187710e+00 -1.11508678e-02  1.93254167e-06  1.75367039e-04 
 1.09144034e+02  1.01193257e+00 -1.11778050e-02  1.94167586e-06  1.75780937e-04 
 1.09395637e+02  1.01198830e+00 -1.12048131e-02  1.95085422e-06  1.76195857e-04 
 1.09647820e+02  1.01204430e+00 -1.12318922e-02  1.96007698e-06  1.76611802e-04 
 1.09900584e+02  1.01210055e+00 -1.12590426e-02  1.96934436e-06  1.77028775e-04 
 1.10153931e+02  1.01215708e+00 -1.12862645e-02  1.97865660e-06  1.77446779e-04 
 1.10407862e+02  1.01221387e+00 -1.13135582e-02  1.98801391e-06  1.77865815e-04 
 1.10662378e+02  1.01227093e+00 -1.13409239e-02  1.99741652e-06  1.78285888e-04 
 1.10917482e+02  1.01232827e+00 -1.13683618e-02  2.00686467e-06  1.78707000e-04 
 1.11173173e+02  1.01238587e+00 -1.13958721e-02  2.01635859e-06  1.79129154e-04 
 1.11429453e+02  1.01244374e+00 -1.14234551e-02  2.02589850e-06  1.79552354e-04 
 1.11686325e+02  1.01250189e+00 -1.14511111e-02  2.03548464e-06  1.79976601e-04 
 1.11943788e+02  1.01256031e+00 -1.14788401e-02  2.04511724e-06  1.80401898e-04 
 1.12201845e+02  1.01261901e+00 -1.15066426e-02  2.05479654e-06  1.80828250e-04 
 1.12460497e+02  1.01267799e+00 -1.15345187e-02  2.06452278e-06  1.81255658e-04 
 1.12719746e+02  1.01273725e+00 -1.15624686e-02  2.07429619e-06  1.81684126e-04 
 1.12979591e+02  1.01279678e+00 -1.15904927e-02  2.08411701e-06  1.82113657e-04 
 1.13240036e+02  1.01285660e+00 -1.16185910e-02  2.09398549e-06  1.82544253e-04 
 1.13501082e+02  1.01291670e+00 -1.16467640e-02  2.10390186e-06  1.82975918e-04 
 1.13762729e+02  1.01297709e+00 -1.16750118e-02  2.11386637e-06  1.83408655e-04 
 1.14024979e+02  1.01303776e+00 -1.17033347e-02  2.12387927e-06  1.83842466e-04 
 1.14287833e+02  1.01309872e+00 -1.17317328e-02  2.13394080e-06  1.84277355e-04 
 1.14551294e+02  1.01315997e+00 -1.17602066e-02  2.14405120e-06  1.84713324e-04 
 1.14815362e+02  1.01322151e+00 -1.17887561e-02  2.15421073e-06  1.85150378e-04 
 1.15080039e+02  1.01328334e+00 -1.18173817e-02  2.16441964e-06  1.85588518e-04 
 1.15345326e+02  1.01334546e+00 -1.18460836e-02  2.17467818e-06  1.86027748e-04 
 1.15611224e+02  1.01340788e+00 -1.18748621e-02  2.18498659e-06  1.86468071e-04 
 1.15877736e+02  1.01347059e+00 -1.19037174e-02  2.19534515e-06  1.86909490e-04 
 1.16144861e+02  1.01353360e+00 -1.19326497e-02  2.20575409e-06  1.87352009e-04 
 1.16412603e+02  1.01359691e+00 -1.19616594e-02  2.21621369e-06  1.87795629e-04 
 1.16680962e+02  1.01366052e+00 -1.19907466e-02  2.22672419e-06  1.88240355e-04 
 1.16949939e+02  1.01372443e+00 -1.20199116e-02  2.23728585e-06  1.88686190e-04 
 1.17219537e+02  1.01378864e+00 -1.20491548e-02  2.24789895e-06  1.89133136e-04 
 1.17489755e+02  1.01385316e+00 -1.20784762e-02  2.25856374e-06  1.89581197e-04 
 1.17760597e+02  1.01391799e+00 -1.21078763e-02  2.26928048e-06  1.90030376e-04 
 1.18032064e+02  1.01398312e+00 -1.21373553e-02  2.28004945e-06  1.90480677e-04 
 1.18304156e+02  1.01404856e+00 -1.21669133e-02  2.29087090e-06  1.90932102e-04 
 1.18576875e+02  1.01411431e+00 -1.21965508e-02  2.30174512e-06  1.91384654e-04 
 1.18850223e+02  1.01418037e+00 -1.22262679e-02  2.31267236e-06  1.91838338e-04 
 1.19124201e+02  1.01424675e+00 -1.22560649e-02  2.32365290e-06  1.92293155e-04 
 1.19398810e+02  1.01431344e+00 -1.22859422e-02  2.33468702e-06  1.92749110e-04 
 1.19674053e+02  1.01438045e+00 -1.23158998e-02  2.34577498e-06  1.93206205e-04 
 1.19949930e+02  1.01444777e+00 -1.23459382e-02  2.35691707e-06  1.93664445e-04 
 1.20226443e+02  1.01451542e+00 -1.23760576e-02  2.36811356e-06  1.94123831e-04 
 1.20503594e+02  1.01458339e+00 -1.24062583e-02  2.37936473e-06  1.94584368e-04 
 1.20781384e+02  1.01465168e+00 -1.24365405e-02  2.39067087e-06  1.95046059e-04 
 1.21059813e+02  1.01472029e+00 -1.24669045e-02  2.40203226e-06  1.95508906e-04 
 1.21338885e+02  1.01478923e+00 -1.24973506e-02  2.41344917e-06  1.95972914e-04 
 1.21618600e+02  1.01485850e+00 -1.25278791e-02  2.42492190e-06  1.96438086e-04 
 1.21898960e+02  1.01492809e+00 -1.25584903e-02  2.43645074e-06  1.96904425e-04 
 1.22179966e+02  1.01499802e+00 -1.25891843e-02  2.44803596e-06  1.97371934e-04 
 1.22461620e+02  1.01506828e+00 -1.26199616e-02  2.45967787e-06  1.97840618e-04 
 1.22743923e+02  1.01513888e+00 -1.26508223e-02  2.47137676e-06  1.98310478e-04 
 1.23026877e+02  1.01520980e+00 -1.26817669e-02  2.48313292e-06  1.98781519e-04 
 1.23310483e+02  1.01528107e+00 -1.27127955e-02  2.49494664e-06  1.99253744e-04 
 1.23594743e+02  1.01535268e+00 -1.27439084e-02  2.50681822e-06  1.99727157e-04 
 1.23879659e+02  1.01542462e+00 -1.27751060e-02  2.51874797e-06  2.00201761e-04 
 1.24165231e+02  1.01549691e+00 -1.28063885e-02  2.53073618e-06  2.00677559e-04 
 1.24451461e+02  1.01556954e+00 -1.28377562e-02  2.54278315e-06  2.01154555e-04 
 1.24738351e+02  1.01564252e+00 -1.28692094e-02  2.55488919e-06  2.01632752e-04 
 1.25025903e+02  1.01571585e+00 -1.29007484e-02  2.56705461e-06  2.02112154e-04 
 1.25314117e+02  1.01578952e+00 -1.29323735e-02  2.57927971e-06  2.02592764e-04 
 1.25602996e+02  1.01586355e+00 -1.29640850e-02  2.59156480e-06  2.03074587e-04 
 1.25892541e+02  1.01593792e+00 -1.29958832e-02  2.60391020e-06  2.03557625e-04 
 1.26182753e+02  1.01601266e+00 -1.30277684e-02  2.61631620e-06  2.04041882e-04 
 1.26473635e+02  1.01608774e+00 -1.30597409e-02  2.62878314e-06  2.04527361e-04 
 1.26765187e+02  1.01616319e+00 -1.30918009e-02  2.64131133e-06  2.05014067e-04 
 1.27057411e+02  1.01623899e+00 -1.31239489e-02  2.65390108e-06  2.05502002e-04 
 1.27350308e+02  1.01631516e+00 -1.31561850e-02  2.66655272e-06  2.05991171e-04 
 1.27643881e+02  1.01639169e+00 -1.31885096e-02  2.67926656e-06  2.06481576e-04 
 1.27938130e+02  1.01646858e+00 -1.32209231e-02  2.69204293e-06  2.06973222e-04 
 1.28233058e+02  1.01654584e+00 -1.32534257e-02  2.70488216e-06  2.07466113e-04 
 1.28528666e+02  1.01662347e+00 -1.32860177e-02  2.71778457e-06  2.07960251e-04 
 1.28824955e+02  1.01670147e+00 -1.33186994e-02  2.73075049e-06  2.08455641e-04 
 1.29121927e+02  1.01677984e+00 -1.33514712e-02  2.74378026e-06  2.08952287e-04 
 1.29419584e+02  1.01685858e+00 -1.33843334e-02  2.75687420e-06  2.09450191e-04 
 1.29717927e+02  1.01693770e+00 -1.34172863e-02  2.77003265e-06  2.09949358e-04 
 1.30016958e+02  1.01701720e+00 -1.34503302e-02  2.78325596e-06  2.10449792e-04 
 1.30316678e+02  1.01709708e+00 -1.34834654e-02  2.79654445e-06  2.10951495e-04 
 1.30617089e+02  1.01717733e+00 -1.35166922e-02  2.80989847e-06  2.11454473e-04 
 1.30918192e+02  1.01725798e+00 -1.35500111e-02  2.82331836e-06  2.11958728e-04 
 1.31219990e+02  1.01733900e+00 -1.35834222e-02  2.83680446e-06  2.12464265e-04 
 1.31522483e+02  1.01742041e+00 -1.36169259e-02  2.85035713e-06  2.12971088e-04 
 1.31825674e+02  1.01750222e+00 -1.36505226e-02  2.86397671e-06  2.13479199e-04 
 1.32129563e+02  1.01758441e+00 -1.36842126e-02  2.87766355e-06  2.13988604e-04 
 1.32434154e+02  1.01766699e+00 -1.37179962e-02  2.89141800e-06  2.14499306e-04 
 1.32739446e+02  1.01774997e+00 -1.37518738e-02  2.90524042e-06  2.15011308e-04 
 1.33045442e+02  1.01783335e+00 -1.37858456e-02  2.91913117e-06  2.15524615e-04 
 1.33352143e+02  1.01791712e+00 -1.38199120e-02  2.93309061e-06  2.16039230e-04 
 1.33659552e+02  1.01800130e+00 -1.38540734e-02  2.94711909e-06  2.16555158e-04 
 1.33967669e+02  1.01808587e+00 -1.38883301e-02  2.96121698e-06  2.17072403e-04 
 1.34276496e+02  1.01817086e+00 -1.39226824e-02  2.97538464e-06  2.17590967e-04 
 1.34586035e+02  1.01825624e+00 -1.39571307e-02  2.98962245e-06  2.18110856e-04 
 1.34896288e+02  1.01834204e+00 -1.39916753e-02  3.00393077e-06  2.18632074e-04 
 1.35207256e+02  1.01842825e+00 -1.40263166e-02  3.01830997e-06  2.19154624e-04 
 1.35518941e+02  1.01851486e+00 -1.40610549e-02  3.03276043e-06  2.19678510e-04 
 1.35831345e+02  1.01860190e+00 -1.40958905e-02  3.04728251e-06  2.20203736e-04 
 1.36144468e+02  1.01868935e+00 -1.41308239e-02  3.06187662e-06  2.20730307e-04 
 1.36458314e+02  1.01877722e+00 -1.41658554e-02  3.07654311e-06  2.21258226e-04 
 1.36772883e+02  1.01886551e+00 -1.42009852e-02  3.09128237e-06  2.21787498e-04 
 1.37088177e+02  1.01895422e+00 -1.42362139e-02  3.10609480e-06  2.22318126e-04 
 1.37404198e+02  1.01904336e+00 -1.42715417e-02  3.12098077e-06  2.22850116e-04 
 1.37720947e+02  1.01913292e+00 -1.43069690e-02  3.13594067e-06  2.23383470e-04 
 1.38038426e+02  1.01922291e+00 -1.43424962e-02  3.15097491e-06  2.23918193e-04 
 1.38356638e+02  1.01931334e+00 -1.43781236e-02  3.16608386e-06  2.24454289e-04 
 1.38675583e+02  1.01940420e+00 -1.44138516e-02  3.18126793e-06  2.24991763e-04 
 1.38995263e+02  1.01949549e+00 -1.44496805e-02  3.19652752e-06  2.25530618e-04 
 1.39315680e+02  1.01958722e+00 -1.44856108e-02  3.21186302e-06  2.26070859e-04 
 1.39636836e+02  1.01967939e+00 -1.45216428e-02  3.22727485e-06  2.26612490e-04 
 1.39958732e+02  1.01977200e+00 -1.45577769e-02  3.24276340e-06  2.27155516e-04 
 1.40281370e+02  1.01986506e+00 -1.45940135e-02  3.25832908e-06  2.27699940e-04 
 1.40604752e+02  1.01995856e+00 -1.46303529e-02  3.27397231e-06  2.28245766e-04 
 1.40928880e+02  1.02005252e+00 -1.46667954e-02  3.28969350e-06  2.28793000e-04 
 1.41253754e+02  1.02014692e+00 -1.47033416e-02  3.30549306e-06  2.29341646e-04 
 1.41579378e+02  1.02024178e+00 -1.47399918e-02  3.32137141e-06  2.29891707e-04 
 1.41905752e+02  1.02033709e+00 -1.47767463e-02  3.33732898e-06  2.30443188e-04 
 1.42232879e+02  1.02043286e+00 -1.48136056e-02  3.35336618e-06  2.30996094e-04 
 1.42560759e+02  1.02052909e+00 -1.48505700e-02  3.36948343e-06  2.31550429e-04 
 1.42889396e+02  1.02062578e+00 -1.48876400e-02  3.38568118e-06  2.32106197e-04 
 1.43218790e+02  1.02072293e+00 -1.49248159e-02  3.40195985e-06  2.32663402e-04 
 1.43548943e+02  1.02082056e+00 -1.49620981e-02  3.41831986e-06  2.33222050e-04 
 1.43879858e+02  1.02091865e+00 -1.49994870e-02  3.43476167e-06  2.33782145e-04 
 1.44211535e+02  1.02101721e+00 -1.50369830e-02  3.45128570e-06  2.34343691e-04 
 1.44543977e+02  1.02111625e+00 -1.50745866e-02  3.46789239e-06  2.34906692e-04 
 1.44877185e+02  1.02121577e+00 -1.51122981e-02  3.48458220e-06  2.35471154e-04 
 1.45211162e+02  1.02131576e+00 -1.51501180e-02  3.50135556e-06  2.36037081e-04 
 1.45545908e+02  1.02141623e+00 -1.51880465e-02  3.51821293e-06  2.36604476e-04 
 1.45881426e+02  1.02151719e+00 -1.52260843e-02  3.53515476e-06  2.37173346e-04 
 1.46217717e+02  1.02161863e+00 -1.52642316e-02  3.55218149e-06  2.37743694e-04 
 1.46554784e+02  1.02172056e+00 -1.53024888e-02  3.56929360e-06  2.38315525e-04 
 1.46892628e+02  1.02182299e+00 -1.53408565e-02  3.58649153e-06  2.38888844e-04 
 1.47231250e+02  1.02192590e+00 -1.53793350e-02  3.60377575e-06  2.39463656e-04 
 1.47570653e+02  1.02202931e+00 -1.54179247e-02  3.62114673e-06  2.40039964e-04 
 1.47910839e+02  1.02213322e+00 -1.54566261e-02  3.63860494e-06  2.40617775e-04 
 1.48251809e+02  1.02223763e+00 -1.54954396e-02  3.65615083e-06  2.41197091e-04 
 1.48593564e+02  1.02234254e+00 -1.55343656e-02  3.67378490e-06  2.41777919e-04 
 1.48936108e+02  1.02244796e+00 -1.55734046e-02  3.69150761e-06  2.42360263e-04 
 1.49279441e+02  1.02255389e+00 -1.56125569e-02  3.70931945e-06  2.42944128e-04 
 1.49623566e+02  1.02266033e+00 -1.56518231e-02  3.72722090e-06  2.43529519e-04 
 1.49968484e+02  1.02276728e+00 -1.56912035e-02  3.74521244e-06  2.44116440e-04 
 1.50314197e+02  1.02287475e+00 -1.57306986e-02  3.76329456e-06  2.44704896e-04 
 1.50660707e+02  1.02298273e+00 -1.57703089e-02  3.78146776e-06  2.45294892e-04 
 1.51008015e+02  1.02309124e+00 -1.58100347e-02  3.79973252e-06  2.45886433e-04 
 1.51356125e+02  1.02320027e+00 -1.58498766e-02  3.81808935e-06  2.46479525e-04 
 1.51705037e+02  1.02330983e+00 -1.58898350e-02  3.83653874e-06  2.47074171e-04 
 1.52054753e+02  1.02341991e+00 -1.59299102e-02  3.85508121e-06  2.47670377e-04 
 1.52405275e+02  1.02353053e+00 -1.59701029e-02  3.87371725e-06  2.48268147e-04 
 1.52756606e+02  1.02364168e+00 -1.60104135e-02  3.89244737e-06  2.48867488e-04 
 1.53108746e+02  1.02375337e+00 -1.60508423e-02  3.91127209e-06  2.49468403e-04 
 1.53461698e+02  1.02386560e+00 -1.60913899e-02  3.93019193e-06  2.50070898e-04 
 1.53815464e+02  1.02397837e+00 -1.61320567e-02  3.94920741e-06  2.50674978e-04 
 1.54170045e+02  1.02409169e+00 -1.61728433e-02  3.96831904e-06  2.51280648e-04 
 1.54525444e+02  1.02420556e+00 -1.62137500e-02  3.98752735e-06  2.51887914e-04 
 1.54881662e+02  1.02431997e+00 -1.62547774e-02  4.00683287e-06  2.52496779e-04 
 1.55238701e+02  1.02443494e+00 -1.62959259e-02  4.02623613e-06  2.53107250e-04 
 1.55596563e+02  1.02455047e+00 -1.63371959e-02  4.04573768e-06  2.53719331e-04 
 1.55955250e+02  1.02466655e+00 -1.63785881e-02  4.06533804e-06  2.54333028e-04 
 1.56314764e+02  1.02478320e+00 -1.64201028e-02  4.08503775e-06  2.54948346e-04 
 1.56675107e+02  1.02490041e+00 -1.64617406e-02  4.10483738e-06  2.55565290e-04 
 1.57036280e+02  1.02501819e+00 -1.65035019e-02  4.12473746e-06  2.56183866e-04 
 1.57398286e+02  1.02513654e+00 -1.65453873e-02  4.14473854e-06  2.56804078e-04 
 1.57761127e+02  1.02525546e+00 -1.65873972e-02  4.16484118e-06  2.57425933e-04 
 1.58124804e+02  1.02537497e+00 -1.66295321e-02  4.18504595e-06  2.58049434e-04 
 1.58489319e+02  1.02549504e+00 -1.66717925e-02  4.20535340e-06  2.58674589e-04 
 1.58854675e+02  1.02561571e+00 -1.67141789e-02  4.22576409e-06  2.59301402e-04 
 1.59220873e+02  1.02573695e+00 -1.67566919e-02  4.24627861e-06  2.59929878e-04 
 1.59587915e+02  1.02585879e+00 -1.67993319e-02  4.26689752e-06  2.60560024e-04 
 1.59955803e+02  1.02598122e+00 -1.68420995e-02  4.28762140e-06  2.61191844e-04 
 1.60324539e+02  1.02610424e+00 -1.68849951e-02  4.30845082e-06  2.61825344e-04 
 1.60694125e+02  1.02622785e+00 -1.69280193e-02  4.32938638e-06  2.62460529e-04 
 1.61064564e+02  1.02635207e+00 -1.69711726e-02  4.35042867e-06  2.63097405e-04 
 1.61435856e+02  1.02647689e+00 -1.70144555e-02  4.37157826e-06  2.63735978e-04 
 1.61808004e+02  1.02660232e+00 -1.70578686e-02  4.39283577e-06  2.64376253e-04 
 1.62181010e+02  1.02672836e+00 -1.71014124e-02  4.41420178e-06  2.65018236e-04 
 1.62554876e+02  1.02685501e+00 -1.71450873e-02  4.43567690e-06  2.65661933e-04 
 1.62929603e+02  1.02698227e+00 -1.71888941e-02  4.45726173e-06  2.66307348e-04 
 1.63305195e+02  1.02711016e+00 -1.72328331e-02  4.47895690e-06  2.66954488e-04 
 1.63681652e+02  1.02723867e+00 -1.72769049e-02  4.50076300e-06  2.67603359e-04 
 1.64058977e+02  1.02736780e+00 -1.73211101e-02  4.52268066e-06  2.68253965e-04 
 1.64437172e+02  1.02749756e+00 -1.73654492e-02  4.54471051e-06  2.68906314e-04 
 1.64816239e+02  1.02762795e+00 -1.74099228e-02  4.56685316e-06  2.69560411e-04 
 1.65196180e+02  1.02775898e+00 -1.74545314e-02  4.58910925e-06  2.70216261e-04 
 1.65576996e+02  1.02789064e+00 -1.74992756e-02  4.61147941e-06  2.70873871e-04 
 1.65958691e+02  1.02802295e+00 -1.75441560e-02  4.63396428e-06  2.71533246e-04 
 1.66341265e+02  1.02815590e+00 -1.75891730e-02  4.65656450e-06  2.72194392e-04 
 1.66724721e+02  1.02828950e+00 -1.76343273e-02  4.67928072e-06  2.72857315e-04 
 1.67109061e+02  1.02842375e+00 -1.76796195e-02  4.70211359e-06  2.73522022e-04 
 1.67494288e+02  1.02855865e+00 -1.77250501e-02  4.72506375e-06  2.74188517e-04 
 1.67880402e+02  1.02869421e+00 -1.77706197e-02  4.74813189e-06  2.74856808e-04 
 1.68267406e+02  1.02883044e+00 -1.78163288e-02  4.77131864e-06  2.75526900e-04 
 1.68655303e+02  1.02896732e+00 -1.78621781e-02  4.79462469e-06  2.76198799e-04 
 1.69044093e+02  1.02910488e+00 -1.79081681e-02  4.81805069e-06  2.76872511e-04 
 1.69433780e+02  1.02924311e+00 -1.79542995e-02  4.84159734e-06  2.77548043e-04 
 1.69824365e+02  1.02938201e+00 -1.80005728e-02  4.86526531e-06  2.78225401e-04 
 1.70215851e+02  1.02952159e+00 -1.80469887e-02  4.88905528e-06  2.78904590e-04 
 1.70608239e+02  1.02966186e+00 -1.80935477e-02  4.91296794e-06  2.79585618e-04 
 1.71001532e+02  1.02980281e+00 -1.81402504e-02  4.93700399e-06  2.80268490e-04 
 1.71395731e+02  1.02994444e+00 -1.81870974e-02  4.96116412e-06  2.80953212e-04 
 1.71790839e+02  1.03008678e+00 -1.82340894e-02  4.98544904e-06  2.81639791e-04 
 1.72186857e+02  1.03022980e+00 -1.82812270e-02  5.00985946e-06  2.82328233e-04 
 1.72583789e+02  1.03037353e+00 -1.83285107e-02  5.03439607e-06  2.83018545e-04 
 1.72981636e+02  1.03051796e+00 -1.83759413e-02  5.05905961e-06  2.83710733e-04 
 1.73380400e+02  1.03066310e+00 -1.84235193e-02  5.08385080e-06  2.84404804e-04 
 1.73780083e+02  1.03080894e+00 -1.84712454e-02  5.10877035e-06  2.85100763e-04 
 1.74180687e+02  1.03095551e+00 -1.85191202e-02  5.13381900e-06  2.85798618e-04 
 1.74582215e+02  1.03110279e+00 -1.85671444e-02  5.15899748e-06  2.86498374e-04 
 1.74984669e+02  1.03125079e+00 -1.86153185e-02  5.18430654e-06  2.87200039e-04 
 1.75388050e+02  1.03139951e+00 -1.86636432e-02  5.20974691e-06  2.87903619e-04 
 1.75792361e+02  1.03154897e+00 -1.87121193e-02  5.23531936e-06  2.88609121e-04 
 1.76197605e+02  1.03169916e+00 -1.87607473e-02  5.26102462e-06  2.89316551e-04 
 1.76603782e+02  1.03185009e+00 -1.88095278e-02  5.28686347e-06  2.90025916e-04 
 1.77010896e+02  1.03200175e+00 -1.88584617e-02  5.31283667e-06  2.90737222e-04 
 1.77418948e+02  1.03215416e+00 -1.89075494e-02  5.33894499e-06  2.91450477e-04 
 1.77827941e+02  1.03230732e+00 -1.89567918e-02  5.36518919e-06  2.92165688e-04 
 1.78237877e+02  1.03246124e+00 -1.90061894e-02  5.39157007e-06  2.92882860e-04 
 1.78648757e+02  1.03261590e+00 -1.90557429e-02  5.41808841e-06  2.93602001e-04 
 1.79060585e+02  1.03277133e+00 -1.91054531e-02  5.44474499e-06  2.94323118e-04 
 1.79473363e+02  1.03292752e+00 -1.91553206e-02  5.47154061e-06  2.95046218e-04 
 1.79887092e+02  1.03308448e+00 -1.92053461e-02  5.49847608e-06  2.95771307e-04 
 1.80301774e+02  1.03324222e+00 -1.92555303e-02  5.52555220e-06  2.96498393e-04 
 1.80717413e+02  1.03340072e+00 -1.93058739e-02  5.55276978e-06  2.97227483e-04 
 1.81134009e+02  1.03356001e+00 -1.93563776e-02  5.58012963e-06  2.97958583e-04 
 1.81551566e+02  1.03372009e+00 -1.94070422e-02  5.60763259e-06  2.98691701e-04 
 1.81970086e+02  1.03388095e+00 -1.94578682e-02  5.63527948e-06  2.99426844e-04 
 1.82389570e+02  1.03404260e+00 -1.95088565e-02  5.66307112e-06  3.00164019e-04 
 1.82810022e+02  1.03420505e+00 -1.95600078e-02  5.69100837e-06  3.00903234e-04 
 1.83231442e+02  1.03436830e+00 -1.96113227e-02  5.71909207e-06  3.01644495e-04 
 1.83653834e+02  1.03453235e+00 -1.96628021e-02  5.74732306e-06  3.02387810e-04 
 1.84077200e+02  1.03469722e+00 -1.97144466e-02  5.77570220e-06  3.03133185e-04 
 1.84501542e+02  1.03486290e+00 -1.97662570e-02  5.80423035e-06  3.03880630e-04 
 1.84926862e+02  1.03502939e+00 -1.98182341e-02  5.83290839e-06  3.04630150e-04 
 1.85353162e+02  1.03519671e+00 -1.98703785e-02  5.86173718e-06  3.05381753e-04 
 1.85780446e+02  1.03536485e+00 -1.99226911e-02  5.89071760e-06  3.06135447e-04 
 1.86208714e+02  1.03553382e+00 -1.99751726e-02  5.91985054e-06  3.06891239e-04 
 1.86637969e+02  1.03570363e+00 -2.00278238e-02  5.94913690e-06  3.07649137e-04 
 1.87068214e+02  1.03587428e+00 -2.00806454e-02  5.97857756e-06  3.08409148e-04 
 1.87499451e+02  1.03604577e+00 -2.01336381e-02  6.00817344e-06  3.09171280e-04 
 1.87931682e+02  1.03621811e+00 -2.01868029e-02  6.03792543e-06  3.09935541e-04 
 1.88364909e+02  1.03639130e+00 -2.02401405e-02  6.06783446e-06  3.10701938e-04 
 1.88799135e+02  1.03656535e+00 -2.02936516e-02  6.09790146e-06  3.11470479e-04 
 1.89234362e+02  1.03674026e+00 -2.03473370e-02  6.12812734e-06  3.12241171e-04 
 1.89670592e+02  1.03691604e+00 -2.04011977e-02  6.15851304e-06  3.13014023e-04 
 1.90107828e+02  1.03709269e+00 -2.04552342e-02  6.18905950e-06  3.13789043e-04 
 1.90546072e+02  1.03727021e+00 -2.05094475e-02  6.21976768e-06  3.14566237e-04 
 1.90985326e+02  1.03744861e+00 -2.05638384e-02  6.25063852e-06  3.15345615e-04 
 1.91425593e+02  1.03762790e+00 -2.06184077e-02  6.28167299e-06  3.16127184e-04 
 1.91866874e+02  1.03780808e+00 -2.06731562e-02  6.31287205e-06  3.16910953e-04 
 1.92309173e+02  1.03798915e+00 -2.07280847e-02  6.34423668e-06  3.17696928e-04 
 1.92752491e+02  1.03817112e+00 -2.07831941e-02  6.37576786e-06  3.18485119e-04 
 1.93196832e+02  1.03835399e+00 -2.08384853e-02  6.40746658e-06  3.19275533e-04 
 1.93642196e+02  1.03853777e+00 -2.08939590e-02  6.43933382e-06  3.20068179e-04 
 1.94088588e+02  1.03872247e+00 -2.09496161e-02  6.47137059e-06  3.20863065e-04 
 1.94536008e+02  1.03890808e+00 -2.10054575e-02  6.50357791e-06  3.21660199e-04 
 1.94984460e+02  1.03909462e+00 -2.10614841e-02  6.53595678e-06  3.22459589e-04 
 1.95433946e+02  1.03928208e+00 -2.11176966e-02  6.56850822e-06  3.23261244e-04 
 1.95884467e+02  1.03947047e+00 -2.11740960e-02  6.60123328e-06  3.24065172e-04 
 1.96336028e+02  1.03965981e+00 -2.12306832e-02  6.63413297e-06  3.24871382e-04 
 1.96788629e+02  1.03985008e+00 -2.12874591e-02  6.66720836e-06  3.25679882e-04 
 1.97242274e+02  1.04004131e+00 -2.13444244e-02  6.70046048e-06  3.26490681e-04 
 1.97696964e+02  1.04023348e+00 -2.14015802e-02  6.73389039e-06  3.27303787e-04 
 1.98152703e+02  1.04042662e+00 -2.14589274e-02  6.76749917e-06  3.28119209e-04 
 1.98609492e+02  1.04062071e+00 -2.15164667e-02  6.80128789e-06  3.28936955e-04 
 1.99067334e+02  1.04081578e+00 -2.15741993e-02  6.83525762e-06  3.29757034e-04 
 1.99526231e+02  1.04101182e+00 -2.16321259e-02  6.86940946e-06  3.30579456e-04 
 1.99986187e+02  1.04120883e+00 -2.16902475e-02  6.90374450e-06  3.31404228e-04 
 2.00447203e+02  1.04140683e+00 -2.17485651e-02  6.93826384e-06  3.32231360e-04 
 2.00909281e+02  1.04160582e+00 -2.18070796e-02  6.97296860e-06  3.33060861e-04 
 2.01372425e+02  1.04180580e+00 -2.18657918e-02  7.00785990e-06  3.33892739e-04 
 2.01836636e+02  1.04200679e+00 -2.19247029e-02  7.04293887e-06  3.34727003e-04 
 2.02301918e+02  1.04220877e+00 -2.19838137e-02  7.07820663e-06  3.35563663e-04 
 2.02768272e+02  1.04241177e+00 -2.20431252e-02  7.11366434e-06  3.36402728e-04 
 2.03235701e+02  1.04261579e+00 -2.21026384e-02  7.14931315e-06  3.37244207e-04 
 2.03704208e+02  1.04282082e+00 -2.21623542e-02  7.18515421e-06  3.38088109e-04 
 2.04173794e+02  1.04302688e+00 -2.22222737e-02  7.22118870e-06  3.38934442e-04 
 2.04644464e+02  1.04323398e+00 -2.22823978e-02  7.25741779e-06  3.39783218e-04 
 2.05116218e+02  1.04344211e+00 -2.23427275e-02  7.29384267e-06  3.40634444e-04 
 2.05589060e+02  1.04365128e+00 -2.24032639e-02  7.33046453e-06  3.41488131e-04 
 2.06062991e+02  1.04386151e+00 -2.24640079e-02  7.36728457e-06  3.42344287e-04 
 2.06538016e+02  1.04407279e+00 -2.25249606e-02  7.40430400e-06  3.43202923e-04 
 2.07014135e+02  1.04428513e+00 -2.25861230e-02  7.44152405e-06  3.44064048e-04 
 2.07491352e+02  1.04449853e+00 -2.26474960e-02  7.47894594e-06  3.44927671e-04 
 2.07969669e+02  1.04471301e+00 -2.27090809e-02  7.51657092e-06  3.45793802e-04 
 2.08449088e+02  1.04492856e+00 -2.27708786e-02  7.55440021e-06  3.46662451e-04 
 2.08929613e+02  1.04514520e+00 -2.28328901e-02  7.59243509e-06  3.47533627e-04 
 2.09411246e+02  1.04536293e+00 -2.28951165e-02  7.63067682e-06  3.48407341e-04 
 2.09893988e+02  1.04558175e+00 -2.29575590e-02  7.66912666e-06  3.49283603e-04 
 2.10377844e+02  1.04580168e+00 -2.30202185e-02  7.70778591e-06  3.50162421e-04 
 2.10862815e+02  1.04602271e+00 -2.30830962e-02  7.74665585e-06  3.51043807e-04 
 2.11348904e+02  1.04624486e+00 -2.31461931e-02  7.78573779e-06  3.51927770e-04 
 2.11836114e+02  1.04646812e+00 -2.32095103e-02  7.82503304e-06  3.52814320e-04 
 2.12324446e+02  1.04669251e+00 -2.32730490e-02  7.86454291e-06  3.53703468e-04 
 2.12813905e+02  1.04691803e+00 -2.33368103e-02  7.90426875e-06  3.54595224e-04 
 2.13304491e+02  1.04714469e+00 -2.34007953e-02  7.94421188e-06  3.55489598e-04 
 2.13796209e+02  1.04737249e+00 -2.34650050e-02  7.98437367e-06  3.56386600e-04 
 2.14289060e+02  1.04760145e+00 -2.35294408e-02  8.02475546e-06  3.57286241e-04 
 2.14783047e+02  1.04783156e+00 -2.35941036e-02  8.06535864e-06  3.58188531e-04 
 2.15278173e+02  1.04806283e+00 -2.36589947e-02  8.10618457e-06  3.59093481e-04 
 2.15774441e+02  1.04829527e+00 -2.37241152e-02  8.14723466e-06  3.60001101e-04 
 2.16271852e+02  1.04852889e+00 -2.37894662e-02  8.18851030e-06  3.60911402e-04 
 2.16770410e+02  1.04876369e+00 -2.38550491e-02  8.23001290e-06  3.61824395e-04 
 2.17270118e+02  1.04899968e+00 -2.39208648e-02  8.27174388e-06  3.62740090e-04 
 2.17770977e+02  1.04923686e+00 -2.39869148e-02  8.31370469e-06  3.63658498e-04 
 2.18272991e+02  1.04947524e+00 -2.40532000e-02  8.35589675e-06  3.64579630e-04 
 2.18776162e+02  1.04971484e+00 -2.41197219e-02  8.39832152e-06  3.65503498e-04 
 2.19280494e+02  1.04995564e+00 -2.41864815e-02  8.44098048e-06  3.66430111e-04 
 2.19785987e+02  1.05019767e+00 -2.42534801e-02  8.48387509e-06  3.67359482e-04 
 2.20292646e+02  1.05044093e+00 -2.43207190e-02  8.52700684e-06  3.68291620e-04 
 2.20800473e+02  1.05068542e+00 -2.43881993e-02  8.57037722e-06  3.69226538e-04 
 2.21309471e+02  1.05093116e+00 -2.44559224e-02  8.61398776e-06  3.70164247e-04 
 2.21819642e+02  1.05117814e+00 -2.45238896e-02  8.65783996e-06  3.71104758e-04 
 2.22330989e+02  1.05142638e+00 -2.45921020e-02  8.70193536e-06  3.72048082e-04 
 2.22843515e+02  1.05167588e+00 -2.46605610e-02  8.74627551e-06  3.72994231e-04 
 2.23357222e+02  1.05192665e+00 -2.47292678e-02  8.79086195e-06  3.73943217e-04 
 2.23872114e+02  1.05217870e+00 -2.47982238e-02  8.83569625e-06  3.74895051e-04 
 2.24388192e+02  1.05243203e+00 -2.48674303e-02  8.88078001e-06  3.75849744e-04 
 2.24905461e+02  1.05268665e+00 -2.49368886e-02  8.92611479e-06  3.76807308e-04 
 2.25423921e+02  1.05294257e+00 -2.50066001e-02  8.97170221e-06  3.77767756e-04 
 2.25943577e+02  1.05319980e+00 -2.50765660e-02  9.01754389e-06  3.78731099e-04 
 2.26464431e+02  1.05345833e+00 -2.51467877e-02  9.06364145e-06  3.79697349e-04 
 2.26986485e+02  1.05371819e+00 -2.52172666e-02  9.10999652e-06  3.80666517e-04 
 2.27509743e+02  1.05397937e+00 -2.52880040e-02  9.15661077e-06  3.81638617e-04 
 2.28034207e+02  1.05424189e+00 -2.53590014e-02  9.20348586e-06  3.82613661e-04 
 2.28559880e+02  1.05450575e+00 -2.54302601e-02  9.25062346e-06  3.83591659e-04 
 2.29086765e+02  1.05477096e+00 -2.55017815e-02  9.29802527e-06  3.84572626e-04 
 2.29614865e+02  1.05503753e+00 -2.55735670e-02  9.34569299e-06  3.85556572e-04 
 2.30144182e+02  1.05530546e+00 -2.56456181e-02  9.39362833e-06  3.86543512e-04 
 2.30674719e+02  1.05557477e+00 -2.57179362e-02  9.44183304e-06  3.87533456e-04 
 2.31206479e+02  1.05584545e+00 -2.57905227e-02  9.49030884e-06  3.88526418e-04 
 2.31739465e+02  1.05611752e+00 -2.58633791e-02  9.53905751e-06  3.89522411e-04 
 2.32273680e+02  1.05639099e+00 -2.59365068e-02  9.58808080e-06  3.90521447e-04 
 2.32809126e+02  1.05666586e+00 -2.60099073e-02  9.63738051e-06  3.91523538e-04 
 2.33345806e+02  1.05694214e+00 -2.60835822e-02  9.68695843e-06  3.92528699e-04 
 2.33883724e+02  1.05721984e+00 -2.61575328e-02  9.73681638e-06  3.93536942e-04 
 2.34422882e+02  1.05749897e+00 -2.62317607e-02  9.78695618e-06  3.94548279e-04 
 2.34963282e+02  1.05777953e+00 -2.63062675e-02  9.83737968e-06  3.95562725e-04 
 2.35504928e+02  1.05806154e+00 -2.63810546e-02  9.88808872e-06  3.96580292e-04 
 2.36047823e+02  1.05834499e+00 -2.64561236e-02  9.93908519e-06  3.97600994e-04 
 2.36591970e+02  1.05862991e+00 -2.65314761e-02  9.99037096e-06  3.98624843e-04 
 2.37137371e+02  1.05891629e+00 -2.66071136e-02  1.00419479e-05  3.99651855e-04 
 2.37684029e+02  1.05920415e+00 -2.66830376e-02  1.00938180e-05  4.00682041e-04 
 2.38231947e+02  1.05949350e+00 -2.67592499e-02  1.01459832e-05  4.01715416e-04 
 2.38781128e+02  1.05978434e+00 -2.68357519e-02  1.01984453e-05  4.02751994e-04 
 2.39331576e+02  1.06007668e+00 -2.69125454e-02  1.02512064e-05  4.03791788e-04 
 2.39883292e+02  1.06037053e+00 -2.69896319e-02  1.03042684e-05  4.04834812e-04 
 2.40436280e+02  1.06066590e+00 -2.70670130e-02  1.03576333e-05  4.05881080e-04 
 2.40990543e+02  1.06096279e+00 -2.71446904e-02  1.04113032e-05  4.06930606e-04 
 2.41546083e+02  1.06126122e+00 -2.72226658e-02  1.04652800e-05  4.07983405e-04 
 2.42102905e+02  1.06156120e+00 -2.73009409e-02  1.05195659e-05  4.09039490e-04 
 2.42661010e+02  1.06186273e+00 -2.73795173e-02  1.05741627e-05  4.10098876e-04 
 2.43220401e+02  1.06216582e+00 -2.74583968e-02  1.06290727e-05  4.11161578e-04 
 2.43781082e+02  1.06247048e+00 -2.75375810e-02  1.06842979e-05  4.12227609e-04 
 2.44343055e+02  1.06277673e+00 -2.76170717e-02  1.07398405e-05  4.13296985e-04 
 2.44906324e+02  1.06308456e+00 -2.76968707e-02  1.07957024e-05  4.14369720e-04 
 2.45470892e+02  1.06339399e+00 -2.77769796e-02  1.08518860e-05  4.15445829e-04 
 2.46036760e+02  1.06370503e+00 -2.78574003e-02  1.09083933e-05  4.16525327e-04 
 2.46603934e+02  1.06401768e+00 -2.79381345e-02  1.09652265e-05  4.17608229e-04 
 2.47172415e+02  1.06433197e+00 -2.80191841e-02  1.10223878e-05  4.18694550e-04 
 2.47742206e+02  1.06464788e+00 -2.81005508e-02  1.10798794e-05  4.19784304e-04 
 2.48313311e+02  1.06496544e+00 -2.81822364e-02  1.11377036e-05  4.20877509e-04 
 2.48885732e+02  1.06528466e+00 -2.82642429e-02  1.11958626e-05  4.21974178e-04 
 2.49459473e+02  1.06560554e+00 -2.83465721e-02  1.12543586e-05  4.23074327e-04 
 2.50034536e+02  1.06592810e+00 -2.84292257e-02  1.13131940e-05  4.24177972e-04 
 2.50610925e+02  1.06625233e+00 -2.85122058e-02  1.13723710e-05  4.25285128e-04 
 2.51188643e+02  1.06657826e+00 -2.85955142e-02  1.14318920e-05  4.26395811e-04 
 2.51767693e+02  1.06690590e+00 -2.86791529e-02  1.14917593e-05  4.27510038e-04 
 2.52348077e+02  1.06723524e+00 -2.87631237e-02  1.15519753e-05  4.28627824e-04 
 2.52929800e+02  1.06756631e+00 -2.88474286e-02  1.16125423e-05  4.29749184e-04 
 2.53512863e+02  1.06789911e+00 -2.89320695e-02  1.16734628e-05  4.30874136e-04 
 2.54097271e+02  1.06823365e+00 -2.90170485e-02  1.17347391e-05  4.32002696e-04 
 2.54683025e+02  1.06856995e+00 -2.91023675e-02  1.17963737e-05  4.33134880e-04 
 2.55270130e+02  1.06890801e+00 -2.91880286e-02  1.18583691e-05  4.34270704e-04 
 2.55858589e+02  1.06924784e+00 -2.92740337e-02  1.19207277e-05  4.35410185e-04 
 2.56448404e+02  1.06958946e+00 -2.93603848e-02  1.19834521e-05  4.36553340e-04 
 2.57039578e+02  1.06993287e+00 -2.94470842e-02  1.20465448e-05  4.37700186e-04 
 2.57632116e+02  1.07027808e+00 -2.95341337e-02  1.21100082e-05  4.38850739e-04 
 2.58226019e+02  1.07062511e+00 -2.96215356e-02  1.21738451e-05  4.40005016e-04 
 2.58821292e+02  1.07097397e+00 -2.97092918e-02  1.22380578e-05  4.41163036e-04 
 2.59417936e+02  1.07132466e+00 -2.97974046e-02  1.23026492e-05  4.42324815e-04 
 2.60015956e+02  1.07167720e+00 -2.98858761e-02  1.23676217e-05  4.43490370e-04 
 2.60615355e+02  1.07203160e+00 -2.99747084e-02  1.24329781e-05  4.44659719e-04 
 2.61216135e+02  1.07238787e+00 -3.00639037e-02  1.24987210e-05  4.45832879e-04 
 2.61818301e+02  1.07274601e+00 -3.01534642e-02  1.25648531e-05  4.47009869e-04 
 2.62421854e+02  1.07310605e+00 -3.02433921e-02  1.26313771e-05  4.48190706e-04 
 2.63026799e+02  1.07346799e+00 -3.03336896e-02  1.26982958e-05  4.49375408e-04 
 2.63633139e+02  1.07383185e+00 -3.04243591e-02  1.27656120e-05  4.50563994e-04 
 2.64240876e+02  1.07419763e+00 -3.05154026e-02  1.28333284e-05  4.51756480e-04 
 2.64850014e+02  1.07456535e+00 -3.06068226e-02  1.29014478e-05  4.52952887e-04 
 2.65460556e+02  1.07493501e+00 -3.06986214e-02  1.29699731e-05  4.54153232e-04 
 2.66072506e+02  1.07530663e+00 -3.07908012e-02  1.30389071e-05  4.55357534e-04 
 2.66685866e+02  1.07568023e+00 -3.08833644e-02  1.31082528e-05  4.56565811e-04 
 2.67300641e+02  1.07605580e+00 -3.09763133e-02  1.31780130e-05  4.57778083e-04 
 2.67916832e+02  1.07643338e+00 -3.10696504e-02  1.32481906e-05  4.58994369e-04 
 2.68534445e+02  1.07681296e+00 -3.11633780e-02  1.33187887e-05  4.60214686e-04 
 2.69153480e+02  1.07719455e+00 -3.12574986e-02  1.33898102e-05  4.61439056e-04 
 2.69773943e+02  1.07757818e+00 -3.13520146e-02  1.34612582e-05  4.62667497e-04 
 2.70395836e+02  1.07796385e+00 -3.14469284e-02  1.35331356e-05  4.63900028e-04 
 2.71019163e+02  1.07835158e+00 -3.15422425e-02  1.36054456e-05  4.65136670e-04 
 2.71643927e+02  1.07874137e+00 -3.16379595e-02  1.36781911e-05  4.66377441e-04 
 2.72270131e+02  1.07913324e+00 -3.17340819e-02  1.37513755e-05  4.67622363e-04 
 2.72897778e+02  1.07952720e+00 -3.18306122e-02  1.38250017e-05  4.68871454e-04 
 2.73526873e+02  1.07992327e+00 -3.19275529e-02  1.38990730e-05  4.70124736e-04 
 2.74157417e+02  1.08032146e+00 -3.20249067e-02  1.39735925e-05  4.71382228e-04 
 2.74789415e+02  1.08072178e+00 -3.21226762e-02  1.40485636e-05  4.72643951e-04 
 2.75422870e+02  1.08112424e+00 -3.22208640e-02  1.41239894e-05  4.73909926e-04 
 2.76057786e+02  1.08152885e+00 -3.23194727e-02  1.41998733e-05  4.75180173e-04 
 2.76694165e+02  1.08193564e+00 -3.24185050e-02  1.42762185e-05  4.76454713e-04 
 2.77332010e+02  1.08234460e+00 -3.25179637e-02  1.43530284e-05  4.77733568e-04 
 2.77971327e+02  1.08275577e+00 -3.26178515e-02  1.44303064e-05  4.79016758e-04 
 2.78612117e+02  1.08316914e+00 -3.27181710e-02  1.45080559e-05  4.80304304e-04 
 2.79254384e+02  1.08358473e+00 -3.28189251e-02  1.45862803e-05  4.81596229e-04 
 2.79898132e+02  1.08400256e+00 -3.29201166e-02  1.46649831e-05  4.82892554e-04 
 2.80543364e+02  1.08442264e+00 -3.30217483e-02  1.47441678e-05  4.84193301e-04 
 2.81190083e+02  1.08484498e+00 -3.31238230e-02  1.48238379e-05  4.85498491e-04 
 2.81838293e+02  1.08526960e+00 -3.32263435e-02  1.49039969e-05  4.86808147e-04 
 2.82487997e+02  1.08569650e+00 -3.33293129e-02  1.49846486e-05  4.88122291e-04 
 2.83139200e+02  1.08612572e+00 -3.34327339e-02  1.50657964e-05  4.89440946e-04 
 2.83791903e+02  1.08655725e+00 -3.35366096e-02  1.51474441e-05  4.90764133e-04 
 2.84446111e+02  1.08699112e+00 -3.36409429e-02  1.52295953e-05  4.92091877e-04 
 2.85101827e+02  1.08742733e+00 -3.37457368e-02  1.53122537e-05  4.93424199e-04 
 2.85759054e+02  1.08786590e+00 -3.38509944e-02  1.53954232e-05  4.94761123e-04 
 2.86417797e+02  1.08830685e+00 -3.39567186e-02  1.54791075e-05  4.96102672e-04 
 2.87078058e+02  1.08875020e+00 -3.40629125e-02  1.55633104e-05  4.97448869e-04 
 2.87739841e+02  1.08919594e+00 -3.41695793e-02  1.56480359e-05  4.98799738e-04 
 2.88403150e+02  1.08964411e+00 -3.42767220e-02  1.57332877e-05  5.00155303e-04 
 2.89067988e+02  1.09009472e+00 -3.43843439e-02  1.58190698e-05  5.01515588e-04 
 2.89734359e+02  1.09054777e+00 -3.44924481e-02  1.59053863e-05  5.02880617e-04 
 2.90402265e+02  1.09100329e+00 -3.46010378e-02  1.59922410e-05  5.04250413e-04 
 2.91071712e+02  1.09146129e+00 -3.47101162e-02  1.60796381e-05  5.05625002e-04 
 2.91742701e+02  1.09192179e+00 -3.48196867e-02  1.61675816e-05  5.07004408e-04 
 2.92415238e+02  1.09238480e+00 -3.49297526e-02  1.62560756e-05  5.08388656e-04 
 2.93089325e+02  1.09285034e+00 -3.50403170e-02  1.63451243e-05  5.09777771e-04 
 2.93764965e+02  1.09331842e+00 -3.51513835e-02  1.64347319e-05  5.11171778e-04 
 2.94442163e+02  1.09378907e+00 -3.52629554e-02  1.65249027e-05  5.12570703e-04 
 2.95120923e+02  1.09426228e+00 -3.53750362e-02  1.66156408e-05  5.13974571e-04 
 2.95801247e+02  1.09473809e+00 -3.54876292e-02  1.67069506e-05  5.15383407e-04 
 2.96483139e+02  1.09521651e+00 -3.56007379e-02  1.67988364e-05  5.16797238e-04 
 2.97166603e+02  1.09569755e+00 -3.57143659e-02  1.68913027e-05  5.18216090e-04 
 2.97851643e+02  1.09618123e+00 -3.58285167e-02  1.69843539e-05  5.19639989e-04 
 2.98538262e+02  1.09666757e+00 -3.59431939e-02  1.70779944e-05  5.21068961e-04 
 2.99226464e+02  1.09715659e+00 -3.60584011e-02  1.71722288e-05  5.22503034e-04 
 2.99916252e+02  1.09764829e+00 -3.61741419e-02  1.72670617e-05  5.23942234e-04 
 3.00607630e+02  1.09814271e+00 -3.62904200e-02  1.73624975e-05  5.25386589e-04 
 3.01300602e+02  1.09863984e+00 -3.64072392e-02  1.74585411e-05  5.26836125e-04 
 3.01995172e+02  1.09913972e+00 -3.65246031e-02  1.75551970e-05  5.28290871e-04 
 3.02691343e+02  1.09964236e+00 -3.66425155e-02  1.76524700e-05  5.29750853e-04 
 3.03389118e+02  1.10014778e+00 -3.67609803e-02  1.77503649e-05  5.31216101e-04 
 3.04088503e+02  1.10065600e+00 -3.68800013e-02  1.78488866e-05  5.32686641e-04 
 3.04789499e+02  1.10116702e+00 -3.69995824e-02  1.79480398e-05  5.34162503e-04 
 3.05492111e+02  1.10168088e+00 -3.71197274e-02  1.80478295e-05  5.35643715e-04 
 3.06196343e+02  1.10219758e+00 -3.72404404e-02  1.81482608e-05  5.37130306e-04 
 3.06902199e+02  1.10271716e+00 -3.73617254e-02  1.82493385e-05  5.38622305e-04 
 3.07609681e+02  1.10323962e+00 -3.74835863e-02  1.83510677e-05  5.40119741e-04 
 3.08318795e+02  1.10376498e+00 -3.76060273e-02  1.84534537e-05  5.41622643e-04 
 3.09029543e+02  1.10429326e+00 -3.77290524e-02  1.85565014e-05  5.43131042e-04 
 3.09741930e+02  1.10482449e+00 -3.78526659e-02  1.86602163e-05  5.44644967e-04 
 3.10455959e+02  1.10535868e+00 -3.79768717e-02  1.87646034e-05  5.46164449e-04 
 3.11171634e+02  1.10589585e+00 -3.81016743e-02  1.88696681e-05  5.47689517e-04 
 3.11888958e+02  1.10643601e+00 -3.82270779e-02  1.89754159e-05  5.49220203e-04 
 3.12607937e+02  1.10697920e+00 -3.83530867e-02  1.90818520e-05  5.50756537e-04 
 3.13328572e+02  1.10752542e+00 -3.84797051e-02  1.91889820e-05  5.52298551e-04 
 3.14050869e+02  1.10807470e+00 -3.86069374e-02  1.92968115e-05  5.53846275e-04 
 3.14774831e+02  1.10862705e+00 -3.87347882e-02  1.94053459e-05  5.55399742e-04 
 3.15500462e+02  1.10918251e+00 -3.88632619e-02  1.95145909e-05  5.56958983e-04 
 3.16227766e+02  1.10974108e+00 -3.89923630e-02  1.96245522e-05  5.58524031e-04 
 3.16956746e+02  1.11030279e+00 -3.91220960e-02  1.97352356e-05  5.60094917e-04 
 3.17687407e+02  1.11086765e+00 -3.92524656e-02  1.98466469e-05  5.61671675e-04 
 3.18419752e+02  1.11143570e+00 -3.93834763e-02  1.99587919e-05  5.63254337e-04 
 3.19153786e+02  1.11200695e+00 -3.95151330e-02  2.00716765e-05  5.64842936e-04 
 3.19889511e+02  1.11258141e+00 -3.96474402e-02  2.01853068e-05  5.66437506e-04 
 3.20626932e+02  1.11315912e+00 -3.97804028e-02  2.02996887e-05  5.68038081e-04 
 3.21366054e+02  1.11374009e+00 -3.99140256e-02  2.04148284e-05  5.69644694e-04 
 3.22106879e+02  1.11432435e+00 -4.00483135e-02  2.05307320e-05  5.71257379e-04 
 3.22849412e+02  1.11491192e+00 -4.01832714e-02  2.06474058e-05  5.72876172e-04 
 3.23593657e+02  1.11550281e+00 -4.03189043e-02  2.07648560e-05  5.74501106e-04 
 3.24339617e+02  1.11609705e+00 -4.04552172e-02  2.08830890e-05  5.76132217e-04 
 3.25087297e+02  1.11669466e+00 -4.05922151e-02  2.10021111e-05  5.77769541e-04 
 3.25836701e+02  1.11729567e+00 -4.07299031e-02  2.11219290e-05  5.79413112e-04 
 3.26587832e+02  1.11790010e+00 -4.08682865e-02  2.12425491e-05  5.81062967e-04 
 3.27340695e+02  1.11850797e+00 -4.10073704e-02  2.13639780e-05  5.82719141e-04 
 3.28095293e+02  1.11911930e+00 -4.11471602e-02  2.14862225e-05  5.84381672e-04 
 3.28851631e+02  1.11973412e+00 -4.12876610e-02  2.16092892e-05  5.86050596e-04 
 3.29609712e+02  1.12035244e+00 -4.14288784e-02  2.17331850e-05  5.87725951e-04 
 3.30369541e+02  1.12097430e+00 -4.15708177e-02  2.18579168e-05  5.89407772e-04 
 3.31131121e+02  1.12159972e+00 -4.17134844e-02  2.19834915e-05  5.91096100e-04 
 3.31894458e+02  1.12222872e+00 -4.18568840e-02  2.21099162e-05  5.92790970e-04 
 3.32659553e+02  1.12286132e+00 -4.20010222e-02  2.22371979e-05  5.94492422e-04 
 3.33426413e+02  1.12349755e+00 -4.21459045e-02  2.23653439e-05  5.96200494e-04 
 3.34195040e+02  1.12413744e+00 -4.22915367e-02  2.24943614e-05  5.97915225e-04 
 3.34965439e+02  1.12478100e+00 -4.24379246e-02  2.26242577e-05  5.99636655e-04 
 3.35737614e+02  1.12542827e+00 -4.25850739e-02  2.27550402e-05  6.01364823e-04 
 3.36511569e+02  1.12607926e+00 -4.27329905e-02  2.28867164e-05  6.03099769e-04 
 3.37287309e+02  1.12673401e+00 -4.28816805e-02  2.30192939e-05  6.04841533e-04 
 3.38064836e+02  1.12739254e+00 -4.30311497e-02  2.31527803e-05  6.06590156e-04 
 3.38844156e+02  1.12805487e+00 -4.31814042e-02  2.32871833e-05  6.08345678e-04 
 3.39625273e+02  1.12872104e+00 -4.33324502e-02  2.34225108e-05  6.10108142e-04 
 3.40408190e+02  1.12939106e+00 -4.34842938e-02  2.35587706e-05  6.11877588e-04 
 3.41192912e+02  1.13006496e+00 -4.36369412e-02  2.36959706e-05  6.13654059e-04 
 3.41979443e+02  1.13074278e+00 -4.37903989e-02  2.38341190e-05  6.15437598e-04 
 3.42767787e+02  1.13142453e+00 -4.39446731e-02  2.39732238e-05  6.17228245e-04 
 3.43557948e+02  1.13211025e+00 -4.40997704e-02  2.41132934e-05  6.19026046e-04 
 3.44349931e+02  1.13279995e+00 -4.42556971e-02  2.42543359e-05  6.20831043e-04 
 3.45143739e+02  1.13349368e+00 -4.44124599e-02  2.43963598e-05  6.22643280e-04 
 3.45939378e+02  1.13419145e+00 -4.45700655e-02  2.45393737e-05  6.24462801e-04 
 3.46736850e+02  1.13489330e+00 -4.47285205e-02  2.46833860e-05  6.26289651e-04 
 3.47536161e+02  1.13559926e+00 -4.48878318e-02  2.48284055e-05  6.28123874e-04 
 3.48337315e+02  1.13630934e+00 -4.50480061e-02  2.49744409e-05  6.29965517e-04 
 3.49140315e+02  1.13702358e+00 -4.52090504e-02  2.51215011e-05  6.31814624e-04 
 3.49945167e+02  1.13774202e+00 -4.53709717e-02  2.52695951e-05  6.33671243e-04 
 3.50751874e+02  1.13846467e+00 -4.55337772e-02  2.54187318e-05  6.35535418e-04 
 3.51560441e+02  1.13919157e+00 -4.56974738e-02  2.55689206e-05  6.37407198e-04 
 3.52370871e+02  1.13992275e+00 -4.58620689e-02  2.57201705e-05  6.39286630e-04 
 3.53183170e+02  1.14065823e+00 -4.60275697e-02  2.58724911e-05  6.41173761e-04 
 3.53997341e+02  1.14139806e+00 -4.61939837e-02  2.60258917e-05  6.43068639e-04 
 3.54813389e+02  1.14214225e+00 -4.63613182e-02  2.61803819e-05  6.44971314e-04 
 3.55631319e+02  1.14289084e+00 -4.65295808e-02  2.63359714e-05  6.46881834e-04 
 3.56451133e+02  1.14364387e+00 -4.66987792e-02  2.64926700e-05  6.48800248e-04 
 3.57272838e+02  1.14440135e+00 -4.68689210e-02  2.66504875e-05  6.50726607e-04 
 3.58096437e+02  1.14516333e+00 -4.70400140e-02  2.68094339e-05  6.52660960e-04 
 3.58921935e+02  1.14592984e+00 -4.72120661e-02  2.69695194e-05  6.54603359e-04 
 3.59749335e+02  1.14670090e+00 -4.73850851e-02  2.71307542e-05  6.56553855e-04 
 3.60578643e+02  1.14747655e+00 -4.75590793e-02  2.72931486e-05  6.58512499e-04 
 3.61409863e+02  1.14825683e+00 -4.77340566e-02  2.74567131e-05  6.60479343e-04 
 3.62242998e+02  1.14904176e+00 -4.79100253e-02  2.76214582e-05  6.62454441e-04 
 3.63078055e+02  1.14983139e+00 -4.80869936e-02  2.77873946e-05  6.64437845e-04 
 3.63915036e+02  1.15062573e+00 -4.82649700e-02  2.79545331e-05  6.66429609e-04 
 3.64753947e+02  1.15142484e+00 -4.84439630e-02  2.81228847e-05  6.68429787e-04 
 3.65594792e+02  1.15222873e+00 -4.86239811e-02  2.82924603e-05  6.70438433e-04 
 3.66437575e+02  1.15303745e+00 -4.88050330e-02  2.84632713e-05  6.72455602e-04 
 3.67282300e+02  1.15385103e+00 -4.89871275e-02  2.86353289e-05  6.74481350e-04 
 3.68128974e+02  1.15466951e+00 -4.91702734e-02  2.88086445e-05  6.76515733e-04 
 3.68977599e+02  1.15549292e+00 -4.93544796e-02  2.89832297e-05  6.78558808e-04 
 3.69828180e+02  1.15632130e+00 -4.95397553e-02  2.91590962e-05  6.80610630e-04 
 3.70680722e+02  1.15715468e+00 -4.97261096e-02  2.93362558e-05  6.82671259e-04 
 3.71535229e+02  1.15799311e+00 -4.99135517e-02  2.95147206e-05  6.84740752e-04 
 3.72391706e+02  1.15883661e+00 -5.01020911e-02  2.96945025e-05  6.86819168e-04 
 3.73250158e+02  1.15968522e+00 -5.02917372e-02  2.98756139e-05  6.88906566e-04 
 3.74110588e+02  1.16053899e+00 -5.04824995e-02  3.00580672e-05  6.91003005e-04 
 3.74973002e+02  1.16139794e+00 -5.06743878e-02  3.02418749e-05  6.93108546e-04 
 3.75837404e+02  1.16226213e+00 -5.08674118e-02  3.04270496e-05  6.95223250e-04 
 3.76703799e+02  1.16313158e+00 -5.10615815e-02  3.06136042e-05  6.97347178e-04 
 3.77572191e+02  1.16400633e+00 -5.12569068e-02  3.08015517e-05  6.99480393e-04 
 3.78442585e+02  1.16488644e+00 -5.14533980e-02  3.09909053e-05  7.01622956e-04 
 3.79314985e+02  1.16577192e+00 -5.16510652e-02  3.11816781e-05  7.03774930e-04 
 3.80189396e+02  1.16666283e+00 -5.18499188e-02  3.13738837e-05  7.05936381e-04 
 3.81065823e+02  1.16755921e+00 -5.20499692e-02  3.15675356e-05  7.08107371e-04 
 3.81944271e+02  1.16846109e+00 -5.22512272e-02  3.17626476e-05  7.10287966e-04 
 3.82824743e+02  1.16936852e+00 -5.24537034e-02  3.19592337e-05  7.12478231e-04 
 3.83707245e+02  1.17028154e+00 -5.26574086e-02  3.21573080e-05  7.14678233e-04 
 3.84591782e+02  1.17120019e+00 -5.28623539e-02  3.23568846e-05  7.16888039e-04 
 3.85478358e+02  1.17212451e+00 -5.30685503e-02  3.25579780e-05  7.19107715e-04 
 3.86366977e+02  1.17305454e+00 -5.32760091e-02  3.27606030e-05  7.21337330e-04 
 3.87257645e+02  1.17399034e+00 -5.34847416e-02  3.29647741e-05  7.23576952e-04 
 3.88150366e+02  1.17493194e+00 -5.36947593e-02  3.31705064e-05  7.25826652e-04 
 3.89045145e+02  1.17587938e+00 -5.39060739e-02  3.33778150e-05  7.28086499e-04 
 3.89941987e+02  1.17683272e+00 -5.41186970e-02  3.35867153e-05  7.30356564e-04 
 3.90840896e+02  1.17779199e+00 -5.43326407e-02  3.37972228e-05  7.32636918e-04 
 3.91741877e+02  1.17875725e+00 -5.45479169e-02  3.40093531e-05  7.34927633e-04 
 3.92644935e+02  1.17972853e+00 -5.47645378e-02  3.42231222e-05  7.37228783e-04 
 3.93550075e+02  1.18070588e+00 -5.49825158e-02  3.44385462e-05  7.39540440e-04 
 3.94457302e+02  1.18168935e+00 -5.52018633e-02  3.46556412e-05  7.41862680e-04 
 3.95366620e+02  1.18267899e+00 -5.54225930e-02  3.48744239e-05  7.44195576e-04 
 3.96278034e+02  1.18367484e+00 -5.56447176e-02  3.50949109e-05  7.46539205e-04 
 3.97191549e+02  1.18467696e+00 -5.58682500e-02  3.53171191e-05  7.48893643e-04 
 3.98107171e+02  1.18568539e+00 -5.60932034e-02  3.55410656e-05  7.51258968e-04 
 3.99024902e+02  1.18670017e+00 -5.63195910e-02  3.57667677e-05  7.53635257e-04 
 3.99944750e+02  1.18772137e+00 -5.65474261e-02  3.59942430e-05  7.56022589e-04 
 4.00866718e+02  1.18874902e+00 -5.67767224e-02  3.62235091e-05  7.58421044e-04 
 4.01790811e+02  1.18978319e+00 -5.70074936e-02  3.64545842e-05  7.60830702e-04 
 4.02717034e+02  1.19082391e+00 -5.72397535e-02  3.66874863e-05  7.63251644e-04 
 4.03645393e+02  1.19187125e+00 -5.74735162e-02  3.69222339e-05  7.65683951e-04 
 4.04575892e+02  1.19292525e+00 -5.77087959e-02  3.71588457e-05  7.68127708e-04 
 4.05508535e+02  1.19398596e+00 -5.79456071e-02  3.73973406e-05  7.70582997e-04 
 4.06443329e+02  1.19505345e+00 -5.81839644e-02  3.76377376e-05  7.73049903e-04 
 4.07380278e+02  1.19612775e+00 -5.84238824e-02  3.78800563e-05  7.75528511e-04 
 4.08319386e+02  1.19720893e+00 -5.86653762e-02  3.81243161e-05  7.78018907e-04 
 4.09260660e+02  1.19829705e+00 -5.89084609e-02  3.83705371e-05  7.80521179e-04 
 4.10204103e+02  1.19939215e+00 -5.91531518e-02  3.86187392e-05  7.83035413e-04 
 4.11149721e+02  1.20049429e+00 -5.93994644e-02  3.88689430e-05  7.85561700e-04 
 4.12097519e+02  1.20160353e+00 -5.96474144e-02  3.91211690e-05  7.88100128e-04 
 4.13047502e+02  1.20271993e+00 -5.98970177e-02  3.93754383e-05  7.90650789e-04 
 4.13999675e+02  1.20384354e+00 -6.01482904e-02  3.96317719e-05  7.93213774e-04 
 4.14954043e+02  1.20497441e+00 -6.04012488e-02  3.98901913e-05  7.95789175e-04 
 4.15910610e+02  1.20611262e+00 -6.06559094e-02  4.01507184e-05  7.98377087e-04 
 4.16869383e+02  1.20725822e+00 -6.09122889e-02  4.04133751e-05  8.00977602e-04 
 4.17830367e+02  1.20841126e+00 -6.11704043e-02  4.06781837e-05  8.03590818e-04 
 4.18793565e+02  1.20957181e+00 -6.14302727e-02  4.09451668e-05  8.06216830e-04 
 4.19758984e+02  1.21073994e+00 -6.16919114e-02  4.12143475e-05  8.08855735e-04 
 4.20726628e+02  1.21191569e+00 -6.19553381e-02  4.14857488e-05  8.11507633e-04 
 4.21696503e+02  1.21309913e+00 -6.22205705e-02  4.17593943e-05  8.14172622e-04 
 4.22668614e+02  1.21429034e+00 -6.24876267e-02  4.20353078e-05  8.16850804e-04 
 4.23642966e+02  1.21548936e+00 -6.27565249e-02  4.23135135e-05  8.19542279e-04 
 4.24619564e+02  1.21669627e+00 -6.30272836e-02  4.25940358e-05  8.22247151e-04 
 4.25598413e+02  1.21791112e+00 -6.32999217e-02  4.28768996e-05  8.24965523e-04 
 4.26579519e+02  1.21913399e+00 -6.35744580e-02  4.31621299e-05  8.27697500e-04 
 4.27562886e+02  1.22036495e+00 -6.38509118e-02  4.34497523e-05  8.30443188e-04 
 4.28548520e+02  1.22160405e+00 -6.41293026e-02  4.37397925e-05  8.33202694e-04 
 4.29536427e+02  1.22285137e+00 -6.44096501e-02  4.40322767e-05  8.35976127e-04 
 4.30526610e+02  1.22410697e+00 -6.46919743e-02  4.43272314e-05  8.38763596e-04 
 4.31519077e+02  1.22537093e+00 -6.49762955e-02  4.46246835e-05  8.41565211e-04 
 4.32513831e+02  1.22664331e+00 -6.52626342e-02  4.49246602e-05  8.44381084e-04 
 4.33510878e+02  1.22792418e+00 -6.55510113e-02  4.52271892e-05  8.47211329e-04 
 4.34510224e+02  1.22921363e+00 -6.58414477e-02  4.55322984e-05  8.50056060e-04 
 4.35511874e+02  1.23051171e+00 -6.61339649e-02  4.58400162e-05  8.52915391e-04 
 4.36515832e+02  1.23181850e+00 -6.64285844e-02  4.61503713e-05  8.55789440e-04 
 4.37522105e+02  1.23313408e+00 -6.67253283e-02  4.64633930e-05  8.58678326e-04 
 4.38530698e+02  1.23445851e+00 -6.70242186e-02  4.67791107e-05  8.61582166e-04 
 4.39541615e+02  1.23579189e+00 -6.73252781e-02  4.70975545e-05  8.64501083e-04 
 4.40554864e+02  1.23713427e+00 -6.76285294e-02  4.74187548e-05  8.67435197e-04 
 4.41570447e+02  1.23848575e+00 -6.79339958e-02  4.77427424e-05  8.70384632e-04 
 4.42588372e+02  1.23984639e+00 -6.82417006e-02  4.80695485e-05  8.73349514e-04 
 4.43608644e+02  1.24121627e+00 -6.85516677e-02  4.83992048e-05  8.76329967e-04 
 4.44631267e+02  1.24259549e+00 -6.88639212e-02  4.87317435e-05  8.79326120e-04 
 4.45656248e+02  1.24398411e+00 -6.91784853e-02  4.90671972e-05  8.82338101e-04 
 4.46683592e+02  1.24538221e+00 -6.94953851e-02  4.94055988e-05  8.85366041e-04 
 4.47713304e+02  1.24678989e+00 -6.98146454e-02  4.97469820e-05  8.88410071e-04 
 4.48745390e+02  1.24820722e+00 -7.01362918e-02  5.00913807e-05  8.91470326e-04 
 4.49779855e+02  1.24963429e+00 -7.04603501e-02  5.04388294e-05  8.94546939e-04 
 4.50816705e+02  1.25107118e+00 -7.07868464e-02  5.07893631e-05  8.97640048e-04 
 4.51855944e+02  1.25251798e+00 -7.11158073e-02  5.11430172e-05  9.00749790e-04 
 4.52897580e+02  1.25397477e+00 -7.14472596e-02  5.14998279e-05  9.03876304e-04 
 4.53941617e+02  1.25544165e+00 -7.17812306e-02  5.18598315e-05  9.07019732e-04 
 4.54988060e+02  1.25691871e+00 -7.21177479e-02  5.22230651e-05  9.10180216e-04 
 4.56036916e+02  1.25840602e+00 -7.24568397e-02  5.25895664e-05  9.13357902e-04 
 4.57088190e+02  1.25990370e+00 -7.27985343e-02  5.29593733e-05  9.16552934e-04 
 4.58141887e+02  1.26141182e+00 -7.31428606e-02  5.33325247e-05  9.19765460e-04 
 4.59198013e+02  1.26293048e+00 -7.34898479e-02  5.37090598e-05  9.22995631e-04 
 4.60256574e+02  1.26445977e+00 -7.38395257e-02  5.40890184e-05  9.26243596e-04 
 4.61317575e+02  1.26599980e+00 -7.41919242e-02  5.44724410e-05  9.29509510e-04 
 4.62381021e+02  1.26755065e+00 -7.45470740e-02  5.48593684e-05  9.32793527e-04 
 4.63446920e+02  1.26911243e+00 -7.49050059e-02  5.52498425e-05  9.36095803e-04 
 4.64515275e+02  1.27068523e+00 -7.52657514e-02  5.56439054e-05  9.39416497e-04 
 4.65586094e+02  1.27226915e+00 -7.56293424e-02  5.60416000e-05  9.42755768e-04 
 4.66659380e+02  1.27386430e+00 -7.59958112e-02  5.64429698e-05  9.46113780e-04 
 4.67735141e+02  1.27547077e+00 -7.63651905e-02  5.68480591e-05  9.49490697e-04 
 4.68813382e+02  1.27708868e+00 -7.67375137e-02  5.72569125e-05  9.52886683e-04 
 4.69894109e+02  1.27871812e+00 -7.71128146e-02  5.76695758e-05  9.56301908e-04 
 4.70977326e+02  1.28035921e+00 -7.74911273e-02  5.80860950e-05  9.59736541e-04 
 4.72063041e+02  1.28201204e+00 -7.78724866e-02  5.85065170e-05  9.63190755e-04 
 4.73151259e+02  1.28367673e+00 -7.82569280e-02  5.89308896e-05  9.66664723e-04 
 4.74241985e+02  1.28535339e+00 -7.86444870e-02  5.93592610e-05  9.70158623e-04 
 4.75335226e+02  1.28704212e+00 -7.90352001e-02  5.97916804e-05  9.73672631e-04 
 4.76430987e+02  1.28874305e+00 -7.94291042e-02  6.02281976e-05  9.77206930e-04 
 4.77529274e+02  1.29045628e+00 -7.98262367e-02  6.06688632e-05  9.80761701e-04 
 4.78630092e+02  1.29218194e+00 -8.02266355e-02  6.11137286e-05  9.84337130e-04 
 4.79733449e+02  1.29392013e+00 -8.06303393e-02  6.15628460e-05  9.87933404e-04 
 4.80839348e+02  1.29567097e+00 -8.10373872e-02  6.20162685e-05  9.91550712e-04 
 4.81947798e+02  1.29743459e+00 -8.14478189e-02  6.24740499e-05  9.95189247e-04 
 4.83058802e+02  1.29921111e+00 -8.18616748e-02  6.29362449e-05  9.98849202e-04 
 4.84172368e+02  1.30100064e+00 -8.22789958e-02  6.34029090e-05  1.00253078e-03 
 4.85288500e+02  1.30280332e+00 -8.26998236e-02  6.38740987e-05  1.00623416e-03 
 4.86407206e+02  1.30461927e+00 -8.31242003e-02  6.43498712e-05  1.00995957e-03 
 4.87528490e+02  1.30644861e+00 -8.35521689e-02  6.48302849e-05  1.01370720e-03 
 4.88652359e+02  1.30829147e+00 -8.39837729e-02  6.53153988e-05  1.01747726e-03 
 4.89778819e+02  1.31014799e+00 -8.44190565e-02  6.58052731e-05  1.02126996e-03 
 4.90907876e+02  1.31201830e+00 -8.48580646e-02  6.62999688e-05  1.02508551e-03 
 4.92039536e+02  1.31390253e+00 -8.53008428e-02  6.67995480e-05  1.02892412e-03 
 4.93173804e+02  1.31580081e+00 -8.57474375e-02  6.73040738e-05  1.03278602e-03 
 4.94310687e+02  1.31771328e+00 -8.61978956e-02  6.78136101e-05  1.03667142e-03 
 4.95450191e+02  1.31964009e+00 -8.66522650e-02  6.83282222e-05  1.04058055e-03 
 4.96592321e+02  1.32158137e+00 -8.71105942e-02  6.88479761e-05  1.04451362e-03 
 4.97737085e+02  1.32353726e+00 -8.75729326e-02  6.93729392e-05  1.04847088e-03 
 4.98884487e+02  1.32550791e+00 -8.80393301e-02  6.99031797e-05  1.05245255e-03 
 5.00034535e+02  1.32749346e+00 -8.85098379e-02  7.04387673e-05  1.05645887e-03 
 5.01187234e+02  1.32949407e+00 -8.89845074e-02  7.09797724e-05  1.06049007e-03 
 5.02342590e+02  1.33150988e+00 -8.94633914e-02  7.15262669e-05  1.06454640e-03 
 5.03500609e+02  1.33354104e+00 -8.99465431e-02  7.20783238e-05  1.06862810e-03 
 5.04661298e+02  1.33558772e+00 -9.04340169e-02  7.26360173e-05  1.07273541e-03 
 5.05824662e+02  1.33765005e+00 -9.09258679e-02  7.31994229e-05  1.07686860e-03 
 5.06990708e+02  1.33972821e+00 -9.14221521e-02  7.37686172e-05  1.08102790e-03 
 5.08159443e+02  1.34182234e+00 -9.19229266e-02  7.43436782e-05  1.08521358e-03 
 5.09330871e+02  1.34393262e+00 -9.24282490e-02  7.49246853e-05  1.08942591e-03 
 5.10505000e+02  1.34605921e+00 -9.29381784e-02  7.55117192e-05  1.09366513e-03 
 5.11681836e+02  1.34820227e+00 -9.34527746e-02  7.61048618e-05  1.09793153e-03 
 5.12861384e+02  1.35036197e+00 -9.39720982e-02  7.67041967e-05  1.10222537e-03 
 5.14043652e+02  1.35253849e+00 -9.44962113e-02  7.73098086e-05  1.10654692e-03 
 5.15228645e+02  1.35473199e+00 -9.50251765e-02  7.79217839e-05  1.11089648e-03 
 5.16416369e+02  1.35694266e+00 -9.55590579e-02  7.85402105e-05  1.11527430e-03 
 5.17606832e+02  1.35917066e+00 -9.60979203e-02  7.91651777e-05  1.11968070e-03 
 5.18800039e+02  1.36141618e+00 -9.66418299e-02  7.97967762e-05  1.12411595e-03 
 5.19995997e+02  1.36367940e+00 -9.71908538e-02  8.04350987e-05  1.12858034e-03 
 5.21194711e+02  1.36596051e+00 -9.77450604e-02  8.10802392e-05  1.13307419e-03 
 5.22396189e+02  1.36825970e+00 -9.83045192e-02  8.17322934e-05  1.13759778e-03 
 5.23600437e+02  1.37057715e+00 -9.88693009e-02  8.23913587e-05  1.14215143e-03 
 5.24807460e+02  1.37291305e+00 -9.94394773e-02  8.30575344e-05  1.14673544e-03 
 5.26017266e+02  1.37526761e+00 -1.00015122e-01  8.37309212e-05  1.15135014e-03 
 5.27229861e+02  1.37764102e+00 -1.00596308e-01  8.44116219e-05  1.15599583e-03 
 5.28445252e+02  1.38003348e+00 -1.01183113e-01  8.50997410e-05  1.16067285e-03 
 5.29663444e+02  1.38244520e+00 -1.01775613e-01  8.57953848e-05  1.16538152e-03 
 5.30884444e+02  1.38487638e+00 -1.02373886e-01  8.64986618e-05  1.17012218e-03 
 5.32108259e+02  1.38732724e+00 -1.02978012e-01  8.72096822e-05  1.17489516e-03 
 5.33334895e+02  1.38979797e+00 -1.03588072e-01  8.79285582e-05  1.17970081e-03 
 5.34564359e+02  1.39228881e+00 -1.04204149e-01  8.86554041e-05  1.18453947e-03 
 5.35796658e+02  1.39479997e+00 -1.04826327e-01  8.93903363e-05  1.18941149e-03 
 5.37031796e+02  1.39733166e+00 -1.05454691e-01  9.01334734e-05  1.19431724e-03 
 5.38269783e+02  1.39988412e+00 -1.06089329e-01  9.08849360e-05  1.19925707e-03 
 5.39510623e+02  1.40245757e+00 -1.06730329e-01  9.16448470e-05  1.20423136e-03 
 5.40754323e+02  1.40505225e+00 -1.07377781e-01  9.24133317e-05  1.20924048e-03 
 5.42000890e+02  1.40766838e+00 -1.08031777e-01  9.31905175e-05  1.21428480e-03 
 5.43250331e+02  1.41030621e+00 -1.08692411e-01  9.39765344e-05  1.21936471e-03 
 5.44502653e+02  1.41296598e+00 -1.09359778e-01  9.47715147e-05  1.22448060e-03 
 5.45757861e+02  1.41564794e+00 -1.10033974e-01  9.55755931e-05  1.22963286e-03 
 5.47015963e+02  1.41835232e+00 -1.10715099e-01  9.63889071e-05  1.23482190e-03 
 5.48276965e+02  1.42107939e+00 -1.11403254e-01  9.72115967e-05  1.24004813e-03 
 5.49540874e+02  1.42382939e+00 -1.12098539e-01  9.80438043e-05  1.24531195e-03 
 5.50807696e+02  1.42660260e+00 -1.12801060e-01  9.88856753e-05  1.25061379e-03 
 5.52077439e+02  1.42939927e+00 -1.13510924e-01  9.97373579e-05  1.25595407e-03 
 5.53350109e+02  1.43221967e+00 -1.14228237e-01  1.00599003e-04  1.26133323e-03 
 5.54625713e+02  1.43506407e+00 -1.14953111e-01  1.01470765e-04  1.26675169e-03 
 5.55904257e+02  1.43793275e+00 -1.15685658e-01  1.02352799e-04  1.27220992e-03 
 5.57185749e+02  1.44082599e+00 -1.16425993e-01  1.03245267e-04  1.27770836e-03 
 5.58470195e+02  1.44374407e+00 -1.17174231e-01  1.04148331e-04  1.28324746e-03 
 5.59757601e+02  1.44668728e+00 -1.17930492e-01  1.05062157e-04  1.28882771e-03 
 5.61047976e+02  1.44965591e+00 -1.18694898e-01  1.05986915e-04  1.29444956e-03 
 5.62341325e+02  1.45265026e+00 -1.19467570e-01  1.06922778e-04  1.30011350e-03 
 5.63637656e+02  1.45567063e+00 -1.20248636e-01  1.07869921e-04  1.30582002e-03 
 5.64936975e+02  1.45871733e+00 -1.21038224e-01  1.08828525e-04  1.31156961e-03 
 5.66239289e+02  1.46179067e+00 -1.21836464e-01  1.09798773e-04  1.31736277e-03 
 5.67544605e+02  1.46489096e+00 -1.22643490e-01  1.10780852e-04  1.32320003e-03 
 5.68852931e+02  1.46801853e+00 -1.23459437e-01  1.11774953e-04  1.32908188e-03 
 5.70164272e+02  1.47117370e+00 -1.24284445e-01  1.12781270e-04  1.33500888e-03 
 5.71478637e+02  1.47435680e+00 -1.25118655e-01  1.13800001e-04  1.34098154e-03 
 5.72796031e+02  1.47756817e+00 -1.25962210e-01  1.14831351e-04  1.34700041e-03 
 5.74116462e+02  1.48080815e+00 -1.26815258e-01  1.15875524e-04  1.35306605e-03 
 5.75439937e+02  1.48407708e+00 -1.27677949e-01  1.16932733e-04  1.35917901e-03 
 5.76766463e+02  1.48737533e+00 -1.28550436e-01  1.18003192e-04  1.36533988e-03 
 5.78096047e+02  1.49070324e+00 -1.29432875e-01  1.19087122e-04  1.37154922e-03 
 5.79428696e+02  1.49406118e+00 -1.30325425e-01  1.20184747e-04  1.37780763e-03 
 5.80764418e+02  1.49744952e+00 -1.31228249e-01  1.21296295e-04  1.38411570e-03 
 5.82103218e+02  1.50086864e+00 -1.32141513e-01  1.22422002e-04  1.39047404e-03 
 5.83445104e+02  1.50431892e+00 -1.33065385e-01  1.23562104e-04  1.39688328e-03 
 5.84790084e+02  1.50780074e+00 -1.34000038e-01  1.24716847e-04  1.40334404e-03 
 5.86138165e+02  1.51131451e+00 -1.34945650e-01  1.25886480e-04  1.40985696e-03 
 5.87489353e+02  1.51486061e+00 -1.35902398e-01  1.27071256e-04  1.41642269e-03 
 5.88843655e+02  1.51843946e+00 -1.36870469e-01  1.28271436e-04  1.42304189e-03 
 5.90201080e+02  1.52205148e+00 -1.37850047e-01  1.29487284e-04  1.42971523e-03 
 5.91561634e+02  1.52569708e+00 -1.38841327e-01  1.30719072e-04  1.43644339e-03 
 5.92925325e+02  1.52937669e+00 -1.39844502e-01  1.31967077e-04  1.44322707e-03 
 5.94292159e+02  1.53309074e+00 -1.40859772e-01  1.33231582e-04  1.45006698e-03 
 5.95662144e+02  1.53683969e+00 -1.41887342e-01  1.34512875e-04  1.45696382e-03 
 5.97035287e+02  1.54062397e+00 -1.42927420e-01  1.35811253e-04  1.46391834e-03 
 5.98411595e+02  1.54444405e+00 -1.43980218e-01  1.37127017e-04  1.47093127e-03 
 5.99791076e+02  1.54830039e+00 -1.45045954e-01  1.38460476e-04  1.47800337e-03 
 6.01173737e+02  1.55219347e+00 -1.46124850e-01  1.39811946e-04  1.48513541e-03 
 6.02559586e+02  1.55612376e+00 -1.47217133e-01  1.41181749e-04  1.49232817e-03 
 6.03948629e+02  1.56009176e+00 -1.48323035e-01  1.42570215e-04  1.49958244e-03 
 6.05340875e+02  1.56409797e+00 -1.49442792e-01  1.43977681e-04  1.50689903e-03 
 6.06736330e+02  1.56814288e+00 -1.50576648e-01  1.45404493e-04  1.51427877e-03 
 6.08135001e+02  1.57222703e+00 -1.51724849e-01  1.46851003e-04  1.52172249e-03 
 6.09536897e+02  1.57635092e+00 -1.52887649e-01  1.48317571e-04  1.52923105e-03 
 6.10942025e+02  1.58051510e+00 -1.54065307e-01  1.49804567e-04  1.53680531e-03 
 6.12350392e+02  1.58472011e+00 -1.55258086e-01  1.51312369e-04  1.54444615e-03 
 6.13762005e+02  1.58896650e+00 -1.56466259e-01  1.52841362e-04  1.55215448e-03 
 6.15176873e+02  1.59325484e+00 -1.57690101e-01  1.54391943e-04  1.55993121e-03 
 6.16595002e+02  1.59758569e+00 -1.58929895e-01  1.55964515e-04  1.56777727e-03 
 6.18016400e+02  1.60195964e+00 -1.60185932e-01  1.57559493e-04  1.57569361e-03 
 6.19441075e+02  1.60637729e+00 -1.61458507e-01  1.59177300e-04  1.58368119e-03 
 6.20869034e+02  1.61083924e+00 -1.62747924e-01  1.60818371e-04  1.59174100e-03 
 6.22300285e+02  1.61534610e+00 -1.64054492e-01  1.62483149e-04  1.59987404e-03 
 6.23734835e+02  1.61989851e+00 -1.65378529e-01  1.64172089e-04  1.60808132e-03 
 6.25172693e+02  1.62449709e+00 -1.66720359e-01  1.65885658e-04  1.61636389e-03 
 6.26613865e+02  1.62914250e+00 -1.68080316e-01  1.67624331e-04  1.62472280e-03 
 6.28058359e+02  1.63383540e+00 -1.69458739e-01  1.69388598e-04  1.63315913e-03 
 6.29506183e+02  1.63857647e+00 -1.70855977e-01  1.71178958e-04  1.64167398e-03 
 6.30957344e+02  1.64336638e+00 -1.72272387e-01  1.72995925e-04  1.65026847e-03 
 6.32411851e+02  1.64820585e+00 -1.73708333e-01  1.74840023e-04  1.65894372e-03 
 6.33869711e+02  1.65309559e+00 -1.75164191e-01  1.76711791e-04  1.66770092e-03 
 6.35330932e+02  1.65803631e+00 -1.76640343e-01  1.78611781e-04  1.67654123e-03 
 6.36795521e+02  1.66302876e+00 -1.78137182e-01  1.80540558e-04  1.68546587e-03 
 6.38263486e+02  1.66807369e+00 -1.79655111e-01  1.82498701e-04  1.69447605e-03 
 6.39734835e+02  1.67317188e+00 -1.81194540e-01  1.84486805e-04  1.70357304e-03 
 6.41209577e+02  1.67832411e+00 -1.82755893e-01  1.86505478e-04  1.71275812e-03 
 6.42687717e+02  1.68353116e+00 -1.84339603e-01  1.88555346e-04  1.72203257e-03 
 6.44169266e+02  1.68879387e+00 -1.85946113e-01  1.90637049e-04  1.73139774e-03 
 6.45654229e+02  1.69411305e+00 -1.87575878e-01  1.92751244e-04  1.74085496e-03 
 6.47142616e+02  1.69948955e+00 -1.89229364e-01  1.94898606e-04  1.75040563e-03 
 6.48634434e+02  1.70492425e+00 -1.90907050e-01  1.97079825e-04  1.76005115e-03 
 6.50129690e+02  1.71041800e+00 -1.92609426e-01  1.99295613e-04  1.76979295e-03 
 6.51628394e+02  1.71597172e+00 -1.94336994e-01  2.01546696e-04  1.77963250e-03 
 6.53130553e+02  1.72158631e+00 -1.96090271e-01  2.03833823e-04  1.78957129e-03 
 6.54636174e+02  1.72726272e+00 -1.97869786e-01  2.06157760e-04  1.79961084e-03 
 6.56145266e+02  1.73300188e+00 -1.99676082e-01  2.08519296e-04  1.80975271e-03 
 6.57657837e+02  1.73880478e+00 -2.01509717e-01  2.10919238e-04  1.81999849e-03 
 6.59173895e+02  1.74467241e+00 -2.03371262e-01  2.13358419e-04  1.83034979e-03 
 6.60693448e+02  1.75060576e+00 -2.05261304e-01  2.15837691e-04  1.84080826e-03 
 6.62216504e+02  1.75660589e+00 -2.07180447e-01  2.18357930e-04  1.85137560e-03 
 6.63743070e+02  1.76267383e+00 -2.09129309e-01  2.20920036e-04  1.86205351e-03 
 6.65273156e+02  1.76881066e+00 -2.11108526e-01  2.23524934e-04  1.87284376e-03 
 6.66806769e+02  1.77501749e+00 -2.13118751e-01  2.26173575e-04  1.88374815e-03 
 6.68343918e+02  1.78129542e+00 -2.15160653e-01  2.28866936e-04  1.89476849e-03 
 6.69884609e+02  1.78764561e+00 -2.17234923e-01  2.31606021e-04  1.90590666e-03 
 6.71428853e+02  1.79406922e+00 -2.19342267e-01  2.34391862e-04  1.91716458e-03 
 6.72976656e+02  1.80056744e+00 -2.21483413e-01  2.37225521e-04  1.92854418e-03 
 6.74528028e+02  1.80714148e+00 -2.23659110e-01  2.40108090e-04  1.94004747e-03 
 6.76082975e+02  1.81379260e+00 -2.25870124e-01  2.43040692e-04  1.95167648e-03 
 6.77641508e+02  1.82052206e+00 -2.28117247e-01  2.46024481e-04  1.96343328e-03 
 6.79203633e+02  1.82733116e+00 -2.30401291e-01  2.49060646e-04  1.97532001e-03 
 6.80769359e+02  1.83422122e+00 -2.32723091e-01  2.52150410e-04  1.98733882e-03 
 6.82338694e+02  1.84119360e+00 -2.35083508e-01  2.55295032e-04  1.99949195e-03 
 6.83911647e+02  1.84824968e+00 -2.37483424e-01  2.58495808e-04  2.01178165e-03 
 6.85488226e+02  1.85539088e+00 -2.39923751e-01  2.61754071e-04  2.02421025e-03 
 6.87068440e+02  1.86261863e+00 -2.42405424e-01  2.65071195e-04  2.03678011e-03 
 6.88652296e+02  1.86993442e+00 -2.44929407e-01  2.68448594e-04  2.04949365e-03 
 6.90239804e+02  1.87733975e+00 -2.47496692e-01  2.71887725e-04  2.06235336e-03 
 6.91830971e+02  1.88483618e+00 -2.50108301e-01  2.75390090e-04  2.07536176e-03 
 6.93425806e+02  1.89242527e+00 -2.52765286e-01  2.78957235e-04  2.08852145e-03 
 6.95024318e+02  1.90010864e+00 -2.55468729e-01  2.82590754e-04  2.10183507e-03 
 6.96626514e+02  1.90788794e+00 -2.58219747e-01  2.86292290e-04  2.11530533e-03 
 6.98232404e+02  1.91576485e+00 -2.61019490e-01  2.90063537e-04  2.12893501e-03 
 6.99841996e+02  1.92374112e+00 -2.63869143e-01  2.93906241e-04  2.14272694e-03 
 7.01455298e+02  1.93181849e+00 -2.66769927e-01  2.97822203e-04  2.15668402e-03 
 7.03072320e+02  1.93999879e+00 -2.69723102e-01  3.01813281e-04  2.17080923e-03 
 7.04693069e+02  1.94828384e+00 -2.72729965e-01  3.05881393e-04  2.18510560e-03 
 7.06317554e+02  1.95667556e+00 -2.75791856e-01  3.10028515e-04  2.19957625e-03 
 7.07945784e+02  1.96517587e+00 -2.78910156e-01  3.14256689e-04  2.21422437e-03 
 7.09577768e+02  1.97378676e+00 -2.82086289e-01  3.18568022e-04  2.22905320e-03 
 7.11213514e+02  1.98251026e+00 -2.85321725e-01  3.22964690e-04  2.24406610e-03 
 7.12853030e+02  1.99134844e+00 -2.88617982e-01  3.27448939e-04  2.25926648e-03 
 7.14496326e+02  2.00030342e+00 -2.91976626e-01  3.32023090e-04  2.27465785e-03 
 7.16143410e+02  2.00937739e+00 -2.95399273e-01  3.36689540e-04  2.29024379e-03 
 7.17794291e+02  2.01857258e+00 -2.98887594e-01  3.41450766e-04  2.30602798e-03 
 7.19448978e+02  2.02789127e+00 -3.02443314e-01  3.46309328e-04  2.32201418e-03 
 7.21107479e+02  2.03733581e+00 -3.06068214e-01  3.51267873e-04  2.33820626e-03 
 7.22769804e+02  2.04690857e+00 -3.09764135e-01  3.56329136e-04  2.35460817e-03 
 7.24435960e+02  2.05661204e+00 -3.13532981e-01  3.61495948e-04  2.37122396e-03 
 7.26105957e+02  2.06644871e+00 -3.17376718e-01  3.66771234e-04  2.38805779e-03 
 7.27779805e+02  2.07642117e+00 -3.21297382e-01  3.72158025e-04  2.40511391e-03 
 7.29457510e+02  2.08653206e+00 -3.25297075e-01  3.77659453e-04  2.42239669e-03 
 7.31139083e+02  2.09678409e+00 -3.29377973e-01  3.83278761e-04  2.43991061e-03 
 7.32824533e+02  2.10718005e+00 -3.33542328e-01  3.89019309e-04  2.45766026e-03 
 7.34513868e+02  2.11772276e+00 -3.37792471e-01  3.94884572e-04  2.47565035e-03 
 7.36207097e+02  2.12841516e+00 -3.42130812e-01  4.00878154e-04  2.49388571e-03 
 7.37904230e+02  2.13926025e+00 -3.46559850e-01  4.07003786e-04  2.51237129e-03 
 7.39605275e+02  2.15026108e+00 -3.51082171e-01  4.13265334e-04  2.53111219e-03 
 7.41310241e+02  2.16142081e+00 -3.55700453e-01  4.19666807e-04  2.55011362e-03 
 7.43019138e+02  2.17274267e+00 -3.60417473e-01  4.26212359e-04  2.56938092e-03 
 7.44731974e+02  2.18422998e+00 -3.65236107e-01  4.32906301e-04  2.58891961e-03 
 7.46448758e+02  2.19588614e+00 -3.70159338e-01  4.39753102e-04  2.60873532e-03 
 7.48169501e+02  2.20771463e+00 -3.75190258e-01  4.46757400e-04  2.62883384e-03 
 7.49894209e+02  2.21971904e+00 -3.80332073e-01  4.53924008e-04  2.64922112e-03 
 7.51622894e+02  2.23190305e+00 -3.85588112e-01  4.61257921e-04  2.66990327e-03 
 7.53355564e+02  2.24427043e+00 -3.90961826e-01  4.68764328e-04  2.69088655e-03 
 7.55092228e+02  2.25682505e+00 -3.96456798e-01  4.76448618e-04  2.71217741e-03 
 7.56832895e+02  2.26957089e+00 -4.02076751e-01  4.84316386e-04  2.73378247e-03 
 7.58577575e+02  2.28251203e+00 -4.07825547e-01  4.92373452e-04  2.75570851e-03 
 7.60326277e+02  2.29565268e+00 -4.13707200e-01  5.00625862e-04  2.77796254e-03 
 7.62079010e+02  2.30899714e+00 -4.19725881e-01  5.09079901e-04  2.80055171e-03 
 7.63835784e+02  2.32254982e+00 -4.25885926e-01  5.17742111e-04  2.82348341e-03 
 7.65596607e+02  2.33631528e+00 -4.32191841e-01  5.26619293e-04  2.84676522e-03 
 7.67361489e+02  2.35029818e+00 -4.38648313e-01  5.35718526e-04  2.87040493e-03 
 7.69130440e+02  2.36450333e+00 -4.45260219e-01  5.45047181e-04  2.89441054e-03 
 7.70903469e+02  2.37893564e+00 -4.52032633e-01  5.54612930e-04  2.91879030e-03 
 7.72680585e+02  2.39360019e+00 -4.58970836e-01  5.64423766e-04  2.94355267e-03 
 7.74461798e+02  2.40850217e+00 -4.66080328e-01  5.74488017e-04  2.96870636e-03 
 7.76247117e+02  2.42364693e+00 -4.73366835e-01  5.84814361e-04  2.99426032e-03 
 7.78036551e+02  2.43903997e+00 -4.80836326e-01  5.95411848e-04  3.02022375e-03 
 7.79830111e+02  2.45468694e+00 -4.88495020e-01  6.06289913e-04  3.04660614e-03 
 7.81627805e+02  2.47059364e+00 -4.96349401e-01  6.17458400e-04  3.07341723e-03 
 7.83429643e+02  2.48676605e+00 -5.04406229e-01  6.28927584e-04  3.10066703e-03 
 7.85235635e+02  2.50321029e+00 -5.12672559e-01  6.40708188e-04  3.12836585e-03 
 7.87045790e+02  2.51993268e+00 -5.21155752e-01  6.52811411e-04  3.15652432e-03 
 7.88860118e+02  2.53693969e+00 -5.29863491e-01  6.65248951e-04  3.18515334e-03 
 7.90678628e+02  2.55423801e+00 -5.38803802e-01  6.78033034e-04  3.21426415e-03 
 7.92501330e+02  2.57183447e+00 -5.47985065e-01  6.91176436e-04  3.24386830e-03 
 7.94328235e+02  2.58973612e+00 -5.57416040e-01  7.04692522e-04  3.27397769e-03 
 7.96159350e+02  2.60795020e+00 -5.67105883e-01  7.18595270e-04  3.30460455e-03 
 7.97994687e+02  2.62648417e+00 -5.77064169e-01  7.32899307e-04  3.33576148e-03 
 7.99834255e+02  2.64534567e+00 -5.87300915e-01  7.47619946e-04  3.36746144e-03 
 8.01678063e+02  2.66454256e+00 -5.97826603e-01  7.62773223e-04  3.39971776e-03 
 8.03526122e+02  2.68408295e+00 -6.08652207e-01  7.78375939e-04  3.43254417e-03 
 8.05378441e+02  2.70397512e+00 -6.19789218e-01  7.94445700e-04  3.46595479e-03 
 8.07235030e+02  2.72422763e+00 -6.31249677e-01  8.11000964e-04  3.49996415e-03 
 8.09095899e+02  2.74484925e+00 -6.43046203e-01  8.28061093e-04  3.53458719e-03 
 8.10961058e+02  2.76584899e+00 -6.55192026e-01  8.45646402e-04  3.56983930e-03 
 8.12830516e+02  2.78723610e+00 -6.67701026e-01  8.63778212e-04  3.60573628e-03 
 8.14704284e+02  2.80902010e+00 -6.80587764e-01  8.82478917e-04  3.64229442e-03 
 8.16582371e+02  2.83121074e+00 -6.93867526e-01  9.01772037e-04  3.67953043e-03 
 8.18464788e+02  2.85381805e+00 -7.07556368e-01  9.21682297e-04  3.71746152e-03 
 8.20351544e+02  2.87685229e+00 -7.21671156e-01  9.42235687e-04  3.75610535e-03 
 8.22242650e+02  2.90032401e+00 -7.36229616e-01  9.63459549e-04  3.79548010e-03 
 8.24138115e+02  2.92424401e+00 -7.51250390e-01  9.85382652e-04  3.83560443e-03 
 8.26037950e+02  2.94862338e+00 -7.66753086e-01  1.00803529e-03  3.87649748e-03 
 8.27942164e+02  2.97347344e+00 -7.82758341e-01  1.03144935e-03  3.91817894e-03 
 8.29850768e+02  2.99880582e+00 -7.99287881e-01  1.05565845e-03  3.96066898e-03 
 8.31763771e+02  3.02463239e+00 -8.16364593e-01  1.08069804e-03  4.00398831e-03 
 8.33681185e+02  3.05096528e+00 -8.34012593e-01  1.10660546e-03  4.04815812e-03 
 8.35603018e+02  3.07781689e+00 -8.52257306e-01  1.13342016e-03  4.09320014e-03 
 8.37529282e+02  3.10519987e+00 -8.71125549e-01  1.16118376e-03  4.13913662e-03 
 8.39459987e+02  3.13312711e+00 -8.90645620e-01  1.18994020e-03  4.18599029e-03 
 8.41395142e+02  3.16161173e+00 -9.10847393e-01  1.21973594e-03  4.23378438e-03 
 8.43334758e+02  3.19066707e+00 -9.31762420e-01  1.25062006e-03  4.28254260e-03 
 8.45278845e+02  3.22030665e+00 -9.53424040e-01  1.28264449e-03  4.33228911e-03 
 8.47227414e+02  3.25054421e+00 -9.75867500e-01  1.31586415e-03  4.38304852e-03 
 8.49180475e+02  3.28139359e+00 -9.99130078e-01  1.35033721e-03  4.43484583e-03 
 8.51138038e+02  3.31286878e+00 -1.02325122e+00  1.38612524e-03  4.48770640e-03 
 8.53100114e+02  3.34498385e+00 -1.04827268e+00  1.42329351e-03  4.54165591e-03 
 8.55066713e+02  3.37775290e+00 -1.07423868e+00  1.46191118e-03  4.59672029e-03 
 8.57037845e+02  3.41119003e+00 -1.10119609e+00  1.50205164e-03  4.65292568e-03 
 8.59013522e+02  3.44530925e+00 -1.12919459e+00  1.54379273e-03  4.71029830e-03 
 8.60993752e+02  3.48012443e+00 -1.15828687e+00  1.58721710e-03  4.76886441e-03 
 8.62978548e+02  3.51564924e+00 -1.18852882e+00  1.63241253e-03  4.82865015e-03 
 8.64967919e+02  3.55189700e+00 -1.21997980e+00  1.67947228e-03  4.88968142e-03 
 8.66961876e+02  3.58888060e+00 -1.25270282e+00  1.72849551e-03  4.95198376e-03 
 8.68960429e+02  3.62661241e+00 -1.28676484e+00  1.77958767e-03  5.01558212e-03 
 8.70963590e+02  3.66510407e+00 -1.32223704e+00  1.83286096e-03  5.08050067e-03 
 8.72971368e+02  3.70436635e+00 -1.35919507e+00  1.88843479e-03  5.14676255e-03 
 8.74983775e+02  3.74440897e+00 -1.39771944e+00  1.94643636e-03  5.21438962e-03 
 8.77000821e+02  3.78524036e+00 -1.43789580e+00  2.00700113e-03  5.28340209e-03 
 8.79022517e+02  3.82686741e+00 -1.47981532e+00  2.07027349e-03  5.35381817e-03 
 8.81048873e+02  3.86929518e+00 -1.52357508e+00  2.13640734e-03  5.42565361e-03 
 8.83079900e+02  3.91252655e+00 -1.56927847e+00  2.20556681e-03  5.49892125e-03 
 8.85115610e+02  3.95656188e+00 -1.61703566e+00  2.27792699e-03  5.57363037e-03 
 8.87156012e+02  4.00139850e+00 -1.66696403e+00  2.35367465e-03  5.64978612e-03 
 8.89201118e+02  4.04703027e+00 -1.71918867e+00  2.43300915e-03  5.72738865e-03 
 8.91250938e+02  4.09344697e+00 -1.77384292e+00  2.51614323e-03  5.80643235e-03 
 8.93305484e+02  4.14063365e+00 -1.83106890e+00  2.60330402e-03  5.88690475e-03 
 8.95364766e+02  4.18856988e+00 -1.89101811e+00  2.69473393e-03  5.96878543e-03 
 8.97428795e+02  4.23722887e+00 -1.95385199e+00  2.79069171e-03  6.05204467e-03 
 8.99497582e+02  4.28657654e+00 -2.01974256e+00  2.89145354e-03  6.13664195e-03 
 9.01571138e+02  4.33657033e+00 -2.08887307e+00  2.99731407e-03  6.22252423e-03 
 9.03649474e+02  4.38715799e+00 -2.16143862e+00  3.10858758e-03  6.30962394e-03 
 9.05732601e+02  4.43827605e+00 -2.23764680e+00  3.22560912e-03  6.39785676e-03 
 9.07820530e+02  4.48984824e+00 -2.31771836e+00  3.34873563e-03  6.48711899e-03 
 9.09913273e+02  4.54178357e+00 -2.40188776e+00  3.47834705e-03  6.57728463e-03 
 9.12010839e+02  4.59397416e+00 -2.49040376e+00  3.61484738e-03  6.66820203e-03 
 9.14113241e+02  4.64629286e+00 -2.58352990e+00  3.75866564e-03  6.75969004e-03 
 9.16220490e+02  4.69859050e+00 -2.68154483e+00  3.91025665e-03  6.85153369e-03 
 9.18332596e+02  4.75069271e+00 -2.78474259e+00  4.07010168e-03  6.94347925e-03 
 9.20449572e+02  4.80239653e+00 -2.89343260e+00  4.23870870e-03  7.03522867e-03 
 9.22571427e+02  4.85346635e+00 -3.00793938e+00  4.41661234e-03  7.12643330e-03 
 9.24698174e+02  4.90362959e+00 -3.12860203e+00  4.60437328e-03  7.21668682e-03 
 9.26829823e+02  4.95257174e+00 -3.25577313e+00  4.80257699e-03  7.30551736e-03 
 9.28966387e+02  4.99993089e+00 -3.38981714e+00  5.01183164e-03  7.39237864e-03 
 9.31107875e+02  5.04529171e+00 -3.53110816e+00  5.23276489e-03  7.47664024e-03 
 9.33254301e+02  5.08817885e+00 -3.68002666e+00  5.46601937e-03  7.55757682e-03 
 9.35405674e+02  5.12804978e+00 -3.83695528e+00  5.71224649e-03  7.63435647e-03 
 9.37562007e+02  5.16428711e+00 -4.00227326e+00  5.97209819e-03  7.70602796e-03 
 9.39723311e+02  5.19619049e+00 -4.17634926e+00  6.24621620e-03  7.77150740e-03 
 9.41889597e+02  5.22296820e+00 -4.35953232e+00  6.53521837e-03  7.82956410e-03 
 9.44060876e+02  5.24372873e+00 -4.55214059e+00  6.83968134e-03  7.87880621e-03 
 9.46237161e+02  5.25747248e+00 -4.75444744e+00  7.16011921e-03  7.91766660e-03 
 9.48418463e+02  5.26308426e+00 -4.96666459e+00  7.49695724e-03  7.94438942e-03 
 9.50604794e+02  5.25932695e+00 -5.18892186e+00  7.85050027e-03  7.95701857e-03 
 9.52796164e+02  5.24483727e+00 -5.42124328e+00  8.22089496e-03  7.95338892e-03 
 9.54992586e+02  5.21812445e+00 -5.66351922e+00  8.60808567e-03  7.93112207e-03 
 9.57194071e+02  5.17757312e+00 -5.91547451e+00  9.01176357e-03  7.88762842e-03 
 9.59400632e+02  5.12145186e+00 -6.17663273e+00  9.43130914e-03  7.82011782e-03 
 9.61612278e+02  5.04792888e+00 -6.44627717e+00  9.86572889e-03  7.72562154e-03 
 9.63829024e+02  4.95509693e+00 -6.72340944e+00  1.03135876e-02  7.60102842e-03 
 9.66050879e+02  4.84100903e+00 -7.00670738e+00  1.07729385e-02  7.44313840e-03 
 9.68277856e+02  4.70372696e+00 -7.29448468e+00  1.12412555e-02  7.24873639e-03 
 9.70509967e+02  4.54138391e+00 -7.58465545e+00  1.17153713e-02  7.01468895e-03 
 9.72747224e+02  4.35226181e+00 -7.87470785e+00  1.21914301e-02  6.73806529e-03 
 9.74989638e+02  4.13488328e+00 -8.16169186e+00  1.26648601e-02  6.41628219e-03 
 9.77237221e+02  3.88811577e+00 -8.44222668e+00  1.31303775e-02  6.04727041e-03 
 9.79489985e+02  3.61128433e+00 -8.71253340e+00  1.35820291e-02  5.62965634e-03 
 9.81747943e+02  3.30428642e+00 -8.96849802e+00  1.40132838e-02  5.16294962e-03 
 9.84011106e+02  2.96770026e+00 -9.20576832e+00  1.44171774e-02  4.64772300e-03 
 9.86279486e+02  2.60287595e+00 -9.41988536e+00  1.47865147e-02  4.08576772e-03 
 9.88553095e+02  2.21199765e+00 -9.60644681e+00  1.51141241e-02  3.48020529e-03 
 9.90831945e+02  1.79810516e+00 -9.76129498e+00  1.53931549e-02  2.83553681e-03 
 9.93116048e+02  1.36506536e+00 -9.88071765e+00  1.56173985e-02  2.15761349e-03 
 9.95405417e+02  9.17487929e-01 -9.96164627e+00  1.57816104e-02  1.45351849e-03 
 9.97700064e+02  4.60585323e-01 -1.00018333e+01  1.58818033e-02  7.31358471e-04 
 1.00000000e+03 -1.61443147e-05 -9.99999092e+00  1.59154824e-02 -2.56944790e-08 
 1.00230524e+03 -4.58501136e-01 -9.95587608e+00  1.58817986e-02 -7.31409535e-04 
 1.00461579e+03 -9.09107683e-01 -9.87031153e+00  1.57816011e-02 -1.45356859e-03 
 1.00693167e+03 -1.34636625e+00 -9.74514059e+00  1.56173848e-02 -2.15766203e-03 
 1.00925289e+03 -1.76531495e+00 -9.58312024e+00  1.53931372e-02 -2.83558325e-03 
 1.01157945e+03 -2.16167370e+00 -9.38776413e+00  1.51141028e-02 -3.48024918e-03 
 1.01391139e+03 -2.53196575e+00 -9.16315214e+00  1.47864902e-02 -4.08580869e-03 
 1.01624869e+03 -2.87358181e+00 -8.91372481e+00  1.44171502e-02 -4.64776079e-03 
 1.01859139e+03 -3.18478840e+00 -8.64408058e+00  1.40132545e-02 -5.16298406e-03 
 1.02093948e+03 -3.46468754e+00 -8.35879095e+00  1.35819981e-02 -5.62968735e-03 
 1.02329299e+03 -3.71313865e+00 -8.06224410e+00  1.31303452e-02 -6.04729797e-03 
 1.02565193e+03 -3.93065469e+00 -7.75852320e+00  1.26648271e-02 -6.41630639e-03 
 1.02801630e+03 -4.11828467e+00 -7.45132082e+00  1.21913967e-02 -6.73808624e-03 
 1.03038612e+03 -4.27749315e+00 -7.14388772e+00  1.17153380e-02 -7.01470682e-03 
 1.03276141e+03 -4.41004481e+00 -6.83901157e+00  1.12412224e-02 -7.24875137e-03 
 1.03514217e+03 -4.51789997e+00 -6.53902004e+00  1.07729060e-02 -7.44315071e-03 
 1.03752842e+03 -4.60312447e+00 -6.24580210e+00  1.03135558e-02 -7.60103828e-03 
 1.03992017e+03 -4.66781524e+00 -5.96084203e+00  9.86569794e-03 -7.72562918e-03 
 1.04231743e+03 -4.71404157e+00 -5.68526090e+00  9.43127918e-03 -7.82012347e-03 
 1.04472022e+03 -4.74380091e+00 -5.41986159e+00  9.01173470e-03 -7.88763228e-03 
 1.04712855e+03 -4.75898742e+00 -5.16517428e+00  8.60805794e-03 -7.93112434e-03 
 1.04954243e+03 -4.76137148e+00 -4.92150005e+00  8.22086839e-03 -7.95338980e-03 
 1.05196187e+03 -4.75258783e+00 -4.68895135e+00  7.85047489e-03 -7.95701823e-03 
 1.05438690e+03 -4.73413073e+00 -4.46748837e+00  7.49693304e-03 -7.94438802e-03 
 1.05681751e+03 -4.70735424e+00 -4.25695102e+00  7.16009617e-03 -7.91766427e-03 
 1.05925373e+03 -4.67347631e+00 -4.05708658e+00  6.83965944e-03 -7.87880310e-03 
 1.06169556e+03 -4.63358541e+00 -3.86757300e+00  6.53519757e-03 -7.82956032e-03 
 1.06414302e+03 -4.58864881e+00 -3.68803844e+00  6.24619647e-03 -7.77150306e-03 
 1.06659612e+03 -4.53952181e+00 -3.51807729e+00  5.97207948e-03 -7.70602314e-03 
 1.06905488e+03 -4.48695729e+00 -3.35726320e+00  5.71222876e-03 -7.63435125e-03 
 1.07151931e+03 -4.43161527e+00 -3.20515938e+00  5.46600257e-03 -7.55757128e-03 
 1.07398941e+03 -4.37407218e+00 -3.06132684e+00  5.23274897e-03 -7.47663444e-03 
 1.07646521e+03 -4.31482960e+00 -2.92533068e+00  5.01181657e-03 -7.39237263e-03 
 1.07894672e+03 -4.25432250e+00 -2.79674482e+00  4.80256271e-03 -7.30551120e-03 
 1.08143395e+03 -4.19292678e+00 -2.67515560e+00  4.60435976e-03 -7.21668054e-03 
 1.08392691e+03 -4.13096613e+00 -2.56016420e+00  4.41659953e-03 -7.12642693e-03 
 1.08642562e+03 -4.06871828e+00 -2.45138840e+00  4.23869656e-03 -7.03522225e-03 
 1.08893009e+03 -4.00642057e+00 -2.34846358e+00  4.07009017e-03 -6.94347281e-03 
 1.09144034e+03 -3.94427500e+00 -2.25104331e+00  3.91024574e-03 -6.85152725e-03 
 1.09395637e+03 -3.88245265e+00 -2.15879944e+00  3.75865529e-03 -6.75968362e-03 
 1.09647820e+03 -3.82109760e+00 -2.07142200e+00  3.61483756e-03 -6.66819564e-03 
 1.09900584e+03 -3.76033048e+00 -1.98861882e+00  3.47833772e-03 -6.57727828e-03 
 1.10153931e+03 -3.70025148e+00 -1.91011499e+00  3.34872677e-03 -6.48711269e-03 
 1.10407862e+03 -3.64094307e+00 -1.83565222e+00  3.22560071e-03 -6.39785053e-03 
 1.10662378e+03 -3.58247238e+00 -1.76498813e+00  3.10857959e-03 -6.30961779e-03 
 1.10917482e+03 -3.52489327e+00 -1.69789547e+00  2.99730646e-03 -6.22251816e-03 
 1.11173173e+03 -3.46824812e+00 -1.63416133e+00  2.89144630e-03 -6.13663597e-03 
 1.11429453e+03 -3.41256947e+00 -1.57358638e+00  2.79068482e-03 -6.05203878e-03 
 1.11686325e+03 -3.35788133e+00 -1.51598404e+00  2.69472736e-03 -5.96877964e-03 
 1.11943788e+03 -3.30420046e+00 -1.46117974e+00  2.60329776e-03 -5.88689906e-03 
 1.12201845e+03 -3.25153738e+00 -1.40901017e+00  2.51613727e-03 -5.80642676e-03 
 1.12460497e+03 -3.19989728e+00 -1.35932256e+00  2.43300345e-03 -5.72738316e-03 
 1.12719746e+03 -3.14928084e+00 -1.31197399e+00  2.35366922e-03 -5.64978073e-03 
 1.12979591e+03 -3.09968492e+00 -1.26683078e+00  2.27792180e-03 -5.57362508e-03 
 1.13240036e+03 -3.05110314e+00 -1.22376785e+00  2.20556185e-03 -5.49891606e-03 
 1.13501082e+03 -3.00352641e+00 -1.18266813e+00  2.13640260e-03 -5.42564853e-03 
 1.13762729e+03 -2.95694340e+00 -1.14342206e+00  2.07026895e-03 -5.35381318e-03 
 1.14024979e+03 -2.91134089e+00 -1.10592704e+00  2.00699679e-03 -5.28339721e-03 
 1.14287833e+03 -2.86670417e+00 -1.07008698e+00  1.94643220e-03 -5.21438483e-03 
 1.14551294e+03 -2.82301727e+00 -1.03581185e+00  1.88843081e-03 -5.14675786e-03 
 1.14815362e+03 -2.78026324e+00 -1.00301728e+00  1.83285714e-03 -5.08049607e-03 
 1.15080039e+03 -2.73842439e+00 -9.71624135e-01  1.77958401e-03 -5.01557762e-03 
 1.15345326e+03 -2.69748242e+00 -9.41558207e-01  1.72849200e-03 -4.95197935e-03 
 1.15611224e+03 -2.65741865e+00 -9.12749845e-01  1.67946891e-03 -4.88967710e-03 
 1.15877736e+03 -2.61821410e+00 -8.85133662e-01  1.63240930e-03 -4.82864591e-03 
 1.16144861e+03 -2.57984964e+00 -8.58648237e-01  1.58721400e-03 -4.76886026e-03 
 1.16412603e+03 -2.54230607e+00 -8.33235856e-01  1.54378975e-03 -4.71029424e-03 
 1.16680962e+03 -2.50556424e+00 -8.08842257e-01  1.50204877e-03 -4.65292170e-03 
 1.16949939e+03 -2.46960507e+00 -7.85416402e-01  1.46190842e-03 -4.59671639e-03 
 1.17219537e+03 -2.43440965e+00 -7.62910260e-01  1.42329085e-03 -4.54165208e-03 
 1.17489755e+03 -2.39995927e+00 -7.41278611e-01  1.38612268e-03 -4.48770265e-03 
 1.17760597e+03 -2.36623550e+00 -7.20478858e-01  1.35033475e-03 -4.43484216e-03 
 1.18032064e+03 -2.33322016e+00 -7.00470858e-01  1.31586178e-03 -4.38304493e-03 
 1.18304156e+03 -2.30089540e+00 -6.81216759e-01  1.28264220e-03 -4.33228559e-03 
 1.18576875e+03 -2.26924371e+00 -6.62680856e-01  1.25061786e-03 -4.28253915e-03 
 1.18850223e+03 -2.23824791e+00 -6.44829448e-01  1.21973382e-03 -4.23378100e-03 
 1.19124201e+03 -2.20789121e+00 -6.27630713e-01  1.18993815e-03 -4.18598697e-03 
 1.19398810e+03 -2.17815719e+00 -6.11054589e-01  1.16118178e-03 -4.13913337e-03 
 1.19674053e+03 -2.14902981e+00 -5.95072663e-01  1.13341825e-03 -4.09319696e-03 
 1.19949930e+03 -2.12049342e+00 -5.79658065e-01  1.10660362e-03 -4.04815499e-03 
 1.20226443e+03 -2.09253276e+00 -5.64785376e-01  1.08069625e-03 -4.00398524e-03 
 1.20503594e+03 -2.06513295e+00 -5.50430535e-01  1.05565673e-03 -3.96066598e-03 
 1.20781384e+03 -2.03827950e+00 -5.36570758e-01  1.03144768e-03 -3.91817599e-03 
 1.21059813e+03 -2.01195832e+00 -5.23184461e-01  1.00803367e-03 -3.87649459e-03 
 1.21338885e+03 -1.98615569e+00 -5.10251185e-01  9.85381090e-04 -3.83560159e-03 
 1.21618600e+03 -1.96085824e+00 -4.97751528e-01  9.63458037e-04 -3.79547732e-03 
 1.21898960e+03 -1.93605302e+00 -4.85667087e-01  9.42234223e-04 -3.75610262e-03 
 1.22179966e+03 -1.91172741e+00 -4.73980392e-01  9.21680879e-04 -3.71745883e-03 
 1.22461620e+03 -1.88786914e+00 -4.62674859e-01  9.01770663e-04 -3.67952780e-03 
 1.22743923e+03 -1.86446630e+00 -4.51734730e-01  8.82477585e-04 -3.64229183e-03 
 1.23026877e+03 -1.84150733e+00 -4.41145034e-01  8.63776921e-04 -3.60573374e-03 
 1.23310483e+03 -1.81898099e+00 -4.30891533e-01  8.45645150e-04 -3.56983680e-03 
 1.23594743e+03 -1.79687637e+00 -4.20960689e-01  8.28059879e-04 -3.53458474e-03 
 1.23879659e+03 -1.77518286e+00 -4.11339616e-01  8.10999786e-04 -3.49996174e-03 
 1.24165231e+03 -1.75389018e+00 -4.02016050e-01  7.94444556e-04 -3.46595243e-03 
 1.24451461e+03 -1.73298833e+00 -3.92978311e-01  7.78374829e-04 -3.43254185e-03 
 1.24738351e+03 -1.71246763e+00 -3.84215272e-01  7.62772145e-04 -3.39971548e-03 
 1.25025903e+03 -1.69231865e+00 -3.75716328e-01  7.47618899e-04 -3.36745919e-03 
 1.25314117e+03 -1.67253225e+00 -3.67471368e-01  7.32898289e-04 -3.33575927e-03 
 1.25602996e+03 -1.65309956e+00 -3.59470748e-01  7.18594281e-04 -3.30460238e-03 
 1.25892541e+03 -1.63401196e+00 -3.51705264e-01  7.04691561e-04 -3.27397556e-03 
 1.26182753e+03 -1.61526109e+00 -3.44166135e-01  6.91175502e-04 -3.24386621e-03 
 1.26473635e+03 -1.59683883e+00 -3.36844972e-01  6.78032125e-04 -3.21426209e-03 
 1.26765187e+03 -1.57873729e+00 -3.29733764e-01  6.65248067e-04 -3.18515132e-03 
 1.27057411e+03 -1.56094882e+00 -3.22824854e-01  6.52810551e-04 -3.15652233e-03 
 1.27350308e+03 -1.54346599e+00 -3.16110925e-01  6.40707351e-04 -3.12836390e-03 
 1.27643881e+03 -1.52628157e+00 -3.09584977e-01  6.28926769e-04 -3.10066510e-03 
 1.27938130e+03 -1.50938855e+00 -3.03240318e-01  6.17457607e-04 -3.07341533e-03 
 1.28233058e+03 -1.49278013e+00 -2.97070541e-01  6.06289140e-04 -3.04660428e-03 
 1.28528666e+03 -1.47644969e+00 -2.91069514e-01  5.95411095e-04 -3.02022192e-03 
 1.28824955e+03 -1.46039081e+00 -2.85231367e-01  5.84813628e-04 -2.99425851e-03 
 1.29121927e+03 -1.44459724e+00 -2.79550474e-01  5.74487302e-04 -2.96870458e-03 
 1.29419584e+03 -1.42906292e+00 -2.74021446e-01  5.64423070e-04 -2.94355092e-03 
 1.29717927e+03 -1.41378196e+00 -2.68639120e-01  5.54612251e-04 -2.91878858e-03 
 1.30016958e+03 -1.39874863e+00 -2.63398543e-01  5.45046519e-04 -2.89440885e-03 
 1.30316678e+03 -1.38395737e+00 -2.58294965e-01  5.35717880e-04 -2.87040326e-03 
 1.30617089e+03 -1.36940276e+00 -2.53323829e-01  5.26618663e-04 -2.84676358e-03 
 1.30918192e+03 -1.35507954e+00 -2.48480763e-01  5.17741496e-04 -2.82348179e-03 
 1.31219990e+03 -1.34098261e+00 -2.43761570e-01  5.09079301e-04 -2.80055011e-03 
 1.31522483e+03 -1.32710699e+00 -2.39162217e-01  5.00625276e-04 -2.77796096e-03 
 1.31825674e+03 -1.31344784e+00 -2.34678834e-01  4.92372881e-04 -2.75570696e-03 
 1.32129563e+03 -1.30000047e+00 -2.30307701e-01  4.84315828e-04 -2.73378094e-03 
 1.32434154e+03 -1.28676030e+00 -2.26045243e-01  4.76448072e-04 -2.71217591e-03 
 1.32739446e+03 -1.27372287e+00 -2.21888023e-01  4.68763796e-04 -2.69088507e-03 
 1.33045442e+03 -1.26088387e+00 -2.17832736e-01  4.61257401e-04 -2.66990181e-03 
 1.33352143e+03 -1.24823907e+00 -2.13876203e-01  4.53923499e-04 -2.64921968e-03 
 1.33659552e+03 -1.23578438e+00 -2.10015365e-01  4.46756903e-04 -2.62883242e-03 
 1.33967669e+03 -1.22351580e+00 -2.06247280e-01  4.39752617e-04 -2.60873392e-03 
 1.34276496e+03 -1.21142946e+00 -2.02569114e-01  4.32905827e-04 -2.58891823e-03 
 1.34586035e+03 -1.19952158e+00 -1.98978139e-01  4.26211895e-04 -2.56937956e-03 
 1.34896288e+03 -1.18778846e+00 -1.95471726e-01  4.19666353e-04 -2.55011227e-03 
 1.35207256e+03 -1.17622652e+00 -1.92047345e-01  4.13264890e-04 -2.53111087e-03 
 1.35518941e+03 -1.16483227e+00 -1.88702556e-01  4.07003351e-04 -2.51236999e-03 
 1.35831345e+03 -1.15360232e+00 -1.85435008e-01  4.00877729e-04 -2.49388442e-03 
 1.36144468e+03 -1.14253334e+00 -1.82242434e-01  3.94884157e-04 -2.47564908e-03 
 1.36458314e+03 -1.13162211e+00 -1.79122648e-01  3.89018902e-04 -2.45765901e-03 
 1.36772883e+03 -1.12086548e+00 -1.76073542e-01  3.83278363e-04 -2.43990937e-03 
 1.37088177e+03 -1.11026038e+00 -1.73093081e-01  3.77659063e-04 -2.42239547e-03 
 1.37404198e+03 -1.09980384e+00 -1.70179303e-01  3.72157643e-04 -2.40511270e-03 
 1.37720947e+03 -1.08949292e+00 -1.67330313e-01  3.66770861e-04 -2.38805660e-03 
 1.38038426e+03 -1.07932481e+00 -1.64544281e-01  3.61495581e-04 -2.37122279e-03 
 1.38356638e+03 -1.06929671e+00 -1.61819441e-01  3.56328777e-04 -2.35460701e-03 
 1.38675583e+03 -1.05940594e+00 -1.59154087e-01  3.51267521e-04 -2.33820512e-03 
 1.38995263e+03 -1.04964987e+00 -1.56546570e-01  3.46308984e-04 -2.32201306e-03 
 1.39315680e+03 -1.04002591e+00 -1.53995298e-01  3.41450429e-04 -2.30602686e-03 
 1.39636836e+03 -1.03053158e+00 -1.51498731e-01  3.36689209e-04 -2.29024269e-03 
 1.39958732e+03 -1.02116441e+00 -1.49055382e-01  3.32022766e-04 -2.27465676e-03 
 1.40281370e+03 -1.01192203e+00 -1.46663811e-01  3.27448622e-04 -2.25926541e-03 
 1.40604752e+03 -1.00280211e+00 -1.44322626e-01  3.22964379e-04 -2.24406504e-03 
 1.40928880e+03 -9.93802371e-01 -1.42030482e-01  3.18567717e-04 -2.22905215e-03 
 1.41253754e+03 -9.84920600e-01 -1.39786076e-01  3.14256390e-04 -2.21422333e-03 
 1.41579378e+03 -9.76154632e-01 -1.37588149e-01  3.10028221e-04 -2.19957523e-03 
 1.41905752e+03 -9.67502350e-01 -1.35435479e-01  3.05881105e-04 -2.18510460e-03 
 1.42232879e+03 -9.58961692e-01 -1.33326887e-01  3.01812999e-04 -2.17080823e-03 
 1.42560759e+03 -9.50530640e-01 -1.31261229e-01  2.97821926e-04 -2.15668304e-03 
 1.42889396e+03 -9.42207226e-01 -1.29237398e-01  2.93905969e-04 -2.14272597e-03 
 1.43218790e+03 -9.33989525e-01 -1.27254321e-01  2.90063270e-04 -2.12893405e-03 
 1.43548943e+03 -9.25875659e-01 -1.25310959e-01  2.86292028e-04 -2.11530438e-03 
 1.43879858e+03 -9.17863791e-01 -1.23406306e-01  2.82590497e-04 -2.10183413e-03 
 1.44211535e+03 -9.09952127e-01 -1.21539385e-01  2.78956983e-04 -2.08852052e-03 
 1.44543977e+03 -9.02138914e-01 -1.19709252e-01  2.75389842e-04 -2.07536084e-03 
 1.44877185e+03 -8.94422438e-01 -1.17914988e-01  2.71887482e-04 -2.06235245e-03 
 1.45211162e+03 -8.86801023e-01 -1.16155705e-01  2.68448355e-04 -2.04949275e-03 
 1.45545908e+03 -8.79273033e-01 -1.14430540e-01  2.65070960e-04 -2.03677922e-03 
 1.45881426e+03 -8.71836865e-01 -1.12738658e-01  2.61753840e-04 -2.02420937e-03 
 1.46217717e+03 -8.64490955e-01 -1.11079246e-01  2.58495581e-04 -2.01178078e-03 
 1.46554784e+03 -8.57233770e-01 -1.09451517e-01  2.55294810e-04 -1.99949109e-03 
 1.46892628e+03 -8.50063814e-01 -1.07854706e-01  2.52150192e-04 -1.98733797e-03 
 1.47231250e+03 -8.42979622e-01 -1.06288073e-01  2.49060431e-04 -1.97531917e-03 
 1.47570653e+03 -8.35979761e-01 -1.04750897e-01  2.46024270e-04 -1.96343245e-03 
 1.47910839e+03 -8.29062829e-01 -1.03242478e-01  2.43040484e-04 -1.95167566e-03 
 1.48251809e+03 -8.22227454e-01 -1.01762138e-01  2.40107886e-04 -1.94004666e-03 
 1.48593564e+03 -8.15472295e-01 -1.00309217e-01  2.37225321e-04 -1.92854338e-03 
 1.48936108e+03 -8.08796037e-01 -9.88830748e-02  2.34391665e-04 -1.91716378e-03 
 1.49279441e+03 -8.02197395e-01 -9.74830885e-02  2.31605827e-04 -1.90590588e-03 
 1.49623566e+03 -7.95675111e-01 -9.61086535e-02  2.28866746e-04 -1.89476771e-03 
 1.49968484e+03 -7.89227953e-01 -9.47591817e-02  2.26173388e-04 -1.88374738e-03 
 1.50314197e+03 -7.82854714e-01 -9.34341020e-02  2.23524750e-04 -1.87284300e-03 
 1.50660707e+03 -7.76554213e-01 -9.21328588e-02  2.20919855e-04 -1.86205276e-03 
 1.51008015e+03 -7.70325295e-01 -9.08549119e-02  2.18357751e-04 -1.85137485e-03 
 1.51356125e+03 -7.64166825e-01 -8.95997363e-02  2.15837516e-04 -1.84080753e-03 
 1.51705037e+03 -7.58077696e-01 -8.83668212e-02  2.13358247e-04 -1.83034906e-03 
 1.52054753e+03 -7.52056820e-01 -8.71556696e-02  2.10919069e-04 -1.81999777e-03 
 1.52405275e+03 -7.46103132e-01 -8.59657981e-02  2.08519129e-04 -1.80975200e-03 
 1.52756606e+03 -7.40215591e-01 -8.47967366e-02  2.06157596e-04 -1.79961013e-03 
 1.53108746e+03 -7.34393174e-01 -8.36480272e-02  2.03833661e-04 -1.78957059e-03 
 1.53461698e+03 -7.28634879e-01 -8.25192246e-02  2.01546537e-04 -1.77963180e-03 
 1.53815464e+03 -7.22939726e-01 -8.14098951e-02  1.99295456e-04 -1.76979226e-03 
 1.54170045e+03 -7.17306752e-01 -8.03196167e-02  1.97079671e-04 -1.76005047e-03 
 1.54525444e+03 -7.11735016e-01 -7.92479785e-02  1.94898454e-04 -1.75040496e-03 
 1.54881662e+03 -7.06223592e-01 -7.81945801e-02  1.92751095e-04 -1.74085430e-03 
 1.55238701e+03 -7.00771576e-01 -7.71590318e-02  1.90636902e-04 -1.73139708e-03 
 1.55596563e+03 -6.95378078e-01 -7.61409541e-02  1.88555201e-04 -1.72203192e-03 
 1.55955250e+03 -6.90042227e-01 -7.51399772e-02  1.86505335e-04 -1.71275747e-03 
 1.56314764e+03 -6.84763171e-01 -7.41557406e-02  1.84486664e-04 -1.70357240e-03 
 1.56675107e+03 -6.79540071e-01 -7.31878934e-02  1.82498563e-04 -1.69447542e-03 
 1.57036280e+03 -6.74372105e-01 -7.22360934e-02  1.80540422e-04 -1.68546524e-03 
 1.57398286e+03 -6.69258468e-01 -7.13000071e-02  1.78611647e-04 -1.67654061e-03 
 1.57761127e+03 -6.64198370e-01 -7.03793097e-02  1.76711659e-04 -1.66770030e-03 
 1.58124804e+03 -6.59191035e-01 -6.94736841e-02  1.74839893e-04 -1.65894311e-03 
 1.58489319e+03 -6.54235702e-01 -6.85828215e-02  1.72995796e-04 -1.65026786e-03 
 1.58854675e+03 -6.49331624e-01 -6.77064207e-02  1.71178831e-04 -1.64167338e-03 
 1.59220873e+03 -6.44478070e-01 -6.68441879e-02  1.69388473e-04 -1.63315854e-03 
 1.59587915e+03 -6.39674320e-01 -6.59958365e-02  1.67624208e-04 -1.62472221e-03 
 1.59955803e+03 -6.34919668e-01 -6.51610870e-02  1.65885537e-04 -1.61636330e-03 
 1.60324539e+03 -6.30213423e-01 -6.43396669e-02  1.64171970e-04 -1.60808074e-03 
 1.60694125e+03 -6.25554904e-01 -6.35313102e-02  1.62483032e-04 -1.59987346e-03 
 1.61064564e+03 -6.20943444e-01 -6.27357572e-02  1.60818255e-04 -1.59174043e-03 
 1.61435856e+03 -6.16378388e-01 -6.19527546e-02  1.59177186e-04 -1.58368063e-03 
 1.61808004e+03 -6.11859092e-01 -6.11820553e-02  1.57559380e-04 -1.57569305e-03 
 1.62181010e+03 -6.07384925e-01 -6.04234180e-02  1.55964404e-04 -1.56777672e-03 
 1.62554876e+03 -6.02955267e-01 -5.96766070e-02  1.54391833e-04 -1.55993066e-03 
 1.62929603e+03 -5.98569508e-01 -5.89413924e-02  1.52841254e-04 -1.55215394e-03 
 1.63305195e+03 -5.94227050e-01 -5.82175498e-02  1.51312262e-04 -1.54444561e-03 
 1.63681652e+03 -5.89927306e-01 -5.75048597e-02  1.49804462e-04 -1.53680477e-03 
 1.64058977e+03 -5.85669698e-01 -5.68031081e-02  1.48317467e-04 -1.52923052e-03 
 1.64437172e+03 -5.81453659e-01 -5.61120857e-02  1.46850900e-04 -1.52172196e-03 
 1.64816239e+03 -5.77278632e-01 -5.54315884e-02  1.45404392e-04 -1.51427825e-03 
 1.65196180e+03 -5.73144069e-01 -5.47614166e-02  1.43977582e-04 -1.50689851e-03 
 1.65576996e+03 -5.69049434e-01 -5.41013752e-02  1.42570117e-04 -1.49958193e-03 
 1.65958691e+03 -5.64994197e-01 -5.34512737e-02  1.41181652e-04 -1.49232766e-03 
 1.66341265e+03 -5.60977839e-01 -5.28109260e-02  1.39811851e-04 -1.48513491e-03 
 1.66724721e+03 -5.56999849e-01 -5.21801501e-02  1.38460382e-04 -1.47800288e-03 
 1.67109061e+03 -5.53059726e-01 -5.15587682e-02  1.37126924e-04 -1.47093078e-03 
 1.67494288e+03 -5.49156977e-01 -5.09466065e-02  1.35811161e-04 -1.46391785e-03 
 1.67880402e+03 -5.45291116e-01 -5.03434949e-02  1.34512785e-04 -1.45696334e-03 
 1.68267406e+03 -5.41461668e-01 -4.97492675e-02  1.33231492e-04 -1.45006650e-03 
 1.68655303e+03 -5.37668164e-01 -4.91637618e-02  1.31966989e-04 -1.44322660e-03 
 1.69044093e+03 -5.33910142e-01 -4.85868189e-02  1.30718985e-04 -1.43644292e-03 
 1.69433780e+03 -5.30187151e-01 -4.80182836e-02  1.29487198e-04 -1.42971476e-03 
 1.69824365e+03 -5.26498745e-01 -4.74580038e-02  1.28271351e-04 -1.42304142e-03 
 1.70215851e+03 -5.22844486e-01 -4.69058311e-02  1.27071173e-04 -1.41642223e-03 
 1.70608239e+03 -5.19223942e-01 -4.63616201e-02  1.25886397e-04 -1.40985650e-03 
 1.71001532e+03 -5.15636691e-01 -4.58252285e-02  1.24716766e-04 -1.40334359e-03 
 1.71395731e+03 -5.12082316e-01 -4.52965173e-02  1.23562024e-04 -1.39688283e-03 
 1.71790839e+03 -5.08560406e-01 -4.47753503e-02  1.22421922e-04 -1.39047360e-03 
 1.72186857e+03 -5.05070558e-01 -4.42615944e-02  1.21296217e-04 -1.38411525e-03 
 1.72583789e+03 -5.01612376e-01 -4.37551192e-02  1.20184669e-04 -1.37780718e-03 
 1.72981636e+03 -4.98185470e-01 -4.32557971e-02  1.19087046e-04 -1.37154878e-03 
 1.73380400e+03 -4.94789455e-01 -4.27635033e-02  1.18003117e-04 -1.36533944e-03 
 1.73780083e+03 -4.91423953e-01 -4.22781155e-02  1.16932658e-04 -1.35917858e-03 
 1.74180687e+03 -4.88088593e-01 -4.17995142e-02  1.15875451e-04 -1.35306562e-03 
 1.74582215e+03 -4.84783008e-01 -4.13275820e-02  1.14831278e-04 -1.34699999e-03 
 1.74984669e+03 -4.81506840e-01 -4.08622044e-02  1.13799930e-04 -1.34098112e-03 
 1.75388050e+03 -4.78259732e-01 -4.04032689e-02  1.12781199e-04 -1.33500846e-03 
 1.75792361e+03 -4.75041336e-01 -3.99506657e-02  1.11774883e-04 -1.32908147e-03 
 1.76197605e+03 -4.71851309e-01 -3.95042871e-02  1.10780783e-04 -1.32319962e-03 
 1.76603782e+03 -4.68689313e-01 -3.90640274e-02  1.09798705e-04 -1.31736237e-03 
 1.77010896e+03 -4.65555014e-01 -3.86297834e-02  1.08828458e-04 -1.31156920e-03 
 1.77418948e+03 -4.62448086e-01 -3.82014538e-02  1.07869855e-04 -1.30581962e-03 
 1.77827941e+03 -4.59368205e-01 -3.77789396e-02  1.06922712e-04 -1.30011310e-03 
 1.78237877e+03 -4.56315055e-01 -3.73621434e-02  1.05986850e-04 -1.29444916e-03 
 1.78648757e+03 -4.53288321e-01 -3.69509702e-02  1.05062093e-04 -1.28882731e-03 
 1.79060585e+03 -4.50287697e-01 -3.65453266e-02  1.04148267e-04 -1.28324707e-03 
 1.79473363e+03 -4.47312879e-01 -3.61451212e-02  1.03245204e-04 -1.27770797e-03 
 1.79887092e+03 -4.44363568e-01 -3.57502645e-02  1.02352737e-04 -1.27220954e-03 
 1.80301774e+03 -4.41439469e-01 -3.53606686e-02  1.01470703e-04 -1.26675131e-03 
 1.80717413e+03 -4.38540294e-01 -3.49762474e-02  1.00598942e-04 -1.26133285e-03 
 1.81134009e+03 -4.35665757e-01 -3.45969167e-02  9.97372979e-05 -1.25595369e-03 
 1.81551566e+03 -4.32815576e-01 -3.42225937e-02  9.88856160e-05 -1.25061342e-03 
 1.81970086e+03 -4.29989475e-01 -3.38531973e-02  9.80437456e-05 -1.24531158e-03 
 1.82389570e+03 -4.27187180e-01 -3.34886481e-02  9.72115386e-05 -1.24004776e-03 
 1.82810022e+03 -4.24408423e-01 -3.31288680e-02  9.63888498e-05 -1.23482154e-03 
 1.83231442e+03 -4.21652939e-01 -3.27737806e-02  9.55755364e-05 -1.22963250e-03 
 1.83653834e+03 -4.18920467e-01 -3.24233111e-02  9.47714586e-05 -1.22448024e-03 
 1.84077200e+03 -4.16210749e-01 -3.20773858e-02  9.39764790e-05 -1.21936435e-03 
 1.84501542e+03 -4.13523533e-01 -3.17359327e-02  9.31904627e-05 -1.21428444e-03 
 1.84926862e+03 -4.10858568e-01 -3.13988810e-02  9.24132775e-05 -1.20924012e-03 
 1.85353162e+03 -4.08215608e-01 -3.10661614e-02  9.16447934e-05 -1.20423101e-03 
 1.85780446e+03 -4.05594410e-01 -3.07377059e-02  9.08848830e-05 -1.19925673e-03 
 1.86208714e+03 -4.02994736e-01 -3.04134476e-02  9.01334210e-05 -1.19431689e-03 
 1.86637969e+03 -4.00416350e-01 -3.00933210e-02  8.93902845e-05 -1.18941115e-03 
 1.87068214e+03 -3.97859020e-01 -2.97772619e-02  8.86553528e-05 -1.18453912e-03 
 1.87499451e+03 -3.95322515e-01 -2.94652072e-02  8.79285075e-05 -1.17970047e-03 
 1.87931682e+03 -3.92806611e-01 -2.91570950e-02  8.72096321e-05 -1.17489482e-03 
 1.88364909e+03 -3.90311085e-01 -2.88528646e-02  8.64986122e-05 -1.17012185e-03 
 1.88799135e+03 -3.87835717e-01 -2.85524564e-02  8.57953358e-05 -1.16538119e-03 
 1.89234362e+03 -3.85380292e-01 -2.82558118e-02  8.50996925e-05 -1.16067252e-03 
 1.89670592e+03 -3.82944594e-01 -2.79628734e-02  8.44115739e-05 -1.15599550e-03 
 1.90107828e+03 -3.80528415e-01 -2.76735848e-02  8.37308737e-05 -1.15134981e-03 
 1.90546072e+03 -3.78131547e-01 -2.73878908e-02  8.30574874e-05 -1.14673512e-03 
 1.90985326e+03 -3.75753785e-01 -2.71057369e-02  8.23913123e-05 -1.14215111e-03 
 1.91425593e+03 -3.73394927e-01 -2.68270698e-02  8.17322474e-05 -1.13759746e-03 
 1.91866874e+03 -3.71054774e-01 -2.65518372e-02  8.10801937e-05 -1.13307387e-03 
 1.92309173e+03 -3.68733130e-01 -2.62799875e-02  8.04350537e-05 -1.12858003e-03 
 1.92752491e+03 -3.66429801e-01 -2.60114704e-02  7.97967317e-05 -1.12411564e-03 
 1.93196832e+03 -3.64144597e-01 -2.57462361e-02  7.91651336e-05 -1.11968039e-03 
 1.93642196e+03 -3.61877328e-01 -2.54842360e-02  7.85401669e-05 -1.11527400e-03 
 1.94088588e+03 -3.59627809e-01 -2.52254222e-02  7.79217408e-05 -1.11089617e-03 
 1.94536008e+03 -3.57395857e-01 -2.49697478e-02  7.73097659e-05 -1.10654662e-03 
 1.94984460e+03 -3.55181291e-01 -2.47171666e-02  7.67041544e-05 -1.10222507e-03 
 1.95433946e+03 -3.52983932e-01 -2.44676332e-02  7.61048200e-05 -1.09793123e-03 
 1.95884467e+03 -3.50803603e-01 -2.42211031e-02  7.55116778e-05 -1.09366483e-03 
 1.96336028e+03 -3.48640133e-01 -2.39775325e-02  7.49246444e-05 -1.08942561e-03 
 1.96788629e+03 -3.46493348e-01 -2.37368784e-02  7.43436377e-05 -1.08521329e-03 
 1.97242274e+03 -3.44363080e-01 -2.34990987e-02  7.37685771e-05 -1.08102761e-03 
 1.97696964e+03 -3.42249162e-01 -2.32641516e-02  7.31993832e-05 -1.07686831e-03 
 1.98152703e+03 -3.40151428e-01 -2.30319966e-02  7.26359780e-05 -1.07273512e-03 
 1.98609492e+03 -3.38069717e-01 -2.28025934e-02  7.20782849e-05 -1.06862781e-03 
 1.99067334e+03 -3.36003868e-01 -2.25759026e-02  7.15262284e-05 -1.06454611e-03 
 1.99526231e+03 -3.33953723e-01 -2.23518857e-02  7.09797343e-05 -1.06048979e-03 
 1.99986187e+03 -3.31919124e-01 -2.21305044e-02  7.04387295e-05 -1.05645859e-03 
 2.00447203e+03 -3.29899918e-01 -2.19117214e-02  6.99031424e-05 -1.05245227e-03 
 2.00909281e+03 -3.27895953e-01 -2.16954999e-02  6.93729022e-05 -1.04847060e-03 
 2.01372425e+03 -3.25907078e-01 -2.14818038e-02  6.88479395e-05 -1.04451335e-03 
 2.01836636e+03 -3.23933144e-01 -2.12705975e-02  6.83281859e-05 -1.04058027e-03 
 2.02301918e+03 -3.21974005e-01 -2.10618460e-02  6.78135742e-05 -1.03667115e-03 
 2.02768272e+03 -3.20029516e-01 -2.08555151e-02  6.73040382e-05 -1.03278575e-03 
 2.03235701e+03 -3.18099535e-01 -2.06515709e-02  6.67995128e-05 -1.02892385e-03 
 2.03704208e+03 -3.16183920e-01 -2.04499803e-02  6.62999340e-05 -1.02508524e-03 
 2.04173794e+03 -3.14282532e-01 -2.02507106e-02  6.58052386e-05 -1.02126969e-03 
 2.04644464e+03 -3.12395233e-01 -2.00537296e-02  6.53153646e-05 -1.01747700e-03 
 2.05116218e+03 -3.10521888e-01 -1.98590057e-02  6.48302510e-05 -1.01370694e-03 
 2.05589060e+03 -3.08662362e-01 -1.96665080e-02  6.43498377e-05 -1.00995931e-03 
 2.06062991e+03 -3.06816524e-01 -1.94762059e-02  6.38740655e-05 -1.00623390e-03 
 2.06538016e+03 -3.04984241e-01 -1.92880693e-02  6.34028761e-05 -1.00253052e-03 
 2.07014135e+03 -3.03165386e-01 -1.91020686e-02  6.29362123e-05 -9.98848945e-04 
 2.07491352e+03 -3.01359829e-01 -1.89181748e-02  6.24740177e-05 -9.95188991e-04 
 2.07969669e+03 -2.99567446e-01 -1.87363593e-02  6.20162366e-05 -9.91550458e-04 
 2.08449088e+03 -2.97788112e-01 -1.85565939e-02  6.15628144e-05 -9.87933151e-04 
 2.08929613e+03 -2.96021704e-01 -1.83788510e-02  6.11136972e-05 -9.84336878e-04 
 2.09411246e+03 -2.94268100e-01 -1.82031033e-02  6.06688321e-05 -9.80761451e-04 
 2.09893988e+03 -2.92527181e-01 -1.80293240e-02  6.02281668e-05 -9.77206681e-04 
 2.10377844e+03 -2.90798827e-01 -1.78574867e-02  5.97916499e-05 -9.73672384e-04 
 2.10862815e+03 -2.89082922e-01 -1.76875656e-02  5.93592308e-05 -9.70158377e-04 
 2.11348904e+03 -2.87379350e-01 -1.75195350e-02  5.89308597e-05 -9.66664479e-04 
 2.11836114e+03 -2.85687997e-01 -1.73533699e-02  5.85064874e-05 -9.63190512e-04 
 2.12324446e+03 -2.84008749e-01 -1.71890454e-02  5.80860656e-05 -9.59736300e-04 
 2.12813905e+03 -2.82341496e-01 -1.70265374e-02  5.76695467e-05 -9.56301668e-04 
 2.13304491e+03 -2.80686126e-01 -1.68658217e-02  5.72568837e-05 -9.52886444e-04 
 2.13796209e+03 -2.79042532e-01 -1.67068749e-02  5.68480305e-05 -9.49490459e-04 
 2.14289060e+03 -2.77410604e-01 -1.65496738e-02  5.64429416e-05 -9.46113544e-04 
 2.14783047e+03 -2.75790237e-01 -1.63941954e-02  5.60415720e-05 -9.42755534e-04 
 2.15278173e+03 -2.74181326e-01 -1.62404173e-02  5.56438776e-05 -9.39416263e-04 
 2.15774441e+03 -2.72583767e-01 -1.60883174e-02  5.52498150e-05 -9.36095571e-04 
 2.16271852e+03 -2.70997456e-01 -1.59378739e-02  5.48593412e-05 -9.32793296e-04 
 2.16770410e+03 -2.69422293e-01 -1.57890653e-02  5.44724139e-05 -9.29509281e-04 
 2.17270118e+03 -2.67858178e-01 -1.56418704e-02  5.40889917e-05 -9.26243368e-04 
 2.17770977e+03 -2.66305010e-01 -1.54962685e-02  5.37090333e-05 -9.22995404e-04 
 2.18272991e+03 -2.64762692e-01 -1.53522392e-02  5.33324985e-05 -9.19765234e-04 
 2.18776162e+03 -2.63231127e-01 -1.52097621e-02  5.29593473e-05 -9.16552709e-04 
 2.19280494e+03 -2.61710220e-01 -1.50688176e-02  5.25895405e-05 -9.13357678e-04 
 2.19785987e+03 -2.60199875e-01 -1.49293859e-02  5.22230395e-05 -9.10179994e-04 
 2.20292646e+03 -2.58699999e-01 -1.47914479e-02  5.18598061e-05 -9.07019511e-04 
 2.20800473e+03 -2.57210500e-01 -1.46549845e-02  5.14998027e-05 -9.03876084e-04 
 2.21309471e+03 -2.55731286e-01 -1.45199771e-02  5.11429923e-05 -9.00749571e-04 
 2.21819642e+03 -2.54262266e-01 -1.43864074e-02  5.07893384e-05 -8.97639830e-04 
 2.22330989e+03 -2.52803352e-01 -1.42542570e-02  5.04388049e-05 -8.94546723e-04 
 2.22843515e+03 -2.51354454e-01 -1.41235083e-02  5.00913564e-05 -8.91470111e-04 
 2.23357222e+03 -2.49915485e-01 -1.39941436e-02  4.97469579e-05 -8.88409857e-04 
 2.23872114e+03 -2.48486360e-01 -1.38661456e-02  4.94055750e-05 -8.85365828e-04 
 2.24388192e+03 -2.47066992e-01 -1.37394972e-02  4.90671735e-05 -8.82337889e-04 
 2.24905461e+03 -2.45657296e-01 -1.36141816e-02  4.87317201e-05 -8.79325909e-04 
 2.25423921e+03 -2.44257190e-01 -1.34901822e-02  4.83991816e-05 -8.76329757e-04 
 2.25943577e+03 -2.42866591e-01 -1.33674828e-02  4.80695255e-05 -8.73349305e-04 
 2.26464431e+03 -2.41485417e-01 -1.32460672e-02  4.77427196e-05 -8.70384425e-04 
 2.26986485e+03 -2.40113587e-01 -1.31259195e-02  4.74187322e-05 -8.67434991e-04 
 2.27509743e+03 -2.38751021e-01 -1.30070242e-02  4.70975321e-05 -8.64500877e-04 
 2.28034207e+03 -2.37397639e-01 -1.28893659e-02  4.67790885e-05 -8.61581962e-04 
 2.28559880e+03 -2.36053365e-01 -1.27729294e-02  4.64633709e-05 -8.58678123e-04 
 2.29086765e+03 -2.34718121e-01 -1.26576998e-02  4.61503494e-05 -8.55789238e-04 
 2.29614865e+03 -2.33391829e-01 -1.25436623e-02  4.58399945e-05 -8.52915190e-04 
 2.30144182e+03 -2.32074415e-01 -1.24308025e-02  4.55322769e-05 -8.50055860e-04 
 2.30674719e+03 -2.30765803e-01 -1.23191060e-02  4.52271679e-05 -8.47211130e-04 
 2.31206479e+03 -2.29465919e-01 -1.22085587e-02  4.49246391e-05 -8.44380886e-04 
 2.31739465e+03 -2.28174691e-01 -1.20991467e-02  4.46246626e-05 -8.41565014e-04 
 2.32273680e+03 -2.26892045e-01 -1.19908564e-02  4.43272107e-05 -8.38763400e-04 
 2.32809126e+03 -2.25617910e-01 -1.18836742e-02  4.40322561e-05 -8.35975932e-04 
 2.33345806e+03 -2.24352216e-01 -1.17775868e-02  4.37397721e-05 -8.33202500e-04 
 2.33883724e+03 -2.23094891e-01 -1.16725811e-02  4.34497321e-05 -8.30442995e-04 
 2.34422882e+03 -2.21845866e-01 -1.15686442e-02  4.31621099e-05 -8.27697308e-04 
 2.34963282e+03 -2.20605074e-01 -1.14657633e-02  4.28768797e-05 -8.24965332e-04 
 2.35504928e+03 -2.19372445e-01 -1.13639258e-02  4.25940161e-05 -8.22246961e-04 
 2.36047823e+03 -2.18147912e-01 -1.12631193e-02  4.23134939e-05 -8.19542090e-04 
 2.36591970e+03 -2.16931410e-01 -1.11633317e-02  4.20352884e-05 -8.16850615e-04 
 2.37137371e+03 -2.15722872e-01 -1.10645508e-02  4.17593750e-05 -8.14172435e-04 
 2.37684029e+03 -2.14522232e-01 -1.09667648e-02  4.14857297e-05 -8.11507446e-04 
 2.38231947e+03 -2.13329427e-01 -1.08699620e-02  4.12143285e-05 -8.08855550e-04 
 2.38781128e+03 -2.12144393e-01 -1.07741308e-02  4.09451480e-05 -8.06216645e-04 
 2.39331576e+03 -2.10967067e-01 -1.06792598e-02  4.06781650e-05 -8.03590634e-04 
 2.39883292e+03 -2.09797385e-01 -1.05853378e-02  4.04133566e-05 -8.00977420e-04 
 2.40436280e+03 -2.08635287e-01 -1.04923536e-02  4.01507000e-05 -7.98376905e-04 
 2.40990543e+03 -2.07480711e-01 -1.04002965e-02  3.98901731e-05 -7.95788994e-04 
 2.41546083e+03 -2.06333596e-01 -1.03091555e-02  3.96317538e-05 -7.93213594e-04 
 2.42102905e+03 -2.05193882e-01 -1.02189201e-02  3.93754204e-05 -7.90650610e-04 
 2.42661010e+03 -2.04061511e-01 -1.01295797e-02  3.91211513e-05 -7.88099950e-04 
 2.43220401e+03 -2.02936423e-01 -1.00411240e-02  3.88689254e-05 -7.85561522e-04 
 2.43781082e+03 -2.01818560e-01 -9.95354291e-03  3.86187218e-05 -7.83035237e-04 
 2.44343055e+03 -2.00707865e-01 -9.86682624e-03  3.83705197e-05 -7.80521003e-04 
 2.44906324e+03 -1.99604281e-01 -9.78096409e-03  3.81242989e-05 -7.78018732e-04 
 2.45470892e+03 -1.98507751e-01 -9.69594667e-03  3.78800392e-05 -7.75528337e-04 
 2.46036760e+03 -1.97418220e-01 -9.61176432e-03  3.76377207e-05 -7.73049730e-04 
 2.46603934e+03 -1.96335631e-01 -9.52840751e-03  3.73973238e-05 -7.70582825e-04 
 2.47172415e+03 -1.95259931e-01 -9.44586683e-03  3.71588291e-05 -7.68127536e-04 
 2.47742206e+03 -1.94191066e-01 -9.36413300e-03  3.69222174e-05 -7.65683781e-04 
 2.48313311e+03 -1.93128981e-01 -9.28319686e-03  3.66874699e-05 -7.63251473e-04 
 2.48885732e+03 -1.92073624e-01 -9.20304940e-03  3.64545679e-05 -7.60830532e-04 
 2.49459473e+03 -1.91024942e-01 -9.12368168e-03  3.62234930e-05 -7.58420875e-04 
 2.50034536e+03 -1.89982883e-01 -9.04508492e-03  3.59942269e-05 -7.56022421e-04 
 2.50610925e+03 -1.88947395e-01 -8.96725044e-03  3.57667518e-05 -7.53635090e-04 
 2.51188643e+03 -1.87918428e-01 -8.89016968e-03  3.55410498e-05 -7.51258802e-04 
 2.51767693e+03 -1.86895931e-01 -8.81383418e-03  3.53171034e-05 -7.48893478e-04 
 2.52348077e+03 -1.85879854e-01 -8.73823561e-03  3.50948954e-05 -7.46539040e-04 
 2.52929800e+03 -1.84870147e-01 -8.66336573e-03  3.48744085e-05 -7.44195412e-04 
 2.53512863e+03 -1.83866761e-01 -8.58921642e-03  3.46556260e-05 -7.41862516e-04 
 2.54097271e+03 -1.82869649e-01 -8.51577967e-03  3.44385310e-05 -7.39540278e-04 
 2.54683025e+03 -1.81878760e-01 -8.44304756e-03  3.42231072e-05 -7.37228621e-04 
 2.55270130e+03 -1.80894049e-01 -8.37101228e-03  3.40093382e-05 -7.34927472e-04 
 2.55858589e+03 -1.79915468e-01 -8.29966614e-03  3.37972080e-05 -7.32636757e-04 
 2.56448404e+03 -1.78942969e-01 -8.22900150e-03  3.35867006e-05 -7.30356404e-04 
 2.57039578e+03 -1.77976508e-01 -8.15901088e-03  3.33778005e-05 -7.28086340e-04 
 2.57632116e+03 -1.77016038e-01 -8.08968685e-03  3.31704919e-05 -7.25826494e-04 
 2.58226019e+03 -1.76061513e-01 -8.02102210e-03  3.29647597e-05 -7.23576795e-04 
 2.58821292e+03 -1.75112888e-01 -7.95300939e-03  3.27605887e-05 -7.21337173e-04 
 2.59417936e+03 -1.74170120e-01 -7.88564162e-03  3.25579639e-05 -7.19107559e-04 
 2.60015956e+03 -1.73233164e-01 -7.81891172e-03  3.23568705e-05 -7.16887883e-04 
 2.60615355e+03 -1.72301977e-01 -7.75281275e-03  3.21572940e-05 -7.14678079e-04 
 2.61216135e+03 -1.71376514e-01 -7.68733785e-03  3.19592199e-05 -7.12478077e-04 
 2.61818301e+03 -1.70456733e-01 -7.62248024e-03  3.17626339e-05 -7.10287813e-04 
 2.62421854e+03 -1.69542593e-01 -7.55823324e-03  3.15675220e-05 -7.08107218e-04 
 2.63026799e+03 -1.68634049e-01 -7.49459024e-03  3.13738701e-05 -7.05936229e-04 
 2.63633139e+03 -1.67731062e-01 -7.43154471e-03  3.11816647e-05 -7.03774779e-04 
 2.64240876e+03 -1.66833590e-01 -7.36909023e-03  3.09908919e-05 -7.01622805e-04 
 2.64850014e+03 -1.65941591e-01 -7.30722042e-03  3.08015385e-05 -6.99480243e-04 
 2.65460556e+03 -1.65055026e-01 -7.24592902e-03  3.06135911e-05 -6.97347029e-04 
 2.66072506e+03 -1.64173854e-01 -7.18520982e-03  3.04270366e-05 -6.95223102e-04 
 2.66685866e+03 -1.63298035e-01 -7.12505670e-03  3.02418619e-05 -6.93108398e-04 
 2.67300641e+03 -1.62427531e-01 -7.06546361e-03  3.00580544e-05 -6.91002858e-04 
 2.67916832e+03 -1.61562301e-01 -7.00642459e-03  2.98756012e-05 -6.88906419e-04 
 2.68534445e+03 -1.60702308e-01 -6.94793373e-03  2.96944899e-05 -6.86819022e-04 
 2.69153480e+03 -1.59847512e-01 -6.88998521e-03  2.95147080e-05 -6.84740607e-04 
 2.69773943e+03 -1.58997877e-01 -6.83257328e-03  2.93362434e-05 -6.82671115e-04 
 2.70395836e+03 -1.58153364e-01 -6.77569226e-03  2.91590838e-05 -6.80610486e-04 
 2.71019163e+03 -1.57313936e-01 -6.71933653e-03  2.89832174e-05 -6.78558664e-04 
 2.71643927e+03 -1.56479557e-01 -6.66350056e-03  2.88086323e-05 -6.76515590e-04 
 2.72270131e+03 -1.55650189e-01 -6.60817888e-03  2.86353168e-05 -6.74481208e-04 
 2.72897778e+03 -1.54825796e-01 -6.55336606e-03  2.84632593e-05 -6.72455460e-04 
 2.73526873e+03 -1.54006343e-01 -6.49905678e-03  2.82924484e-05 -6.70438292e-04 
 2.74157417e+03 -1.53191794e-01 -6.44524575e-03  2.81228728e-05 -6.68429646e-04 
 2.74789415e+03 -1.52382113e-01 -6.39192776e-03  2.79545213e-05 -6.66429469e-04 
 2.75422870e+03 -1.51577266e-01 -6.33909767e-03  2.77873829e-05 -6.64437706e-04 
 2.76057786e+03 -1.50777217e-01 -6.28675039e-03  2.76214466e-05 -6.62454303e-04 
 2.76694165e+03 -1.49981933e-01 -6.23488089e-03  2.74567016e-05 -6.60479205e-04 
 2.77332010e+03 -1.49191380e-01 -6.18348421e-03  2.72931372e-05 -6.58512361e-04 
 2.77971327e+03 -1.48405523e-01 -6.13255545e-03  2.71307429e-05 -6.56553718e-04 
 2.78612117e+03 -1.47624329e-01 -6.08208975e-03  2.69695082e-05 -6.54603222e-04 
 2.79254384e+03 -1.46847766e-01 -6.03208234e-03  2.68094227e-05 -6.52660824e-04 
 2.79898132e+03 -1.46075800e-01 -5.98252848e-03  2.66504764e-05 -6.50726471e-04 
 2.80543364e+03 -1.45308398e-01 -5.93342349e-03  2.64926589e-05 -6.48800113e-04 
 2.81190083e+03 -1.44545529e-01 -5.88476277e-03  2.63359605e-05 -6.46881699e-04 
 2.81838293e+03 -1.43787160e-01 -5.83654174e-03  2.61803710e-05 -6.44971180e-04 
 2.82487997e+03 -1.43033261e-01 -5.78875590e-03  2.60258809e-05 -6.43068506e-04 
 2.83139200e+03 -1.42283798e-01 -5.74140079e-03  2.58724804e-05 -6.41173628e-04 
 2.83791903e+03 -1.41538742e-01 -5.69447201e-03  2.57201599e-05 -6.39286498e-04 
 2.84446111e+03 -1.40798060e-01 -5.64796521e-03  2.55689100e-05 -6.37407067e-04 
 2.85101827e+03 -1.40061724e-01 -5.60187609e-03  2.54187214e-05 -6.35535287e-04 
 2.85759054e+03 -1.39329702e-01 -5.55620041e-03  2.52695847e-05 -6.33671112e-04 
 2.86417797e+03 -1.38601964e-01 -5.51093395e-03  2.51214908e-05 -6.31814495e-04 
 2.87078058e+03 -1.37878480e-01 -5.46607258e-03  2.49744306e-05 -6.29965388e-04 
 2.87739841e+03 -1.37159221e-01 -5.42161220e-03  2.48283953e-05 -6.28123746e-04 
 2.88403150e+03 -1.36444158e-01 -5.37754874e-03  2.46833759e-05 -6.26289522e-04 
 2.89067988e+03 -1.35733261e-01 -5.33387820e-03  2.45393636e-05 -6.24462673e-04 
 2.89734359e+03 -1.35026501e-01 -5.29059663e-03  2.43963499e-05 -6.22643153e-04 
 2.90402265e+03 -1.34323851e-01 -5.24770011e-03  2.42543260e-05 -6.20830916e-04 
 2.91071712e+03 -1.33625281e-01 -5.20518477e-03  2.41132835e-05 -6.19025920e-04 
 2.91742701e+03 -1.32930764e-01 -5.16304679e-03  2.39732140e-05 -6.17228120e-04 
 2.92415238e+03 -1.32240272e-01 -5.12128240e-03  2.38341093e-05 -6.15437472e-04 
 2.93089325e+03 -1.31553777e-01 -5.07988784e-03  2.36959610e-05 -6.13653935e-04 
 2.93764965e+03 -1.30871252e-01 -5.03885944e-03  2.35587610e-05 -6.11877464e-04 
 2.94442163e+03 -1.30192669e-01 -4.99819355e-03  2.34225013e-05 -6.10108018e-04 
 2.95120923e+03 -1.29518002e-01 -4.95788655e-03  2.32871739e-05 -6.08345555e-04 
 2.95801247e+03 -1.28847225e-01 -4.91793487e-03  2.31527709e-05 -6.06590033e-04 
 2.96483139e+03 -1.28180309e-01 -4.87833500e-03  2.30192846e-05 -6.04841410e-04 
 2.97166603e+03 -1.27517231e-01 -4.83908344e-03  2.28867072e-05 -6.03099647e-04 
 2.97851643e+03 -1.26857962e-01 -4.80017676e-03  2.27550310e-05 -6.01364702e-04 
 2.98538262e+03 -1.26202478e-01 -4.76161153e-03  2.26242485e-05 -5.99636534e-04 
 2.99226464e+03 -1.25550753e-01 -4.72338440e-03  2.24943523e-05 -5.97915105e-04 
 2.99916252e+03 -1.24902762e-01 -4.68549203e-03  2.23653349e-05 -5.96200374e-04 
 3.00607630e+03 -1.24258479e-01 -4.64793114e-03  2.22371890e-05 -5.94492302e-04 
 3.01300602e+03 -1.23617880e-01 -4.61069845e-03  2.21099073e-05 -5.92790851e-04 
 3.01995172e+03 -1.22980939e-01 -4.57379077e-03  2.19834827e-05 -5.91095981e-04 
 3.02691343e+03 -1.22347632e-01 -4.53720490e-03  2.18579080e-05 -5.89407654e-04 
 3.03389118e+03 -1.21717936e-01 -4.50093770e-03  2.17331763e-05 -5.87725833e-04 
 3.04088503e+03 -1.21091825e-01 -4.46498605e-03  2.16092806e-05 -5.86050479e-04 
 3.04789499e+03 -1.20469275e-01 -4.42934688e-03  2.14862139e-05 -5.84381555e-04 
 3.05492111e+03 -1.19850264e-01 -4.39401715e-03  2.13639695e-05 -5.82719025e-04 
 3.06196343e+03 -1.19234767e-01 -4.35899384e-03  2.12425406e-05 -5.81062851e-04 
 3.06902199e+03 -1.18622762e-01 -4.32427399e-03  2.11219206e-05 -5.79412996e-04 
 3.07609681e+03 -1.18014224e-01 -4.28985465e-03  2.10021028e-05 -5.77769426e-04 
 3.08318795e+03 -1.17409131e-01 -4.25573291e-03  2.08830806e-05 -5.76132103e-04 
 3.09029543e+03 -1.16807460e-01 -4.22190589e-03  2.07648477e-05 -5.74500992e-04 
 3.09741930e+03 -1.16209189e-01 -4.18837075e-03  2.06473976e-05 -5.72876058e-04 
 3.10455959e+03 -1.15614295e-01 -4.15512468e-03  2.05307239e-05 -5.71257266e-04 
 3.11171634e+03 -1.15022756e-01 -4.12216489e-03  2.04148203e-05 -5.69644581e-04 
 3.11888958e+03 -1.14434549e-01 -4.08948862e-03  2.02996807e-05 -5.68037968e-04 
 3.12607937e+03 -1.13849654e-01 -4.05709316e-03  2.01852988e-05 -5.66437394e-04 
 3.13328572e+03 -1.13268048e-01 -4.02497582e-03  2.00716686e-05 -5.64842825e-04 
 3.14050869e+03 -1.12689709e-01 -3.99313393e-03  1.99587840e-05 -5.63254226e-04 
 3.14774831e+03 -1.12114616e-01 -3.96156485e-03  1.98466391e-05 -5.61671564e-04 
 3.15500462e+03 -1.11542749e-01 -3.93026599e-03  1.97352279e-05 -5.60094807e-04 
 3.16227766e+03 -1.10974086e-01 -3.89923476e-03  1.96245445e-05 -5.58523921e-04 
 3.16956746e+03 -1.10408606e-01 -3.86846862e-03  1.95145832e-05 -5.56958874e-04 
 3.17687407e+03 -1.09846288e-01 -3.83796505e-03  1.94053382e-05 -5.55399633e-04 
 3.18419752e+03 -1.09287113e-01 -3.80772154e-03  1.92968039e-05 -5.53846167e-04 
 3.19153786e+03 -1.08731059e-01 -3.77773565e-03  1.91889745e-05 -5.52298443e-04 
 3.19889511e+03 -1.08178106e-01 -3.74800491e-03  1.90818445e-05 -5.50756429e-04 
 3.20626932e+03 -1.07628235e-01 -3.71852693e-03  1.89754084e-05 -5.49220095e-04 
 3.21366054e+03 -1.07081425e-01 -3.68929931e-03  1.88696607e-05 -5.47689410e-04 
 3.22106879e+03 -1.06537657e-01 -3.66031969e-03  1.87645960e-05 -5.46164342e-04 
 3.22849412e+03 -1.05996911e-01 -3.63158573e-03  1.86602090e-05 -5.44644861e-04 
 3.23593657e+03 -1.05459168e-01 -3.60309513e-03  1.85564942e-05 -5.43130936e-04 
 3.24339617e+03 -1.04924408e-01 -3.57484559e-03  1.84534465e-05 -5.41622538e-04 
 3.25087297e+03 -1.04392612e-01 -3.54683485e-03  1.83510606e-05 -5.40119636e-04 
 3.25836701e+03 -1.03863762e-01 -3.51906068e-03  1.82493314e-05 -5.38622200e-04 
 3.26587832e+03 -1.03337838e-01 -3.49152085e-03  1.81482537e-05 -5.37130202e-04 
 3.27340695e+03 -1.02814822e-01 -3.46421318e-03  1.80478225e-05 -5.35643611e-04 
 3.28095293e+03 -1.02294695e-01 -3.43713550e-03  1.79480328e-05 -5.34162399e-04 
 3.28851631e+03 -1.01777439e-01 -3.41028566e-03  1.78488796e-05 -5.32686538e-04 
 3.29609712e+03 -1.01263036e-01 -3.38366155e-03  1.77503580e-05 -5.31215998e-04 
 3.30369541e+03 -1.00751467e-01 -3.35726105e-03  1.76524632e-05 -5.29750751e-04 
 3.31131121e+03 -1.00242715e-01 -3.33108210e-03  1.75551902e-05 -5.28290768e-04 
 3.31894458e+03 -9.97367612e-02 -3.30512264e-03  1.74585343e-05 -5.26836023e-04 
 3.32659553e+03 -9.92335886e-02 -3.27938063e-03  1.73624908e-05 -5.25386487e-04 
 3.33426413e+03 -9.87331794e-02 -3.25385406e-03  1.72670550e-05 -5.23942133e-04 
 3.34195040e+03 -9.82355161e-02 -3.22854094e-03  1.71722222e-05 -5.22502933e-04 
 3.34965439e+03 -9.77405815e-02 -3.20343929e-03  1.70779878e-05 -5.21068861e-04 
 3.35737614e+03 -9.72483585e-02 -3.17854718e-03  1.69843474e-05 -5.19639889e-04 
 3.36511569e+03 -9.67588299e-02 -3.15386265e-03  1.68912962e-05 -5.18215990e-04 
 3.37287309e+03 -9.62719788e-02 -3.12938382e-03  1.67988300e-05 -5.16797139e-04 
 3.38064836e+03 -9.57877886e-02 -3.10510878e-03  1.67069442e-05 -5.15383308e-04 
 3.38844156e+03 -9.53062424e-02 -3.08103567e-03  1.66156344e-05 -5.13974472e-04 
 3.39625273e+03 -9.48273239e-02 -3.05716263e-03  1.65248963e-05 -5.12570605e-04 
 3.40408190e+03 -9.43510165e-02 -3.03348783e-03  1.64347256e-05 -5.11171680e-04 
 3.41192912e+03 -9.38773041e-02 -3.01000946e-03  1.63451181e-05 -5.09777674e-04 
 3.41979443e+03 -9.34061704e-02 -2.98672573e-03  1.62560694e-05 -5.08388559e-04 
 3.42767787e+03 -9.29375995e-02 -2.96363485e-03  1.61675754e-05 -5.07004311e-04 
 3.43557948e+03 -9.24715753e-02 -2.94073508e-03  1.60796320e-05 -5.05624906e-04 
 3.44349931e+03 -9.20080821e-02 -2.91802467e-03  1.59922349e-05 -5.04250317e-04 
 3.45143739e+03 -9.15471042e-02 -2.89550189e-03  1.59053802e-05 -5.02880521e-04 
 3.45939378e+03 -9.10886261e-02 -2.87316506e-03  1.58190638e-05 -5.01515492e-04 
 3.46736850e+03 -9.06326323e-02 -2.85101247e-03  1.57332817e-05 -5.00155208e-04 
 3.47536161e+03 -9.01791074e-02 -2.82904246e-03  1.56480299e-05 -4.98799643e-04 
 3.48337315e+03 -8.97280363e-02 -2.80725338e-03  1.55633045e-05 -4.97448774e-04 
 3.49140315e+03 -8.92794038e-02 -2.78564359e-03  1.54791016e-05 -4.96102577e-04 
 3.49945167e+03 -8.88331950e-02 -2.76421147e-03  1.53954174e-05 -4.94761029e-04 
 3.50751874e+03 -8.83893949e-02 -2.74295543e-03  1.53122479e-05 -4.93424105e-04 
 3.51560441e+03 -8.79479887e-02 -2.72187386e-03  1.52295895e-05 -4.92091784e-04 
 3.52370871e+03 -8.75089618e-02 -2.70096521e-03  1.51474383e-05 -4.90764041e-04 
 3.53183170e+03 -8.70722997e-02 -2.68022792e-03  1.50657907e-05 -4.89440853e-04 
 3.53997341e+03 -8.66379879e-02 -2.65966045e-03  1.49846429e-05 -4.88122199e-04 
 3.54813389e+03 -8.62060119e-02 -2.63926128e-03  1.49039913e-05 -4.86808055e-04 
 3.55631319e+03 -8.57763577e-02 -2.61902890e-03  1.48238323e-05 -4.85498400e-04 
 3.56451133e+03 -8.53490109e-02 -2.59896181e-03  1.47441622e-05 -4.84193210e-04 
 3.57272838e+03 -8.49239577e-02 -2.57905855e-03  1.46649776e-05 -4.82892463e-04 
 3.58096437e+03 -8.45011840e-02 -2.55931764e-03  1.45862748e-05 -4.81596139e-04 
 3.58921935e+03 -8.40806761e-02 -2.53973763e-03  1.45080504e-05 -4.80304214e-04 
 3.59749335e+03 -8.36624201e-02 -2.52031711e-03  1.44303010e-05 -4.79016668e-04 
 3.60578643e+03 -8.32464025e-02 -2.50105464e-03  1.43530230e-05 -4.77733478e-04 
 3.61409863e+03 -8.28326097e-02 -2.48194881e-03  1.42762131e-05 -4.76454624e-04 
 3.62242998e+03 -8.24210282e-02 -2.46299825e-03  1.41998679e-05 -4.75180084e-04 
 3.63078055e+03 -8.20116448e-02 -2.44420157e-03  1.41239841e-05 -4.73909837e-04 
 3.63915036e+03 -8.16044461e-02 -2.42555740e-03  1.40485583e-05 -4.72643863e-04 
 3.64753947e+03 -8.11994190e-02 -2.40706440e-03  1.39735873e-05 -4.71382140e-04 
 3.65594792e+03 -8.07965505e-02 -2.38872124e-03  1.38990678e-05 -4.70124648e-04 
 3.66437575e+03 -8.03958275e-02 -2.37052658e-03  1.38249965e-05 -4.68871367e-04 
 3.67282300e+03 -7.99972373e-02 -2.35247911e-03  1.37513703e-05 -4.67622275e-04 
 3.68128974e+03 -7.96007670e-02 -2.33457754e-03  1.36781860e-05 -4.66377354e-04 
 3.68977599e+03 -7.92064039e-02 -2.31682059e-03  1.36054405e-05 -4.65136583e-04 
 3.69828180e+03 -7.88141354e-02 -2.29920698e-03  1.35331305e-05 -4.63899941e-04 
 3.70680722e+03 -7.84239491e-02 -2.28173545e-03  1.34612532e-05 -4.62667410e-04 
 3.71535229e+03 -7.80358324e-02 -2.26440475e-03  1.33898052e-05 -4.61438970e-04 
 3.72391706e+03 -7.76497731e-02 -2.24721366e-03  1.33187837e-05 -4.60214601e-04 
 3.73250158e+03 -7.72657589e-02 -2.23016094e-03  1.32481857e-05 -4.58994283e-04 
 3.74110588e+03 -7.68837776e-02 -2.21324538e-03  1.31780080e-05 -4.57777998e-04 
 3.74973002e+03 -7.65038172e-02 -2.19646579e-03  1.31082479e-05 -4.56565726e-04 
 3.75837404e+03 -7.61258656e-02 -2.17982098e-03  1.30389023e-05 -4.55357449e-04 
 3.76703799e+03 -7.57499110e-02 -2.16330977e-03  1.29699683e-05 -4.54153148e-04 
 3.77572191e+03 -7.53759415e-02 -2.14693099e-03  1.29014430e-05 -4.52952803e-04 
 3.78442585e+03 -7.50039454e-02 -2.13068350e-03  1.28333236e-05 -4.51756397e-04 
 3.79314985e+03 -7.46339110e-02 -2.11456616e-03  1.27656072e-05 -4.50563910e-04 
 3.80189396e+03 -7.42658267e-02 -2.09857782e-03  1.26982911e-05 -4.49375325e-04 
 3.81065823e+03 -7.38996811e-02 -2.08271737e-03  1.26313724e-05 -4.48190623e-04 
 3.81944271e+03 -7.35354627e-02 -2.06698370e-03  1.25648484e-05 -4.47009786e-04 
 3.82824743e+03 -7.31731602e-02 -2.05137572e-03  1.24987164e-05 -4.45832797e-04 
 3.83707245e+03 -7.28127622e-02 -2.03589233e-03  1.24329735e-05 -4.44659636e-04 
 3.84591782e+03 -7.24542577e-02 -2.02053246e-03  1.23676171e-05 -4.43490288e-04 
 3.85478358e+03 -7.20976356e-02 -2.00529503e-03  1.23026446e-05 -4.42324733e-04 
 3.86366977e+03 -7.17428847e-02 -1.99017900e-03  1.22380533e-05 -4.41162955e-04 
 3.87257645e+03 -7.13899941e-02 -1.97518331e-03  1.21738406e-05 -4.40004935e-04 
 3.88150366e+03 -7.10389530e-02 -1.96030694e-03  1.21100038e-05 -4.38850658e-04 
 3.89045145e+03 -7.06897505e-02 -1.94554884e-03  1.20465403e-05 -4.37700105e-04 
 3.89941987e+03 -7.03423760e-02 -1.93090801e-03  1.19834477e-05 -4.36553260e-04 
 3.90840896e+03 -6.99968187e-02 -1.91638343e-03  1.19207234e-05 -4.35410105e-04 
 3.91741877e+03 -6.96530681e-02 -1.90197412e-03  1.18583648e-05 -4.34270624e-04 
 3.92644935e+03 -6.93111136e-02 -1.88767907e-03  1.17963694e-05 -4.33134800e-04 
 3.93550075e+03 -6.89709449e-02 -1.87349732e-03  1.17347348e-05 -4.32002617e-04 
 3.94457302e+03 -6.86325515e-02 -1.85942789e-03  1.16734585e-05 -4.30874057e-04 
 3.95366620e+03 -6.82959232e-02 -1.84546982e-03  1.16125380e-05 -4.29749106e-04 
 3.96278034e+03 -6.79610496e-02 -1.83162216e-03  1.15519710e-05 -4.28627745e-04 
 3.97191549e+03 -6.76279208e-02 -1.81788397e-03  1.14917551e-05 -4.27509960e-04 
 3.98107171e+03 -6.72965265e-02 -1.80425431e-03  1.14318878e-05 -4.26395733e-04 
 3.99024902e+03 -6.69668567e-02 -1.79073227e-03  1.13723668e-05 -4.25285050e-04 
 3.99944750e+03 -6.66389016e-02 -1.77731691e-03  1.13131898e-05 -4.24177894e-04 
 4.00866718e+03 -6.63126511e-02 -1.76400734e-03  1.12543545e-05 -4.23074249e-04 
 4.01790811e+03 -6.59880955e-02 -1.75080266e-03  1.11958585e-05 -4.21974101e-04 
 4.02717034e+03 -6.56652250e-02 -1.73770198e-03  1.11376995e-05 -4.20877432e-04 
 4.03645393e+03 -6.53440300e-02 -1.72470441e-03  1.10798754e-05 -4.19784228e-04 
 4.04575892e+03 -6.50245008e-02 -1.71180908e-03  1.10223838e-05 -4.18694473e-04 
 4.05508535e+03 -6.47066278e-02 -1.69901513e-03  1.09652225e-05 -4.17608153e-04 
 4.06443329e+03 -6.43904015e-02 -1.68632169e-03  1.09083893e-05 -4.16525251e-04 
 4.07380278e+03 -6.40758126e-02 -1.67372792e-03  1.08518820e-05 -4.15445754e-04 
 4.08319386e+03 -6.37628516e-02 -1.66123298e-03  1.07956985e-05 -4.14369645e-04 
 4.09260660e+03 -6.34515092e-02 -1.64883603e-03  1.07398365e-05 -4.13296910e-04 
 4.10204103e+03 -6.31417762e-02 -1.63653625e-03  1.06842940e-05 -4.12227534e-04 
 4.11149721e+03 -6.28336434e-02 -1.62433282e-03  1.06290689e-05 -4.11161503e-04 
 4.12097519e+03 -6.25271017e-02 -1.61222492e-03  1.05741589e-05 -4.10098802e-04 
 4.13047502e+03 -6.22221420e-02 -1.60021176e-03  1.05195620e-05 -4.09039416e-04 
 4.13999675e+03 -6.19187553e-02 -1.58829254e-03  1.04652762e-05 -4.07983331e-04 
 4.14954043e+03 -6.16169326e-02 -1.57646646e-03  1.04112994e-05 -4.06930532e-04 
 4.15910610e+03 -6.13166651e-02 -1.56473276e-03  1.03576296e-05 -4.05881006e-04 
 4.16869383e+03 -6.10179440e-02 -1.55309064e-03  1.03042647e-05 -4.04834738e-04 
 4.17830367e+03 -6.07207604e-02 -1.54153936e-03  1.02512027e-05 -4.03791715e-04 
 4.18793565e+03 -6.04251057e-02 -1.53007814e-03  1.01984416e-05 -4.02751921e-04 
 4.19758984e+03 -6.01309712e-02 -1.51870624e-03  1.01459795e-05 -4.01715344e-04 
 4.20726628e+03 -5.98383483e-02 -1.50742291e-03  1.00938144e-05 -4.00681969e-04 
 4.21696503e+03 -5.95472285e-02 -1.49622741e-03  1.00419443e-05 -3.99651783e-04 
 4.22668614e+03 -5.92576032e-02 -1.48511901e-03  9.99036735e-06 -3.98624772e-04 
 4.23642966e+03 -5.89694641e-02 -1.47409697e-03  9.93908160e-06 -3.97600922e-04 
 4.24619564e+03 -5.86828028e-02 -1.46316059e-03  9.88808516e-06 -3.96580221e-04 
 4.25598413e+03 -5.83976109e-02 -1.45230916e-03  9.83737613e-06 -3.95562654e-04 
 4.26579519e+03 -5.81138802e-02 -1.44154195e-03  9.78695266e-06 -3.94548208e-04 
 4.27562886e+03 -5.78316024e-02 -1.43085828e-03  9.73681288e-06 -3.93536871e-04 
 4.28548520e+03 -5.75507695e-02 -1.42025746e-03  9.68695495e-06 -3.92528628e-04 
 4.29536427e+03 -5.72713733e-02 -1.40973879e-03  9.63737705e-06 -3.91523468e-04 
 4.30526610e+03 -5.69934057e-02 -1.39930159e-03  9.58807736e-06 -3.90521376e-04 
 4.31519077e+03 -5.67168588e-02 -1.38894519e-03  9.53905408e-06 -3.89522341e-04 
 4.32513831e+03 -5.64417245e-02 -1.37866893e-03  9.49030543e-06 -3.88526348e-04 
 4.33510878e+03 -5.61679950e-02 -1.36847214e-03  9.44182965e-06 -3.87533386e-04 
 4.34510224e+03 -5.58956625e-02 -1.35835415e-03  9.39362496e-06 -3.86543442e-04 
 4.35511874e+03 -5.56247191e-02 -1.34831434e-03  9.34568963e-06 -3.85556503e-04 
 4.36515832e+03 -5.53551571e-02 -1.33835204e-03  9.29802193e-06 -3.84572557e-04 
 4.37522105e+03 -5.50869688e-02 -1.32846662e-03  9.25062014e-06 -3.83591591e-04 
 4.38530698e+03 -5.48201465e-02 -1.31865745e-03  9.20348256e-06 -3.82613592e-04 
 4.39541615e+03 -5.45546827e-02 -1.30892390e-03  9.15660749e-06 -3.81638549e-04 
 4.40554864e+03 -5.42905698e-02 -1.29926534e-03  9.10999326e-06 -3.80666449e-04 
 4.41570447e+03 -5.40278002e-02 -1.28968117e-03  9.06363820e-06 -3.79697281e-04 
 4.42588372e+03 -5.37663666e-02 -1.28017077e-03  9.01754067e-06 -3.78731031e-04 
 4.43608644e+03 -5.35062614e-02 -1.27073354e-03  8.97169901e-06 -3.77767689e-04 
 4.44631267e+03 -5.32474774e-02 -1.26136888e-03  8.92611160e-06 -3.76807241e-04 
 4.45656248e+03 -5.29900073e-02 -1.25207618e-03  8.88077684e-06 -3.75849677e-04 
 4.46683592e+03 -5.27338437e-02 -1.24285488e-03  8.83569310e-06 -3.74894984e-04 
 4.47713304e+03 -5.24789794e-02 -1.23370437e-03  8.79085881e-06 -3.73943150e-04 
 4.48745390e+03 -5.22254074e-02 -1.22462409e-03  8.74627239e-06 -3.72994165e-04 
 4.49779855e+03 -5.19731203e-02 -1.21561345e-03  8.70193226e-06 -3.72048016e-04 
 4.50816705e+03 -5.17221112e-02 -1.20667189e-03  8.65783688e-06 -3.71104692e-04 
 4.51855944e+03 -5.14723730e-02 -1.19779886e-03  8.61398469e-06 -3.70164181e-04 
 4.52897580e+03 -5.12238987e-02 -1.18899378e-03  8.57037417e-06 -3.69226473e-04 
 4.53941617e+03 -5.09766813e-02 -1.18025610e-03  8.52700380e-06 -3.68291555e-04 
 4.54988060e+03 -5.07307140e-02 -1.17158529e-03  8.48387207e-06 -3.67359416e-04 
 4.56036916e+03 -5.04859898e-02 -1.16298079e-03  8.44097748e-06 -3.66430046e-04 
 4.57088190e+03 -5.02425020e-02 -1.15444206e-03  8.39831854e-06 -3.65503433e-04 
 4.58141887e+03 -5.00002437e-02 -1.14596858e-03  8.35589378e-06 -3.64579566e-04 
 4.59198013e+03 -4.97592083e-02 -1.13755980e-03  8.31370174e-06 -3.63658433e-04 
 4.60256574e+03 -4.95193890e-02 -1.12921522e-03  8.27174095e-06 -3.62740025e-04 
 4.61317575e+03 -4.92807791e-02 -1.12093430e-03  8.23000998e-06 -3.61824330e-04 
 4.62381021e+03 -4.90433721e-02 -1.11271654e-03  8.18850739e-06 -3.60911338e-04 
 4.63446920e+03 -4.88071614e-02 -1.10456142e-03  8.14723177e-06 -3.60001037e-04 
 4.64515275e+03 -4.85721404e-02 -1.09646843e-03  8.10618170e-06 -3.59093417e-04 
 4.65586094e+03 -4.83383027e-02 -1.08843708e-03  8.06535578e-06 -3.58188467e-04 
 4.66659380e+03 -4.81056418e-02 -1.08046686e-03  8.02475262e-06 -3.57286177e-04 
 4.67735141e+03 -4.78741513e-02 -1.07255729e-03  7.98437084e-06 -3.56386537e-04 
 4.68813382e+03 -4.76438247e-02 -1.06470787e-03  7.94420907e-06 -3.55489535e-04 
 4.69894109e+03 -4.74146559e-02 -1.05691812e-03  7.90426595e-06 -3.54595161e-04 
 4.70977326e+03 -4.71866385e-02 -1.04918756e-03  7.86454013e-06 -3.53703406e-04 
 4.72063041e+03 -4.69597662e-02 -1.04151571e-03  7.82503027e-06 -3.52814258e-04 
 4.73151259e+03 -4.67340328e-02 -1.03390210e-03  7.78573504e-06 -3.51927708e-04 
 4.74241985e+03 -4.65094322e-02 -1.02634627e-03  7.74665312e-06 -3.51043745e-04 
 4.75335226e+03 -4.62859581e-02 -1.01884774e-03  7.70778319e-06 -3.50162359e-04 
 4.76430987e+03 -4.60636046e-02 -1.01140607e-03  7.66912396e-06 -3.49283541e-04 
 4.77529274e+03 -4.58423655e-02 -1.00402079e-03  7.63067413e-06 -3.48407280e-04 
 4.78630092e+03 -4.56222348e-02 -9.96691451e-04  7.59243242e-06 -3.47533566e-04 
 4.79733449e+03 -4.54032065e-02 -9.89417606e-04  7.55439755e-06 -3.46662390e-04 
 4.80839348e+03 -4.51852747e-02 -9.82198812e-04  7.51656827e-06 -3.45793741e-04 
 4.81947798e+03 -4.49684334e-02 -9.75034628e-04  7.47894331e-06 -3.44927610e-04 
 4.83058802e+03 -4.47526767e-02 -9.67924617e-04  7.44152144e-06 -3.44063987e-04 
 4.84172368e+03 -4.45379989e-02 -9.60868347e-04  7.40430140e-06 -3.43202863e-04 
 4.85288500e+03 -4.43243941e-02 -9.53865389e-04  7.36728198e-06 -3.42344227e-04 
 4.86407206e+03 -4.41118565e-02 -9.46915318e-04  7.33046195e-06 -3.41488071e-04 
 4.87528490e+03 -4.39003803e-02 -9.40017712e-04  7.29384011e-06 -3.40634385e-04 
 4.88652359e+03 -4.36899600e-02 -9.33172154e-04  7.25741524e-06 -3.39783158e-04 
 4.89778819e+03 -4.34805898e-02 -9.26378229e-04  7.22118617e-06 -3.38934383e-04 
 4.90907876e+03 -4.32722640e-02 -9.19635525e-04  7.18515169e-06 -3.38088049e-04 
 4.92039536e+03 -4.30649771e-02 -9.12943637e-04  7.14931064e-06 -3.37244148e-04 
 4.93173804e+03 -4.28587235e-02 -9.06302161e-04  7.11366185e-06 -3.36402669e-04 
 4.94310687e+03 -4.26534976e-02 -8.99710695e-04  7.07820415e-06 -3.35563605e-04 
 4.95450191e+03 -4.24492940e-02 -8.93168843e-04  7.04293640e-06 -3.34726945e-04 
 4.96592321e+03 -4.22461072e-02 -8.86676212e-04  7.00785745e-06 -3.33892680e-04 
 4.97737085e+03 -4.20439317e-02 -8.80232412e-04  6.97296616e-06 -3.33060802e-04 
 4.98884487e+03 -4.18427622e-02 -8.73837055e-04  6.93826141e-06 -3.32231302e-04 
 5.00034535e+03 -4.16425933e-02 -8.67489759e-04  6.90374208e-06 -3.31404170e-04 
 5.01187234e+03 -4.14434196e-02 -8.61190142e-04  6.86940706e-06 -3.30579398e-04 
 5.02342590e+03 -4.12452358e-02 -8.54937829e-04  6.83525523e-06 -3.29756977e-04 
 5.03500609e+03 -4.10480367e-02 -8.48732445e-04  6.80128551e-06 -3.28936897e-04 
 5.04661298e+03 -4.08518170e-02 -8.42573620e-04  6.76749681e-06 -3.28119151e-04 
 5.05824662e+03 -4.06565715e-02 -8.36460987e-04  6.73388804e-06 -3.27303730e-04 
 5.06990708e+03 -4.04622950e-02 -8.30394180e-04  6.70045814e-06 -3.26490624e-04 
 5.08159443e+03 -4.02689824e-02 -8.24372838e-04  6.66720603e-06 -3.25679826e-04 
 5.09330871e+03 -4.00766285e-02 -8.18396605e-04  6.63413066e-06 -3.24871326e-04 
 5.10505000e+03 -3.98852283e-02 -8.12465124e-04  6.60123098e-06 -3.24065116e-04 
 5.11681836e+03 -3.96947766e-02 -8.06578042e-04  6.56850594e-06 -3.23261188e-04 
 5.12861384e+03 -3.95052686e-02 -8.00735012e-04  6.53595450e-06 -3.22459533e-04 
 5.14043652e+03 -3.93166991e-02 -7.94935687e-04  6.50357564e-06 -3.21660143e-04 
 5.15228645e+03 -3.91290632e-02 -7.89179723e-04  6.47136834e-06 -3.20863009e-04 
 5.16416369e+03 -3.89423559e-02 -7.83466781e-04  6.43933158e-06 -3.20068123e-04 
 5.17606832e+03 -3.87565724e-02 -7.77796522e-04  6.40746435e-06 -3.19275478e-04 
 5.18800039e+03 -3.85717078e-02 -7.72168611e-04  6.37576565e-06 -3.18485063e-04 
 5.19995997e+03 -3.83877571e-02 -7.66582718e-04  6.34423448e-06 -3.17696873e-04 
 5.21194711e+03 -3.82047157e-02 -7.61038512e-04  6.31286986e-06 -3.16910898e-04 
 5.22396189e+03 -3.80225786e-02 -7.55535668e-04  6.28167081e-06 -3.16127129e-04 
 5.23600437e+03 -3.78413411e-02 -7.50073862e-04  6.25063635e-06 -3.15345561e-04 
 5.24807460e+03 -3.76609985e-02 -7.44652773e-04  6.21976552e-06 -3.14566183e-04 
 5.26017266e+03 -3.74815461e-02 -7.39272082e-04  6.18905736e-06 -3.13788988e-04 
 5.27229861e+03 -3.73029792e-02 -7.33931475e-04  6.15851090e-06 -3.13013969e-04 
 5.28445252e+03 -3.71252930e-02 -7.28630637e-04  6.12812521e-06 -3.12241117e-04 
 5.29663444e+03 -3.69484831e-02 -7.23369260e-04  6.09789934e-06 -3.11470425e-04 
 5.30884444e+03 -3.67725447e-02 -7.18147036e-04  6.06783236e-06 -3.10701884e-04 
 5.32108259e+03 -3.65974734e-02 -7.12963658e-04  6.03792334e-06 -3.09935487e-04 
 5.33334895e+03 -3.64232645e-02 -7.07818825e-04  6.00817135e-06 -3.09171227e-04 
 5.34564359e+03 -3.62499135e-02 -7.02712236e-04  5.97857549e-06 -3.08409095e-04 
 5.35796658e+03 -3.60774160e-02 -6.97643594e-04  5.94913484e-06 -3.07649084e-04 
 5.37031796e+03 -3.59057675e-02 -6.92612604e-04  5.91984850e-06 -3.06891186e-04 
 5.38269783e+03 -3.57349634e-02 -6.87618973e-04  5.89071556e-06 -3.06135394e-04 
 5.39510623e+03 -3.55649995e-02 -6.82662411e-04  5.86173515e-06 -3.05381700e-04 
 5.40754323e+03 -3.53958713e-02 -6.77742630e-04  5.83290637e-06 -3.04630097e-04 
 5.42000890e+03 -3.52275744e-02 -6.72859344e-04  5.80422835e-06 -3.03880577e-04 
 5.43250331e+03 -3.50601045e-02 -6.68012271e-04  5.77570020e-06 -3.03133133e-04 
 5.44502653e+03 -3.48934573e-02 -6.63201130e-04  5.74732107e-06 -3.02387757e-04 
 5.45757861e+03 -3.47276285e-02 -6.58425643e-04  5.71909009e-06 -3.01644443e-04 
 5.47015963e+03 -3.45626138e-02 -6.53685532e-04  5.69100641e-06 -3.00903182e-04 
 5.48276965e+03 -3.43984090e-02 -6.48980525e-04  5.66306917e-06 -3.00163968e-04 
 5.49540874e+03 -3.42350098e-02 -6.44310350e-04  5.63527753e-06 -2.99426793e-04 
 5.50807696e+03 -3.40724121e-02 -6.39674738e-04  5.60763066e-06 -2.98691650e-04 
 5.52077439e+03 -3.39106117e-02 -6.35073421e-04  5.58012771e-06 -2.97958532e-04 
 5.53350109e+03 -3.37496044e-02 -6.30506134e-04  5.55276786e-06 -2.97227432e-04 
 5.54625713e+03 -3.35893862e-02 -6.25972616e-04  5.52555029e-06 -2.96498342e-04 
 5.55904257e+03 -3.34299529e-02 -6.21472604e-04  5.49847419e-06 -2.95771256e-04 
 5.57185749e+03 -3.32713004e-02 -6.17005842e-04  5.47153873e-06 -2.95046167e-04 
 5.58470195e+03 -3.31134247e-02 -6.12572072e-04  5.44474311e-06 -2.94323068e-04 
 5.59757601e+03 -3.29563218e-02 -6.08171040e-04  5.41808654e-06 -2.93601951e-04 
 5.61047976e+03 -3.27999877e-02 -6.03802494e-04  5.39156822e-06 -2.92882810e-04 
 5.62341325e+03 -3.26444183e-02 -5.99466185e-04  5.36518735e-06 -2.92165637e-04 
 5.63637656e+03 -3.24896097e-02 -5.95161863e-04  5.33894315e-06 -2.91450427e-04 
 5.64936975e+03 -3.23355581e-02 -5.90889284e-04  5.31283485e-06 -2.90737172e-04 
 5.66239289e+03 -3.21822593e-02 -5.86648203e-04  5.28686166e-06 -2.90025866e-04 
 5.67544605e+03 -3.20297097e-02 -5.82438378e-04  5.26102282e-06 -2.89316501e-04 
 5.68852931e+03 -3.18779053e-02 -5.78259569e-04  5.23531756e-06 -2.88609071e-04 
 5.70164272e+03 -3.17268422e-02 -5.74111538e-04  5.20974512e-06 -2.87903570e-04 
 5.71478637e+03 -3.15765166e-02 -5.69994049e-04  5.18430476e-06 -2.87199990e-04 
 5.72796031e+03 -3.14269248e-02 -5.65906868e-04  5.15899571e-06 -2.86498325e-04 
 5.74116462e+03 -3.12780628e-02 -5.61849763e-04  5.13381724e-06 -2.85798569e-04 
 5.75439937e+03 -3.11299271e-02 -5.57822503e-04  5.10876860e-06 -2.85100714e-04 
 5.76766463e+03 -3.09825138e-02 -5.53824859e-04  5.08384905e-06 -2.84404755e-04 
 5.78096047e+03 -3.08358192e-02 -5.49856605e-04  5.05905788e-06 -2.83710685e-04 
 5.79428696e+03 -3.06898396e-02 -5.45917517e-04  5.03439435e-06 -2.83018497e-04 
 5.80764418e+03 -3.05445713e-02 -5.42007370e-04  5.00985774e-06 -2.82328185e-04 
 5.82103218e+03 -3.04000108e-02 -5.38125945e-04  4.98544734e-06 -2.81639743e-04 
 5.83445104e+03 -3.02561542e-02 -5.34273021e-04  4.96116242e-06 -2.80953164e-04 
 5.84790084e+03 -3.01129981e-02 -5.30448381e-04  4.93700230e-06 -2.80268442e-04 
 5.86138165e+03 -2.99705388e-02 -5.26651809e-04  4.91296626e-06 -2.79585570e-04 
 5.87489353e+03 -2.98287728e-02 -5.22883090e-04  4.88905361e-06 -2.78904543e-04 
 5.88843655e+03 -2.96876965e-02 -5.19142014e-04  4.86526364e-06 -2.78225353e-04 
 5.90201080e+03 -2.95473063e-02 -5.15428368e-04  4.84159569e-06 -2.77547996e-04 
 5.91561634e+03 -2.94075987e-02 -5.11741945e-04  4.81804905e-06 -2.76872464e-04 
 5.92925325e+03 -2.92685704e-02 -5.08082535e-04  4.79462305e-06 -2.76198752e-04 
 5.94292159e+03 -2.91302177e-02 -5.04449935e-04  4.77131701e-06 -2.75526853e-04 
 5.95662144e+03 -2.89925372e-02 -5.00843940e-04  4.74813026e-06 -2.74856761e-04 
 5.97035287e+03 -2.88555254e-02 -4.97264348e-04  4.72506214e-06 -2.74188470e-04 
 5.98411595e+03 -2.87191791e-02 -4.93710957e-04  4.70211198e-06 -2.73521975e-04 
 5.99791076e+03 -2.85834947e-02 -4.90183570e-04  4.67927912e-06 -2.72857268e-04 
 6.01173737e+03 -2.84484689e-02 -4.86681988e-04  4.65656291e-06 -2.72194345e-04 
 6.02559586e+03 -2.83140983e-02 -4.83206015e-04  4.63396270e-06 -2.71533199e-04 
 6.03948629e+03 -2.81803795e-02 -4.79755458e-04  4.61147784e-06 -2.70873824e-04 
 6.05340875e+03 -2.80473093e-02 -4.76330123e-04  4.58910769e-06 -2.70216215e-04 
 6.06736330e+03 -2.79148844e-02 -4.72929819e-04  4.56685160e-06 -2.69560365e-04 
 6.08135001e+03 -2.77831014e-02 -4.69554357e-04  4.54470896e-06 -2.68906268e-04 
 6.09536897e+03 -2.76519571e-02 -4.66203548e-04  4.52267912e-06 -2.68253920e-04 
 6.10942025e+03 -2.75214483e-02 -4.62877206e-04  4.50076147e-06 -2.67603313e-04 
 6.12350392e+03 -2.73915716e-02 -4.59575146e-04  4.47895537e-06 -2.66954443e-04 
 6.13762005e+03 -2.72623239e-02 -4.56297183e-04  4.45726022e-06 -2.66307303e-04 
 6.15176873e+03 -2.71337021e-02 -4.53043135e-04  4.43567539e-06 -2.65661887e-04 
 6.16595002e+03 -2.70057028e-02 -4.49812823e-04  4.41420027e-06 -2.65018191e-04 
 6.18016400e+03 -2.68783230e-02 -4.46606066e-04  4.39283427e-06 -2.64376209e-04 
 6.19441075e+03 -2.67515595e-02 -4.43422686e-04  4.37157678e-06 -2.63735934e-04 
 6.20869034e+03 -2.66254091e-02 -4.40262507e-04  4.35042719e-06 -2.63097361e-04 
 6.22300285e+03 -2.64998688e-02 -4.37125355e-04  4.32938491e-06 -2.62460484e-04 
 6.23734835e+03 -2.63749355e-02 -4.34011054e-04  4.30844936e-06 -2.61825299e-04 
 6.25172693e+03 -2.62506061e-02 -4.30919433e-04  4.28761994e-06 -2.61191799e-04 
 6.26613865e+03 -2.61268775e-02 -4.27850322e-04  4.26689607e-06 -2.60559980e-04 
 6.28058359e+03 -2.60037468e-02 -4.24803549e-04  4.24627717e-06 -2.59929834e-04 
 6.29506183e+03 -2.58812108e-02 -4.21778948e-04  4.22576266e-06 -2.59301358e-04 
 6.30957344e+03 -2.57592665e-02 -4.18776351e-04  4.20535197e-06 -2.58674545e-04 
 6.32411851e+03 -2.56379110e-02 -4.15795592e-04  4.18504453e-06 -2.58049391e-04 
 6.33869711e+03 -2.55171413e-02 -4.12836508e-04  4.16483977e-06 -2.57425889e-04 
 6.35330932e+03 -2.53969545e-02 -4.09898935e-04  4.14473713e-06 -2.56804034e-04 
 6.36795521e+03 -2.52773475e-02 -4.06982712e-04  4.12473606e-06 -2.56183822e-04 
 6.38263486e+03 -2.51583175e-02 -4.04087678e-04  4.10483599e-06 -2.55565247e-04 
 6.39734835e+03 -2.50398615e-02 -4.01213674e-04  4.08503637e-06 -2.54948303e-04 
 6.41209577e+03 -2.49219767e-02 -3.98360542e-04  4.06533666e-06 -2.54332985e-04 
 6.42687717e+03 -2.48046602e-02 -3.95528125e-04  4.04573630e-06 -2.53719288e-04 
 6.44169266e+03 -2.46879091e-02 -3.92716269e-04  4.02623477e-06 -2.53107207e-04 
 6.45654229e+03 -2.45717205e-02 -3.89924819e-04  4.00683151e-06 -2.52496736e-04 
 6.47142616e+03 -2.44560917e-02 -3.87153621e-04  3.98752600e-06 -2.51887871e-04 
 6.48634434e+03 -2.43410198e-02 -3.84402525e-04  3.96831769e-06 -2.51280606e-04 
 6.50129690e+03 -2.42265019e-02 -3.81671379e-04  3.94920607e-06 -2.50674936e-04 
 6.51628394e+03 -2.41125354e-02 -3.78960034e-04  3.93019060e-06 -2.50070856e-04 
 6.53130553e+03 -2.39991175e-02 -3.76268343e-04  3.91127077e-06 -2.49468361e-04 
 6.54636174e+03 -2.38862454e-02 -3.73596157e-04  3.89244605e-06 -2.48867446e-04 
 6.56145266e+03 -2.37739162e-02 -3.70943332e-04  3.87371594e-06 -2.48268105e-04 
 6.57657837e+03 -2.36621275e-02 -3.68309721e-04  3.85507990e-06 -2.47670335e-04 
 6.59173895e+03 -2.35508763e-02 -3.65695183e-04  3.83653745e-06 -2.47074129e-04 
 6.60693448e+03 -2.34401600e-02 -3.63099573e-04  3.81808806e-06 -2.46479483e-04 
 6.62216504e+03 -2.33299760e-02 -3.60522752e-04  3.79973124e-06 -2.45886392e-04 
 6.63743070e+03 -2.32203216e-02 -3.57964578e-04  3.78146648e-06 -2.45294851e-04 
 6.65273156e+03 -2.31111940e-02 -3.55424912e-04  3.76329329e-06 -2.44704855e-04 
 6.66806769e+03 -2.30025907e-02 -3.52903616e-04  3.74521117e-06 -2.44116398e-04 
 6.68343918e+03 -2.28945091e-02 -3.50400554e-04  3.72721964e-06 -2.43529478e-04 
 6.69884609e+03 -2.27869465e-02 -3.47915589e-04  3.70931820e-06 -2.42944087e-04 
 6.71428853e+03 -2.26799003e-02 -3.45448587e-04  3.69150637e-06 -2.42360223e-04 
 6.72976656e+03 -2.25733680e-02 -3.42999413e-04  3.67378366e-06 -2.41777879e-04 
 6.74528028e+03 -2.24673469e-02 -3.40567935e-04  3.65614960e-06 -2.41197051e-04 
 6.76082975e+03 -2.23618346e-02 -3.38154021e-04  3.63860371e-06 -2.40617734e-04 
 6.77641508e+03 -2.22568285e-02 -3.35757541e-04  3.62114551e-06 -2.40039924e-04 
 6.79203633e+03 -2.21523260e-02 -3.33378364e-04  3.60377454e-06 -2.39463615e-04 
 6.80769359e+03 -2.20483246e-02 -3.31016362e-04  3.58649032e-06 -2.38888804e-04 
 6.82338694e+03 -2.19448219e-02 -3.28671408e-04  3.56929240e-06 -2.38315485e-04 
 6.83911647e+03 -2.18418154e-02 -3.26343374e-04  3.55218030e-06 -2.37743654e-04 
 6.85488226e+03 -2.17393025e-02 -3.24032135e-04  3.53515357e-06 -2.37173306e-04 
 6.87068440e+03 -2.16372808e-02 -3.21737567e-04  3.51821175e-06 -2.36604437e-04 
 6.88652296e+03 -2.15357480e-02 -3.19459544e-04  3.50135439e-06 -2.36037041e-04 
 6.90239804e+03 -2.14347014e-02 -3.17197946e-04  3.48458103e-06 -2.35471115e-04 
 6.91830971e+03 -2.13341387e-02 -3.14952649e-04  3.46789123e-06 -2.34906653e-04 
 6.93425806e+03 -2.12340576e-02 -3.12723533e-04  3.45128454e-06 -2.34343652e-04 
 6.95024318e+03 -2.11344556e-02 -3.10510478e-04  3.43476051e-06 -2.33782106e-04 
 6.96626514e+03 -2.10353302e-02 -3.08313365e-04  3.41831871e-06 -2.33222011e-04 
 6.98232404e+03 -2.09366793e-02 -3.06132075e-04  3.40195870e-06 -2.32663363e-04 
 6.99841996e+03 -2.08385003e-02 -3.03966492e-04  3.38568004e-06 -2.32106158e-04 
 7.01455298e+03 -2.07407910e-02 -3.01816499e-04  3.36948230e-06 -2.31550390e-04 
 7.03072320e+03 -2.06435489e-02 -2.99681982e-04  3.35336505e-06 -2.30996055e-04 
 7.04693069e+03 -2.05467719e-02 -2.97562824e-04  3.33732786e-06 -2.30443149e-04 
 7.06317554e+03 -2.04504576e-02 -2.95458913e-04  3.32137030e-06 -2.29891668e-04 
 7.07945784e+03 -2.03546036e-02 -2.93370136e-04  3.30549195e-06 -2.29341607e-04 
 7.09577768e+03 -2.02592078e-02 -2.91296381e-04  3.28969239e-06 -2.28792962e-04 
 7.11213514e+03 -2.01642678e-02 -2.89237537e-04  3.27397121e-06 -2.28245728e-04 
 7.12853030e+03 -2.00697813e-02 -2.87193494e-04  3.25832799e-06 -2.27699901e-04 
 7.14496326e+03 -1.99757462e-02 -2.85164142e-04  3.24276231e-06 -2.27155478e-04 
 7.16143410e+03 -1.98821602e-02 -2.83149374e-04  3.22727376e-06 -2.26612452e-04 
 7.17794291e+03 -1.97890210e-02 -2.81149081e-04  3.21186194e-06 -2.26070821e-04 
 7.19448978e+03 -1.96963265e-02 -2.79163156e-04  3.19652645e-06 -2.25530580e-04 
 7.21107479e+03 -1.96040745e-02 -2.77191495e-04  3.18126686e-06 -2.24991725e-04 
 7.22769804e+03 -1.95122627e-02 -2.75233990e-04  3.16608280e-06 -2.24454252e-04 
 7.24435960e+03 -1.94208890e-02 -2.73290539e-04  3.15097385e-06 -2.23918155e-04 
 7.26105957e+03 -1.93299512e-02 -2.71361037e-04  3.13593962e-06 -2.23383432e-04 
 7.27779805e+03 -1.92394472e-02 -2.69445382e-04  3.12097972e-06 -2.22850078e-04 
 7.29457510e+03 -1.91493748e-02 -2.67543472e-04  3.10609376e-06 -2.22318089e-04 
 7.31139083e+03 -1.90597319e-02 -2.65655205e-04  3.09128134e-06 -2.21787461e-04 
 7.32824533e+03 -1.89705163e-02 -2.63780482e-04  3.07654208e-06 -2.21258189e-04 
 7.34513868e+03 -1.88817261e-02 -2.61919202e-04  3.06187559e-06 -2.20730270e-04 
 7.36207097e+03 -1.87933589e-02 -2.60071266e-04  3.04728149e-06 -2.20203699e-04 
 7.37904230e+03 -1.87054129e-02 -2.58236577e-04  3.03275941e-06 -2.19678473e-04 
 7.39605275e+03 -1.86178858e-02 -2.56415037e-04  3.01830896e-06 -2.19154587e-04 
 7.41310241e+03 -1.85307757e-02 -2.54606550e-04  3.00392976e-06 -2.18632037e-04 
 7.43019138e+03 -1.84440805e-02 -2.52811019e-04  2.98962145e-06 -2.18110820e-04 
 7.44731974e+03 -1.83577981e-02 -2.51028349e-04  2.97538365e-06 -2.17590931e-04 
 7.46448758e+03 -1.82719265e-02 -2.49258446e-04  2.96121599e-06 -2.17072366e-04 
 7.48169501e+03 -1.81864636e-02 -2.47501217e-04  2.94711810e-06 -2.16555122e-04 
 7.49894209e+03 -1.81014076e-02 -2.45756567e-04  2.93308963e-06 -2.16039194e-04 
 7.51622894e+03 -1.80167563e-02 -2.44024406e-04  2.91913020e-06 -2.15524579e-04 
 7.53355564e+03 -1.79325077e-02 -2.42304640e-04  2.90523945e-06 -2.15011272e-04 
 7.55092228e+03 -1.78486600e-02 -2.40597180e-04  2.89141703e-06 -2.14499270e-04 
 7.56832895e+03 -1.77652110e-02 -2.38901936e-04  2.87766258e-06 -2.13988568e-04 
 7.58577575e+03 -1.76821590e-02 -2.37218816e-04  2.86397575e-06 -2.13479164e-04 
 7.60326277e+03 -1.75995018e-02 -2.35547734e-04  2.85035618e-06 -2.12971052e-04 
 7.62079010e+03 -1.75172376e-02 -2.33888600e-04  2.83680351e-06 -2.12464230e-04 
 7.63835784e+03 -1.74353645e-02 -2.32241327e-04  2.82331741e-06 -2.11958693e-04 
 7.65596607e+03 -1.73538805e-02 -2.30605829e-04  2.80989753e-06 -2.11454438e-04 
 7.67361489e+03 -1.72727837e-02 -2.28982019e-04  2.79654351e-06 -2.10951460e-04 
 7.69130440e+03 -1.71920722e-02 -2.27369811e-04  2.78325503e-06 -2.10449756e-04 
 7.70903469e+03 -1.71117441e-02 -2.25769121e-04  2.77003173e-06 -2.09949323e-04 
 7.72680585e+03 -1.70317976e-02 -2.24179864e-04  2.75687328e-06 -2.09450156e-04 
 7.74461798e+03 -1.69522307e-02 -2.22601958e-04  2.74377934e-06 -2.08952252e-04 
 7.76247117e+03 -1.68730417e-02 -2.21035318e-04  2.73074958e-06 -2.08455607e-04 
 7.78036551e+03 -1.67942286e-02 -2.19479863e-04  2.71778366e-06 -2.07960217e-04 
 7.79830111e+03 -1.67157896e-02 -2.17935512e-04  2.70488125e-06 -2.07466078e-04 
 7.81627805e+03 -1.66377229e-02 -2.16402181e-04  2.69204203e-06 -2.06973188e-04 
 7.83429643e+03 -1.65600267e-02 -2.14879793e-04  2.67926566e-06 -2.06481542e-04 
 7.85235635e+03 -1.64826991e-02 -2.13368266e-04  2.66655183e-06 -2.05991136e-04 
 7.87045790e+03 -1.64057384e-02 -2.11867521e-04  2.65390020e-06 -2.05501968e-04 
 7.88860118e+03 -1.63291428e-02 -2.10377480e-04  2.64131045e-06 -2.05014032e-04 
 7.90678628e+03 -1.62529104e-02 -2.08898064e-04  2.62878227e-06 -2.04527327e-04 
 7.92501330e+03 -1.61770395e-02 -2.07429196e-04  2.61631533e-06 -2.04041848e-04 
 7.94328235e+03 -1.61015283e-02 -2.05970800e-04  2.60390933e-06 -2.03557591e-04 
 7.96159350e+03 -1.60263751e-02 -2.04522798e-04  2.59156394e-06 -2.03074553e-04 
 7.97994687e+03 -1.59515782e-02 -2.03085116e-04  2.57927885e-06 -2.02592731e-04 
 7.99834255e+03 -1.58771357e-02 -2.01657678e-04  2.56705376e-06 -2.02112120e-04 
 8.01678063e+03 -1.58030460e-02 -2.00240409e-04  2.55488834e-06 -2.01632718e-04 
 8.03526122e+03 -1.57293073e-02 -1.98833235e-04  2.54278230e-06 -2.01154521e-04 
 8.05378441e+03 -1.56559179e-02 -1.97436083e-04  2.53073534e-06 -2.00677525e-04 
 8.07235030e+03 -1.55828761e-02 -1.96048881e-04  2.51874713e-06 -2.00201727e-04 
 8.09095899e+03 -1.55101803e-02 -1.94671554e-04  2.50681739e-06 -1.99727124e-04 
 8.10961058e+03 -1.54378287e-02 -1.93304033e-04  2.49494581e-06 -1.99253711e-04 
 8.12830516e+03 -1.53658196e-02 -1.91946245e-04  2.48313209e-06 -1.98781486e-04 
 8.14704284e+03 -1.52941515e-02 -1.90598120e-04  2.47137594e-06 -1.98310445e-04 
 8.16582371e+03 -1.52228226e-02 -1.89259587e-04  2.45967706e-06 -1.97840585e-04 
 8.18464788e+03 -1.51518312e-02 -1.87930577e-04  2.44803515e-06 -1.97371902e-04 
 8.20351544e+03 -1.50811758e-02 -1.86611021e-04  2.43644993e-06 -1.96904392e-04 
 8.22242650e+03 -1.50108547e-02 -1.85300849e-04  2.42492110e-06 -1.96438053e-04 
 8.24138115e+03 -1.49408662e-02 -1.83999995e-04  2.41344837e-06 -1.95972882e-04 
 8.26037950e+03 -1.48712088e-02 -1.82708389e-04  2.40203146e-06 -1.95508874e-04 
 8.27942164e+03 -1.48018809e-02 -1.81425966e-04  2.39067008e-06 -1.95046026e-04 
 8.29850768e+03 -1.47328808e-02 -1.80152658e-04  2.37936394e-06 -1.94584336e-04 
 8.31763771e+03 -1.46642069e-02 -1.78888400e-04  2.36811277e-06 -1.94123799e-04 
 8.33681185e+03 -1.45958577e-02 -1.77633125e-04  2.35691629e-06 -1.93664412e-04 
 8.35603018e+03 -1.45278316e-02 -1.76386768e-04  2.34577420e-06 -1.93206173e-04 
 8.37529282e+03 -1.44601270e-02 -1.75149266e-04  2.33468624e-06 -1.92749078e-04 
 8.39459987e+03 -1.43927424e-02 -1.73920554e-04  2.32365213e-06 -1.92293123e-04 
 8.41395142e+03 -1.43256761e-02 -1.72700567e-04  2.31267159e-06 -1.91838306e-04 
 8.43334758e+03 -1.42589268e-02 -1.71489243e-04  2.30174435e-06 -1.91384623e-04 
 8.45278845e+03 -1.41924927e-02 -1.70286520e-04  2.29087014e-06 -1.90932070e-04 
 8.47227414e+03 -1.41263724e-02 -1.69092334e-04  2.28004869e-06 -1.90480645e-04 
 8.49180475e+03 -1.40605644e-02 -1.67906625e-04  2.26927973e-06 -1.90030345e-04 
 8.51138038e+03 -1.39950672e-02 -1.66729330e-04  2.25856299e-06 -1.89581166e-04 
 8.53100114e+03 -1.39298792e-02 -1.65560389e-04  2.24789820e-06 -1.89133105e-04 
 8.55066713e+03 -1.38649989e-02 -1.64399742e-04  2.23728511e-06 -1.88686159e-04 
 8.57037845e+03 -1.38004250e-02 -1.63247328e-04  2.22672345e-06 -1.88240324e-04 
 8.59013522e+03 -1.37361557e-02 -1.62103087e-04  2.21621295e-06 -1.87795598e-04 
 8.60993752e+03 -1.36721898e-02 -1.60966962e-04  2.20575336e-06 -1.87351978e-04 
 8.62978548e+03 -1.36085258e-02 -1.59838893e-04  2.19534442e-06 -1.86909459e-04 
 8.64967919e+03 -1.35451620e-02 -1.58718822e-04  2.18498587e-06 -1.86468040e-04 
 8.66961876e+03 -1.34820972e-02 -1.57606691e-04  2.17467746e-06 -1.86027717e-04 
 8.68960429e+03 -1.34193299e-02 -1.56502443e-04  2.16441892e-06 -1.85588487e-04 
 8.70963590e+03 -1.33568586e-02 -1.55406020e-04  2.15421002e-06 -1.85150347e-04 
 8.72971368e+03 -1.32946819e-02 -1.54317368e-04  2.14405049e-06 -1.84713294e-04 
 8.74983775e+03 -1.32327984e-02 -1.53236428e-04  2.13394009e-06 -1.84277324e-04 
 8.77000821e+03 -1.31712066e-02 -1.52163146e-04  2.12387856e-06 -1.83842436e-04 
 8.79022517e+03 -1.31099052e-02 -1.51097467e-04  2.11386567e-06 -1.83408624e-04 
 8.81048873e+03 -1.30488927e-02 -1.50039335e-04  2.10390116e-06 -1.82975888e-04 
 8.83079900e+03 -1.29881678e-02 -1.48988697e-04  2.09398479e-06 -1.82544223e-04 
 8.85115610e+03 -1.29277291e-02 -1.47945497e-04  2.08411632e-06 -1.82113627e-04 
 8.87156012e+03 -1.28675751e-02 -1.46909683e-04  2.07429550e-06 -1.81684096e-04 
 8.89201118e+03 -1.28077045e-02 -1.45881202e-04  2.06452209e-06 -1.81255628e-04 
 8.91250938e+03 -1.27481160e-02 -1.44860000e-04  2.05479586e-06 -1.80828220e-04 
 8.93305484e+03 -1.26888081e-02 -1.43846025e-04  2.04511656e-06 -1.80401869e-04 
 8.95364766e+03 -1.26297796e-02 -1.42839224e-04  2.03548396e-06 -1.79976571e-04 
 8.97428795e+03 -1.25710290e-02 -1.41839547e-04  2.02589783e-06 -1.79552324e-04 
 8.99497582e+03 -1.25125551e-02 -1.40846942e-04  2.01635792e-06 -1.79129125e-04 
 9.01571138e+03 -1.24543564e-02 -1.39861359e-04  2.00686401e-06 -1.78706971e-04 
 9.03649474e+03 -1.23964318e-02 -1.38882745e-04  1.99741586e-06 -1.78285859e-04 
 9.05732601e+03 -1.23387798e-02 -1.37911052e-04  1.98801325e-06 -1.77865786e-04 
 9.07820530e+03 -1.22813991e-02 -1.36946230e-04  1.97865594e-06 -1.77446749e-04 
 9.09913273e+03 -1.22242885e-02 -1.35988229e-04  1.96934371e-06 -1.77028746e-04 
 9.12010839e+03 -1.21674466e-02 -1.35037000e-04  1.96007633e-06 -1.76611773e-04 
 9.14113241e+03 -1.21108722e-02 -1.34092495e-04  1.95085357e-06 -1.76195828e-04 
 9.16220490e+03 -1.20545639e-02 -1.33154665e-04  1.94167521e-06 -1.75780908e-04 
 9.18332596e+03 -1.19985204e-02 -1.32223462e-04  1.93254103e-06 -1.75367010e-04 
 9.20449572e+03 -1.19427406e-02 -1.31298838e-04  1.92345081e-06 -1.74954131e-04 
 9.22571427e+03 -1.18872231e-02 -1.30380747e-04  1.91440432e-06 -1.74542268e-04 
 9.24698174e+03 -1.18319667e-02 -1.29469141e-04  1.90540134e-06 -1.74131419e-04 
 9.26829823e+03 -1.17769700e-02 -1.28563973e-04  1.89644166e-06 -1.73721580e-04 
 9.28966387e+03 -1.17222320e-02 -1.27665199e-04  1.88752507e-06 -1.73312750e-04 
 9.31107875e+03 -1.16677512e-02 -1.26772771e-04  1.87865133e-06 -1.72904924e-04 
 9.33254301e+03 -1.16135266e-02 -1.25886644e-04  1.86982024e-06 -1.72498101e-04 
 9.35405674e+03 -1.15595568e-02 -1.25006773e-04  1.86103159e-06 -1.72092278e-04 
 9.37562007e+03 -1.15058406e-02 -1.24133113e-04  1.85228516e-06 -1.71687452e-04 
 9.39723311e+03 -1.14523768e-02 -1.23265619e-04  1.84358075e-06 -1.71283619e-04 
 9.41889597e+03 -1.13991642e-02 -1.22404248e-04  1.83491813e-06 -1.70880778e-04 
 9.44060876e+03 -1.13462017e-02 -1.21548955e-04  1.82629711e-06 -1.70478926e-04 
 9.46237161e+03 -1.12934879e-02 -1.20699697e-04  1.81771747e-06 -1.70078060e-04 
 9.48418463e+03 -1.12410217e-02 -1.19856430e-04  1.80917901e-06 -1.69678177e-04 
 9.50604794e+03 -1.11888019e-02 -1.19019112e-04  1.80068152e-06 -1.69279274e-04 
 9.52796164e+03 -1.11368274e-02 -1.18187700e-04  1.79222480e-06 -1.68881349e-04 
 9.54992586e+03 -1.10850969e-02 -1.17362151e-04  1.78380864e-06 -1.68484400e-04 
 9.57194071e+03 -1.10336093e-02 -1.16542424e-04  1.77543284e-06 -1.68088423e-04 
 9.59400632e+03 -1.09823634e-02 -1.15728477e-04  1.76709721e-06 -1.67693416e-04 
 9.61612278e+03 -1.09313581e-02 -1.14920269e-04  1.75880153e-06 -1.67299377e-04 
 9.63829024e+03 -1.08805922e-02 -1.14117758e-04  1.75054561e-06 -1.66906302e-04 
 9.66050879e+03 -1.08300645e-02 -1.13320903e-04  1.74232926e-06 -1.66514188e-04 
 9.68277856e+03 -1.07797740e-02 -1.12529665e-04  1.73415227e-06 -1.66123035e-04 
 9.70509967e+03 -1.07297194e-02 -1.11744003e-04  1.72601445e-06 -1.65732838e-04 
 9.72747224e+03 -1.06798997e-02 -1.10963877e-04  1.71791560e-06 -1.65343595e-04 
 9.74989638e+03 -1.06303137e-02 -1.10189247e-04  1.70985554e-06 -1.64955303e-04 
 9.77237221e+03 -1.05809603e-02 -1.09420075e-04  1.70183406e-06 -1.64567961e-04 
 9.79489985e+03 -1.05318385e-02 -1.08656321e-04  1.69385098e-06 -1.64181565e-04 
 9.81747943e+03 -1.04829470e-02 -1.07897947e-04  1.68590610e-06 -1.63796113e-04 
 9.84011106e+03 -1.04342848e-02 -1.07144913e-04  1.67799923e-06 -1.63411602e-04 
 9.86279486e+03 -1.03858508e-02 -1.06397182e-04  1.67013020e-06 -1.63028030e-04 
 9.88553095e+03 -1.03376439e-02 -1.05654717e-04  1.66229880e-06 -1.62645394e-04 
 9.90831945e+03 -1.02896630e-02 -1.04917478e-04  1.65450485e-06 -1.62263691e-04 
 9.93116048e+03 -1.02419070e-02 -1.04185430e-04  1.64674817e-06 -1.61882920e-04 
 9.95405417e+03 -1.01943749e-02 -1.03458534e-04  1.63902857e-06 -1.61503077e-04 
 9.97700064e+03 -1.01470656e-02 -1.02736755e-04  1.63134586e-06 -1.61124161e-04 
 1.00000000e+04 -1.00999779e-02 -1.02020055e-04  1.62369987e-06 -1.60746167e-04 
 1.00230524e+04 -1.00531110e-02 -1.01308399e-04  1.61609041e-06 -1.60369096e-04 
 1.00461579e+04 -1.00064637e-02 -1.00601750e-04  1.60851730e-06 -1.59992942e-04 
 1.00693167e+04 -9.96003490e-03 -9.99000727e-05  1.60098037e-06 -1.59617705e-04 
 1.00925289e+04 -9.91382365e-03 -9.92033316e-05  1.59347942e-06 -1.59243381e-04 
 1.01157945e+04 -9.86782887e-03 -9.85114914e-05  1.58601429e-06 -1.58869969e-04 
 1.01391139e+04 -9.82204954e-03 -9.78245172e-05  1.57858479e-06 -1.58497466e-04 
 1.01624869e+04 -9.77648463e-03 -9.71423743e-05  1.57119076e-06 -1.58125868e-04 
 1.01859139e+04 -9.73113311e-03 -9.64650282e-05  1.56383201e-06 -1.57755175e-04 
 1.02093948e+04 -9.68599396e-03 -9.57924449e-05  1.55650837e-06 -1.57385383e-04 
 1.02329299e+04 -9.64106618e-03 -9.51245902e-05  1.54921966e-06 -1.57016490e-04 
 1.02565193e+04 -9.59634875e-03 -9.44614305e-05  1.54196572e-06 -1.56648494e-04 
 1.02801630e+04 -9.55184067e-03 -9.38029324e-05  1.53474638e-06 -1.56281392e-04 
 1.03038612e+04 -9.50754095e-03 -9.31490626e-05  1.52756145e-06 -1.55915182e-04 
 1.03276141e+04 -9.46344858e-03 -9.24997882e-05  1.52041078e-06 -1.55549861e-04 
 1.03514217e+04 -9.41956259e-03 -9.18550765e-05  1.51329419e-06 -1.55185428e-04 
 1.03752842e+04 -9.37588199e-03 -9.12148949e-05  1.50621152e-06 -1.54821879e-04 
 1.03992017e+04 -9.33240580e-03 -9.05792112e-05  1.49916259e-06 -1.54459213e-04 
 1.04231743e+04 -9.28913304e-03 -8.99479934e-05  1.49214724e-06 -1.54097426e-04 
 1.04472022e+04 -9.24606275e-03 -8.93212097e-05  1.48516531e-06 -1.53736517e-04 
 1.04712855e+04 -9.20319397e-03 -8.86988285e-05  1.47821664e-06 -1.53376484e-04 
 1.04954243e+04 -9.16052572e-03 -8.80808185e-05  1.47130105e-06 -1.53017323e-04 
 1.05196187e+04 -9.11805707e-03 -8.74671487e-05  1.46441838e-06 -1.52659033e-04 
 1.05438690e+04 -9.07578706e-03 -8.68577880e-05  1.45756848e-06 -1.52301612e-04 
 1.05681751e+04 -9.03371474e-03 -8.62527060e-05  1.45075117e-06 -1.51945056e-04 
 1.05925373e+04 -8.99183917e-03 -8.56518721e-05  1.44396631e-06 -1.51589365e-04 
 1.06169556e+04 -8.95015943e-03 -8.50552562e-05  1.43721373e-06 -1.51234534e-04 
 1.06414302e+04 -8.90867456e-03 -8.44628282e-05  1.43049328e-06 -1.50880563e-04 
 1.06659612e+04 -8.86738366e-03 -8.38745584e-05  1.42380479e-06 -1.50527449e-04 
 1.06905488e+04 -8.82628579e-03 -8.32904173e-05  1.41714810e-06 -1.50175189e-04 
 1.07151931e+04 -8.78538004e-03 -8.27103755e-05  1.41052307e-06 -1.49823782e-04 
 1.07398941e+04 -8.74466550e-03 -8.21344038e-05  1.40392954e-06 -1.49473224e-04 
 1.07646521e+04 -8.70414126e-03 -8.15624734e-05  1.39736734e-06 -1.49123515e-04 
 1.07894672e+04 -8.66380640e-03 -8.09945556e-05  1.39083634e-06 -1.48774651e-04 
 1.08143395e+04 -8.62366004e-03 -8.04306219e-05  1.38433637e-06 -1.48426631e-04 
 1.08392691e+04 -8.58370128e-03 -7.98706439e-05  1.37786728e-06 -1.48079452e-04 
 1.08642562e+04 -8.54392922e-03 -7.93145935e-05  1.37142892e-06 -1.47733111e-04 
 1.08893009e+04 -8.50434298e-03 -7.87624430e-05  1.36502115e-06 -1.47387607e-04 
 1.09144034e+04 -8.46494168e-03 -7.82141646e-05  1.35864380e-06 -1.47042938e-04 
 1.09395637e+04 -8.42572444e-03 -7.76697308e-05  1.35229674e-06 -1.46699101e-04 
 1.09647820e+04 -8.38669038e-03 -7.71291144e-05  1.34597981e-06 -1.46356095e-04 
 1.09900584e+04 -8.34783864e-03 -7.65922883e-05  1.33969287e-06 -1.46013916e-04 
 1.10153931e+04 -8.30916835e-03 -7.60592255e-05  1.33343577e-06 -1.45672563e-04 
 1.10407862e+04 -8.27067865e-03 -7.55298994e-05  1.32720836e-06 -1.45332033e-04 
 1.10662378e+04 -8.23236868e-03 -7.50042835e-05  1.32101050e-06 -1.44992325e-04 
 1.10917482e+04 -8.19423759e-03 -7.44823514e-05  1.31484204e-06 -1.44653436e-04 
 1.11173173e+04 -8.15628453e-03 -7.39640771e-05  1.30870284e-06 -1.44315364e-04 
 1.11429453e+04 -8.11850866e-03 -7.34494347e-05  1.30259276e-06 -1.43978107e-04 
 1.11686325e+04 -8.08090914e-03 -7.29383983e-05  1.29651165e-06 -1.43641663e-04 
 1.11943788e+04 -8.04348513e-03 -7.24309424e-05  1.29045938e-06 -1.43306030e-04 
 1.12201845e+04 -8.00623580e-03 -7.19270416e-05  1.28443579e-06 -1.42971205e-04 
 1.12460497e+04 -7.96916031e-03 -7.14266708e-05  1.27844076e-06 -1.42637187e-04 
 1.12719746e+04 -7.93225786e-03 -7.09298050e-05  1.27247415e-06 -1.42303973e-04 
 1.12979591e+04 -7.89552761e-03 -7.04364193e-05  1.26653580e-06 -1.41971561e-04 
 1.13240036e+04 -7.85896876e-03 -6.99464890e-05  1.26062560e-06 -1.41639950e-04 
 1.13501082e+04 -7.82258048e-03 -6.94599897e-05  1.25474339e-06 -1.41309136e-04 
 1.13762729e+04 -7.78636198e-03 -6.89768972e-05  1.24888904e-06 -1.40979119e-04 
 1.14024979e+04 -7.75031244e-03 -6.84971872e-05  1.24306243e-06 -1.40649895e-04 
 1.14287833e+04 -7.71443107e-03 -6.80208358e-05  1.23726340e-06 -1.40321463e-04 
 1.14551294e+04 -7.67871708e-03 -6.75478193e-05  1.23149183e-06 -1.39993821e-04 
 1.14815362e+04 -7.64316966e-03 -6.70781140e-05  1.22574758e-06 -1.39666967e-04 
 1.15080039e+04 -7.60778803e-03 -6.66116966e-05  1.22003053e-06 -1.39340898e-04 
 1.15345326e+04 -7.57257141e-03 -6.61485437e-05  1.21434053e-06 -1.39015613e-04 
 1.15611224e+04 -7.53751902e-03 -6.56886323e-05  1.20867746e-06 -1.38691110e-04 
 1.15877736e+04 -7.50263007e-03 -6.52319395e-05  1.20304118e-06 -1.38367386e-04 
 1.16144861e+04 -7.46790380e-03 -6.47784423e-05  1.19743157e-06 -1.38044439e-04 
 1.16412603e+04 -7.43333944e-03 -6.43281184e-05  1.19184849e-06 -1.37722268e-04 
 1.16680962e+04 -7.39893622e-03 -6.38809452e-05  1.18629182e-06 -1.37400871e-04 
 1.16949939e+04 -7.36469337e-03 -6.34369004e-05  1.18076143e-06 -1.37080245e-04 
 1.17219537e+04 -7.33061014e-03 -6.29959620e-05  1.17525718e-06 -1.36760388e-04 
 1.17489755e+04 -7.29668578e-03 -6.25581080e-05  1.16977896e-06 -1.36441299e-04 
 1.17760597e+04 -7.26291954e-03 -6.21233165e-05  1.16432664e-06 -1.36122976e-04 
 1.18032064e+04 -7.22931066e-03 -6.16915659e-05  1.15890009e-06 -1.35805416e-04 
 1.18304156e+04 -7.19585840e-03 -6.12628349e-05  1.15349918e-06 -1.35488617e-04 
 1.18576875e+04 -7.16256203e-03 -6.08371019e-05  1.14812380e-06 -1.35172578e-04 
 1.18850223e+04 -7.12942080e-03 -6.04143458e-05  1.14277381e-06 -1.34857297e-04 
 1.19124201e+04 -7.09643399e-03 -5.99945457e-05  1.13744910e-06 -1.34542771e-04 
 1.19398810e+04 -7.06360087e-03 -5.95776805e-05  1.13214954e-06 -1.34228999e-04 
 1.19674053e+04 -7.03092070e-03 -5.91637297e-05  1.12687501e-06 -1.33915979e-04 
 1.19949930e+04 -6.99839277e-03 -5.87526726e-05  1.12162538e-06 -1.33603709e-04 
 1.20226443e+04 -6.96601635e-03 -5.83444888e-05  1.11640055e-06 -1.33292186e-04 
 1.20503594e+04 -6.93379074e-03 -5.79391580e-05  1.11120038e-06 -1.32981410e-04 
 1.20781384e+04 -6.90171522e-03 -5.75366600e-05  1.10602476e-06 -1.32671377e-04 
 1.21059813e+04 -6.86978909e-03 -5.71369749e-05  1.10087357e-06 -1.32362087e-04 
 1.21338885e+04 -6.83801163e-03 -5.67400829e-05  1.09574669e-06 -1.32053537e-04 
 1.21618600e+04 -6.80638215e-03 -5.63459641e-05  1.09064400e-06 -1.31745725e-04 
 1.21898960e+04 -6.77489994e-03 -5.59545991e-05  1.08556539e-06 -1.31438649e-04 
 1.22179966e+04 -6.74356432e-03 -5.55659684e-05  1.08051074e-06 -1.31132308e-04 
 1.22461620e+04 -6.71237459e-03 -5.51800528e-05  1.07547994e-06 -1.30826700e-04 
 1.22743923e+04 -6.68133006e-03 -5.47968330e-05  1.07047286e-06 -1.30521822e-04 
 1.23026877e+04 -6.65043005e-03 -5.44162901e-05  1.06548939e-06 -1.30217673e-04 
 1.23310483e+04 -6.61967388e-03 -5.40384052e-05  1.06052943e-06 -1.29914252e-04 
 1.23594743e+04 -6.58906087e-03 -5.36631595e-05  1.05559285e-06 -1.29611555e-04 
 1.23879659e+04 -6.55859034e-03 -5.32905344e-05  1.05067955e-06 -1.29309582e-04 
 1.24165231e+04 -6.52826162e-03 -5.29205116e-05  1.04578940e-06 -1.29008330e-04 
 1.24451461e+04 -6.49807405e-03 -5.25530725e-05  1.04092230e-06 -1.28707797e-04 
 1.24738351e+04 -6.46802696e-03 -5.21881991e-05  1.03607814e-06 -1.28407983e-04 
 1.25025903e+04 -6.43811969e-03 -5.18258732e-05  1.03125681e-06 -1.28108884e-04 
 1.25314117e+04 -6.40835157e-03 -5.14660769e-05  1.02645820e-06 -1.27810499e-04 
 1.25602996e+04 -6.37872196e-03 -5.11087924e-05  1.02168219e-06 -1.27512827e-04 
 1.25892541e+04 -6.34923020e-03 -5.07540019e-05  1.01692867e-06 -1.27215865e-04 
 1.26182753e+04 -6.31987564e-03 -5.04016879e-05  1.01219755e-06 -1.26919612e-04 
 1.26473635e+04 -6.29065764e-03 -5.00518330e-05  1.00748871e-06 -1.26624065e-04 
 1.26765187e+04 -6.26157554e-03 -4.97044198e-05  1.00280204e-06 -1.26329223e-04 
 1.27057411e+04 -6.23262873e-03 -4.93594311e-05  9.98137443e-07 -1.26035085e-04 
 1.27350308e+04 -6.20381654e-03 -4.90168500e-05  9.93494804e-07 -1.25741648e-04 
 1.27643881e+04 -6.17513836e-03 -4.86766593e-05  9.88874019e-07 -1.25448911e-04 
 1.27938130e+04 -6.14659355e-03 -4.83388424e-05  9.84274984e-07 -1.25156871e-04 
 1.28233058e+04 -6.11818148e-03 -4.80033824e-05  9.79697593e-07 -1.24865528e-04 
 1.28528666e+04 -6.08990154e-03 -4.76702628e-05  9.75141743e-07 -1.24574879e-04 
 1.28824955e+04 -6.06175308e-03 -4.73394671e-05  9.70607330e-07 -1.24284922e-04 
 1.29121927e+04 -6.03373551e-03 -4.70109790e-05  9.66094251e-07 -1.23995656e-04 
 1.29419584e+04 -6.00584820e-03 -4.66847823e-05  9.61602402e-07 -1.23707079e-04 
 1.29717927e+04 -5.97809055e-03 -4.63608607e-05  9.57131683e-07 -1.23419190e-04 
 1.30016958e+04 -5.95046193e-03 -4.60391984e-05  9.52681990e-07 -1.23131986e-04 
 1.30316678e+04 -5.92296175e-03 -4.57197794e-05  9.48253224e-07 -1.22845465e-04 
 1.30617089e+04 -5.89558939e-03 -4.54025879e-05  9.43845283e-07 -1.22559627e-04 
 1.30918192e+04 -5.86834427e-03 -4.50876083e-05  9.39458067e-07 -1.22274469e-04 
 1.31219990e+04 -5.84122577e-03 -4.47748250e-05  9.35091478e-07 -1.21989990e-04 
 1.31522483e+04 -5.81423331e-03 -4.44642226e-05  9.30745414e-07 -1.21706187e-04 
 1.31825674e+04 -5.78736630e-03 -4.41557857e-05  9.26419779e-07 -1.21423060e-04 
 1.32129563e+04 -5.76062414e-03 -4.38494992e-05  9.22114474e-07 -1.21140606e-04 
 1.32434154e+04 -5.73400624e-03 -4.35453478e-05  9.17829401e-07 -1.20858824e-04 
 1.32739446e+04 -5.70751203e-03 -4.32433166e-05  9.13564463e-07 -1.20577712e-04 
 1.33045442e+04 -5.68114092e-03 -4.29433908e-05  9.09319563e-07 -1.20297268e-04 
 1.33352143e+04 -5.65489234e-03 -4.26455554e-05  9.05094606e-07 -1.20017491e-04 
 1.33659552e+04 -5.62876570e-03 -4.23497959e-05  9.00889495e-07 -1.19738379e-04 
 1.33967669e+04 -5.60276044e-03 -4.20560975e-05  8.96704136e-07 -1.19459930e-04 
 1.34276496e+04 -5.57687598e-03 -4.17644459e-05  8.92538433e-07 -1.19182143e-04 
 1.34586035e+04 -5.55111177e-03 -4.14748267e-05  8.88392292e-07 -1.18905015e-04 
 1.34896288e+04 -5.52546722e-03 -4.11872256e-05  8.84265620e-07 -1.18628546e-04 
 1.35207256e+04 -5.49994179e-03 -4.09016284e-05  8.80158323e-07 -1.18352734e-04 
 1.35518941e+04 -5.47453491e-03 -4.06180210e-05  8.76070309e-07 -1.18077577e-04 
 1.35831345e+04 -5.44924603e-03 -4.03363895e-05  8.72001484e-07 -1.17803073e-04 
 1.36144468e+04 -5.42407459e-03 -4.00567200e-05  8.67951757e-07 -1.17529220e-04 
 1.36458314e+04 -5.39902004e-03 -3.97789988e-05  8.63921037e-07 -1.17256018e-04 
 1.36772883e+04 -5.37408183e-03 -3.95032120e-05  8.59909232e-07 -1.16983464e-04 
 1.37088177e+04 -5.34925942e-03 -3.92293463e-05  8.55916252e-07 -1.16711557e-04 
 1.37404198e+04 -5.32455226e-03 -3.89573880e-05  8.51942007e-07 -1.16440295e-04 
 1.37720947e+04 -5.29995982e-03 -3.86873238e-05  8.47986406e-07 -1.16169676e-04 
 1.38038426e+04 -5.27548155e-03 -3.84191404e-05  8.44049362e-07 -1.15899700e-04 
 1.38356638e+04 -5.25111692e-03 -3.81528247e-05  8.40130784e-07 -1.15630363e-04 
 1.38675583e+04 -5.22686540e-03 -3.78883634e-05  8.36230585e-07 -1.15361666e-04 
 1.38995263e+04 -5.20272645e-03 -3.76257436e-05  8.32348677e-07 -1.15093605e-04 
 1.39315680e+04 -5.17869955e-03 -3.73649524e-05  8.28484972e-07 -1.14826180e-04 
 1.39636836e+04 -5.15478417e-03 -3.71059769e-05  8.24639383e-07 -1.14559389e-04 
 1.39958732e+04 -5.13097980e-03 -3.68488045e-05  8.20811824e-07 -1.14293230e-04 
 1.40281370e+04 -5.10728590e-03 -3.65934224e-05  8.17002208e-07 -1.14027702e-04 
 1.40604752e+04 -5.08370196e-03 -3.63398181e-05  8.13210450e-07 -1.13762803e-04 
 1.40928880e+04 -5.06022747e-03 -3.60879792e-05  8.09436464e-07 -1.13498531e-04 
 1.41253754e+04 -5.03686192e-03 -3.58378932e-05  8.05680166e-07 -1.13234886e-04 
 1.41579378e+04 -5.01360479e-03 -3.55895479e-05  8.01941470e-07 -1.12971865e-04 
 1.41905752e+04 -4.99045557e-03 -3.53429310e-05  7.98220294e-07 -1.12709467e-04 
 1.42232879e+04 -4.96741376e-03 -3.50980305e-05  7.94516552e-07 -1.12447690e-04 
 1.42560759e+04 -4.94447886e-03 -3.48548344e-05  7.90830163e-07 -1.12186533e-04 
 1.42889396e+04 -4.92165036e-03 -3.46133306e-05  7.87161042e-07 -1.11925994e-04 
 1.43218790e+04 -4.89892777e-03 -3.43735073e-05  7.83509108e-07 -1.11666072e-04 
 1.43548943e+04 -4.87631059e-03 -3.41353528e-05  7.79874279e-07 -1.11406765e-04 
 1.43879858e+04 -4.85379833e-03 -3.38988553e-05  7.76256474e-07 -1.11148071e-04 
 1.44211535e+04 -4.83139050e-03 -3.36640033e-05  7.72655609e-07 -1.10889990e-04 
 1.44543977e+04 -4.80908660e-03 -3.34307851e-05  7.69071607e-07 -1.10632519e-04 
 1.44877185e+04 -4.78688615e-03 -3.31991894e-05  7.65504384e-07 -1.10375657e-04 
 1.45211162e+04 -4.76478867e-03 -3.29692049e-05  7.61953863e-07 -1.10119402e-04 
 1.45545908e+04 -4.74279367e-03 -3.27408201e-05  7.58419962e-07 -1.09863754e-04 
 1.45881426e+04 -4.72090068e-03 -3.25140240e-05  7.54902604e-07 -1.09608710e-04 
 1.46217717e+04 -4.69910921e-03 -3.22888053e-05  7.51401708e-07 -1.09354269e-04 
 1.46554784e+04 -4.67741880e-03 -3.20651531e-05  7.47917197e-07 -1.09100429e-04 
 1.46892628e+04 -4.65582896e-03 -3.18430563e-05  7.44448992e-07 -1.08847189e-04 
 1.47231250e+04 -4.63433924e-03 -3.16225041e-05  7.40997016e-07 -1.08594548e-04 
 1.47570653e+04 -4.61294915e-03 -3.14034857e-05  7.37561192e-07 -1.08342504e-04 
 1.47910839e+04 -4.59165824e-03 -3.11859903e-05  7.34141443e-07 -1.08091055e-04 
 1.48251809e+04 -4.57046604e-03 -3.09700073e-05  7.30737691e-07 -1.07840201e-04 
 1.48593564e+04 -4.54937208e-03 -3.07555260e-05  7.27349862e-07 -1.07589939e-04 
 1.48936108e+04 -4.52837592e-03 -3.05425360e-05  7.23977879e-07 -1.07340268e-04 
 1.49279441e+04 -4.50747708e-03 -3.03310269e-05  7.20621666e-07 -1.07091186e-04 
 1.49623566e+04 -4.48667513e-03 -3.01209882e-05  7.17281150e-07 -1.06842693e-04 
 1.49968484e+04 -4.46596959e-03 -2.99124097e-05  7.13956254e-07 -1.06594786e-04 
 1.50314197e+04 -4.44536003e-03 -2.97052812e-05  7.10646905e-07 -1.06347465e-04 
 1.50660707e+04 -4.42484599e-03 -2.94995925e-05  7.07353030e-07 -1.06100727e-04 
 1.51008015e+04 -4.40442703e-03 -2.92953335e-05  7.04074553e-07 -1.05854572e-04 
 1.51356125e+04 -4.38410270e-03 -2.90924943e-05  7.00811402e-07 -1.05608998e-04 
 1.51705037e+04 -4.36387257e-03 -2.88910649e-05  6.97563505e-07 -1.05364003e-04 
 1.52054753e+04 -4.34373618e-03 -2.86910354e-05  6.94330789e-07 -1.05119586e-04 
 1.52405275e+04 -4.32369310e-03 -2.84923962e-05  6.91113181e-07 -1.04875746e-04 
 1.52756606e+04 -4.30374291e-03 -2.82951373e-05  6.87910610e-07 -1.04632481e-04 
 1.53108746e+04 -4.28388515e-03 -2.80992493e-05  6.84723004e-07 -1.04389789e-04 
 1.53461698e+04 -4.26411940e-03 -2.79047224e-05  6.81550292e-07 -1.04147670e-04 
 1.53815464e+04 -4.24444523e-03 -2.77115473e-05  6.78392405e-07 -1.03906122e-04 
 1.54170045e+04 -4.22486222e-03 -2.75197143e-05  6.75249270e-07 -1.03665143e-04 
 1.54525444e+04 -4.20536993e-03 -2.73292143e-05  6.72120818e-07 -1.03424733e-04 
 1.54881662e+04 -4.18596795e-03 -2.71400377e-05  6.69006980e-07 -1.03184889e-04 
 1.55238701e+04 -4.16665584e-03 -2.69521755e-05  6.65907686e-07 -1.02945610e-04 
 1.55596563e+04 -4.14743320e-03 -2.67656184e-05  6.62822867e-07 -1.02706895e-04 
 1.55955250e+04 -4.12829960e-03 -2.65803572e-05  6.59752455e-07 -1.02468743e-04 
 1.56314764e+04 -4.10925463e-03 -2.63963830e-05  6.56696380e-07 -1.02231152e-04 
 1.56675107e+04 -4.09029787e-03 -2.62136867e-05  6.53654576e-07 -1.01994121e-04 
 1.57036280e+04 -4.07142892e-03 -2.60322594e-05  6.50626974e-07 -1.01757648e-04 
 1.57398286e+04 -4.05264735e-03 -2.58520922e-05  6.47613506e-07 -1.01521732e-04 
 1.57761127e+04 -4.03395277e-03 -2.56731763e-05  6.44614107e-07 -1.01286371e-04 
 1.58124804e+04 -4.01534477e-03 -2.54955031e-05  6.41628709e-07 -1.01051565e-04 
 1.58489319e+04 -3.99682295e-03 -2.53190638e-05  6.38657246e-07 -1.00817311e-04 
 1.58854675e+04 -3.97838689e-03 -2.51438497e-05  6.35699652e-07 -1.00583610e-04 
 1.59220873e+04 -3.96003621e-03 -2.49698524e-05  6.32755861e-07 -1.00350458e-04 
 1.59587915e+04 -3.94177050e-03 -2.47970633e-05  6.29825808e-07 -1.00117855e-04 
 1.59955803e+04 -3.92358936e-03 -2.46254740e-05  6.26909427e-07 -9.98857996e-05 
 1.60324539e+04 -3.90549241e-03 -2.44550761e-05  6.24006655e-07 -9.96542902e-05 
 1.60694125e+04 -3.88747925e-03 -2.42858614e-05  6.21117425e-07 -9.94233256e-05 
 1.61064564e+04 -3.86954949e-03 -2.41178214e-05  6.18241675e-07 -9.91929045e-05 
 1.61435856e+04 -3.85170273e-03 -2.39509481e-05  6.15379341e-07 -9.89630254e-05 
 1.61808004e+04 -3.83393860e-03 -2.37852333e-05  6.12530358e-07 -9.87336871e-05 
 1.62181010e+04 -3.81625671e-03 -2.36206689e-05  6.09694665e-07 -9.85048882e-05 
 1.62554876e+04 -3.79865666e-03 -2.34572469e-05  6.06872197e-07 -9.82766274e-05 
 1.62929603e+04 -3.78113809e-03 -2.32949593e-05  6.04062892e-07 -9.80489034e-05 
 1.63305195e+04 -3.76370062e-03 -2.31337982e-05  6.01266689e-07 -9.78217148e-05 
 1.63681652e+04 -3.74634385e-03 -2.29737556e-05  5.98483524e-07 -9.75950605e-05 
 1.64058977e+04 -3.72906742e-03 -2.28148239e-05  5.95713337e-07 -9.73689389e-05 
 1.64437172e+04 -3.71187096e-03 -2.26569953e-05  5.92956066e-07 -9.71433490e-05 
 1.64816239e+04 -3.69475408e-03 -2.25002620e-05  5.90211650e-07 -9.69182892e-05 
 1.65196180e+04 -3.67771643e-03 -2.23446165e-05  5.87480027e-07 -9.66937584e-05 
 1.65576996e+04 -3.66075762e-03 -2.21900511e-05  5.84761139e-07 -9.64697553e-05 
 1.65958691e+04 -3.64387729e-03 -2.20365582e-05  5.82054924e-07 -9.62462785e-05 
 1.66341265e+04 -3.62707509e-03 -2.18841305e-05  5.79361322e-07 -9.60233267e-05 
 1.66724721e+04 -3.61035063e-03 -2.17327605e-05  5.76680274e-07 -9.58008988e-05 
 1.67109061e+04 -3.59370356e-03 -2.15824408e-05  5.74011721e-07 -9.55789933e-05 
 1.67494288e+04 -3.57713353e-03 -2.14331641e-05  5.71355603e-07 -9.53576091e-05 
 1.67880402e+04 -3.56064016e-03 -2.12849231e-05  5.68711862e-07 -9.51367448e-05 
 1.68267406e+04 -3.54422311e-03 -2.11377106e-05  5.66080440e-07 -9.49163992e-05 
 1.68655303e+04 -3.52788201e-03 -2.09915193e-05  5.63461277e-07 -9.46965710e-05 
 1.69044093e+04 -3.51161652e-03 -2.08463423e-05  5.60854317e-07 -9.44772590e-05 
 1.69433780e+04 -3.49542628e-03 -2.07021724e-05  5.58259501e-07 -9.42584618e-05 
 1.69824365e+04 -3.47931094e-03 -2.05590026e-05  5.55676773e-07 -9.40401783e-05 
 1.70215851e+04 -3.46327015e-03 -2.04168259e-05  5.53106075e-07 -9.38224071e-05 
 1.70608239e+04 -3.44730356e-03 -2.02756355e-05  5.50547350e-07 -9.36051471e-05 
 1.71001532e+04 -3.43141084e-03 -2.01354243e-05  5.48000542e-07 -9.33883970e-05 
 1.71395731e+04 -3.41559163e-03 -1.99961857e-05  5.45465595e-07 -9.31721555e-05 
 1.71790839e+04 -3.39984560e-03 -1.98579128e-05  5.42942452e-07 -9.29564214e-05 
 1.72186857e+04 -3.38417239e-03 -1.97205988e-05  5.40431059e-07 -9.27411934e-05 
 1.72583789e+04 -3.36857168e-03 -1.95842372e-05  5.37931359e-07 -9.25264704e-05 
 1.72981636e+04 -3.35304313e-03 -1.94488213e-05  5.35443298e-07 -9.23122511e-05 
 1.73380400e+04 -3.33758640e-03 -1.93143444e-05  5.32966820e-07 -9.20985342e-05 
 1.73780083e+04 -3.32220115e-03 -1.91808001e-05  5.30501871e-07 -9.18853186e-05 
 1.74180687e+04 -3.30688705e-03 -1.90481818e-05  5.28048397e-07 -9.16726030e-05 
 1.74582215e+04 -3.29164378e-03 -1.89164831e-05  5.25606343e-07 -9.14603862e-05 
 1.74984669e+04 -3.27647099e-03 -1.87856975e-05  5.23175656e-07 -9.12486671e-05 
 1.75388050e+04 -3.26136837e-03 -1.86558188e-05  5.20756281e-07 -9.10374443e-05 
 1.75792361e+04 -3.24633559e-03 -1.85268406e-05  5.18348167e-07 -9.08267166e-05 
 1.76197605e+04 -3.23137232e-03 -1.83987566e-05  5.15951259e-07 -9.06164830e-05 
 1.76603782e+04 -3.21647824e-03 -1.82715607e-05  5.13565505e-07 -9.04067421e-05 
 1.77010896e+04 -3.20165303e-03 -1.81452465e-05  5.11190853e-07 -9.01974928e-05 
 1.77418948e+04 -3.18689636e-03 -1.80198080e-05  5.08827249e-07 -8.99887339e-05 
 1.77827941e+04 -3.17220792e-03 -1.78952391e-05  5.06474642e-07 -8.97804642e-05 
 1.78237877e+04 -3.15758739e-03 -1.77715337e-05  5.04132981e-07 -8.95726825e-05 
 1.78648757e+04 -3.14303445e-03 -1.76486858e-05  5.01802213e-07 -8.93653876e-05 
 1.79060585e+04 -3.12854880e-03 -1.75266894e-05  4.99482288e-07 -8.91585783e-05 
 1.79473363e+04 -3.11413011e-03 -1.74055386e-05  4.97173154e-07 -8.89522535e-05 
 1.79887092e+04 -3.09977807e-03 -1.72852276e-05  4.94874760e-07 -8.87464120e-05 
 1.80301774e+04 -3.08549238e-03 -1.71657504e-05  4.92587056e-07 -8.85410526e-05 
 1.80717413e+04 -3.07127273e-03 -1.70471013e-05  4.90309992e-07 -8.83361741e-05 
 1.81134009e+04 -3.05711881e-03 -1.69292745e-05  4.88043517e-07 -8.81317754e-05 
 1.81551566e+04 -3.04303031e-03 -1.68122643e-05  4.85787583e-07 -8.79278553e-05 
 1.81970086e+04 -3.02900693e-03 -1.66960649e-05  4.83542138e-07 -8.77244127e-05 
 1.82389570e+04 -3.01504837e-03 -1.65806708e-05  4.81307134e-07 -8.75214464e-05 
 1.82810022e+04 -3.00115433e-03 -1.64660764e-05  4.79082522e-07 -8.73189552e-05 
 1.83231442e+04 -2.98732450e-03 -1.63522760e-05  4.76868252e-07 -8.71169380e-05 
 1.83653834e+04 -2.97355859e-03 -1.62392641e-05  4.74664277e-07 -8.69153936e-05 
 1.84077200e+04 -2.95985629e-03 -1.61270354e-05  4.72470547e-07 -8.67143210e-05 
 1.84501542e+04 -2.94621733e-03 -1.60155842e-05  4.70287015e-07 -8.65137189e-05 
 1.84926862e+04 -2.93264139e-03 -1.59049053e-05  4.68113633e-07 -8.63135862e-05 
 1.85353162e+04 -2.91912819e-03 -1.57949932e-05  4.65950352e-07 -8.61139218e-05 
 1.85780446e+04 -2.90567743e-03 -1.56858425e-05  4.63797126e-07 -8.59147246e-05 
 1.86208714e+04 -2.89228883e-03 -1.55774481e-05  4.61653907e-07 -8.57159933e-05 
 1.86637969e+04 -2.87896210e-03 -1.54698046e-05  4.59520648e-07 -8.55177270e-05 
 1.87068214e+04 -2.86569694e-03 -1.53629068e-05  4.57397302e-07 -8.53199245e-05 
 1.87499451e+04 -2.85249308e-03 -1.52567496e-05  4.55283824e-07 -8.51225846e-05 
 1.87931682e+04 -2.83935023e-03 -1.51513277e-05  4.53180165e-07 -8.49257062e-05 
 1.88364909e+04 -2.82626810e-03 -1.50466361e-05  4.51086281e-07 -8.47292883e-05 
 1.88799135e+04 -2.81324641e-03 -1.49426696e-05  4.49002125e-07 -8.45333297e-05 
 1.89234362e+04 -2.80028489e-03 -1.48394233e-05  4.46927652e-07 -8.43378293e-05 
 1.89670592e+04 -2.78738325e-03 -1.47368921e-05  4.44862816e-07 -8.41427859e-05 
 1.90107828e+04 -2.77454121e-03 -1.46350711e-05  4.42807572e-07 -8.39481986e-05 
 1.90546072e+04 -2.76175850e-03 -1.45339553e-05  4.40761874e-07 -8.37540661e-05 
 1.90985326e+04 -2.74903484e-03 -1.44335398e-05  4.38725679e-07 -8.35603875e-05 
 1.91425593e+04 -2.73636995e-03 -1.43338197e-05  4.36698941e-07 -8.33671615e-05 
 1.91866874e+04 -2.72376358e-03 -1.42347902e-05  4.34681617e-07 -8.31743872e-05 
 1.92309173e+04 -2.71121543e-03 -1.41364466e-05  4.32673661e-07 -8.29820634e-05 
 1.92752491e+04 -2.69872525e-03 -1.40387840e-05  4.30675030e-07 -8.27901890e-05 
 1.93196832e+04 -2.68629276e-03 -1.39417976e-05  4.28685680e-07 -8.25987629e-05 
 1.93642196e+04 -2.67391769e-03 -1.38454829e-05  4.26705568e-07 -8.24077842e-05 
 1.94088588e+04 -2.66159979e-03 -1.37498351e-05  4.24734650e-07 -8.22172516e-05 
 1.94536008e+04 -2.64933877e-03 -1.36548496e-05  4.22772883e-07 -8.20271641e-05 
 1.94984460e+04 -2.63713439e-03 -1.35605218e-05  4.20820225e-07 -8.18375207e-05 
 1.95433946e+04 -2.62498637e-03 -1.34668471e-05  4.18876632e-07 -8.16483203e-05 
 1.95884467e+04 -2.61289446e-03 -1.33738210e-05  4.16942061e-07 -8.14595618e-05 
 1.96336028e+04 -2.60085839e-03 -1.32814390e-05  4.15016472e-07 -8.12712441e-05 
 1.96788629e+04 -2.58887790e-03 -1.31896966e-05  4.13099821e-07 -8.10833663e-05 
 1.97242274e+04 -2.57695275e-03 -1.30985893e-05  4.11192066e-07 -8.08959271e-05 
 1.97696964e+04 -2.56508266e-03 -1.30081127e-05  4.09293167e-07 -8.07089257e-05 
 1.98152703e+04 -2.55326739e-03 -1.29182626e-05  4.07403081e-07 -8.05223608e-05 
 1.98609492e+04 -2.54150667e-03 -1.28290344e-05  4.05521767e-07 -8.03362316e-05 
 1.99067334e+04 -2.52980027e-03 -1.27404239e-05  4.03649184e-07 -8.01505369e-05 
 1.99526231e+04 -2.51814791e-03 -1.26524267e-05  4.01785291e-07 -7.99652756e-05 
 1.99986187e+04 -2.50654937e-03 -1.25650388e-05  3.99930047e-07 -7.97804468e-05 
 2.00447203e+04 -2.49500437e-03 -1.24782557e-05  3.98083412e-07 -7.95960494e-05 
 2.00909281e+04 -2.48351269e-03 -1.23920733e-05  3.96245346e-07 -7.94120824e-05 
 2.01372425e+04 -2.47207406e-03 -1.23064874e-05  3.94415808e-07 -7.92285447e-05 
 2.01836636e+04 -2.46068824e-03 -1.22214939e-05  3.92594758e-07 -7.90454353e-05 
 2.02301918e+04 -2.44935499e-03 -1.21370887e-05  3.90782157e-07 -7.88627532e-05 
 2.02768272e+04 -2.43807407e-03 -1.20532676e-05  3.88977965e-07 -7.86804974e-05 
 2.03235701e+04 -2.42684522e-03 -1.19700267e-05  3.87182143e-07 -7.84986667e-05 
 2.03704208e+04 -2.41566821e-03 -1.18873618e-05  3.85394651e-07 -7.83172603e-05 
 2.04173794e+04 -2.40454281e-03 -1.18052690e-05  3.83615451e-07 -7.81362771e-05 
 2.04644464e+04 -2.39346876e-03 -1.17237444e-05  3.81844503e-07 -7.79557161e-05 
 2.05116218e+04 -2.38244583e-03 -1.16427839e-05  3.80081769e-07 -7.77755762e-05 
 2.05589060e+04 -2.37147379e-03 -1.15623837e-05  3.78327211e-07 -7.75958565e-05 
 2.06062991e+04 -2.36055240e-03 -1.14825398e-05  3.76580790e-07 -7.74165559e-05 
 2.06538016e+04 -2.34968142e-03 -1.14032485e-05  3.74842468e-07 -7.72376735e-05 
 2.07014135e+04 -2.33886061e-03 -1.13245058e-05  3.73112208e-07 -7.70592082e-05 
 2.07491352e+04 -2.32808976e-03 -1.12463079e-05  3.71389971e-07 -7.68811591e-05 
 2.07969669e+04 -2.31736862e-03 -1.11686511e-05  3.69675720e-07 -7.67035251e-05 
 2.08449088e+04 -2.30669696e-03 -1.10915317e-05  3.67969418e-07 -7.65263053e-05 
 2.08929613e+04 -2.29607456e-03 -1.10149458e-05  3.66271027e-07 -7.63494986e-05 
 2.09411246e+04 -2.28550119e-03 -1.09388898e-05  3.64580511e-07 -7.61731041e-05 
 2.09893988e+04 -2.27497662e-03 -1.08633600e-05  3.62897832e-07 -7.59971208e-05 
 2.10377844e+04 -2.26450062e-03 -1.07883528e-05  3.61222954e-07 -7.58215477e-05 
 2.10862815e+04 -2.25407297e-03 -1.07138644e-05  3.59555841e-07 -7.56463838e-05 
 2.11348904e+04 -2.24369344e-03 -1.06398914e-05  3.57896456e-07 -7.54716282e-05 
 2.11836114e+04 -2.23336181e-03 -1.05664302e-05  3.56244763e-07 -7.52972798e-05 
 2.12324446e+04 -2.22307786e-03 -1.04934771e-05  3.54600726e-07 -7.51233378e-05 
 2.12813905e+04 -2.21284137e-03 -1.04210287e-05  3.52964309e-07 -7.49498010e-05 
 2.13304491e+04 -2.20265212e-03 -1.03490814e-05  3.51335477e-07 -7.47766687e-05 
 2.13796209e+04 -2.19250989e-03 -1.02776319e-05  3.49714194e-07 -7.46039397e-05 
 2.14289060e+04 -2.18241445e-03 -1.02066766e-05  3.48100425e-07 -7.44316131e-05 
 2.14783047e+04 -2.17236561e-03 -1.01362120e-05  3.46494135e-07 -7.42596880e-05 
 2.15278173e+04 -2.16236313e-03 -1.00662349e-05  3.44895289e-07 -7.40881634e-05 
 2.15774441e+04 -2.15240680e-03 -9.99674178e-06  3.43303852e-07 -7.39170383e-05 
 2.16271852e+04 -2.14249642e-03 -9.92772932e-06  3.41719789e-07 -7.37463119e-05 
 2.16770410e+04 -2.13263176e-03 -9.85919417e-06  3.40143066e-07 -7.35759831e-05 
 2.17270118e+04 -2.12281261e-03 -9.79113304e-06  3.38573648e-07 -7.34060510e-05 
 2.17770977e+04 -2.11303877e-03 -9.72354263e-06  3.37011503e-07 -7.32365146e-05 
 2.18272991e+04 -2.10331003e-03 -9.65641967e-06  3.35456595e-07 -7.30673730e-05 
 2.18776162e+04 -2.09362616e-03 -9.58976093e-06  3.33908890e-07 -7.28986253e-05 
 2.19280494e+04 -2.08398698e-03 -9.52356317e-06  3.32368356e-07 -7.27302706e-05 
 2.19785987e+04 -2.07439227e-03 -9.45782321e-06  3.30834958e-07 -7.25623078e-05 
 2.20292646e+04 -2.06484182e-03 -9.39253787e-06  3.29308664e-07 -7.23947360e-05 
 2.20800473e+04 -2.05533543e-03 -9.32770400e-06  3.27789439e-07 -7.22275544e-05 
 2.21309471e+04 -2.04587289e-03 -9.26331846e-06  3.26277252e-07 -7.20607620e-05 
 2.21819642e+04 -2.03645401e-03 -9.19937814e-06  3.24772069e-07 -7.18943578e-05 
 2.22330989e+04 -2.02707858e-03 -9.13587996e-06  3.23273858e-07 -7.17283410e-05 
 2.22843515e+04 -2.01774640e-03 -9.07282085e-06  3.21782586e-07 -7.15627106e-05 
 2.23357222e+04 -2.00845726e-03 -9.01019776e-06  3.20298220e-07 -7.13974656e-05 
 2.23872114e+04 -1.99921097e-03 -8.94800768e-06  3.18820729e-07 -7.12326053e-05 
 2.24388192e+04 -1.99000734e-03 -8.88624759e-06  3.17350079e-07 -7.10681286e-05 
 2.24905461e+04 -1.98084615e-03 -8.82491453e-06  3.15886241e-07 -7.09040346e-05 
 2.25423921e+04 -1.97172723e-03 -8.76400552e-06  3.14429181e-07 -7.07403225e-05 
 2.25943577e+04 -1.96265036e-03 -8.70351762e-06  3.12978867e-07 -7.05769913e-05 
 2.26464431e+04 -1.95361536e-03 -8.64344792e-06  3.11535270e-07 -7.04140402e-05 
 2.26986485e+04 -1.94462204e-03 -8.58379352e-06  3.10098356e-07 -7.02514681e-05 
 2.27509743e+04 -1.93567019e-03 -8.52455153e-06  3.08668095e-07 -7.00892743e-05 
 2.28034207e+04 -1.92675963e-03 -8.46571911e-06  3.07244457e-07 -6.99274578e-05 
 2.28559880e+04 -1.91789016e-03 -8.40729340e-06  3.05827409e-07 -6.97660177e-05 
 2.29086765e+04 -1.90906161e-03 -8.34927159e-06  3.04416922e-07 -6.96049531e-05 
 2.29614865e+04 -1.90027376e-03 -8.29165088e-06  3.03012964e-07 -6.94442631e-05 
 2.30144182e+04 -1.89152645e-03 -8.23442848e-06  3.01615505e-07 -6.92839469e-05 
 2.30674719e+04 -1.88281948e-03 -8.17760165e-06  3.00224516e-07 -6.91240036e-05 
 2.31206479e+04 -1.87415266e-03 -8.12116763e-06  2.98839965e-07 -6.89644322e-05 
 2.31739465e+04 -1.86552580e-03 -8.06512370e-06  2.97461823e-07 -6.88052318e-05 
 2.32273680e+04 -1.85693874e-03 -8.00946717e-06  2.96090059e-07 -6.86464017e-05 
 2.32809126e+04 -1.84839126e-03 -7.95419533e-06  2.94724645e-07 -6.84879409e-05 
 2.33345806e+04 -1.83988321e-03 -7.89930554e-06  2.93365551e-07 -6.83298485e-05 
 2.33883724e+04 -1.83141439e-03 -7.84479513e-06  2.92012746e-07 -6.81721237e-05 
 2.34422882e+04 -1.82298462e-03 -7.79066149e-06  2.90666202e-07 -6.80147656e-05 
 2.34963282e+04 -1.81459372e-03 -7.73690199e-06  2.89325890e-07 -6.78577733e-05 
 2.35504928e+04 -1.80624151e-03 -7.68351406e-06  2.87991780e-07 -6.77011460e-05 
 2.36047823e+04 -1.79792781e-03 -7.63049510e-06  2.86663844e-07 -6.75448828e-05 
 2.36591970e+04 -1.78965245e-03 -7.57784257e-06  2.85342052e-07 -6.73889828e-05 
 2.37137371e+04 -1.78141524e-03 -7.52555393e-06  2.84026377e-07 -6.72334451e-05 
 2.37684029e+04 -1.77321601e-03 -7.47362665e-06  2.82716790e-07 -6.70782690e-05 
 2.38231947e+04 -1.76505459e-03 -7.42205824e-06  2.81413261e-07 -6.69234535e-05 
 2.38781128e+04 -1.75693080e-03 -7.37084619e-06  2.80115764e-07 -6.67689977e-05 
 2.39331576e+04 -1.74884446e-03 -7.31998806e-06  2.78824270e-07 -6.66149010e-05 
 2.39883292e+04 -1.74079540e-03 -7.26948138e-06  2.77538751e-07 -6.64611623e-05 
 2.40436280e+04 -1.73278345e-03 -7.21932371e-06  2.76259180e-07 -6.63077808e-05 
 2.40990543e+04 -1.72480844e-03 -7.16951265e-06  2.74985527e-07 -6.61547558e-05 
 2.41546083e+04 -1.71687020e-03 -7.12004579e-06  2.73717767e-07 -6.60020862e-05 
 2.42102905e+04 -1.70896855e-03 -7.07092074e-06  2.72455871e-07 -6.58497714e-05 
 2.42661010e+04 -1.70110333e-03 -7.02213514e-06  2.71199813e-07 -6.56978105e-05 
 2.43220401e+04 -1.69327437e-03 -6.97368664e-06  2.69949564e-07 -6.55462025e-05 
 2.43781082e+04 -1.68548150e-03 -6.92557290e-06  2.68705098e-07 -6.53949468e-05 
 2.44343055e+04 -1.67772455e-03 -6.87779160e-06  2.67466389e-07 -6.52440424e-05 
 2.44906324e+04 -1.67000336e-03 -6.83034044e-06  2.66233408e-07 -6.50934885e-05 
 2.45470892e+04 -1.66231777e-03 -6.78321713e-06  2.65006130e-07 -6.49432844e-05 
 2.46036760e+04 -1.65466760e-03 -6.73641940e-06  2.63784529e-07 -6.47934290e-05 
 2.46603934e+04 -1.64705270e-03 -6.68994501e-06  2.62568576e-07 -6.46439218e-05 
 2.47172415e+04 -1.63947289e-03 -6.64379170e-06  2.61358248e-07 -6.44947617e-05 
 2.47742206e+04 -1.63192803e-03 -6.59795726e-06  2.60153516e-07 -6.43459480e-05 
 2.48313311e+04 -1.62441794e-03 -6.55243947e-06  2.58954355e-07 -6.41974799e-05 
 2.48885732e+04 -1.61694248e-03 -6.50723615e-06  2.57760740e-07 -6.40493566e-05 
 2.49459473e+04 -1.60950146e-03 -6.46234511e-06  2.56572643e-07 -6.39015772e-05 
 2.50034536e+04 -1.60209475e-03 -6.41776419e-06  2.55390041e-07 -6.37541409e-05 
 2.50610925e+04 -1.59472217e-03 -6.37349125e-06  2.54212906e-07 -6.36070469e-05 
 2.51188643e+04 -1.58738357e-03 -6.32952416e-06  2.53041215e-07 -6.34602945e-05 
 2.51767693e+04 -1.58007880e-03 -6.28586079e-06  2.51874940e-07 -6.33138827e-05 
 2.52348077e+04 -1.57280769e-03 -6.24249904e-06  2.50714058e-07 -6.31678108e-05 
 2.52929800e+04 -1.56557010e-03 -6.19943683e-06  2.49558543e-07 -6.30220780e-05 
 2.53512863e+04 -1.55836586e-03 -6.15667208e-06  2.48408370e-07 -6.28766835e-05 
 2.54097271e+04 -1.55119482e-03 -6.11420273e-06  2.47263514e-07 -6.27316265e-05 
 2.54683025e+04 -1.54405684e-03 -6.07202674e-06  2.46123950e-07 -6.25869062e-05 
 2.55270130e+04 -1.53695174e-03 -6.03014207e-06  2.44989655e-07 -6.24425218e-05 
 2.55858589e+04 -1.52987940e-03 -5.98854671e-06  2.43860603e-07 -6.22984724e-05 
 2.56448404e+04 -1.52283964e-03 -5.94723865e-06  2.42736770e-07 -6.21547574e-05 
 2.57039578e+04 -1.51583233e-03 -5.90621591e-06  2.41618131e-07 -6.20113759e-05 
 2.57632116e+04 -1.50885731e-03 -5.86547652e-06  2.40504664e-07 -6.18683271e-05 
 2.58226019e+04 -1.50191443e-03 -5.82501850e-06  2.39396342e-07 -6.17256103e-05 
 2.58821292e+04 -1.49500355e-03 -5.78483991e-06  2.38293144e-07 -6.15832246e-05 
 2.59417936e+04 -1.48812451e-03 -5.74493883e-06  2.37195044e-07 -6.14411693e-05 
 2.60015956e+04 -1.48127718e-03 -5.70531332e-06  2.36102019e-07 -6.12994437e-05 
 2.60615355e+04 -1.47446139e-03 -5.66596148e-06  2.35014046e-07 -6.11580468e-05 
 2.61216135e+04 -1.46767701e-03 -5.62688142e-06  2.33931101e-07 -6.10169780e-05 
 2.61818301e+04 -1.46092390e-03 -5.58807125e-06  2.32853160e-07 -6.08762364e-05 
 2.62421854e+04 -1.45420190e-03 -5.54952911e-06  2.31780201e-07 -6.07358214e-05 
 2.63026799e+04 -1.44751087e-03 -5.51125315e-06  2.30712201e-07 -6.05957321e-05 
 2.63633139e+04 -1.44085068e-03 -5.47324151e-06  2.29649135e-07 -6.04559677e-05 
 2.64240876e+04 -1.43422117e-03 -5.43549237e-06  2.28590981e-07 -6.03165275e-05 
 2.64850014e+04 -1.42762221e-03 -5.39800392e-06  2.27537718e-07 -6.01774108e-05 
 2.65460556e+04 -1.42105365e-03 -5.36077435e-06  2.26489320e-07 -6.00386167e-05 
 2.66072506e+04 -1.41451536e-03 -5.32380186e-06  2.25445767e-07 -5.99001446e-05 
 2.66685866e+04 -1.40800720e-03 -5.28708469e-06  2.24407036e-07 -5.97619936e-05 
 2.67300641e+04 -1.40152902e-03 -5.25062106e-06  2.23373103e-07 -5.96241629e-05 
 2.67916832e+04 -1.39508068e-03 -5.21440922e-06  2.22343948e-07 -5.94866519e-05 
 2.68534445e+04 -1.38866206e-03 -5.17844743e-06  2.21319547e-07 -5.93494598e-05 
 2.69153480e+04 -1.38227300e-03 -5.14273395e-06  2.20299879e-07 -5.92125859e-05 
 2.69773943e+04 -1.37591338e-03 -5.10726707e-06  2.19284922e-07 -5.90760293e-05 
 2.70395836e+04 -1.36958306e-03 -5.07204508e-06  2.18274653e-07 -5.89397893e-05 
 2.71019163e+04 -1.36328191e-03 -5.03706629e-06  2.17269052e-07 -5.88038652e-05 
 2.71643927e+04 -1.35700978e-03 -5.00232902e-06  2.16268095e-07 -5.86682563e-05 
 2.72270131e+04 -1.35076655e-03 -4.96783159e-06  2.15271763e-07 -5.85329618e-05 
 2.72897778e+04 -1.34455208e-03 -4.93357235e-06  2.14280032e-07 -5.83979809e-05 
 2.73526873e+04 -1.33836624e-03 -4.89954964e-06  2.13292883e-07 -5.82633129e-05 
 2.74157417e+04 -1.33220890e-03 -4.86576184e-06  2.12310293e-07 -5.81289572e-05 
 2.74789415e+04 -1.32607992e-03 -4.83220731e-06  2.11332242e-07 -5.79949129e-05 
 2.75422870e+04 -1.31997917e-03 -4.79888445e-06  2.10358708e-07 -5.78611793e-05 
 2.76057786e+04 -1.31390653e-03 -4.76579164e-06  2.09389670e-07 -5.77277556e-05 
 2.76694165e+04 -1.30786186e-03 -4.73292730e-06  2.08425108e-07 -5.75946413e-05 
 2.77332010e+04 -1.30184504e-03 -4.70028985e-06  2.07465001e-07 -5.74618355e-05 
 2.77971327e+04 -1.29585593e-03 -4.66787772e-06  2.06509328e-07 -5.73293374e-05 
 2.78612117e+04 -1.28989441e-03 -4.63568936e-06  2.05558068e-07 -5.71971465e-05 
 2.79254384e+04 -1.28396035e-03 -4.60372320e-06  2.04611201e-07 -5.70652619e-05 
 2.79898132e+04 -1.27805363e-03 -4.57197772e-06  2.03668707e-07 -5.69336829e-05 
 2.80543364e+04 -1.27217411e-03 -4.54045139e-06  2.02730566e-07 -5.68024089e-05 
 2.81190083e+04 -1.26632167e-03 -4.50914269e-06  2.01796756e-07 -5.66714390e-05 
 2.81838293e+04 -1.26049619e-03 -4.47805012e-06  2.00867259e-07 -5.65407727e-05 
 2.82487997e+04 -1.25469754e-03 -4.44717219e-06  1.99942053e-07 -5.64104091e-05 
 2.83139200e+04 -1.24892560e-03 -4.41650741e-06  1.99021120e-07 -5.62803475e-05 
 2.83791903e+04 -1.24318025e-03 -4.38605430e-06  1.98104438e-07 -5.61505874e-05 
 2.84446111e+04 -1.23746136e-03 -4.35581140e-06  1.97191990e-07 -5.60211278e-05 
 2.85101827e+04 -1.23176881e-03 -4.32577726e-06  1.96283754e-07 -5.58919682e-05 
 2.85759054e+04 -1.22610247e-03 -4.29595044e-06  1.95379712e-07 -5.57631078e-05 
 2.86417797e+04 -1.22046224e-03 -4.26632950e-06  1.94479843e-07 -5.56345460e-05 
 2.87078058e+04 -1.21484798e-03 -4.23691301e-06  1.93584129e-07 -5.55062819e-05 
 2.87739841e+04 -1.20925958e-03 -4.20769957e-06  1.92692551e-07 -5.53783150e-05 
 2.88403150e+04 -1.20369691e-03 -4.17868777e-06  1.91805088e-07 -5.52506445e-05 
 2.89067988e+04 -1.19815987e-03 -4.14987621e-06  1.90921723e-07 -5.51232698e-05 
 2.89734359e+04 -1.19264832e-03 -4.12126352e-06  1.90042435e-07 -5.49961900e-05 
 2.90402265e+04 -1.18716216e-03 -4.09284831e-06  1.89167207e-07 -5.48694047e-05 
 2.91071712e+04 -1.18170127e-03 -4.06462922e-06  1.88296018e-07 -5.47429129e-05 
 2.91742701e+04 -1.17626552e-03 -4.03660490e-06  1.87428852e-07 -5.46167141e-05 
 2.92415238e+04 -1.17085481e-03 -4.00877399e-06  1.86565688e-07 -5.44908077e-05 
 2.93089325e+04 -1.16546901e-03 -3.98113516e-06  1.85706508e-07 -5.43651927e-05 
 2.93764965e+04 -1.16010802e-03 -3.95368709e-06  1.84851295e-07 -5.42398687e-05 
 2.94442163e+04 -1.15477171e-03 -3.92642845e-06  1.84000028e-07 -5.41148349e-05 
 2.95120923e+04 -1.14945998e-03 -3.89935794e-06  1.83152691e-07 -5.39900907e-05 
 2.95801247e+04 -1.14417271e-03 -3.87247425e-06  1.82309265e-07 -5.38656353e-05 
 2.96483139e+04 -1.13890979e-03 -3.84577609e-06  1.81469732e-07 -5.37414681e-05 
 2.97166603e+04 -1.13367110e-03 -3.81926218e-06  1.80634073e-07 -5.36175884e-05 
 2.97851643e+04 -1.12845653e-03 -3.79293125e-06  1.79802271e-07 -5.34939955e-05 
 2.98538262e+04 -1.12326598e-03 -3.76678203e-06  1.78974308e-07 -5.33706888e-05 
 2.99226464e+04 -1.11809933e-03 -3.74081327e-06  1.78150166e-07 -5.32476676e-05 
 2.99916252e+04 -1.11295647e-03 -3.71502371e-06  1.77329828e-07 -5.31249311e-05 
 3.00607630e+04 -1.10783729e-03 -3.68941213e-06  1.76513275e-07 -5.30024789e-05 
 3.01300602e+04 -1.10274168e-03 -3.66397728e-06  1.75700490e-07 -5.28803101e-05 
 3.01995172e+04 -1.09766954e-03 -3.63871795e-06  1.74891457e-07 -5.27584241e-05 
 3.02691343e+04 -1.09262075e-03 -3.61363292e-06  1.74086156e-07 -5.26368203e-05 
 3.03389118e+04 -1.08759521e-03 -3.58872100e-06  1.73284572e-07 -5.25154980e-05 
 3.04088503e+04 -1.08259281e-03 -3.56398098e-06  1.72486686e-07 -5.23944565e-05 
 3.04789499e+04 -1.07761344e-03 -3.53941167e-06  1.71692483e-07 -5.22736952e-05 
 3.05492111e+04 -1.07265700e-03 -3.51501190e-06  1.70901943e-07 -5.21532134e-05 
 3.06196343e+04 -1.06772338e-03 -3.49078049e-06  1.70115052e-07 -5.20330105e-05 
 3.06902199e+04 -1.06281247e-03 -3.46671628e-06  1.69331791e-07 -5.19130857e-05 
 3.07609681e+04 -1.05792418e-03 -3.44281812e-06  1.68552144e-07 -5.17934386e-05 
 3.08318795e+04 -1.05305839e-03 -3.41908486e-06  1.67776095e-07 -5.16740683e-05 
 3.09029543e+04 -1.04821501e-03 -3.39551535e-06  1.67003626e-07 -5.15549743e-05 
 3.09741930e+04 -1.04339392e-03 -3.37210847e-06  1.66234720e-07 -5.14361559e-05 
 3.10455959e+04 -1.03859503e-03 -3.34886309e-06  1.65469363e-07 -5.13176125e-05 
 3.11171634e+04 -1.03381824e-03 -3.32577809e-06  1.64707536e-07 -5.11993434e-05 
 3.11888958e+04 -1.02906344e-03 -3.30285238e-06  1.63949224e-07 -5.10813480e-05 
 3.12607937e+04 -1.02433052e-03 -3.28008484e-06  1.63194410e-07 -5.09636256e-05 
 3.13328572e+04 -1.01961940e-03 -3.25747439e-06  1.62443078e-07 -5.08461756e-05 
 3.14050869e+04 -1.01492997e-03 -3.23501993e-06  1.61695213e-07 -5.07289974e-05 
 3.14774831e+04 -1.01026213e-03 -3.21272040e-06  1.60950797e-07 -5.06120903e-05 
 3.15500462e+04 -1.00561577e-03 -3.19057472e-06  1.60209816e-07 -5.04954536e-05 
 3.16227766e+04 -1.00099081e-03 -3.16858182e-06  1.59472252e-07 -5.03790869e-05 
 3.16956746e+04 -9.96387138e-04 -3.14674066e-06  1.58738091e-07 -5.02629894e-05 
 3.17687407e+04 -9.91804660e-04 -3.12505018e-06  1.58007316e-07 -5.01471604e-05 
 3.18419752e+04 -9.87243277e-04 -3.10350934e-06  1.57279912e-07 -5.00315994e-05 
 3.19153786e+04 -9.82702894e-04 -3.08211711e-06  1.56555864e-07 -4.99163058e-05 
 3.19889511e+04 -9.78183412e-04 -3.06087246e-06  1.55835155e-07 -4.98012789e-05 
 3.20626932e+04 -9.73684735e-04 -3.03977438e-06  1.55117770e-07 -4.96865180e-05 
 3.21366054e+04 -9.69206768e-04 -3.01882184e-06  1.54403694e-07 -4.95720227e-05 
 3.22106879e+04 -9.64749414e-04 -2.99801385e-06  1.53692911e-07 -4.94577922e-05 
 3.22849412e+04 -9.60312579e-04 -2.97734941e-06  1.52985407e-07 -4.93438259e-05 
 3.23593657e+04 -9.55896168e-04 -2.95682752e-06  1.52281166e-07 -4.92301232e-05 
 3.24339617e+04 -9.51500087e-04 -2.93644719e-06  1.51580173e-07 -4.91166835e-05 
 3.25087297e+04 -9.47124242e-04 -2.91620746e-06  1.50882412e-07 -4.90035062e-05 
 3.25836701e+04 -9.42768540e-04 -2.89610735e-06  1.50187870e-07 -4.88905906e-05 
 3.26587832e+04 -9.38432888e-04 -2.87614590e-06  1.49496531e-07 -4.87779362e-05 
 3.27340695e+04 -9.34117193e-04 -2.85632214e-06  1.48808380e-07 -4.86655423e-05 
 3.28095293e+04 -9.29821364e-04 -2.83663513e-06  1.48123402e-07 -4.85534084e-05 
 3.28851631e+04 -9.25545308e-04 -2.81708392e-06  1.47441584e-07 -4.84415338e-05 
 3.29609712e+04 -9.21288935e-04 -2.79766758e-06  1.46762909e-07 -4.83299179e-05 
 3.30369541e+04 -9.17052154e-04 -2.77838517e-06  1.46087364e-07 -4.82185601e-05 
 3.31131121e+04 -9.12834875e-04 -2.75923576e-06  1.45414934e-07 -4.81074598e-05 
 3.31894458e+04 -9.08637007e-04 -2.74021845e-06  1.44745605e-07 -4.79966164e-05 
 3.32659553e+04 -9.04458461e-04 -2.72133231e-06  1.44079363e-07 -4.78860294e-05 
 3.33426413e+04 -9.00299148e-04 -2.70257644e-06  1.43416192e-07 -4.77756980e-05 
 3.34195040e+04 -8.96158979e-04 -2.68394994e-06  1.42756080e-07 -4.76656217e-05 
 3.34965439e+04 -8.92037866e-04 -2.66545192e-06  1.42099011e-07 -4.75558000e-05 
 3.35737614e+04 -8.87935722e-04 -2.64708148e-06  1.41444971e-07 -4.74462322e-05 
 3.36511569e+04 -8.83852458e-04 -2.62883776e-06  1.40793948e-07 -4.73369177e-05 
 3.37287309e+04 -8.79787988e-04 -2.61071987e-06  1.40145926e-07 -4.72278559e-05 
 3.38064836e+04 -8.75742225e-04 -2.59272695e-06  1.39500892e-07 -4.71190463e-05 
 3.38844156e+04 -8.71715082e-04 -2.57485812e-06  1.38858831e-07 -4.70104883e-05 
 3.39625273e+04 -8.67706475e-04 -2.55711254e-06  1.38219731e-07 -4.69021812e-05 
 3.40408190e+04 -8.63716317e-04 -2.53948936e-06  1.37583578e-07 -4.67941245e-05 
 3.41192912e+04 -8.59744523e-04 -2.52198772e-06  1.36950357e-07 -4.66863176e-05 
 3.41979443e+04 -8.55791009e-04 -2.50460679e-06  1.36320056e-07 -4.65787598e-05 
 3.42767787e+04 -8.51855691e-04 -2.48734573e-06  1.35692660e-07 -4.64714508e-05 
 3.43557948e+04 -8.47938484e-04 -2.47020373e-06  1.35068157e-07 -4.63643898e-05 
 3.44349931e+04 -8.44039305e-04 -2.45317995e-06  1.34446533e-07 -4.62575762e-05 
 3.45143739e+04 -8.40158071e-04 -2.43627357e-06  1.33827775e-07 -4.61510096e-05 
 3.45939378e+04 -8.36294700e-04 -2.41948380e-06  1.33211868e-07 -4.60446892e-05 
 3.46736850e+04 -8.32449108e-04 -2.40280981e-06  1.32598802e-07 -4.59386146e-05 
 3.47536161e+04 -8.28621214e-04 -2.38625083e-06  1.31988561e-07 -4.58327852e-05 
 3.48337315e+04 -8.24810937e-04 -2.36980604e-06  1.31381133e-07 -4.57272004e-05 
 3.49140315e+04 -8.21018195e-04 -2.35347466e-06  1.30776505e-07 -4.56218596e-05 
 3.49945167e+04 -8.17242907e-04 -2.33725591e-06  1.30174665e-07 -4.55167622e-05 
 3.50751874e+04 -8.13484993e-04 -2.32114901e-06  1.29575598e-07 -4.54119078e-05 
 3.51560441e+04 -8.09744372e-04 -2.30515318e-06  1.28979293e-07 -4.53072956e-05 
 3.52370871e+04 -8.06020966e-04 -2.28926767e-06  1.28385737e-07 -4.52029253e-05 
 3.53183170e+04 -8.02314695e-04 -2.27349171e-06  1.27794916e-07 -4.50987961e-05 
 3.53997341e+04 -7.98625479e-04 -2.25782454e-06  1.27206818e-07 -4.49949075e-05 
 3.54813389e+04 -7.94953241e-04 -2.24226541e-06  1.26621432e-07 -4.48912590e-05 
 3.55631319e+04 -7.91297901e-04 -2.22681358e-06  1.26038743e-07 -4.47878500e-05 
 3.56451133e+04 -7.87659382e-04 -2.21146830e-06  1.25458740e-07 -4.46846800e-05 
 3.57272838e+04 -7.84037607e-04 -2.19622885e-06  1.24881410e-07 -4.45817484e-05 
 3.58096437e+04 -7.80432498e-04 -2.18109448e-06  1.24306741e-07 -4.44790546e-05 
 3.58921935e+04 -7.76843979e-04 -2.16606447e-06  1.23734720e-07 -4.43765981e-05 
 3.59749335e+04 -7.73271973e-04 -2.15113811e-06  1.23165336e-07 -4.42743783e-05 
 3.60578643e+04 -7.69716404e-04 -2.13631468e-06  1.22598576e-07 -4.41723947e-05 
 3.61409863e+04 -7.66177196e-04 -2.12159346e-06  1.22034428e-07 -4.40706467e-05 
 3.62242998e+04 -7.62654273e-04 -2.10697375e-06  1.21472880e-07 -4.39691338e-05 
 3.63078055e+04 -7.59147562e-04 -2.09245486e-06  1.20913919e-07 -4.38678554e-05 
 3.63915036e+04 -7.55656986e-04 -2.07803607e-06  1.20357535e-07 -4.37668110e-05 
 3.64753947e+04 -7.52182472e-04 -2.06371672e-06  1.19803715e-07 -4.36660000e-05 
 3.65594792e+04 -7.48723946e-04 -2.04949609e-06  1.19252446e-07 -4.35654220e-05 
 3.66437575e+04 -7.45281334e-04 -2.03537353e-06  1.18703718e-07 -4.34650763e-05 
 3.67282300e+04 -7.41854562e-04 -2.02134834e-06  1.18157519e-07 -4.33649624e-05 
 3.68128974e+04 -7.38443558e-04 -2.00741986e-06  1.17613837e-07 -4.32650797e-05 
 3.68977599e+04 -7.35048250e-04 -1.99358742e-06  1.17072660e-07 -4.31654278e-05 
 3.69828180e+04 -7.31668563e-04 -1.97985036e-06  1.16533977e-07 -4.30660061e-05 
 3.70680722e+04 -7.28304428e-04 -1.96620801e-06  1.15997776e-07 -4.29668140e-05 
 3.71535229e+04 -7.24955771e-04 -1.95265972e-06  1.15464046e-07 -4.28678511e-05 
 3.72391706e+04 -7.21622523e-04 -1.93920486e-06  1.14932775e-07 -4.27691167e-05 
 3.73250158e+04 -7.18304611e-04 -1.92584276e-06  1.14403952e-07 -4.26706104e-05 
 3.74110588e+04 -7.15001965e-04 -1.91257279e-06  1.13877565e-07 -4.25723317e-05 
 3.74973002e+04 -7.11714514e-04 -1.89939431e-06  1.13353605e-07 -4.24742799e-05 
 3.75837404e+04 -7.08442190e-04 -1.88630670e-06  1.12832058e-07 -4.23764546e-05 
 3.76703799e+04 -7.05184921e-04 -1.87330932e-06  1.12312914e-07 -4.22788552e-05 
 3.77572191e+04 -7.01942639e-04 -1.86040155e-06  1.11796162e-07 -4.21814812e-05 
 3.78442585e+04 -6.98715275e-04 -1.84758278e-06  1.11281791e-07 -4.20843321e-05 
 3.79314985e+04 -6.95502759e-04 -1.83485239e-06  1.10769790e-07 -4.19874074e-05 
 3.80189396e+04 -6.92305024e-04 -1.82220977e-06  1.10260148e-07 -4.18907065e-05 
 3.81065823e+04 -6.89122002e-04 -1.80965431e-06  1.09752854e-07 -4.17942290e-05 
 3.81944271e+04 -6.85953623e-04 -1.79718541e-06  1.09247897e-07 -4.16979742e-05 
 3.82824743e+04 -6.82799822e-04 -1.78480248e-06  1.08745267e-07 -4.16019417e-05 
 3.83707245e+04 -6.79660531e-04 -1.77250492e-06  1.08244952e-07 -4.15061310e-05 
 3.84591782e+04 -6.76535683e-04 -1.76029214e-06  1.07746942e-07 -4.14105415e-05 
 3.85478358e+04 -6.73425212e-04 -1.74816356e-06  1.07251226e-07 -4.13151728e-05 
 3.86366977e+04 -6.70329051e-04 -1.73611860e-06  1.06757794e-07 -4.12200243e-05 
 3.87257645e+04 -6.67247134e-04 -1.72415668e-06  1.06266635e-07 -4.11250954e-05 
 3.88150366e+04 -6.64179396e-04 -1.71227722e-06  1.05777739e-07 -4.10303858e-05 
 3.89045145e+04 -6.61125772e-04 -1.70047966e-06  1.05291095e-07 -4.09358949e-05 
 3.89941987e+04 -6.58086196e-04 -1.68876343e-06  1.04806693e-07 -4.08416221e-05 
 3.90840896e+04 -6.55060604e-04 -1.67712798e-06  1.04324522e-07 -4.07475670e-05 
 3.91741877e+04 -6.52048931e-04 -1.66557273e-06  1.03844573e-07 -4.06537291e-05 
 3.92644935e+04 -6.49051113e-04 -1.65409715e-06  1.03366834e-07 -4.05601078e-05 
 3.93550075e+04 -6.46067087e-04 -1.64270068e-06  1.02891296e-07 -4.04667027e-05 
 3.94457302e+04 -6.43096788e-04 -1.63138277e-06  1.02417948e-07 -4.03735132e-05 
 3.95366620e+04 -6.40140154e-04 -1.62014288e-06  1.01946781e-07 -4.02805389e-05 
 3.96278034e+04 -6.37197122e-04 -1.60898048e-06  1.01477784e-07 -4.01877792e-05 
 3.97191549e+04 -6.34267629e-04 -1.59789503e-06  1.01010948e-07 -4.00952337e-05 
 3.98107171e+04 -6.31351612e-04 -1.58688599e-06  1.00546262e-07 -4.00029018e-05 
 3.99024902e+04 -6.28449010e-04 -1.57595285e-06  1.00083716e-07 -3.99107830e-05 
 3.99944750e+04 -6.25559761e-04 -1.56509507e-06  9.96233004e-08 -3.98188770e-05 
 4.00866718e+04 -6.22683804e-04 -1.55431214e-06  9.91650057e-08 -3.97271830e-05 
 4.01790811e+04 -6.19821076e-04 -1.54360354e-06  9.87088219e-08 -3.96357008e-05 
 4.02717034e+04 -6.16971517e-04 -1.53296876e-06  9.82547393e-08 -3.95444297e-05 
 4.03645393e+04 -6.14135067e-04 -1.52240729e-06  9.78027480e-08 -3.94533693e-05 
 4.04575892e+04 -6.11311665e-04 -1.51191863e-06  9.73528386e-08 -3.93625191e-05 
 4.05508535e+04 -6.08501251e-04 -1.50150226e-06  9.69050013e-08 -3.92718787e-05 
 4.06443329e+04 -6.05703765e-04 -1.49115769e-06  9.64592266e-08 -3.91814474e-05 
 4.07380278e+04 -6.02919148e-04 -1.48088444e-06  9.60155050e-08 -3.90912249e-05 
 4.08319386e+04 -6.00147341e-04 -1.47068199e-06  9.55738269e-08 -3.90012106e-05 
 4.09260660e+04 -5.97388283e-04 -1.46054987e-06  9.51341830e-08 -3.89114041e-05 
 4.10204103e+04 -5.94641918e-04 -1.45048760e-06  9.46965639e-08 -3.88218048e-05 
 4.11149721e+04 -5.91908185e-04 -1.44049468e-06  9.42609603e-08 -3.87324124e-05 
 4.12097519e+04 -5.89187028e-04 -1.43057064e-06  9.38273627e-08 -3.86432263e-05 
 4.13047502e+04 -5.86478388e-04 -1.42071501e-06  9.33957620e-08 -3.85542460e-05 
 4.13999675e+04 -5.83782207e-04 -1.41092731e-06  9.29661489e-08 -3.84654711e-05 
 4.14954043e+04 -5.81098428e-04 -1.40120707e-06  9.25385143e-08 -3.83769011e-05 
 4.15910610e+04 -5.78426995e-04 -1.39155384e-06  9.21128491e-08 -3.82885354e-05 
 4.16869383e+04 -5.75767849e-04 -1.38196714e-06  9.16891441e-08 -3.82003737e-05 
 4.17830367e+04 -5.73120935e-04 -1.37244652e-06  9.12673903e-08 -3.81124155e-05 
 4.18793565e+04 -5.70486196e-04 -1.36299152e-06  9.08475786e-08 -3.80246603e-05 
 4.19758984e+04 -5.67863577e-04 -1.35360169e-06  9.04297002e-08 -3.79371075e-05 
 4.20726628e+04 -5.65253021e-04 -1.34427659e-06  9.00137462e-08 -3.78497568e-05 
 4.21696503e+04 -5.62654472e-04 -1.33501575e-06  8.95997075e-08 -3.77626077e-05 
 4.22668614e+04 -5.60067877e-04 -1.32581875e-06  8.91875754e-08 -3.76756597e-05 
 4.23642966e+04 -5.57493178e-04 -1.31668513e-06  8.87773411e-08 -3.75889123e-05 
 4.24619564e+04 -5.54930322e-04 -1.30761447e-06  8.83689958e-08 -3.75023651e-05 
 4.25598413e+04 -5.52379255e-04 -1.29860633e-06  8.79625309e-08 -3.74160176e-05 
 4.26579519e+04 -5.49839921e-04 -1.28966027e-06  8.75579375e-08 -3.73298694e-05 
 4.27562886e+04 -5.47312268e-04 -1.28077587e-06  8.71552072e-08 -3.72439199e-05 
 4.28548520e+04 -5.44796240e-04 -1.27195271e-06  8.67543313e-08 -3.71581688e-05 
 4.29536427e+04 -5.42291785e-04 -1.26319036e-06  8.63553012e-08 -3.70726155e-05 
 4.30526610e+04 -5.39798849e-04 -1.25448839e-06  8.59581084e-08 -3.69872596e-05 
 4.31519077e+04 -5.37317379e-04 -1.24584641e-06  8.55627445e-08 -3.69021007e-05 
 4.32513831e+04 -5.34847323e-04 -1.23726398e-06  8.51692009e-08 -3.68171382e-05 
 4.33510878e+04 -5.32388627e-04 -1.22874071e-06  8.47774694e-08 -3.67323718e-05 
 4.34510224e+04 -5.29941240e-04 -1.22027618e-06  8.43875416e-08 -3.66478009e-05 
 4.35511874e+04 -5.27505110e-04 -1.21186998e-06  8.39994090e-08 -3.65634252e-05 
 4.36515832e+04 -5.25080184e-04 -1.20352172e-06  8.36130635e-08 -3.64792441e-05 
 4.37522105e+04 -5.22666412e-04 -1.19523100e-06  8.32284968e-08 -3.63952573e-05 
 4.38530698e+04 -5.20263741e-04 -1.18699742e-06  8.28457007e-08 -3.63114642e-05 
 4.39541615e+04 -5.17872121e-04 -1.17882058e-06  8.24646670e-08 -3.62278644e-05 
 4.40554864e+04 -5.15491500e-04 -1.17070009e-06  8.20853876e-08 -3.61444575e-05 
 4.41570447e+04 -5.13121829e-04 -1.16263557e-06  8.17078544e-08 -3.60612430e-05 
 4.42588372e+04 -5.10763056e-04 -1.15462662e-06  8.13320593e-08 -3.59782204e-05 
 4.43608644e+04 -5.08415132e-04 -1.14667287e-06  8.09579944e-08 -3.58953894e-05 
 4.44631267e+04 -5.06078006e-04 -1.13877394e-06  8.05856516e-08 -3.58127495e-05 
 4.45656248e+04 -5.03751629e-04 -1.13092944e-06  8.02150230e-08 -3.57303002e-05 
 4.46683592e+04 -5.01435952e-04 -1.12313901e-06  7.98461007e-08 -3.56480411e-05 
 4.47713304e+04 -4.99130924e-04 -1.11540226e-06  7.94788768e-08 -3.55659718e-05 
 4.48745390e+04 -4.96836498e-04 -1.10771883e-06  7.91133435e-08 -3.54840918e-05 
 4.49779855e+04 -4.94552624e-04 -1.10008835e-06  7.87494929e-08 -3.54024006e-05 
 4.50816705e+04 -4.92279254e-04 -1.09251045e-06  7.83873174e-08 -3.53208979e-05 
 4.51855944e+04 -4.90016339e-04 -1.08498478e-06  7.80268092e-08 -3.52395832e-05 
 4.52897580e+04 -4.87763831e-04 -1.07751097e-06  7.76679606e-08 -3.51584560e-05 
 4.53941617e+04 -4.85521683e-04 -1.07008866e-06  7.73107640e-08 -3.50775160e-05 
 4.54988060e+04 -4.83289846e-04 -1.06271751e-06  7.69552116e-08 -3.49967627e-05 
 4.56036916e+04 -4.81068273e-04 -1.05539715e-06  7.66012961e-08 -3.49161956e-05 
 4.57088190e+04 -4.78856917e-04 -1.04812723e-06  7.62490097e-08 -3.48358143e-05 
 4.58141887e+04 -4.76655731e-04 -1.04090742e-06  7.58983450e-08 -3.47556185e-05 
 4.59198013e+04 -4.74464669e-04 -1.03373736e-06  7.55492946e-08 -3.46756076e-05 
 4.60256574e+04 -4.72283682e-04 -1.02661671e-06  7.52018508e-08 -3.45957812e-05 
 4.61317575e+04 -4.70112726e-04 -1.01954512e-06  7.48560065e-08 -3.45161390e-05 
 4.62381021e+04 -4.67951753e-04 -1.01252227e-06  7.45117541e-08 -3.44366805e-05 
 4.63446920e+04 -4.65800719e-04 -1.00554782e-06  7.41690863e-08 -3.43574052e-05 
 4.64515275e+04 -4.63659577e-04 -9.98621421e-07  7.38279959e-08 -3.42783127e-05 
 4.65586094e+04 -4.61528281e-04 -9.91742755e-07  7.34884755e-08 -3.41994026e-05 
 4.66659380e+04 -4.59406787e-04 -9.84911490e-07  7.31505180e-08 -3.41206746e-05 
 4.67735141e+04 -4.57295049e-04 -9.78127299e-07  7.28141160e-08 -3.40421280e-05 
 4.68813382e+04 -4.55193022e-04 -9.71389856e-07  7.24792625e-08 -3.39637627e-05 
 4.69894109e+04 -4.53100662e-04 -9.64698840e-07  7.21459503e-08 -3.38855780e-05 
 4.70977326e+04 -4.51017924e-04 -9.58053931e-07  7.18141722e-08 -3.38075737e-05 
 4.72063041e+04 -4.48944764e-04 -9.51454811e-07  7.14839213e-08 -3.37297492e-05 
 4.73151259e+04 -4.46881137e-04 -9.44901163e-07  7.11551905e-08 -3.36521042e-05 
 4.74241985e+04 -4.44827001e-04 -9.38392675e-07  7.08279727e-08 -3.35746383e-05 
 4.75335226e+04 -4.42782311e-04 -9.31929035e-07  7.05022609e-08 -3.34973510e-05 
 4.76430987e+04 -4.40747023e-04 -9.25509934e-07  7.01780484e-08 -3.34202419e-05 
 4.77529274e+04 -4.38721095e-04 -9.19135064e-07  6.98553280e-08 -3.33433107e-05 
 4.78630092e+04 -4.36704483e-04 -9.12804122e-07  6.95340930e-08 -3.32665568e-05 
 4.79733449e+04 -4.34697145e-04 -9.06516803e-07  6.92143365e-08 -3.31899799e-05 
 4.80839348e+04 -4.32699037e-04 -9.00272807e-07  6.88960517e-08 -3.31135796e-05 
 4.81947798e+04 -4.30710118e-04 -8.94071835e-07  6.85792318e-08 -3.30373554e-05 
 4.83058802e+04 -4.28730345e-04 -8.87913591e-07  6.82638700e-08 -3.29613071e-05 
 4.84172368e+04 -4.26759676e-04 -8.81797780e-07  6.79499596e-08 -3.28854340e-05 
 4.85288500e+04 -4.24798068e-04 -8.75724110e-07  6.76374940e-08 -3.28097359e-05 
 4.86407206e+04 -4.22845482e-04 -8.69692290e-07  6.73264665e-08 -3.27342124e-05 
 4.87528490e+04 -4.20901873e-04 -8.63702031e-07  6.70168703e-08 -3.26588630e-05 
 4.88652359e+04 -4.18967203e-04 -8.57753047e-07  6.67086991e-08 -3.25836873e-05 
 4.89778819e+04 -4.17041429e-04 -8.51845054e-07  6.64019461e-08 -3.25086849e-05 
 4.90907876e+04 -4.15124510e-04 -8.45977768e-07  6.60966048e-08 -3.24338555e-05 
 4.92039536e+04 -4.13216406e-04 -8.40150909e-07  6.57926688e-08 -3.23591986e-05 
 4.93173804e+04 -4.11317076e-04 -8.34364198e-07  6.54901315e-08 -3.22847138e-05 
 4.94310687e+04 -4.09426479e-04 -8.28617359e-07  6.51889865e-08 -3.22104008e-05 
 4.95450191e+04 -4.07544577e-04 -8.22910117e-07  6.48892274e-08 -3.21362591e-05 
 4.96592321e+04 -4.05671327e-04 -8.17242198e-07  6.45908478e-08 -3.20622883e-05 
 4.97737085e+04 -4.03806692e-04 -8.11613332e-07  6.42938414e-08 -3.19884881e-05 
 4.98884487e+04 -4.01950630e-04 -8.06023249e-07  6.39982017e-08 -3.19148580e-05 
 5.00034535e+04 -4.00103103e-04 -8.00471683e-07  6.37039225e-08 -3.18413976e-05 
 5.01187234e+04 -3.98264072e-04 -7.94958366e-07  6.34109976e-08 -3.17681066e-05 
 5.02342590e+04 -3.96433497e-04 -7.89483036e-07  6.31194207e-08 -3.16949846e-05 
 5.03500609e+04 -3.94611339e-04 -7.84045431e-07  6.28291856e-08 -3.16220311e-05 
 5.04661298e+04 -3.92797559e-04 -7.78645291e-07  6.25402861e-08 -3.15492458e-05 
 5.05824662e+04 -3.90992120e-04 -7.73282358e-07  6.22527160e-08 -3.14766283e-05 
 5.06990708e+04 -3.89194982e-04 -7.67956374e-07  6.19664692e-08 -3.14041782e-05 
 5.08159443e+04 -3.87406108e-04 -7.62667086e-07  6.16815396e-08 -3.13318952e-05 
 5.09330871e+04 -3.85625459e-04 -7.57414239e-07  6.13979212e-08 -3.12597787e-05 
 5.10505000e+04 -3.83852997e-04 -7.52197584e-07  6.11156079e-08 -3.11878285e-05 
 5.11681836e+04 -3.82088686e-04 -7.47016871e-07  6.08345937e-08 -3.11160442e-05 
 5.12861384e+04 -3.80332487e-04 -7.41871851e-07  6.05548726e-08 -3.10444253e-05 
 5.14043652e+04 -3.78584363e-04 -7.36762279e-07  6.02764386e-08 -3.09729715e-05 
 5.15228645e+04 -3.76844277e-04 -7.31687911e-07  5.99992858e-08 -3.09016825e-05 
 5.16416369e+04 -3.75112192e-04 -7.26648503e-07  5.97234084e-08 -3.08305577e-05 
 5.17606832e+04 -3.73388070e-04 -7.21643814e-07  5.94488004e-08 -3.07595969e-05 
 5.18800039e+04 -3.71671877e-04 -7.16673607e-07  5.91754559e-08 -3.06887997e-05 
 5.19995997e+04 -3.69963574e-04 -7.11737642e-07  5.89033692e-08 -3.06181656e-05 
 5.21194711e+04 -3.68263126e-04 -7.06835683e-07  5.86325345e-08 -3.05476944e-05 
 5.22396189e+04 -3.66570497e-04 -7.01967497e-07  5.83629459e-08 -3.04773856e-05 
 5.23600437e+04 -3.64885650e-04 -6.97132850e-07  5.80945979e-08 -3.04072389e-05 
 5.24807460e+04 -3.63208550e-04 -6.92331512e-07  5.78274845e-08 -3.03372538e-05 
 5.26017266e+04 -3.61539161e-04 -6.87563252e-07  5.75616002e-08 -3.02674301e-05 
 5.27229861e+04 -3.59877448e-04 -6.82827842e-07  5.72969393e-08 -3.01977672e-05 
 5.28445252e+04 -3.58223375e-04 -6.78125057e-07  5.70334961e-08 -3.01282650e-05 
 5.29663444e+04 -3.56576907e-04 -6.73454671e-07  5.67712650e-08 -3.00589229e-05 
 5.30884444e+04 -3.54938009e-04 -6.68816462e-07  5.65102405e-08 -2.99897407e-05 
 5.32108259e+04 -3.53306646e-04 -6.64210206e-07  5.62504170e-08 -2.99207179e-05 
 5.33334895e+04 -3.51682785e-04 -6.59635684e-07  5.59917889e-08 -2.98518542e-05 
 5.34564359e+04 -3.50066389e-04 -6.55092678e-07  5.57343508e-08 -2.97831492e-05 
 5.35796658e+04 -3.48457425e-04 -6.50580969e-07  5.54780972e-08 -2.97146025e-05 
 5.37031796e+04 -3.46855859e-04 -6.46100343e-07  5.52230225e-08 -2.96462138e-05 
 5.38269783e+04 -3.45261656e-04 -6.41650584e-07  5.49691214e-08 -2.95779828e-05 
 5.39510623e+04 -3.43674783e-04 -6.37231481e-07  5.47163885e-08 -2.95099089e-05 
 5.40754323e+04 -3.42095207e-04 -6.32842822e-07  5.44648184e-08 -2.94419920e-05 
 5.42000890e+04 -3.40522892e-04 -6.28484397e-07  5.42144057e-08 -2.93742316e-05 
 5.43250331e+04 -3.38957806e-04 -6.24155997e-07  5.39651452e-08 -2.93066274e-05 
 5.44502653e+04 -3.37399917e-04 -6.19857416e-07  5.37170314e-08 -2.92391789e-05 
 5.45757861e+04 -3.35849189e-04 -6.15588449e-07  5.34700591e-08 -2.91718859e-05 
 5.47015963e+04 -3.34305592e-04 -6.11348891e-07  5.32242230e-08 -2.91047479e-05 
 5.48276965e+04 -3.32769091e-04 -6.07138539e-07  5.29795180e-08 -2.90377647e-05 
 5.49540874e+04 -3.31239655e-04 -6.02957192e-07  5.27359388e-08 -2.89709359e-05 
 5.50807696e+04 -3.29717250e-04 -5.98804650e-07  5.24934802e-08 -2.89042610e-05 
 5.52077439e+04 -3.28201844e-04 -5.94680715e-07  5.22521370e-08 -2.88377398e-05 
 5.53350109e+04 -3.26693406e-04 -5.90585190e-07  5.20119042e-08 -2.87713719e-05 
 5.54625713e+04 -3.25191903e-04 -5.86517878e-07  5.17727765e-08 -2.87051569e-05 
 5.55904257e+04 -3.23697303e-04 -5.82478585e-07  5.15347490e-08 -2.86390945e-05 
 5.57185749e+04 -3.22209575e-04 -5.78467119e-07  5.12978165e-08 -2.85731844e-05 
 5.58470195e+04 -3.20728686e-04 -5.74483287e-07  5.10619740e-08 -2.85074261e-05 
 5.59757601e+04 -3.19254606e-04 -5.70526899e-07  5.08272165e-08 -2.84418193e-05 
 5.61047976e+04 -3.17787303e-04 -5.66597765e-07  5.05935390e-08 -2.83763638e-05 
 5.62341325e+04 -3.16326746e-04 -5.62695699e-07  5.03609365e-08 -2.83110590e-05 
 5.63637656e+04 -3.14872903e-04 -5.58820513e-07  5.01294040e-08 -2.82459047e-05 
 5.64936975e+04 -3.13425745e-04 -5.54972021e-07  4.98989366e-08 -2.81809006e-05 
 5.66239289e+04 -3.11985239e-04 -5.51150041e-07  4.96695295e-08 -2.81160462e-05 
 5.67544605e+04 -3.10551357e-04 -5.47354390e-07  4.94411777e-08 -2.80513413e-05 
 5.68852931e+04 -3.09124066e-04 -5.43584885e-07  4.92138764e-08 -2.79867855e-05 
 5.70164272e+04 -3.07703338e-04 -5.39841347e-07  4.89876207e-08 -2.79223784e-05 
 5.71478637e+04 -3.06289140e-04 -5.36123597e-07  4.87624059e-08 -2.78581197e-05 
 5.72796031e+04 -3.04881445e-04 -5.32431457e-07  4.85382270e-08 -2.77940091e-05 
 5.74116462e+04 -3.03480221e-04 -5.28764751e-07  4.83150794e-08 -2.77300462e-05 
 5.75439937e+04 -3.02085439e-04 -5.25123303e-07  4.80929584e-08 -2.76662307e-05 
 5.76766463e+04 -3.00697069e-04 -5.21506939e-07  4.78718591e-08 -2.76025622e-05 
 5.78096047e+04 -2.99315082e-04 -5.17915487e-07  4.76517769e-08 -2.75390404e-05 
 5.79428696e+04 -2.97939449e-04 -5.14348774e-07  4.74327070e-08 -2.74756650e-05 
 5.80764418e+04 -2.96570140e-04 -5.10806631e-07  4.72146449e-08 -2.74124355e-05 
 5.82103218e+04 -2.95207125e-04 -5.07288887e-07  4.69975859e-08 -2.73493518e-05 
 5.83445104e+04 -2.93850377e-04 -5.03795375e-07  4.67815253e-08 -2.72864134e-05 
 5.84790084e+04 -2.92499866e-04 -5.00325928e-07  4.65664586e-08 -2.72236200e-05 
 5.86138165e+04 -2.91155564e-04 -4.96880379e-07  4.63523812e-08 -2.71609713e-05 
 5.87489353e+04 -2.89817442e-04 -4.93458565e-07  4.61392885e-08 -2.70984669e-05 
 5.88843655e+04 -2.88485472e-04 -4.90060322e-07  4.59271761e-08 -2.70361065e-05 
 5.90201080e+04 -2.87159624e-04 -4.86685487e-07  4.57160393e-08 -2.69738898e-05 
 5.91561634e+04 -2.85839872e-04 -4.83333898e-07  4.55058737e-08 -2.69118164e-05 
 5.92925325e+04 -2.84526188e-04 -4.80005397e-07  4.52966748e-08 -2.68498860e-05 
 5.94292159e+04 -2.83218542e-04 -4.76699823e-07  4.50884382e-08 -2.67880983e-05 
 5.95662144e+04 -2.81916908e-04 -4.73417018e-07  4.48811594e-08 -2.67264530e-05 
 5.97035287e+04 -2.80621257e-04 -4.70156826e-07  4.46748341e-08 -2.66649497e-05 
 5.98411595e+04 -2.79331563e-04 -4.66919092e-07  4.44694577e-08 -2.66035880e-05 
 5.99791076e+04 -2.78047798e-04 -4.63703659e-07  4.42650261e-08 -2.65423677e-05 
 6.01173737e+04 -2.76769934e-04 -4.60510375e-07  4.40615347e-08 -2.64812885e-05 
 6.02559586e+04 -2.75497945e-04 -4.57339086e-07  4.38589794e-08 -2.64203500e-05 
 6.03948629e+04 -2.74231804e-04 -4.54189642e-07  4.36573557e-08 -2.63595518e-05 
 6.05340875e+04 -2.72971482e-04 -4.51061891e-07  4.34566594e-08 -2.62988937e-05 
 6.06736330e+04 -2.71716955e-04 -4.47955685e-07  4.32568863e-08 -2.62383754e-05 
 6.08135001e+04 -2.70468195e-04 -4.44870875e-07  4.30580319e-08 -2.61779964e-05 
 6.09536897e+04 -2.69225175e-04 -4.41807313e-07  4.28600923e-08 -2.61177566e-05 
 6.10942025e+04 -2.67987870e-04 -4.38764852e-07  4.26630630e-08 -2.60576555e-05 
 6.12350392e+04 -2.66756252e-04 -4.35743349e-07  4.24669400e-08 -2.59976928e-05 
 6.13762005e+04 -2.65530296e-04 -4.32742657e-07  4.22717190e-08 -2.59378683e-05 
 6.15176873e+04 -2.64309976e-04 -4.29762634e-07  4.20773960e-08 -2.58781816e-05 
 6.16595002e+04 -2.63095266e-04 -4.26803138e-07  4.18839667e-08 -2.58186324e-05 
 6.18016400e+04 -2.61886139e-04 -4.23864026e-07  4.16914270e-08 -2.57592204e-05 
 6.19441075e+04 -2.60682571e-04 -4.20945159e-07  4.14997730e-08 -2.56999452e-05 
 6.20869034e+04 -2.59484536e-04 -4.18046396e-07  4.13090004e-08 -2.56408066e-05 
 6.22300285e+04 -2.58292008e-04 -4.15167600e-07  4.11191052e-08 -2.55818042e-05 
 6.23734835e+04 -2.57104962e-04 -4.12308633e-07  4.09300834e-08 -2.55229377e-05 
 6.25172693e+04 -2.55923373e-04 -4.09469357e-07  4.07419310e-08 -2.54642068e-05 
 6.26613865e+04 -2.54747215e-04 -4.06649639e-07  4.05546439e-08 -2.54056111e-05 
 6.28058359e+04 -2.53576464e-04 -4.03849341e-07  4.03682182e-08 -2.53471505e-05 
 6.29506183e+04 -2.52411095e-04 -4.01068332e-07  4.01826499e-08 -2.52888245e-05 
 6.30957344e+04 -2.51251083e-04 -3.98306478e-07  3.99979351e-08 -2.52306328e-05 
 6.32411851e+04 -2.50096403e-04 -3.95563647e-07  3.98140698e-08 -2.51725752e-05 
 6.33869711e+04 -2.48947031e-04 -3.92839708e-07  3.96310502e-08 -2.51146513e-05 
 6.35330932e+04 -2.47802943e-04 -3.90134530e-07  3.94488723e-08 -2.50568609e-05 
 6.36795521e+04 -2.46664114e-04 -3.87447985e-07  3.92675322e-08 -2.49992035e-05 
 6.38263486e+04 -2.45530520e-04 -3.84779944e-07  3.90870261e-08 -2.49416790e-05 
 6.39734835e+04 -2.44402136e-04 -3.82130280e-07  3.89073502e-08 -2.48842869e-05 
 6.41209577e+04 -2.43278940e-04 -3.79498865e-07  3.87285006e-08 -2.48270270e-05 
 6.42687717e+04 -2.42160907e-04 -3.76885575e-07  3.85504736e-08 -2.47698990e-05 
 6.44169266e+04 -2.41048013e-04 -3.74290284e-07  3.83732653e-08 -2.47129026e-05 
 6.45654229e+04 -2.39940235e-04 -3.71712869e-07  3.81968719e-08 -2.46560375e-05 
 6.47142616e+04 -2.38837549e-04 -3.69153206e-07  3.80212898e-08 -2.45993033e-05 
 6.48634434e+04 -2.37739932e-04 -3.66611172e-07  3.78465152e-08 -2.45426998e-05 
 6.50129690e+04 -2.36647360e-04 -3.64086647e-07  3.76725444e-08 -2.44862267e-05 
 6.51628394e+04 -2.35559811e-04 -3.61579510e-07  3.74993736e-08 -2.44298837e-05 
 6.53130553e+04 -2.34477261e-04 -3.59089641e-07  3.73269993e-08 -2.43736704e-05 
 6.54636174e+04 -2.33399687e-04 -3.56616921e-07  3.71554176e-08 -2.43175866e-05 
 6.56145266e+04 -2.32327066e-04 -3.54161231e-07  3.69846251e-08 -2.42616319e-05 
 6.57657837e+04 -2.31259376e-04 -3.51722455e-07  3.68146180e-08 -2.42058061e-05 
 6.59173895e+04 -2.30196593e-04 -3.49300476e-07  3.66453927e-08 -2.41501089e-05 
 6.60693448e+04 -2.29138696e-04 -3.46895179e-07  3.64769456e-08 -2.40945400e-05 
 6.62216504e+04 -2.28085661e-04 -3.44506447e-07  3.63092732e-08 -2.40390990e-05 
 6.63743070e+04 -2.27037468e-04 -3.42134168e-07  3.61423719e-08 -2.39837857e-05 
 6.65273156e+04 -2.25994092e-04 -3.39778228e-07  3.59762381e-08 -2.39285998e-05 
 6.66806769e+04 -2.24955512e-04 -3.37438514e-07  3.58108683e-08 -2.38735410e-05 
 6.68343918e+04 -2.23921706e-04 -3.35114914e-07  3.56462590e-08 -2.38186091e-05 
 6.69884609e+04 -2.22892652e-04 -3.32807318e-07  3.54824066e-08 -2.37638036e-05 
 6.71428853e+04 -2.21868329e-04 -3.30515615e-07  3.53193078e-08 -2.37091243e-05 
 6.72976656e+04 -2.20848713e-04 -3.28239695e-07  3.51569590e-08 -2.36545710e-05 
 6.74528028e+04 -2.19833785e-04 -3.25979451e-07  3.49953568e-08 -2.36001432e-05 
 6.76082975e+04 -2.18823522e-04 -3.23734773e-07  3.48344977e-08 -2.35458409e-05 
 6.77641508e+04 -2.17817902e-04 -3.21505556e-07  3.46743784e-08 -2.34916636e-05 
 6.79203633e+04 -2.16816905e-04 -3.19291691e-07  3.45149953e-08 -2.34376110e-05 
 6.80769359e+04 -2.15820509e-04 -3.17093074e-07  3.43563452e-08 -2.33836829e-05 
 6.82338694e+04 -2.14828693e-04 -3.14909599e-07  3.41984247e-08 -2.33298791e-05 
 6.83911647e+04 -2.13841436e-04 -3.12741163e-07  3.40412303e-08 -2.32761991e-05 
 6.85488226e+04 -2.12858716e-04 -3.10587660e-07  3.38847588e-08 -2.32226427e-05 
 6.87068440e+04 -2.11880514e-04 -3.08448990e-07  3.37290069e-08 -2.31692097e-05 
 6.88652296e+04 -2.10906809e-04 -3.06325048e-07  3.35739711e-08 -2.31158997e-05 
 6.90239804e+04 -2.09937578e-04 -3.04215735e-07  3.34196483e-08 -2.30627125e-05 
 6.91830971e+04 -2.08972803e-04 -3.02120948e-07  3.32660351e-08 -2.30096478e-05 
 6.93425806e+04 -2.08012463e-04 -3.00040589e-07  3.31131283e-08 -2.29567052e-05 
 6.95024318e+04 -2.07056536e-04 -2.97974558e-07  3.29609246e-08 -2.29038846e-05 
 6.96626514e+04 -2.06105004e-04 -2.95922755e-07  3.28094208e-08 -2.28511856e-05 
 6.98232404e+04 -2.05157845e-04 -2.93885083e-07  3.26586136e-08 -2.27986080e-05 
 6.99841996e+04 -2.04215040e-04 -2.91861445e-07  3.25084999e-08 -2.27461514e-05 
 7.01455298e+04 -2.03276568e-04 -2.89851744e-07  3.23590765e-08 -2.26938156e-05 
 7.03072320e+04 -2.02342410e-04 -2.87855883e-07  3.22103402e-08 -2.26416003e-05 
 7.04693069e+04 -2.01412546e-04 -2.85873769e-07  3.20622878e-08 -2.25895053e-05 
 7.06317554e+04 -2.00486955e-04 -2.83905305e-07  3.19149162e-08 -2.25375302e-05 
 7.07945784e+04 -1.99565620e-04 -2.81950397e-07  3.17682223e-08 -2.24856749e-05 
 7.09577768e+04 -1.98648519e-04 -2.80008954e-07  3.16222028e-08 -2.24339389e-05 
 7.11213514e+04 -1.97735633e-04 -2.78080880e-07  3.14768549e-08 -2.23823220e-05 
 7.12853030e+04 -1.96826943e-04 -2.76166086e-07  3.13321752e-08 -2.23308240e-05 
 7.14496326e+04 -1.95922430e-04 -2.74264478e-07  3.11881608e-08 -2.22794446e-05 
 7.16143410e+04 -1.95022074e-04 -2.72375967e-07  3.10448086e-08 -2.22281835e-05 
 7.17794291e+04 -1.94125857e-04 -2.70500462e-07  3.09021156e-08 -2.21770404e-05 
 7.19448978e+04 -1.93233759e-04 -2.68637873e-07  3.07600786e-08 -2.21260151e-05 
 7.21107479e+04 -1.92345762e-04 -2.66788111e-07  3.06186948e-08 -2.20751073e-05 
 7.22769804e+04 -1.91461846e-04 -2.64951089e-07  3.04779611e-08 -2.20243167e-05 
 7.24435960e+04 -1.90581992e-04 -2.63126718e-07  3.03378745e-08 -2.19736430e-05 
 7.26105957e+04 -1.89706183e-04 -2.61314911e-07  3.01984320e-08 -2.19230860e-05 
 7.27779805e+04 -1.88834400e-04 -2.59515581e-07  3.00596307e-08 -2.18726455e-05 
 7.29457510e+04 -1.87966623e-04 -2.57728644e-07  2.99214675e-08 -2.18223210e-05 
 7.31139083e+04 -1.87102835e-04 -2.55954012e-07  2.97839397e-08 -2.17721125e-05 
 7.32824533e+04 -1.86243017e-04 -2.54191603e-07  2.96470442e-08 -2.17220195e-05 
 7.34513868e+04 -1.85387151e-04 -2.52441330e-07  2.95107782e-08 -2.16720419e-05 
 7.36207097e+04 -1.84535219e-04 -2.50703111e-07  2.93751387e-08 -2.16221794e-05 
 7.37904230e+04 -1.83687202e-04 -2.48976863e-07  2.92401228e-08 -2.15724316e-05 
 7.39605275e+04 -1.82843083e-04 -2.47262503e-07  2.91057278e-08 -2.15227984e-05 
 7.41310241e+04 -1.82002844e-04 -2.45559949e-07  2.89719507e-08 -2.14732795e-05 
 7.43019138e+04 -1.81166467e-04 -2.43869121e-07  2.88387887e-08 -2.14238746e-05 
 7.44731974e+04 -1.80333934e-04 -2.42189936e-07  2.87062389e-08 -2.13745834e-05 
 7.46448758e+04 -1.79505228e-04 -2.40522316e-07  2.85742986e-08 -2.13254058e-05 
 7.48169501e+04 -1.78680330e-04 -2.38866180e-07  2.84429649e-08 -2.12763413e-05 
 7.49894209e+04 -1.77859224e-04 -2.37221449e-07  2.83122351e-08 -2.12273898e-05 
 7.51622894e+04 -1.77041892e-04 -2.35588045e-07  2.81821064e-08 -2.11785511e-05 
 7.53355564e+04 -1.76228317e-04 -2.33965890e-07  2.80525760e-08 -2.11298247e-05 
 7.55092228e+04 -1.75418480e-04 -2.32354905e-07  2.79236411e-08 -2.10812106e-05 
 7.56832895e+04 -1.74612366e-04 -2.30755015e-07  2.77952990e-08 -2.10327084e-05 
 7.58577575e+04 -1.73809957e-04 -2.29166143e-07  2.76675471e-08 -2.09843178e-05 
 7.60326277e+04 -1.73011236e-04 -2.27588213e-07  2.75403825e-08 -2.09360387e-05 
 7.62079010e+04 -1.72216186e-04 -2.26021149e-07  2.74138026e-08 -2.08878707e-05 
 7.63835784e+04 -1.71424791e-04 -2.24464877e-07  2.72878046e-08 -2.08398136e-05 
 7.65596607e+04 -1.70637032e-04 -2.22919322e-07  2.71623860e-08 -2.07918671e-05 
 7.67361489e+04 -1.69852894e-04 -2.21384411e-07  2.70375439e-08 -2.07440311e-05 
 7.69130440e+04 -1.69072361e-04 -2.19860070e-07  2.69132759e-08 -2.06963051e-05 
 7.70903469e+04 -1.68295414e-04 -2.18346226e-07  2.67895792e-08 -2.06486891e-05 
 7.72680585e+04 -1.67522039e-04 -2.16842808e-07  2.66664513e-08 -2.06011826e-05 
 7.74461798e+04 -1.66752218e-04 -2.15349743e-07  2.65438894e-08 -2.05537856e-05 
 7.76247117e+04 -1.65985935e-04 -2.13866959e-07  2.64218910e-08 -2.05064976e-05 
 7.78036551e+04 -1.65223174e-04 -2.12394387e-07  2.63004535e-08 -2.04593185e-05 
 7.79830111e+04 -1.64463919e-04 -2.10931956e-07  2.61795744e-08 -2.04122481e-05 
 7.81627805e+04 -1.63708154e-04 -2.09479596e-07  2.60592510e-08 -2.03652859e-05 
 7.83429643e+04 -1.62955862e-04 -2.08037237e-07  2.59394808e-08 -2.03184320e-05 
 7.85235635e+04 -1.62207027e-04 -2.06604811e-07  2.58202612e-08 -2.02716858e-05 
 7.87045790e+04 -1.61461635e-04 -2.05182249e-07  2.57015898e-08 -2.02250473e-05 
 7.88860118e+04 -1.60719668e-04 -2.03769483e-07  2.55834639e-08 -2.01785162e-05 
 7.90678628e+04 -1.59981111e-04 -2.02366447e-07  2.54658812e-08 -2.01320922e-05 
 7.92501330e+04 -1.59245949e-04 -2.00973072e-07  2.53488390e-08 -2.00857750e-05 
 7.94328235e+04 -1.58514165e-04 -1.99589293e-07  2.52323349e-08 -2.00395645e-05 
 7.96159350e+04 -1.57785745e-04 -1.98215042e-07  2.51163665e-08 -1.99934604e-05 
 7.97994687e+04 -1.57060673e-04 -1.96850255e-07  2.50009312e-08 -1.99474624e-05 
 7.99834255e+04 -1.56338933e-04 -1.95494867e-07  2.48860266e-08 -1.99015703e-05 
 8.01678063e+04 -1.55620510e-04 -1.94148812e-07  2.47716503e-08 -1.98557838e-05 
 8.03526122e+04 -1.54905389e-04 -1.92812027e-07  2.46577998e-08 -1.98101028e-05 
 8.05378441e+04 -1.54193555e-04 -1.91484447e-07  2.45444727e-08 -1.97645269e-05 
 8.07235030e+04 -1.53484992e-04 -1.90166009e-07  2.44316667e-08 -1.97190559e-05 
 8.09095899e+04 -1.52779686e-04 -1.88856651e-07  2.43193792e-08 -1.96736896e-05 
 8.10961058e+04 -1.52077621e-04 -1.87556309e-07  2.42076080e-08 -1.96284277e-05 
 8.12830516e+04 -1.51378783e-04 -1.86264921e-07  2.40963507e-08 -1.95832700e-05 
 8.14704284e+04 -1.50683157e-04 -1.84982426e-07  2.39856048e-08 -1.95382163e-05 
 8.16582371e+04 -1.49990728e-04 -1.83708763e-07  2.38753681e-08 -1.94932663e-05 
 8.18464788e+04 -1.49301482e-04 -1.82443871e-07  2.37656381e-08 -1.94484198e-05 
 8.20351544e+04 -1.48615403e-04 -1.81187689e-07  2.36564126e-08 -1.94036764e-05 
 8.22242650e+04 -1.47932477e-04 -1.79940157e-07  2.35476893e-08 -1.93590361e-05 
 8.24138115e+04 -1.47252690e-04 -1.78701216e-07  2.34394658e-08 -1.93144986e-05 
 8.26037950e+04 -1.46576027e-04 -1.77470806e-07  2.33317398e-08 -1.92700636e-05 
 8.27942164e+04 -1.45902474e-04 -1.76248870e-07  2.32245091e-08 -1.92257308e-05 
 8.29850768e+04 -1.45232017e-04 -1.75035348e-07  2.31177713e-08 -1.91815002e-05 
 8.31763771e+04 -1.44564641e-04 -1.73830182e-07  2.30115242e-08 -1.91373713e-05 
 8.33681185e+04 -1.43900332e-04 -1.72633315e-07  2.29057656e-08 -1.90933440e-05 
 8.35603018e+04 -1.43239076e-04 -1.71444690e-07  2.28004932e-08 -1.90494181e-05 
 8.37529282e+04 -1.42580859e-04 -1.70264250e-07  2.26957047e-08 -1.90055932e-05 
 8.39459987e+04 -1.41925668e-04 -1.69091939e-07  2.25913980e-08 -1.89618693e-05 
 8.41395142e+04 -1.41273487e-04 -1.67927700e-07  2.24875707e-08 -1.89182460e-05 
 8.43334758e+04 -1.40624304e-04 -1.66771479e-07  2.23842208e-08 -1.88747231e-05 
 8.45278845e+04 -1.39978105e-04 -1.65623219e-07  2.22813460e-08 -1.88313004e-05 
 8.47227414e+04 -1.39334875e-04 -1.64482866e-07  2.21789441e-08 -1.87879776e-05 
 8.49180475e+04 -1.38694602e-04 -1.63350366e-07  2.20770130e-08 -1.87447546e-05 
 8.51138038e+04 -1.38057271e-04 -1.62225664e-07  2.19755505e-08 -1.87016311e-05 
 8.53100114e+04 -1.37422869e-04 -1.61108707e-07  2.18745544e-08 -1.86586068e-05 
 8.55066713e+04 -1.36791383e-04 -1.59999442e-07  2.17740226e-08 -1.86156816e-05 
 8.57037845e+04 -1.36162799e-04 -1.58897815e-07  2.16739529e-08 -1.85728551e-05 
 8.59013522e+04 -1.35537103e-04 -1.57803773e-07  2.15743433e-08 -1.85301273e-05 
 8.60993752e+04 -1.34914284e-04 -1.56717266e-07  2.14751916e-08 -1.84874978e-05 
 8.62978548e+04 -1.34294327e-04 -1.55638240e-07  2.13764957e-08 -1.84449664e-05 
 8.64967919e+04 -1.33677219e-04 -1.54566644e-07  2.12782535e-08 -1.84025329e-05 
 8.66961876e+04 -1.33062947e-04 -1.53502427e-07  2.11804629e-08 -1.83601971e-05 
 8.68960429e+04 -1.32451498e-04 -1.52445538e-07  2.10831219e-08 -1.83179587e-05 
 8.70963590e+04 -1.31842859e-04 -1.51395927e-07  2.09862283e-08 -1.82758176e-05 
 8.72971368e+04 -1.31237017e-04 -1.50353544e-07  2.08897802e-08 -1.82337734e-05 
 8.74983775e+04 -1.30633960e-04 -1.49318338e-07  2.07937754e-08 -1.81918260e-05 
 8.77000821e+04 -1.30033674e-04 -1.48290260e-07  2.06982120e-08 -1.81499752e-05 
 8.79022517e+04 -1.29436147e-04 -1.47269262e-07  2.06030878e-08 -1.81082207e-05 
 8.81048873e+04 -1.28841366e-04 -1.46255295e-07  2.05084009e-08 -1.80665623e-05 
 8.83079900e+04 -1.28249319e-04 -1.45248309e-07  2.04141494e-08 -1.80249998e-05 
 8.85115610e+04 -1.27659992e-04 -1.44248258e-07  2.03203310e-08 -1.79835330e-05 
 8.87156012e+04 -1.27073374e-04 -1.43255093e-07  2.02269440e-08 -1.79421616e-05 
 8.89201118e+04 -1.26489452e-04 -1.42268766e-07  2.01339862e-08 -1.79008854e-05 
 8.91250938e+04 -1.25908213e-04 -1.41289232e-07  2.00414558e-08 -1.78597042e-05 
 8.93305484e+04 -1.25329646e-04 -1.40316442e-07  1.99493507e-08 -1.78186179e-05 
 8.95364766e+04 -1.24753737e-04 -1.39350351e-07  1.98576690e-08 -1.77776260e-05 
 8.97428795e+04 -1.24180475e-04 -1.38390912e-07  1.97664087e-08 -1.77367286e-05 
 8.99497582e+04 -1.23609848e-04 -1.37438079e-07  1.96755680e-08 -1.76959252e-05 
 9.01571138e+04 -1.23041843e-04 -1.36491808e-07  1.95851449e-08 -1.76552158e-05 
 9.03649474e+04 -1.22476449e-04 -1.35552052e-07  1.94951374e-08 -1.76146001e-05 
 9.05732601e+04 -1.21913653e-04 -1.34618768e-07  1.94055436e-08 -1.75740778e-05 
 9.07820530e+04 -1.21353443e-04 -1.33691910e-07  1.93163617e-08 -1.75336488e-05 
 9.09913273e+04 -1.20795808e-04 -1.32771434e-07  1.92275897e-08 -1.74933129e-05 
 9.12010839e+04 -1.20240736e-04 -1.31857296e-07  1.91392259e-08 -1.74530698e-05 
 9.14113241e+04 -1.19688214e-04 -1.30949453e-07  1.90512682e-08 -1.74129194e-05 
 9.16220490e+04 -1.19138232e-04 -1.30047861e-07  1.89637148e-08 -1.73728613e-05 
 9.18332596e+04 -1.18590777e-04 -1.29152477e-07  1.88765639e-08 -1.73328954e-05 
 9.20449572e+04 -1.18045838e-04 -1.28263259e-07  1.87898136e-08 -1.72930215e-05 
 9.22571427e+04 -1.17503404e-04 -1.27380163e-07  1.87034620e-08 -1.72532394e-05 
 9.24698174e+04 -1.16963462e-04 -1.26503148e-07  1.86175074e-08 -1.72135489e-05 
 9.26829823e+04 -1.16426002e-04 -1.25632172e-07  1.85319479e-08 -1.71739497e-05 
 9.28966387e+04 -1.15891012e-04 -1.24767194e-07  1.84467817e-08 -1.71344416e-05 
 9.31107875e+04 -1.15358480e-04 -1.23908171e-07  1.83620070e-08 -1.70950245e-05 
 9.33254301e+04 -1.14828396e-04 -1.23055063e-07  1.82776220e-08 -1.70556981e-05 
 9.35405674e+04 -1.14300748e-04 -1.22207830e-07  1.81936248e-08 -1.70164622e-05 
 9.37562007e+04 -1.13775524e-04 -1.21366430e-07  1.81100138e-08 -1.69773166e-05 
 9.39723311e+04 -1.13252715e-04 -1.20530824e-07  1.80267871e-08 -1.69382611e-05 
 9.41889597e+04 -1.12732307e-04 -1.19700972e-07  1.79439429e-08 -1.68992954e-05 
 9.44060876e+04 -1.12214292e-04 -1.18876834e-07  1.78614796e-08 -1.68604195e-05 
 9.46237161e+04 -1.11698657e-04 -1.18058370e-07  1.77793953e-08 -1.68216330e-05 
 9.48418463e+04 -1.11185392e-04 -1.17245542e-07  1.76976883e-08 -1.67829358e-05 
 9.50604794e+04 -1.10674486e-04 -1.16438312e-07  1.76163569e-08 -1.67443277e-05 
 9.52796164e+04 -1.10165927e-04 -1.15636639e-07  1.75353994e-08 -1.67058084e-05 
 9.54992586e+04 -1.09659706e-04 -1.14840486e-07  1.74548139e-08 -1.66673777e-05 
 9.57194071e+04 -1.09155811e-04 -1.14049815e-07  1.73745989e-08 -1.66290355e-05 
 9.59400632e+04 -1.08654231e-04 -1.13264589e-07  1.72947526e-08 -1.65907816e-05 
 9.61612278e+04 -1.08154957e-04 -1.12484769e-07  1.72152734e-08 -1.65526156e-05 
 9.63829024e+04 -1.07657977e-04 -1.11710319e-07  1.71361594e-08 -1.65145376e-05 
 9.66050879e+04 -1.07163281e-04 -1.10941201e-07  1.70574091e-08 -1.64765471e-05 
 9.68277856e+04 -1.06670859e-04 -1.10177380e-07  1.69790208e-08 -1.64386441e-05 
 9.70509967e+04 -1.06180699e-04 -1.09418817e-07  1.69009928e-08 -1.64008283e-05 
 9.72747224e+04 -1.05692792e-04 -1.08665478e-07  1.68233235e-08 -1.63630995e-05 
 9.74989638e+04 -1.05207127e-04 -1.07917326e-07  1.67460112e-08 -1.63254576e-05 
 9.77237221e+04 -1.04723694e-04 -1.07174325e-07  1.66690542e-08 -1.62879023e-05 
 9.79489985e+04 -1.04242483e-04 -1.06436440e-07  1.65924510e-08 -1.62504334e-05 
 9.81747943e+04 -1.03763483e-04 -1.05703636e-07  1.65161998e-08 -1.62130508e-05 
 9.84011106e+04 -1.03286684e-04 -1.04975878e-07  1.64402992e-08 -1.61757541e-05 
 9.86279486e+04 -1.02812077e-04 -1.04253130e-07  1.63647474e-08 -1.61385434e-05 
 9.88553095e+04 -1.02339650e-04 -1.03535360e-07  1.62895429e-08 -1.61014182e-05 
 9.90831945e+04 -1.01869395e-04 -1.02822531e-07  1.62146841e-08 -1.60643785e-05 
 9.93116048e+04 -1.01401301e-04 -1.02114611e-07  1.61401694e-08 -1.60274240e-05 
 9.95405417e+04 -1.00935357e-04 -1.01411565e-07  1.60659971e-08 -1.59905546e-05 
 9.97700064e+04 -1.00471555e-04 -1.00713359e-07  1.59921658e-08 -1.59537700e-05 
 1.00000000e+05 -1.00009885e-04 -1.00019962e-07  1.59186739e-08 -1.59170701e-05 
