 frequency       v(cap)          v(cap)          i_loop          i_loop         
 1.00000000e+01  1.00007500e+00 -5.00087169e-03  7.95913577e-08  1.59166906e-05 
 1.00230524e+01  1.00007535e+00 -5.01240394e-03  7.99587993e-08  1.59533879e-05 
 1.00461579e+01  1.00007570e+00 -5.02396280e-03  8.03279376e-08  1.59901698e-05 
 1.00693167e+01  1.00007605e+00 -5.03554833e-03  8.06987803e-08  1.60270365e-05 
 1.00925289e+01  1.00007640e+00 -5.04716060e-03  8.10713353e-08  1.60639883e-05 
 1.01157945e+01  1.00007675e+00 -5.05879967e-03  8.14456106e-08  1.61010253e-05 
 1.01391139e+01  1.00007710e+00 -5.07046560e-03  8.18216141e-08  1.61381477e-05 
 1.01624869e+01  1.00007746e+00 -5.08215845e-03  8.21993538e-08  1.61753558e-05 
 1.01859139e+01  1.00007782e+00 -5.09387829e-03  8.25788377e-08  1.62126496e-05 
 1.02093948e+01  1.00007818e+00 -5.10562517e-03  8.29600738e-08  1.62500294e-05 
 1.02329299e+01  1.00007854e+00 -5.11739916e-03  8.33430703e-08  1.62874955e-05 
 1.02565193e+01  1.00007890e+00 -5.12920032e-03  8.37278352e-08  1.63250480e-05 
 1.02801630e+01  1.00007926e+00 -5.14102872e-03  8.41143768e-08  1.63626871e-05 
 1.03038612e+01  1.00007963e+00 -5.15288441e-03  8.45027033e-08  1.64004130e-05 
 1.03276141e+01  1.00008000e+00 -5.16476747e-03  8.48928229e-08  1.64382259e-05 
 1.03514217e+01  1.00008037e+00 -5.17667795e-03  8.52847438e-08  1.64761260e-05 
 1.03752842e+01  1.00008074e+00 -5.18861591e-03  8.56784745e-08  1.65141135e-05 
 1.03992017e+01  1.00008111e+00 -5.20058143e-03  8.60740232e-08  1.65521886e-05 
 1.04231743e+01  1.00008149e+00 -5.21257456e-03  8.64713984e-08  1.65903516e-05 
 1.04472022e+01  1.00008186e+00 -5.22459537e-03  8.68706084e-08  1.66286025e-05 
 1.04712855e+01  1.00008224e+00 -5.23664393e-03  8.72716619e-08  1.66669417e-05 
 1.04954243e+01  1.00008262e+00 -5.24872029e-03  8.76745672e-08  1.67053693e-05 
 1.05196187e+01  1.00008300e+00 -5.26082452e-03  8.80793330e-08  1.67438856e-05 
 1.05438690e+01  1.00008338e+00 -5.27295669e-03  8.84859679e-08  1.67824906e-05 
 1.05681751e+01  1.00008377e+00 -5.28511685e-03  8.88944804e-08  1.68211847e-05 
 1.05925373e+01  1.00008416e+00 -5.29730508e-03  8.93048792e-08  1.68599681e-05 
 1.06169556e+01  1.00008454e+00 -5.30952145e-03  8.97171731e-08  1.68988409e-05 
 1.06414302e+01  1.00008493e+00 -5.32176600e-03  9.01313709e-08  1.69378034e-05 
 1.06659612e+01  1.00008533e+00 -5.33403882e-03  9.05474812e-08  1.69768557e-05 
 1.06905488e+01  1.00008572e+00 -5.34633996e-03  9.09655130e-08  1.70159981e-05 
 1.07151931e+01  1.00008612e+00 -5.35866950e-03  9.13854751e-08  1.70552308e-05 
 1.07398941e+01  1.00008651e+00 -5.37102749e-03  9.18073764e-08  1.70945539e-05 
 1.07646521e+01  1.00008691e+00 -5.38341400e-03  9.22312259e-08  1.71339678e-05 
 1.07894672e+01  1.00008731e+00 -5.39582910e-03  9.26570327e-08  1.71734725e-05 
 1.08143395e+01  1.00008772e+00 -5.40827286e-03  9.30848056e-08  1.72130684e-05 
 1.08392691e+01  1.00008812e+00 -5.42074534e-03  9.35145539e-08  1.72527556e-05 
 1.08642562e+01  1.00008853e+00 -5.43324660e-03  9.39462867e-08  1.72925344e-05 
 1.08893009e+01  1.00008894e+00 -5.44577672e-03  9.43800130e-08  1.73324049e-05 
 1.09144034e+01  1.00008935e+00 -5.45833576e-03  9.48157422e-08  1.73723673e-05 
 1.09395637e+01  1.00008976e+00 -5.47092379e-03  9.52534834e-08  1.74124219e-05 
 1.09647820e+01  1.00009017e+00 -5.48354087e-03  9.56932460e-08  1.74525689e-05 
 1.09900584e+01  1.00009059e+00 -5.49618708e-03  9.61350394e-08  1.74928085e-05 
 1.10153931e+01  1.00009101e+00 -5.50886247e-03  9.65788728e-08  1.75331410e-05 
 1.10407862e+01  1.00009143e+00 -5.52156712e-03  9.70247557e-08  1.75735664e-05 
 1.10662378e+01  1.00009185e+00 -5.53430110e-03  9.74726976e-08  1.76140851e-05 
 1.10917482e+01  1.00009227e+00 -5.54706447e-03  9.79227080e-08  1.76546972e-05 
 1.11173173e+01  1.00009270e+00 -5.55985730e-03  9.83747965e-08  1.76954031e-05 
 1.11429453e+01  1.00009313e+00 -5.57267966e-03  9.88289726e-08  1.77362028e-05 
 1.11686325e+01  1.00009356e+00 -5.58553161e-03  9.92852460e-08  1.77770966e-05 
 1.11943788e+01  1.00009399e+00 -5.59841324e-03  9.97436263e-08  1.78180847e-05 
 1.12201845e+01  1.00009442e+00 -5.61132459e-03  1.00204123e-07  1.78591674e-05 
 1.12460497e+01  1.00009486e+00 -5.62426575e-03  1.00666747e-07  1.79003448e-05 
 1.12719746e+01  1.00009530e+00 -5.63723678e-03  1.01131507e-07  1.79416172e-05 
 1.12979591e+01  1.00009574e+00 -5.65023775e-03  1.01598413e-07  1.79829848e-05 
 1.13240036e+01  1.00009618e+00 -5.66326874e-03  1.02067475e-07  1.80244479e-05 
 1.13501082e+01  1.00009662e+00 -5.67632980e-03  1.02538704e-07  1.80660065e-05 
 1.13762729e+01  1.00009707e+00 -5.68942101e-03  1.03012108e-07  1.81076611e-05 
 1.14024979e+01  1.00009752e+00 -5.70254244e-03  1.03487698e-07  1.81494117e-05 
 1.14287833e+01  1.00009797e+00 -5.71569417e-03  1.03965485e-07  1.81912586e-05 
 1.14551294e+01  1.00009842e+00 -5.72887625e-03  1.04445478e-07  1.82332020e-05 
 1.14815362e+01  1.00009887e+00 -5.74208876e-03  1.04927688e-07  1.82752422e-05 
 1.15080039e+01  1.00009933e+00 -5.75533177e-03  1.05412124e-07  1.83173793e-05 
 1.15345326e+01  1.00009979e+00 -5.76860535e-03  1.05898798e-07  1.83596136e-05 
 1.15611224e+01  1.00010025e+00 -5.78190957e-03  1.06387719e-07  1.84019454e-05 
 1.15877736e+01  1.00010071e+00 -5.79524451e-03  1.06878898e-07  1.84443748e-05 
 1.16144861e+01  1.00010118e+00 -5.80861023e-03  1.07372345e-07  1.84869021e-05 
 1.16412603e+01  1.00010165e+00 -5.82200680e-03  1.07868070e-07  1.85295274e-05 
 1.16680962e+01  1.00010211e+00 -5.83543430e-03  1.08366085e-07  1.85722511e-05 
 1.16949939e+01  1.00010259e+00 -5.84889280e-03  1.08866400e-07  1.86150733e-05 
 1.17219537e+01  1.00010306e+00 -5.86238237e-03  1.09369026e-07  1.86579944e-05 
 1.17489755e+01  1.00010353e+00 -5.87590308e-03  1.09873972e-07  1.87010144e-05 
 1.17760597e+01  1.00010401e+00 -5.88945500e-03  1.10381250e-07  1.87441336e-05 
 1.18032064e+01  1.00010449e+00 -5.90303821e-03  1.10890871e-07  1.87873523e-05 
 1.18304156e+01  1.00010498e+00 -5.91665277e-03  1.11402846e-07  1.88306707e-05 
 1.18576875e+01  1.00010546e+00 -5.93029877e-03  1.11917184e-07  1.88740891e-05 
 1.18850223e+01  1.00010595e+00 -5.94397627e-03  1.12433898e-07  1.89176075e-05 
 1.19124201e+01  1.00010644e+00 -5.95768535e-03  1.12952999e-07  1.89612264e-05 
 1.19398810e+01  1.00010693e+00 -5.97142608e-03  1.13474496e-07  1.90049459e-05 
 1.19674053e+01  1.00010742e+00 -5.98519853e-03  1.13998402e-07  1.90487662e-05 
 1.19949930e+01  1.00010792e+00 -5.99900278e-03  1.14524727e-07  1.90926876e-05 
 1.20226443e+01  1.00010841e+00 -6.01283890e-03  1.15053483e-07  1.91367103e-05 
 1.20503594e+01  1.00010892e+00 -6.02670696e-03  1.15584681e-07  1.91808346e-05 
 1.20781384e+01  1.00010942e+00 -6.04060704e-03  1.16118331e-07  1.92250607e-05 
 1.21059813e+01  1.00010992e+00 -6.05453922e-03  1.16654447e-07  1.92693887e-05 
 1.21338885e+01  1.00011043e+00 -6.06850355e-03  1.17193038e-07  1.93138191e-05 
 1.21618600e+01  1.00011094e+00 -6.08250013e-03  1.17734116e-07  1.93583519e-05 
 1.21898960e+01  1.00011145e+00 -6.09652903e-03  1.18277694e-07  1.94029874e-05 
 1.22179966e+01  1.00011197e+00 -6.11059032e-03  1.18823781e-07  1.94477259e-05 
 1.22461620e+01  1.00011248e+00 -6.12468407e-03  1.19372391e-07  1.94925676e-05 
 1.22743923e+01  1.00011300e+00 -6.13881036e-03  1.19923534e-07  1.95375128e-05 
 1.23026877e+01  1.00011352e+00 -6.15296927e-03  1.20477223e-07  1.95825616e-05 
 1.23310483e+01  1.00011405e+00 -6.16716087e-03  1.21033468e-07  1.96277144e-05 
 1.23594743e+01  1.00011457e+00 -6.18138523e-03  1.21592283e-07  1.96729713e-05 
 1.23879659e+01  1.00011510e+00 -6.19564244e-03  1.22153678e-07  1.97183326e-05 
 1.24165231e+01  1.00011564e+00 -6.20993257e-03  1.22717666e-07  1.97637985e-05 
 1.24451461e+01  1.00011617e+00 -6.22425570e-03  1.23284258e-07  1.98093694e-05 
 1.24738351e+01  1.00011671e+00 -6.23861190e-03  1.23853468e-07  1.98550453e-05 
 1.25025903e+01  1.00011724e+00 -6.25300124e-03  1.24425306e-07  1.99008267e-05 
 1.25314117e+01  1.00011778e+00 -6.26742381e-03  1.24999785e-07  1.99467136e-05 
 1.25602996e+01  1.00011833e+00 -6.28187969e-03  1.25576917e-07  1.99927064e-05 
 1.25892541e+01  1.00011887e+00 -6.29636894e-03  1.26156714e-07  2.00388053e-05 
 1.26182753e+01  1.00011942e+00 -6.31089165e-03  1.26739190e-07  2.00850105e-05 
 1.26473635e+01  1.00011997e+00 -6.32544789e-03  1.27324355e-07  2.01313224e-05 
 1.26765187e+01  1.00012053e+00 -6.34003775e-03  1.27912223e-07  2.01777410e-05 
 1.27057411e+01  1.00012109e+00 -6.35466129e-03  1.28502805e-07  2.02242668e-05 
 1.27350308e+01  1.00012164e+00 -6.36931861e-03  1.29096116e-07  2.02708998e-05 
 1.27643881e+01  1.00012221e+00 -6.38400977e-03  1.29692166e-07  2.03176405e-05 
 1.27938130e+01  1.00012277e+00 -6.39873485e-03  1.30290970e-07  2.03644890e-05 
 1.28233058e+01  1.00012334e+00 -6.41349394e-03  1.30892539e-07  2.04114455e-05 
 1.28528666e+01  1.00012391e+00 -6.42828711e-03  1.31496886e-07  2.04585104e-05 
 1.28824955e+01  1.00012448e+00 -6.44311444e-03  1.32104024e-07  2.05056839e-05 
 1.29121927e+01  1.00012505e+00 -6.45797601e-03  1.32713966e-07  2.05529662e-05 
 1.29419584e+01  1.00012563e+00 -6.47287190e-03  1.33326726e-07  2.06003576e-05 
 1.29717927e+01  1.00012621e+00 -6.48780219e-03  1.33942315e-07  2.06478583e-05 
 1.30016958e+01  1.00012679e+00 -6.50276696e-03  1.34560748e-07  2.06954685e-05 
 1.30316678e+01  1.00012738e+00 -6.51776629e-03  1.35182037e-07  2.07431887e-05 
 1.30617089e+01  1.00012797e+00 -6.53280025e-03  1.35806195e-07  2.07910189e-05 
 1.30918192e+01  1.00012856e+00 -6.54786894e-03  1.36433236e-07  2.08389594e-05 
 1.31219990e+01  1.00012915e+00 -6.56297242e-03  1.37063173e-07  2.08870106e-05 
 1.31522483e+01  1.00012975e+00 -6.57811078e-03  1.37696019e-07  2.09351726e-05 
 1.31825674e+01  1.00013034e+00 -6.59328411e-03  1.38331788e-07  2.09834457e-05 
 1.32129563e+01  1.00013095e+00 -6.60849248e-03  1.38970494e-07  2.10318302e-05 
 1.32434154e+01  1.00013155e+00 -6.62373597e-03  1.39612150e-07  2.10803263e-05 
 1.32739446e+01  1.00013216e+00 -6.63901466e-03  1.40256769e-07  2.11289343e-05 
 1.33045442e+01  1.00013277e+00 -6.65432864e-03  1.40904365e-07  2.11776545e-05 
 1.33352143e+01  1.00013338e+00 -6.66967799e-03  1.41554953e-07  2.12264870e-05 
 1.33659552e+01  1.00013400e+00 -6.68506279e-03  1.42208545e-07  2.12754322e-05 
 1.33967669e+01  1.00013462e+00 -6.70048312e-03  1.42865156e-07  2.13244904e-05 
 1.34276496e+01  1.00013524e+00 -6.71593907e-03  1.43524800e-07  2.13736617e-05 
 1.34586035e+01  1.00013586e+00 -6.73143071e-03  1.44187490e-07  2.14229464e-05 
 1.34896288e+01  1.00013649e+00 -6.74695814e-03  1.44853241e-07  2.14723449e-05 
 1.35207256e+01  1.00013712e+00 -6.76252142e-03  1.45522067e-07  2.15218573e-05 
 1.35518941e+01  1.00013775e+00 -6.77812065e-03  1.46193982e-07  2.15714839e-05 
 1.35831345e+01  1.00013839e+00 -6.79375591e-03  1.46869001e-07  2.16212251e-05 
 1.36144468e+01  1.00013903e+00 -6.80942729e-03  1.47547138e-07  2.16710810e-05 
 1.36458314e+01  1.00013967e+00 -6.82513486e-03  1.48228406e-07  2.17210520e-05 
 1.36772883e+01  1.00014031e+00 -6.84087871e-03  1.48912821e-07  2.17711382e-05 
 1.37088177e+01  1.00014096e+00 -6.85665893e-03  1.49600398e-07  2.18213400e-05 
 1.37404198e+01  1.00014161e+00 -6.87247559e-03  1.50291150e-07  2.18716576e-05 
 1.37720947e+01  1.00014226e+00 -6.88832879e-03  1.50985093e-07  2.19220913e-05 
 1.38038426e+01  1.00014292e+00 -6.90421861e-03  1.51682241e-07  2.19726414e-05 
 1.38356638e+01  1.00014358e+00 -6.92014513e-03  1.52382609e-07  2.20233081e-05 
 1.38675583e+01  1.00014424e+00 -6.93610844e-03  1.53086212e-07  2.20740917e-05 
 1.38995263e+01  1.00014491e+00 -6.95210862e-03  1.53793064e-07  2.21249924e-05 
 1.39315680e+01  1.00014558e+00 -6.96814576e-03  1.54503182e-07  2.21760106e-05 
 1.39636836e+01  1.00014625e+00 -6.98421995e-03  1.55216580e-07  2.22271465e-05 
 1.39958732e+01  1.00014693e+00 -7.00033126e-03  1.55933273e-07  2.22784004e-05 
 1.40281370e+01  1.00014760e+00 -7.01647980e-03  1.56653276e-07  2.23297726e-05 
 1.40604752e+01  1.00014829e+00 -7.03266563e-03  1.57376605e-07  2.23812633e-05 
 1.40928880e+01  1.00014897e+00 -7.04888886e-03  1.58103275e-07  2.24328728e-05 
 1.41253754e+01  1.00014966e+00 -7.06514956e-03  1.58833301e-07  2.24846014e-05 
 1.41579378e+01  1.00015035e+00 -7.08144783e-03  1.59566699e-07  2.25364493e-05 
 1.41905752e+01  1.00015104e+00 -7.09778375e-03  1.60303485e-07  2.25884168e-05 
 1.42232879e+01  1.00015174e+00 -7.11415740e-03  1.61043675e-07  2.26405043e-05 
 1.42560759e+01  1.00015244e+00 -7.13056888e-03  1.61787283e-07  2.26927120e-05 
 1.42889396e+01  1.00015314e+00 -7.14701827e-03  1.62534326e-07  2.27450401e-05 
 1.43218790e+01  1.00015385e+00 -7.16350567e-03  1.63284820e-07  2.27974889e-05 
 1.43548943e+01  1.00015456e+00 -7.18003115e-03  1.64038780e-07  2.28500588e-05 
 1.43879858e+01  1.00015527e+00 -7.19659481e-03  1.64796223e-07  2.29027499e-05 
 1.44211535e+01  1.00015599e+00 -7.21319674e-03  1.65557164e-07  2.29555627e-05 
 1.44543977e+01  1.00015671e+00 -7.22983702e-03  1.66321621e-07  2.30084973e-05 
 1.44877185e+01  1.00015743e+00 -7.24651575e-03  1.67089609e-07  2.30615540e-05 
 1.45211162e+01  1.00015816e+00 -7.26323301e-03  1.67861144e-07  2.31147332e-05 
 1.45545908e+01  1.00015889e+00 -7.27998889e-03  1.68636243e-07  2.31680351e-05 
 1.45881426e+01  1.00015962e+00 -7.29678349e-03  1.69414923e-07  2.32214599e-05 
 1.46217717e+01  1.00016036e+00 -7.31361689e-03  1.70197199e-07  2.32750081e-05 
 1.46554784e+01  1.00016110e+00 -7.33048917e-03  1.70983089e-07  2.33286798e-05 
 1.46892628e+01  1.00016185e+00 -7.34740045e-03  1.71772609e-07  2.33824753e-05 
 1.47231250e+01  1.00016259e+00 -7.36435079e-03  1.72565776e-07  2.34363950e-05 
 1.47570653e+01  1.00016334e+00 -7.38134030e-03  1.73362607e-07  2.34904391e-05 
 1.47910839e+01  1.00016410e+00 -7.39836906e-03  1.74163119e-07  2.35446079e-05 
 1.48251809e+01  1.00016485e+00 -7.41543717e-03  1.74967329e-07  2.35989017e-05 
 1.48593564e+01  1.00016562e+00 -7.43254472e-03  1.75775253e-07  2.36533208e-05 
 1.48936108e+01  1.00016638e+00 -7.44969179e-03  1.76586910e-07  2.37078654e-05 
 1.49279441e+01  1.00016715e+00 -7.46687848e-03  1.77402316e-07  2.37625360e-05 
 1.49623566e+01  1.00016792e+00 -7.48410489e-03  1.78221489e-07  2.38173326e-05 
 1.49968484e+01  1.00016870e+00 -7.50137110e-03  1.79044446e-07  2.38722558e-05 
 1.50314197e+01  1.00016947e+00 -7.51867721e-03  1.79871204e-07  2.39273056e-05 
 1.50660707e+01  1.00017026e+00 -7.53602330e-03  1.80701782e-07  2.39824825e-05 
 1.51008015e+01  1.00017104e+00 -7.55340948e-03  1.81536196e-07  2.40377867e-05 
 1.51356125e+01  1.00017183e+00 -7.57083584e-03  1.82374465e-07  2.40932186e-05 
 1.51705037e+01  1.00017262e+00 -7.58830246e-03  1.83216606e-07  2.41487783e-05 
 1.52054753e+01  1.00017342e+00 -7.60580945e-03  1.84062638e-07  2.42044663e-05 
 1.52405275e+01  1.00017422e+00 -7.62335689e-03  1.84912578e-07  2.42602828e-05 
 1.52756606e+01  1.00017503e+00 -7.64094488e-03  1.85766444e-07  2.43162281e-05 
 1.53108746e+01  1.00017583e+00 -7.65857351e-03  1.86624255e-07  2.43723025e-05 
 1.53461698e+01  1.00017665e+00 -7.67624288e-03  1.87486029e-07  2.44285062e-05 
 1.53815464e+01  1.00017746e+00 -7.69395309e-03  1.88351783e-07  2.44848397e-05 
 1.54170045e+01  1.00017828e+00 -7.71170422e-03  1.89221537e-07  2.45413032e-05 
 1.54525444e+01  1.00017910e+00 -7.72949638e-03  1.90095309e-07  2.45978970e-05 
 1.54881662e+01  1.00017993e+00 -7.74732966e-03  1.90973117e-07  2.46546214e-05 
 1.55238701e+01  1.00018076e+00 -7.76520414e-03  1.91854981e-07  2.47114767e-05 
 1.55596563e+01  1.00018160e+00 -7.78311994e-03  1.92740919e-07  2.47684632e-05 
 1.55955250e+01  1.00018243e+00 -7.80107714e-03  1.93630949e-07  2.48255812e-05 
 1.56314764e+01  1.00018328e+00 -7.81907585e-03  1.94525091e-07  2.48828310e-05 
 1.56675107e+01  1.00018412e+00 -7.83711615e-03  1.95423364e-07  2.49402130e-05 
 1.57036280e+01  1.00018497e+00 -7.85519815e-03  1.96325787e-07  2.49977273e-05 
 1.57398286e+01  1.00018583e+00 -7.87332193e-03  1.97232378e-07  2.50553744e-05 
 1.57761127e+01  1.00018668e+00 -7.89148761e-03  1.98143158e-07  2.51131546e-05 
 1.58124804e+01  1.00018755e+00 -7.90969527e-03  1.99058146e-07  2.51710681e-05 
 1.58489319e+01  1.00018841e+00 -7.92794502e-03  1.99977360e-07  2.52291152e-05 
 1.58854675e+01  1.00018928e+00 -7.94623694e-03  2.00900821e-07  2.52872963e-05 
 1.59220873e+01  1.00019015e+00 -7.96457115e-03  2.01828549e-07  2.53456117e-05 
 1.59587915e+01  1.00019103e+00 -7.98294773e-03  2.02760563e-07  2.54040617e-05 
 1.59955803e+01  1.00019191e+00 -8.00136679e-03  2.03696882e-07  2.54626465e-05 
 1.60324539e+01  1.00019280e+00 -8.01982842e-03  2.04637527e-07  2.55213666e-05 
 1.60694125e+01  1.00019369e+00 -8.03833273e-03  2.05582518e-07  2.55802222e-05 
 1.61064564e+01  1.00019458e+00 -8.05687981e-03  2.06531874e-07  2.56392136e-05 
 1.61435856e+01  1.00019548e+00 -8.07546976e-03  2.07485617e-07  2.56983412e-05 
 1.61808004e+01  1.00019639e+00 -8.09410268e-03  2.08443766e-07  2.57576052e-05 
 1.62181010e+01  1.00019729e+00 -8.11277867e-03  2.09406342e-07  2.58170060e-05 
 1.62554876e+01  1.00019820e+00 -8.13149784e-03  2.10373365e-07  2.58765439e-05 
 1.62929603e+01  1.00019912e+00 -8.15026028e-03  2.11344855e-07  2.59362193e-05 
 1.63305195e+01  1.00020004e+00 -8.16906609e-03  2.12320834e-07  2.59960323e-05 
 1.63681652e+01  1.00020096e+00 -8.18791537e-03  2.13301322e-07  2.60559834e-05 
 1.64058977e+01  1.00020189e+00 -8.20680823e-03  2.14286340e-07  2.61160729e-05 
 1.64437172e+01  1.00020282e+00 -8.22574476e-03  2.15275909e-07  2.61763010e-05 
 1.64816239e+01  1.00020376e+00 -8.24472507e-03  2.16270050e-07  2.62366682e-05 
 1.65196180e+01  1.00020470e+00 -8.26374926e-03  2.17268784e-07  2.62971747e-05 
 1.65576996e+01  1.00020564e+00 -8.28281743e-03  2.18272132e-07  2.63578208e-05 
 1.65958691e+01  1.00020659e+00 -8.30192969e-03  2.19280116e-07  2.64186070e-05 
 1.66341265e+01  1.00020754e+00 -8.32108613e-03  2.20292757e-07  2.64795334e-05 
 1.66724721e+01  1.00020850e+00 -8.34028686e-03  2.21310077e-07  2.65406004e-05 
 1.67109061e+01  1.00020947e+00 -8.35953198e-03  2.22332097e-07  2.66018084e-05 
 1.67494288e+01  1.00021043e+00 -8.37882159e-03  2.23358840e-07  2.66631577e-05 
 1.67880402e+01  1.00021140e+00 -8.39815580e-03  2.24390326e-07  2.67246486e-05 
 1.68267406e+01  1.00021238e+00 -8.41753472e-03  2.25426578e-07  2.67862814e-05 
 1.68655303e+01  1.00021336e+00 -8.43695844e-03  2.26467618e-07  2.68480565e-05 
 1.69044093e+01  1.00021434e+00 -8.45642707e-03  2.27513468e-07  2.69099742e-05 
 1.69433780e+01  1.00021533e+00 -8.47594072e-03  2.28564150e-07  2.69720347e-05 
 1.69824365e+01  1.00021633e+00 -8.49549948e-03  2.29619686e-07  2.70342386e-05 
 1.70215851e+01  1.00021733e+00 -8.51510347e-03  2.30680100e-07  2.70965860e-05 
 1.70608239e+01  1.00021833e+00 -8.53475279e-03  2.31745414e-07  2.71590773e-05 
 1.71001532e+01  1.00021934e+00 -8.55444754e-03  2.32815649e-07  2.72217129e-05 
 1.71395731e+01  1.00022035e+00 -8.57418784e-03  2.33890830e-07  2.72844930e-05 
 1.71790839e+01  1.00022137e+00 -8.59397378e-03  2.34970979e-07  2.73474181e-05 
 1.72186857e+01  1.00022239e+00 -8.61380547e-03  2.36056118e-07  2.74104884e-05 
 1.72583789e+01  1.00022342e+00 -8.63368302e-03  2.37146272e-07  2.74737043e-05 
 1.72981636e+01  1.00022445e+00 -8.65360654e-03  2.38241463e-07  2.75370661e-05 
 1.73380400e+01  1.00022548e+00 -8.67357613e-03  2.39341714e-07  2.76005742e-05 
 1.73780083e+01  1.00022653e+00 -8.69359191e-03  2.40447049e-07  2.76642289e-05 
 1.74180687e+01  1.00022757e+00 -8.71365397e-03  2.41557492e-07  2.77280305e-05 
 1.74582215e+01  1.00022862e+00 -8.73376242e-03  2.42673065e-07  2.77919794e-05 
 1.74984669e+01  1.00022968e+00 -8.75391738e-03  2.43793793e-07  2.78560759e-05 
 1.75388050e+01  1.00023074e+00 -8.77411895e-03  2.44919700e-07  2.79203204e-05 
 1.75792361e+01  1.00023180e+00 -8.79436724e-03  2.46050810e-07  2.79847132e-05 
 1.76197605e+01  1.00023287e+00 -8.81466235e-03  2.47187146e-07  2.80492546e-05 
 1.76603782e+01  1.00023395e+00 -8.83500441e-03  2.48328733e-07  2.81139451e-05 
 1.77010896e+01  1.00023503e+00 -8.85539351e-03  2.49475595e-07  2.81787848e-05 
 1.77418948e+01  1.00023611e+00 -8.87582977e-03  2.50627756e-07  2.82437743e-05 
 1.77827941e+01  1.00023720e+00 -8.89631329e-03  2.51785242e-07  2.83089137e-05 
 1.78237877e+01  1.00023830e+00 -8.91684420e-03  2.52948076e-07  2.83742036e-05 
 1.78648757e+01  1.00023940e+00 -8.93742258e-03  2.54116283e-07  2.84396442e-05 
 1.79060585e+01  1.00024050e+00 -8.95804857e-03  2.55289889e-07  2.85052358e-05 
 1.79473363e+01  1.00024161e+00 -8.97872226e-03  2.56468918e-07  2.85709789e-05 
 1.79887092e+01  1.00024273e+00 -8.99944378e-03  2.57653395e-07  2.86368737e-05 
 1.80301774e+01  1.00024385e+00 -9.02021322e-03  2.58843346e-07  2.87029207e-05 
 1.80717413e+01  1.00024497e+00 -9.04103070e-03  2.60038796e-07  2.87691201e-05 
 1.81134009e+01  1.00024611e+00 -9.06189634e-03  2.61239769e-07  2.88354724e-05 
 1.81551566e+01  1.00024724e+00 -9.08281025e-03  2.62446293e-07  2.89019779e-05 
 1.81970086e+01  1.00024838e+00 -9.10377253e-03  2.63658392e-07  2.89686369e-05 
 1.82389570e+01  1.00024953e+00 -9.12478330e-03  2.64876093e-07  2.90354497e-05 
 1.82810022e+01  1.00025068e+00 -9.14584268e-03  2.66099420e-07  2.91024169e-05 
 1.83231442e+01  1.00025184e+00 -9.16695078e-03  2.67328401e-07  2.91695386e-05 
 1.83653834e+01  1.00025300e+00 -9.18810771e-03  2.68563062e-07  2.92368153e-05 
 1.84077200e+01  1.00025417e+00 -9.20931358e-03  2.69803428e-07  2.93042474e-05 
 1.84501542e+01  1.00025534e+00 -9.23056851e-03  2.71049526e-07  2.93718351e-05 
 1.84926862e+01  1.00025652e+00 -9.25187261e-03  2.72301382e-07  2.94395789e-05 
 1.85353162e+01  1.00025771e+00 -9.27322600e-03  2.73559024e-07  2.95074790e-05 
 1.85780446e+01  1.00025890e+00 -9.29462879e-03  2.74822478e-07  2.95755360e-05 
 1.86208714e+01  1.00026009e+00 -9.31608110e-03  2.76091771e-07  2.96437501e-05 
 1.86637969e+01  1.00026129e+00 -9.33758305e-03  2.77366930e-07  2.97121216e-05 
 1.87068214e+01  1.00026250e+00 -9.35913474e-03  2.78647982e-07  2.97806511e-05 
 1.87499451e+01  1.00026371e+00 -9.38073630e-03  2.79934954e-07  2.98493387e-05 
 1.87931682e+01  1.00026493e+00 -9.40238783e-03  2.81227873e-07  2.99181850e-05 
 1.88364909e+01  1.00026615e+00 -9.42408947e-03  2.82526769e-07  2.99871902e-05 
 1.88799135e+01  1.00026738e+00 -9.44584131e-03  2.83831666e-07  3.00563547e-05 
 1.89234362e+01  1.00026861e+00 -9.46764349e-03  2.85142595e-07  3.01256789e-05 
 1.89670592e+01  1.00026985e+00 -9.48949612e-03  2.86459582e-07  3.01951632e-05 
 1.90107828e+01  1.00027110e+00 -9.51139931e-03  2.87782656e-07  3.02648079e-05 
 1.90546072e+01  1.00027235e+00 -9.53335319e-03  2.89111845e-07  3.03346135e-05 
 1.90985326e+01  1.00027361e+00 -9.55535787e-03  2.90447176e-07  3.04045802e-05 
 1.91425593e+01  1.00027487e+00 -9.57741347e-03  2.91788680e-07  3.04747085e-05 
 1.91866874e+01  1.00027614e+00 -9.59952011e-03  2.93136383e-07  3.05449987e-05 
 1.92309173e+01  1.00027741e+00 -9.62167790e-03  2.94490315e-07  3.06154512e-05 
 1.92752491e+01  1.00027869e+00 -9.64388698e-03  2.95850504e-07  3.06860664e-05 
 1.93196832e+01  1.00027998e+00 -9.66614745e-03  2.97216980e-07  3.07568447e-05 
 1.93642196e+01  1.00028127e+00 -9.68845944e-03  2.98589772e-07  3.08277863e-05 
 1.94088588e+01  1.00028257e+00 -9.71082306e-03  2.99968909e-07  3.08988918e-05 
 1.94536008e+01  1.00028388e+00 -9.73323845e-03  3.01354419e-07  3.09701615e-05 
 1.94984460e+01  1.00028519e+00 -9.75570571e-03  3.02746334e-07  3.10415958e-05 
 1.95433946e+01  1.00028650e+00 -9.77822497e-03  3.04144682e-07  3.11131950e-05 
 1.95884467e+01  1.00028783e+00 -9.80079635e-03  3.05549493e-07  3.11849596e-05 
 1.96336028e+01  1.00028916e+00 -9.82341997e-03  3.06960797e-07  3.12568898e-05 
 1.96788629e+01  1.00029049e+00 -9.84609596e-03  3.08378624e-07  3.13289862e-05 
 1.97242274e+01  1.00029183e+00 -9.86882443e-03  3.09803004e-07  3.14012491e-05 
 1.97696964e+01  1.00029318e+00 -9.89160552e-03  3.11233968e-07  3.14736788e-05 
 1.98152703e+01  1.00029453e+00 -9.91443933e-03  3.12671546e-07  3.15462758e-05 
 1.98609492e+01  1.00029589e+00 -9.93732600e-03  3.14115769e-07  3.16190405e-05 
 1.99067334e+01  1.00029726e+00 -9.96026564e-03  3.15566667e-07  3.16919732e-05 
 1.99526231e+01  1.00029863e+00 -9.98325839e-03  3.17024272e-07  3.17650743e-05 
 1.99986187e+01  1.00030001e+00 -1.00063044e-02  3.18488614e-07  3.18383443e-05 
 2.00447203e+01  1.00030139e+00 -1.00294037e-02  3.19959724e-07  3.19117834e-05 
 2.00909281e+01  1.00030279e+00 -1.00525565e-02  3.21437635e-07  3.19853922e-05 
 2.01372425e+01  1.00030418e+00 -1.00757629e-02  3.22922377e-07  3.20591709e-05 
 2.01836636e+01  1.00030559e+00 -1.00990230e-02  3.24413982e-07  3.21331200e-05 
 2.02301918e+01  1.00030700e+00 -1.01223370e-02  3.25912481e-07  3.22072399e-05 
 2.02768272e+01  1.00030842e+00 -1.01457049e-02  3.27417907e-07  3.22815310e-05 
 2.03235701e+01  1.00030984e+00 -1.01691270e-02  3.28930293e-07  3.23559937e-05 
 2.03704208e+01  1.00031127e+00 -1.01926032e-02  3.30449669e-07  3.24306284e-05 
 2.04173794e+01  1.00031271e+00 -1.02161339e-02  3.31976068e-07  3.25054354e-05 
 2.04644464e+01  1.00031415e+00 -1.02397190e-02  3.33509523e-07  3.25804152e-05 
 2.05116218e+01  1.00031560e+00 -1.02633587e-02  3.35050067e-07  3.26555681e-05 
 2.05589060e+01  1.00031706e+00 -1.02870531e-02  3.36597732e-07  3.27308946e-05 
 2.06062991e+01  1.00031852e+00 -1.03108025e-02  3.38152551e-07  3.28063952e-05 
 2.06538016e+01  1.00031999e+00 -1.03346068e-02  3.39714558e-07  3.28820700e-05 
 2.07014135e+01  1.00032147e+00 -1.03584662e-02  3.41283786e-07  3.29579197e-05 
 2.07491352e+01  1.00032295e+00 -1.03823809e-02  3.42860267e-07  3.30339446e-05 
 2.07969669e+01  1.00032444e+00 -1.04063509e-02  3.44444036e-07  3.31101450e-05 
 2.08449088e+01  1.00032594e+00 -1.04303765e-02  3.46035127e-07  3.31865215e-05 
 2.08929613e+01  1.00032745e+00 -1.04544577e-02  3.47633573e-07  3.32630744e-05 
 2.09411246e+01  1.00032896e+00 -1.04785947e-02  3.49239408e-07  3.33398041e-05 
 2.09893988e+01  1.00033048e+00 -1.05027876e-02  3.50852667e-07  3.34167110e-05 
 2.10377844e+01  1.00033200e+00 -1.05270365e-02  3.52473384e-07  3.34937955e-05 
 2.10862815e+01  1.00033354e+00 -1.05513415e-02  3.54101594e-07  3.35710581e-05 
 2.11348904e+01  1.00033508e+00 -1.05757029e-02  3.55737331e-07  3.36484992e-05 
 2.11836114e+01  1.00033662e+00 -1.06001206e-02  3.57380629e-07  3.37261192e-05 
 2.12324446e+01  1.00033818e+00 -1.06245950e-02  3.59031525e-07  3.38039184e-05 
 2.12813905e+01  1.00033974e+00 -1.06491260e-02  3.60690053e-07  3.38818974e-05 
 2.13304491e+01  1.00034131e+00 -1.06737138e-02  3.62356249e-07  3.39600565e-05 
 2.13796209e+01  1.00034288e+00 -1.06983586e-02  3.64030148e-07  3.40383961e-05 
 2.14289060e+01  1.00034446e+00 -1.07230604e-02  3.65711785e-07  3.41169167e-05 
 2.14783047e+01  1.00034605e+00 -1.07478195e-02  3.67401197e-07  3.41956187e-05 
 2.15278173e+01  1.00034765e+00 -1.07726360e-02  3.69098420e-07  3.42745025e-05 
 2.15774441e+01  1.00034926e+00 -1.07975099e-02  3.70803489e-07  3.43535685e-05 
 2.16271852e+01  1.00035087e+00 -1.08224414e-02  3.72516442e-07  3.44328171e-05 
 2.16770410e+01  1.00035249e+00 -1.08474307e-02  3.74237314e-07  3.45122488e-05 
 2.17270118e+01  1.00035412e+00 -1.08724779e-02  3.75966142e-07  3.45918641e-05 
 2.17770977e+01  1.00035575e+00 -1.08975831e-02  3.77702964e-07  3.46716632e-05 
 2.18272991e+01  1.00035739e+00 -1.09227465e-02  3.79447815e-07  3.47516467e-05 
 2.18776162e+01  1.00035904e+00 -1.09479682e-02  3.81200734e-07  3.48318150e-05 
 2.19280494e+01  1.00036070e+00 -1.09732483e-02  3.82961758e-07  3.49121685e-05 
 2.19785987e+01  1.00036237e+00 -1.09985870e-02  3.84730924e-07  3.49927076e-05 
 2.20292646e+01  1.00036404e+00 -1.10239844e-02  3.86508270e-07  3.50734327e-05 
 2.20800473e+01  1.00036572e+00 -1.10494406e-02  3.88293833e-07  3.51543444e-05 
 2.21309471e+01  1.00036741e+00 -1.10749558e-02  3.90087653e-07  3.52354430e-05 
 2.21819642e+01  1.00036911e+00 -1.11005302e-02  3.91889767e-07  3.53167290e-05 
 2.22330989e+01  1.00037081e+00 -1.11261638e-02  3.93700213e-07  3.53982028e-05 
 2.22843515e+01  1.00037252e+00 -1.11518568e-02  3.95519030e-07  3.54798648e-05 
 2.23357222e+01  1.00037424e+00 -1.11776093e-02  3.97346257e-07  3.55617154e-05 
 2.23872114e+01  1.00037597e+00 -1.12034215e-02  3.99181934e-07  3.56437552e-05 
 2.24388192e+01  1.00037770e+00 -1.12292935e-02  4.01026098e-07  3.57259845e-05 
 2.24905461e+01  1.00037945e+00 -1.12552255e-02  4.02878789e-07  3.58084039e-05 
 2.25423921e+01  1.00038120e+00 -1.12812176e-02  4.04740047e-07  3.58910136e-05 
 2.25943577e+01  1.00038296e+00 -1.13072699e-02  4.06609912e-07  3.59738142e-05 
 2.26464431e+01  1.00038473e+00 -1.13333826e-02  4.08488423e-07  3.60568062e-05 
 2.26986485e+01  1.00038650e+00 -1.13595558e-02  4.10375621e-07  3.61399898e-05 
 2.27509743e+01  1.00038829e+00 -1.13857897e-02  4.12271545e-07  3.62233657e-05 
 2.28034207e+01  1.00039008e+00 -1.14120844e-02  4.14176236e-07  3.63069343e-05 
 2.28559880e+01  1.00039188e+00 -1.14384400e-02  4.16089735e-07  3.63906959e-05 
 2.29086765e+01  1.00039369e+00 -1.14648568e-02  4.18012082e-07  3.64746511e-05 
 2.29614865e+01  1.00039551e+00 -1.14913347e-02  4.19943319e-07  3.65588003e-05 
 2.30144182e+01  1.00039734e+00 -1.15178740e-02  4.21883487e-07  3.66431439e-05 
 2.30674719e+01  1.00039917e+00 -1.15444749e-02  4.23832626e-07  3.67276824e-05 
 2.31206479e+01  1.00040101e+00 -1.15711374e-02  4.25790780e-07  3.68124163e-05 
 2.31739465e+01  1.00040286e+00 -1.15978617e-02  4.27757988e-07  3.68973460e-05 
 2.32273680e+01  1.00040472e+00 -1.16246480e-02  4.29734294e-07  3.69824719e-05 
 2.32809126e+01  1.00040659e+00 -1.16514964e-02  4.31719739e-07  3.70677945e-05 
 2.33345806e+01  1.00040847e+00 -1.16784070e-02  4.33714367e-07  3.71533143e-05 
 2.33883724e+01  1.00041036e+00 -1.17053800e-02  4.35718218e-07  3.72390318e-05 
 2.34422882e+01  1.00041225e+00 -1.17324156e-02  4.37731337e-07  3.73249473e-05 
 2.34963282e+01  1.00041415e+00 -1.17595138e-02  4.39753766e-07  3.74110613e-05 
 2.35504928e+01  1.00041607e+00 -1.17866748e-02  4.41785548e-07  3.74973744e-05 
 2.36047823e+01  1.00041799e+00 -1.18138989e-02  4.43826726e-07  3.75838869e-05 
 2.36591970e+01  1.00041992e+00 -1.18411860e-02  4.45877345e-07  3.76705994e-05 
 2.37137371e+01  1.00042186e+00 -1.18685365e-02  4.47937447e-07  3.77575123e-05 
 2.37684029e+01  1.00042380e+00 -1.18959503e-02  4.50007077e-07  3.78446260e-05 
 2.38231947e+01  1.00042576e+00 -1.19234278e-02  4.52086279e-07  3.79319411e-05 
 2.38781128e+01  1.00042773e+00 -1.19509689e-02  4.54175098e-07  3.80194579e-05 
 2.39331576e+01  1.00042970e+00 -1.19785739e-02  4.56273577e-07  3.81071771e-05 
 2.39883292e+01  1.00043168e+00 -1.20062430e-02  4.58381761e-07  3.81950989e-05 
 2.40436280e+01  1.00043368e+00 -1.20339762e-02  4.60499697e-07  3.82832240e-05 
 2.40990543e+01  1.00043568e+00 -1.20617737e-02  4.62627428e-07  3.83715527e-05 
 2.41546083e+01  1.00043769e+00 -1.20896357e-02  4.64765000e-07  3.84600856e-05 
 2.42102905e+01  1.00043971e+00 -1.21175623e-02  4.66912459e-07  3.85488231e-05 
 2.42661010e+01  1.00044174e+00 -1.21455537e-02  4.69069851e-07  3.86377658e-05 
 2.43220401e+01  1.00044378e+00 -1.21736100e-02  4.71237221e-07  3.87269140e-05 
 2.43781082e+01  1.00044583e+00 -1.22017314e-02  4.73414616e-07  3.88162682e-05 
 2.44343055e+01  1.00044789e+00 -1.22299180e-02  4.75602083e-07  3.89058290e-05 
 2.44906324e+01  1.00044996e+00 -1.22581700e-02  4.77799667e-07  3.89955968e-05 
 2.45470892e+01  1.00045203e+00 -1.22864876e-02  4.80007417e-07  3.90855721e-05 
 2.46036760e+01  1.00045412e+00 -1.23148708e-02  4.82225378e-07  3.91757554e-05 
 2.46603934e+01  1.00045622e+00 -1.23433199e-02  4.84453599e-07  3.92661471e-05 
 2.47172415e+01  1.00045832e+00 -1.23718350e-02  4.86692127e-07  3.93567478e-05 
 2.47742206e+01  1.00046044e+00 -1.24004162e-02  4.88941010e-07  3.94475579e-05 
 2.48313311e+01  1.00046257e+00 -1.24290638e-02  4.91200295e-07  3.95385779e-05 
 2.48885732e+01  1.00046470e+00 -1.24577778e-02  4.93470031e-07  3.96298083e-05 
 2.49459473e+01  1.00046685e+00 -1.24865585e-02  4.95750267e-07  3.97212497e-05 
 2.50034536e+01  1.00046900e+00 -1.25154059e-02  4.98041051e-07  3.98129024e-05 
 2.50610925e+01  1.00047117e+00 -1.25443203e-02  5.00342431e-07  3.99047670e-05 
 2.51188643e+01  1.00047334e+00 -1.25733017e-02  5.02654458e-07  3.99968439e-05 
 2.51767693e+01  1.00047553e+00 -1.26023504e-02  5.04977180e-07  4.00891337e-05 
 2.52348077e+01  1.00047772e+00 -1.26314665e-02  5.07310648e-07  4.01816369e-05 
 2.52929800e+01  1.00047993e+00 -1.26606502e-02  5.09654910e-07  4.02743539e-05 
 2.53512863e+01  1.00048215e+00 -1.26899016e-02  5.12010017e-07  4.03672853e-05 
 2.54097271e+01  1.00048437e+00 -1.27192209e-02  5.14376019e-07  4.04604315e-05 
 2.54683025e+01  1.00048661e+00 -1.27486083e-02  5.16752967e-07  4.05537931e-05 
 2.55270130e+01  1.00048885e+00 -1.27780638e-02  5.19140911e-07  4.06473705e-05 
 2.55858589e+01  1.00049111e+00 -1.28075878e-02  5.21539903e-07  4.07411643e-05 
 2.56448404e+01  1.00049338e+00 -1.28371802e-02  5.23949994e-07  4.08351750e-05 
 2.57039578e+01  1.00049566e+00 -1.28668413e-02  5.26371234e-07  4.09294029e-05 
 2.57632116e+01  1.00049795e+00 -1.28965713e-02  5.28803677e-07  4.10238488e-05 
 2.58226019e+01  1.00050024e+00 -1.29263703e-02  5.31247373e-07  4.11185130e-05 
 2.58821292e+01  1.00050255e+00 -1.29562385e-02  5.33702375e-07  4.12133961e-05 
 2.59417936e+01  1.00050487e+00 -1.29861760e-02  5.36168736e-07  4.13084986e-05 
 2.60015956e+01  1.00050721e+00 -1.30161830e-02  5.38646508e-07  4.14038210e-05 
 2.60615355e+01  1.00050955e+00 -1.30462597e-02  5.41135743e-07  4.14993638e-05 
 2.61216135e+01  1.00051190e+00 -1.30764062e-02  5.43636496e-07  4.15951275e-05 
 2.61818301e+01  1.00051426e+00 -1.31066227e-02  5.46148820e-07  4.16911127e-05 
 2.62421854e+01  1.00051664e+00 -1.31369094e-02  5.48672768e-07  4.17873198e-05 
 2.63026799e+01  1.00051902e+00 -1.31672663e-02  5.51208394e-07  4.18837494e-05 
 2.63633139e+01  1.00052142e+00 -1.31976938e-02  5.53755752e-07  4.19804019e-05 
 2.64240876e+01  1.00052383e+00 -1.32281919e-02  5.56314897e-07  4.20772780e-05 
 2.64850014e+01  1.00052625e+00 -1.32587609e-02  5.58885883e-07  4.21743781e-05 
 2.65460556e+01  1.00052868e+00 -1.32894008e-02  5.61468766e-07  4.22717027e-05 
 2.66072506e+01  1.00053112e+00 -1.33201119e-02  5.64063600e-07  4.23692524e-05 
 2.66685866e+01  1.00053357e+00 -1.33508943e-02  5.66670441e-07  4.24670277e-05 
 2.67300641e+01  1.00053603e+00 -1.33817482e-02  5.69289345e-07  4.25650292e-05 
 2.67916832e+01  1.00053851e+00 -1.34126738e-02  5.71920368e-07  4.26632572e-05 
 2.68534445e+01  1.00054099e+00 -1.34436712e-02  5.74563565e-07  4.27617124e-05 
 2.69153480e+01  1.00054349e+00 -1.34747405e-02  5.77218993e-07  4.28603954e-05 
 2.69773943e+01  1.00054600e+00 -1.35058821e-02  5.79886710e-07  4.29593065e-05 
 2.70395836e+01  1.00054852e+00 -1.35370960e-02  5.82566772e-07  4.30584464e-05 
 2.71019163e+01  1.00055105e+00 -1.35683824e-02  5.85259236e-07  4.31578157e-05 
 2.71643927e+01  1.00055360e+00 -1.35997415e-02  5.87964160e-07  4.32574147e-05 
 2.72270131e+01  1.00055615e+00 -1.36311734e-02  5.90681601e-07  4.33572441e-05 
 2.72897778e+01  1.00055872e+00 -1.36626783e-02  5.93411619e-07  4.34573044e-05 
 2.73526873e+01  1.00056130e+00 -1.36942565e-02  5.96154270e-07  4.35575961e-05 
 2.74157417e+01  1.00056389e+00 -1.37259080e-02  5.98909614e-07  4.36581199e-05 
 2.74789415e+01  1.00056650e+00 -1.37576330e-02  6.01677710e-07  4.37588761e-05 
 2.75422870e+01  1.00056911e+00 -1.37894318e-02  6.04458617e-07  4.38598654e-05 
 2.76057786e+01  1.00057174e+00 -1.38213045e-02  6.07252394e-07  4.39610883e-05 
 2.76694165e+01  1.00057438e+00 -1.38532512e-02  6.10059100e-07  4.40625453e-05 
 2.77332010e+01  1.00057703e+00 -1.38852721e-02  6.12878797e-07  4.41642370e-05 
 2.77971327e+01  1.00057970e+00 -1.39173675e-02  6.15711544e-07  4.42661639e-05 
 2.78612117e+01  1.00058237e+00 -1.39495374e-02  6.18557402e-07  4.43683267e-05 
 2.79254384e+01  1.00058506e+00 -1.39817821e-02  6.21416432e-07  4.44707257e-05 
 2.79898132e+01  1.00058776e+00 -1.40141018e-02  6.24288694e-07  4.45733617e-05 
 2.80543364e+01  1.00059048e+00 -1.40464966e-02  6.27174250e-07  4.46762351e-05 
 2.81190083e+01  1.00059320e+00 -1.40789666e-02  6.30073163e-07  4.47793465e-05 
 2.81838293e+01  1.00059594e+00 -1.41115122e-02  6.32985493e-07  4.48826964e-05 
 2.82487997e+01  1.00059870e+00 -1.41441334e-02  6.35911303e-07  4.49862854e-05 
 2.83139200e+01  1.00060146e+00 -1.41768304e-02  6.38850657e-07  4.50901141e-05 
 2.83791903e+01  1.00060424e+00 -1.42096034e-02  6.41803615e-07  4.51941829e-05 
 2.84446111e+01  1.00060703e+00 -1.42424526e-02  6.44770243e-07  4.52984926e-05 
 2.85101827e+01  1.00060983e+00 -1.42753782e-02  6.47750603e-07  4.54030436e-05 
 2.85759054e+01  1.00061265e+00 -1.43083804e-02  6.50744758e-07  4.55078365e-05 
 2.86417797e+01  1.00061547e+00 -1.43414592e-02  6.53752774e-07  4.56128718e-05 
 2.87078058e+01  1.00061832e+00 -1.43746150e-02  6.56774714e-07  4.57181502e-05 
 2.87739841e+01  1.00062117e+00 -1.44078479e-02  6.59810643e-07  4.58236722e-05 
 2.88403150e+01  1.00062404e+00 -1.44411580e-02  6.62860626e-07  4.59294383e-05 
 2.89067988e+01  1.00062692e+00 -1.44745456e-02  6.65924728e-07  4.60354491e-05 
 2.89734359e+01  1.00062982e+00 -1.45080109e-02  6.69003014e-07  4.61417053e-05 
 2.90402265e+01  1.00063272e+00 -1.45415540e-02  6.72095552e-07  4.62482073e-05 
 2.91071712e+01  1.00063565e+00 -1.45751750e-02  6.75202406e-07  4.63549558e-05 
 2.91742701e+01  1.00063858e+00 -1.46088743e-02  6.78323643e-07  4.64619513e-05 
 2.92415238e+01  1.00064153e+00 -1.46426520e-02  6.81459330e-07  4.65691944e-05 
 2.93089325e+01  1.00064449e+00 -1.46765082e-02  6.84609535e-07  4.66766856e-05 
 2.93764965e+01  1.00064747e+00 -1.47104432e-02  6.87774324e-07  4.67844256e-05 
 2.94442163e+01  1.00065046e+00 -1.47444571e-02  6.90953765e-07  4.68924150e-05 
 2.95120923e+01  1.00065346e+00 -1.47785501e-02  6.94147926e-07  4.70006542e-05 
 2.95801247e+01  1.00065648e+00 -1.48127225e-02  6.97356876e-07  4.71091440e-05 
 2.96483139e+01  1.00065951e+00 -1.48469743e-02  7.00580683e-07  4.72178848e-05 
 2.97166603e+01  1.00066255e+00 -1.48813058e-02  7.03819417e-07  4.73268773e-05 
 2.97851643e+01  1.00066561e+00 -1.49157172e-02  7.07073146e-07  4.74361220e-05 
 2.98538262e+01  1.00066869e+00 -1.49502087e-02  7.10341940e-07  4.75456196e-05 
 2.99226464e+01  1.00067177e+00 -1.49847804e-02  7.13625870e-07  4.76553707e-05 
 2.99916252e+01  1.00067488e+00 -1.50194326e-02  7.16925005e-07  4.77653757e-05 
 3.00607630e+01  1.00067799e+00 -1.50541654e-02  7.20239417e-07  4.78756353e-05 
 3.01300602e+01  1.00068112e+00 -1.50889791e-02  7.23569175e-07  4.79861502e-05 
 3.01995172e+01  1.00068427e+00 -1.51238737e-02  7.26914352e-07  4.80969209e-05 
 3.02691343e+01  1.00068743e+00 -1.51588496e-02  7.30275019e-07  4.82079479e-05 
 3.03389118e+01  1.00069060e+00 -1.51939068e-02  7.33651248e-07  4.83192320e-05 
 3.04088503e+01  1.00069379e+00 -1.52290457e-02  7.37043112e-07  4.84307737e-05 
 3.04789499e+01  1.00069699e+00 -1.52642664e-02  7.40450682e-07  4.85425735e-05 
 3.05492111e+01  1.00070021e+00 -1.52995690e-02  7.43874032e-07  4.86546322e-05 
 3.06196343e+01  1.00070345e+00 -1.53349538e-02  7.47313235e-07  4.87669503e-05 
 3.06902199e+01  1.00070669e+00 -1.53704210e-02  7.50768366e-07  4.88795284e-05 
 3.07609681e+01  1.00070996e+00 -1.54059708e-02  7.54239497e-07  4.89923671e-05 
 3.08318795e+01  1.00071324e+00 -1.54416033e-02  7.57726703e-07  4.91054670e-05 
 3.09029543e+01  1.00071653e+00 -1.54773188e-02  7.61230059e-07  4.92188288e-05 
 3.09741930e+01  1.00071984e+00 -1.55131174e-02  7.64749640e-07  4.93324530e-05 
 3.10455959e+01  1.00072316e+00 -1.55489994e-02  7.68285521e-07  4.94463403e-05 
 3.11171634e+01  1.00072650e+00 -1.55849650e-02  7.71837779e-07  4.95604913e-05 
 3.11888958e+01  1.00072986e+00 -1.56210143e-02  7.75406488e-07  4.96749065e-05 
 3.12607937e+01  1.00073323e+00 -1.56571475e-02  7.78991727e-07  4.97895867e-05 
 3.13328572e+01  1.00073661e+00 -1.56933649e-02  7.82593570e-07  4.99045324e-05 
 3.14050869e+01  1.00074001e+00 -1.57296667e-02  7.86212097e-07  5.00197442e-05 
 3.14774831e+01  1.00074343e+00 -1.57660530e-02  7.89847383e-07  5.01352229e-05 
 3.15500462e+01  1.00074686e+00 -1.58025240e-02  7.93499508e-07  5.02509689e-05 
 3.16227766e+01  1.00075031e+00 -1.58390801e-02  7.97168549e-07  5.03669829e-05 
 3.16956746e+01  1.00075378e+00 -1.58757212e-02  8.00854584e-07  5.04832656e-05 
 3.17687407e+01  1.00075726e+00 -1.59124477e-02  8.04557694e-07  5.05998175e-05 
 3.18419752e+01  1.00076076e+00 -1.59492598e-02  8.08277957e-07  5.07166393e-05 
 3.19153786e+01  1.00076427e+00 -1.59861577e-02  8.12015453e-07  5.08337317e-05 
 3.19889511e+01  1.00076780e+00 -1.60231415e-02  8.15770262e-07  5.09510952e-05 
 3.20626932e+01  1.00077134e+00 -1.60602115e-02  8.19542465e-07  5.10687306e-05 
 3.21366054e+01  1.00077490e+00 -1.60973679e-02  8.23332142e-07  5.11866383e-05 
 3.22106879e+01  1.00077848e+00 -1.61346108e-02  8.27139375e-07  5.13048192e-05 
 3.22849412e+01  1.00078208e+00 -1.61719405e-02  8.30964246e-07  5.14232737e-05 
 3.23593657e+01  1.00078569e+00 -1.62093573e-02  8.34806835e-07  5.15420026e-05 
 3.24339617e+01  1.00078932e+00 -1.62468612e-02  8.38667227e-07  5.16610065e-05 
 3.25087297e+01  1.00079296e+00 -1.62844526e-02  8.42545503e-07  5.17802860e-05 
 3.25836701e+01  1.00079662e+00 -1.63221315e-02  8.46441747e-07  5.18998417e-05 
 3.26587832e+01  1.00080030e+00 -1.63598983e-02  8.50356042e-07  5.20196744e-05 
 3.27340695e+01  1.00080400e+00 -1.63977531e-02  8.54288472e-07  5.21397847e-05 
 3.28095293e+01  1.00080771e+00 -1.64356962e-02  8.58239121e-07  5.22601732e-05 
 3.28851631e+01  1.00081144e+00 -1.64737277e-02  8.62208075e-07  5.23808406e-05 
 3.29609712e+01  1.00081519e+00 -1.65118479e-02  8.66195418e-07  5.25017874e-05 
 3.30369541e+01  1.00081895e+00 -1.65500570e-02  8.70201236e-07  5.26230145e-05 
 3.31131121e+01  1.00082273e+00 -1.65883552e-02  8.74225615e-07  5.27445224e-05 
 3.31894458e+01  1.00082653e+00 -1.66267426e-02  8.78268641e-07  5.28663117e-05 
 3.32659553e+01  1.00083035e+00 -1.66652196e-02  8.82330401e-07  5.29883833e-05 
 3.33426413e+01  1.00083419e+00 -1.67037863e-02  8.86410982e-07  5.31107376e-05 
 3.34195040e+01  1.00083804e+00 -1.67424430e-02  8.90510472e-07  5.32333754e-05 
 3.34965439e+01  1.00084191e+00 -1.67811898e-02  8.94628958e-07  5.33562973e-05 
 3.35737614e+01  1.00084580e+00 -1.68200270e-02  8.98766528e-07  5.34795040e-05 
 3.36511569e+01  1.00084970e+00 -1.68589548e-02  9.02923273e-07  5.36029962e-05 
 3.37287309e+01  1.00085363e+00 -1.68979733e-02  9.07099281e-07  5.37267745e-05 
 3.38064836e+01  1.00085757e+00 -1.69370829e-02  9.11294641e-07  5.38508396e-05 
 3.38844156e+01  1.00086153e+00 -1.69762838e-02  9.15509443e-07  5.39751922e-05 
 3.39625273e+01  1.00086551e+00 -1.70155761e-02  9.19743779e-07  5.40998329e-05 
 3.40408190e+01  1.00086950e+00 -1.70549600e-02  9.23997738e-07  5.42247624e-05 
 3.41192912e+01  1.00087352e+00 -1.70944359e-02  9.28271413e-07  5.43499815e-05 
 3.41979443e+01  1.00087755e+00 -1.71340039e-02  9.32564894e-07  5.44754907e-05 
 3.42767787e+01  1.00088160e+00 -1.71736642e-02  9.36878275e-07  5.46012907e-05 
 3.43557948e+01  1.00088568e+00 -1.72134171e-02  9.41211648e-07  5.47273823e-05 
 3.44349931e+01  1.00088977e+00 -1.72532627e-02  9.45565105e-07  5.48537661e-05 
 3.45143739e+01  1.00089388e+00 -1.72932013e-02  9.49938740e-07  5.49804428e-05 
 3.45939378e+01  1.00089800e+00 -1.73332332e-02  9.54332648e-07  5.51074131e-05 
 3.46736850e+01  1.00090215e+00 -1.73733585e-02  9.58746922e-07  5.52346777e-05 
 3.47536161e+01  1.00090632e+00 -1.74135774e-02  9.63181657e-07  5.53622372e-05 
 3.48337315e+01  1.00091050e+00 -1.74538903e-02  9.67636949e-07  5.54900924e-05 
 3.49140315e+01  1.00091471e+00 -1.74942973e-02  9.72112894e-07  5.56182439e-05 
 3.49945167e+01  1.00091893e+00 -1.75347986e-02  9.76609586e-07  5.57466925e-05 
 3.50751874e+01  1.00092317e+00 -1.75753944e-02  9.81127124e-07  5.58754388e-05 
 3.51560441e+01  1.00092744e+00 -1.76160851e-02  9.85665603e-07  5.60044835e-05 
 3.52370871e+01  1.00093172e+00 -1.76568708e-02  9.90225122e-07  5.61338274e-05 
 3.53183170e+01  1.00093602e+00 -1.76977517e-02  9.94805779e-07  5.62634711e-05 
 3.53997341e+01  1.00094035e+00 -1.77387281e-02  9.99407671e-07  5.63934153e-05 
 3.54813389e+01  1.00094469e+00 -1.77798002e-02  1.00403090e-06  5.65236608e-05 
 3.55631319e+01  1.00094905e+00 -1.78209682e-02  1.00867556e-06  5.66542082e-05 
 3.56451133e+01  1.00095344e+00 -1.78622324e-02  1.01334175e-06  5.67850583e-05 
 3.57272838e+01  1.00095784e+00 -1.79035930e-02  1.01802958e-06  5.69162118e-05 
 3.58096437e+01  1.00096226e+00 -1.79450502e-02  1.02273915e-06  5.70476693e-05 
 3.58921935e+01  1.00096671e+00 -1.79866043e-02  1.02747055e-06  5.71794316e-05 
 3.59749335e+01  1.00097117e+00 -1.80282555e-02  1.03222389e-06  5.73114994e-05 
 3.60578643e+01  1.00097566e+00 -1.80700039e-02  1.03699927e-06  5.74438735e-05 
 3.61409863e+01  1.00098016e+00 -1.81118500e-02  1.04179679e-06  5.75765545e-05 
 3.62242998e+01  1.00098469e+00 -1.81537938e-02  1.04661655e-06  5.77095431e-05 
 3.63078055e+01  1.00098924e+00 -1.81958356e-02  1.05145867e-06  5.78428401e-05 
 3.63915036e+01  1.00099380e+00 -1.82379757e-02  1.05632324e-06  5.79764463e-05 
 3.64753947e+01  1.00099839e+00 -1.82802143e-02  1.06121037e-06  5.81103622e-05 
 3.65594792e+01  1.00100301e+00 -1.83225516e-02  1.06612016e-06  5.82445887e-05 
 3.66437575e+01  1.00100764e+00 -1.83649879e-02  1.07105272e-06  5.83791265e-05 
 3.67282300e+01  1.00101229e+00 -1.84075234e-02  1.07600815e-06  5.85139763e-05 
 3.68128974e+01  1.00101697e+00 -1.84501583e-02  1.08098657e-06  5.86491389e-05 
 3.68977599e+01  1.00102166e+00 -1.84928929e-02  1.08598807e-06  5.87846149e-05 
 3.69828180e+01  1.00102638e+00 -1.85357274e-02  1.09101278e-06  5.89204052e-05 
 3.70680722e+01  1.00103112e+00 -1.85786621e-02  1.09606078e-06  5.90565104e-05 
 3.71535229e+01  1.00103588e+00 -1.86216972e-02  1.10113220e-06  5.91929313e-05 
 3.72391706e+01  1.00104067e+00 -1.86648330e-02  1.10622714e-06  5.93296687e-05 
 3.73250158e+01  1.00104547e+00 -1.87080696e-02  1.11134571e-06  5.94667232e-05 
 3.74110588e+01  1.00105030e+00 -1.87514073e-02  1.11648803e-06  5.96040957e-05 
 3.74973002e+01  1.00105515e+00 -1.87948464e-02  1.12165419e-06  5.97417868e-05 
 3.75837404e+01  1.00106003e+00 -1.88383872e-02  1.12684432e-06  5.98797973e-05 
 3.76703799e+01  1.00106492e+00 -1.88820298e-02  1.13205853e-06  6.00181280e-05 
 3.77572191e+01  1.00106984e+00 -1.89257745e-02  1.13729692e-06  6.01567797e-05 
 3.78442585e+01  1.00107478e+00 -1.89696215e-02  1.14255961e-06  6.02957530e-05 
 3.79314985e+01  1.00107975e+00 -1.90135712e-02  1.14784672e-06  6.04350487e-05 
 3.80189396e+01  1.00108473e+00 -1.90576237e-02  1.15315835e-06  6.05746676e-05 
 3.81065823e+01  1.00108974e+00 -1.91017792e-02  1.15849463e-06  6.07146105e-05 
 3.81944271e+01  1.00109478e+00 -1.91460382e-02  1.16385566e-06  6.08548781e-05 
 3.82824743e+01  1.00109983e+00 -1.91904007e-02  1.16924156e-06  6.09954712e-05 
 3.83707245e+01  1.00110491e+00 -1.92348670e-02  1.17465245e-06  6.11363904e-05 
 3.84591782e+01  1.00111002e+00 -1.92794375e-02  1.18008845e-06  6.12776367e-05 
 3.85478358e+01  1.00111514e+00 -1.93241122e-02  1.18554967e-06  6.14192108e-05 
 3.86366977e+01  1.00112029e+00 -1.93688916e-02  1.19103623e-06  6.15611134e-05 
 3.87257645e+01  1.00112547e+00 -1.94137758e-02  1.19654824e-06  6.17033454e-05 
 3.88150366e+01  1.00113066e+00 -1.94587651e-02  1.20208583e-06  6.18459074e-05 
 3.89045145e+01  1.00113589e+00 -1.95038598e-02  1.20764912e-06  6.19888003e-05 
 3.89941987e+01  1.00114113e+00 -1.95490601e-02  1.21323822e-06  6.21320248e-05 
 3.90840896e+01  1.00114640e+00 -1.95943662e-02  1.21885326e-06  6.22755818e-05 
 3.91741877e+01  1.00115170e+00 -1.96397784e-02  1.22449435e-06  6.24194720e-05 
 3.92644935e+01  1.00115702e+00 -1.96852970e-02  1.23016162e-06  6.25636961e-05 
 3.93550075e+01  1.00116236e+00 -1.97309223e-02  1.23585520e-06  6.27082550e-05 
 3.94457302e+01  1.00116773e+00 -1.97766544e-02  1.24157519e-06  6.28531496e-05 
 3.95366620e+01  1.00117312e+00 -1.98224937e-02  1.24732173e-06  6.29983804e-05 
 3.96278034e+01  1.00117854e+00 -1.98684404e-02  1.25309495e-06  6.31439484e-05 
 3.97191549e+01  1.00118399e+00 -1.99144947e-02  1.25889495e-06  6.32898544e-05 
 3.98107171e+01  1.00118945e+00 -1.99606570e-02  1.26472188e-06  6.34360990e-05 
 3.99024902e+01  1.00119495e+00 -2.00069274e-02  1.27057585e-06  6.35826832e-05 
 3.99944750e+01  1.00120047e+00 -2.00533063e-02  1.27645700e-06  6.37296078e-05 
 4.00866718e+01  1.00120601e+00 -2.00997939e-02  1.28236544e-06  6.38768735e-05 
 4.01790811e+01  1.00121158e+00 -2.01463905e-02  1.28830131e-06  6.40244811e-05 
 4.02717034e+01  1.00121718e+00 -2.01930963e-02  1.29426473e-06  6.41724314e-05 
 4.03645393e+01  1.00122280e+00 -2.02399116e-02  1.30025584e-06  6.43207253e-05 
 4.04575892e+01  1.00122845e+00 -2.02868366e-02  1.30627475e-06  6.44693636e-05 
 4.05508535e+01  1.00123412e+00 -2.03338717e-02  1.31232161e-06  6.46183470e-05 
 4.06443329e+01  1.00123982e+00 -2.03810171e-02  1.31839654e-06  6.47676765e-05 
 4.07380278e+01  1.00124555e+00 -2.04282731e-02  1.32449968e-06  6.49173527e-05 
 4.08319386e+01  1.00125130e+00 -2.04756399e-02  1.33063115e-06  6.50673765e-05 
 4.09260660e+01  1.00125708e+00 -2.05231178e-02  1.33679108e-06  6.52177488e-05 
 4.10204103e+01  1.00126289e+00 -2.05707071e-02  1.34297962e-06  6.53684703e-05 
 4.11149721e+01  1.00126872e+00 -2.06184080e-02  1.34919689e-06  6.55195419e-05 
 4.12097519e+01  1.00127458e+00 -2.06662208e-02  1.35544302e-06  6.56709644e-05 
 4.13047502e+01  1.00128047e+00 -2.07141458e-02  1.36171816e-06  6.58227386e-05 
 4.13999675e+01  1.00128639e+00 -2.07621832e-02  1.36802244e-06  6.59748654e-05 
 4.14954043e+01  1.00129233e+00 -2.08103334e-02  1.37435599e-06  6.61273456e-05 
 4.15910610e+01  1.00129830e+00 -2.08585966e-02  1.38071896e-06  6.62801800e-05 
 4.16869383e+01  1.00130429e+00 -2.09069731e-02  1.38711147e-06  6.64333695e-05 
 4.17830367e+01  1.00131032e+00 -2.09554631e-02  1.39353366e-06  6.65869149e-05 
 4.18793565e+01  1.00131637e+00 -2.10040670e-02  1.39998569e-06  6.67408170e-05 
 4.19758984e+01  1.00132245e+00 -2.10527849e-02  1.40646767e-06  6.68950767e-05 
 4.20726628e+01  1.00132856e+00 -2.11016172e-02  1.41297977e-06  6.70496948e-05 
 4.21696503e+01  1.00133470e+00 -2.11505642e-02  1.41952210e-06  6.72046722e-05 
 4.22668614e+01  1.00134086e+00 -2.11996262e-02  1.42609483e-06  6.73600097e-05 
 4.23642966e+01  1.00134706e+00 -2.12488033e-02  1.43269808e-06  6.75157082e-05 
 4.24619564e+01  1.00135328e+00 -2.12980960e-02  1.43933200e-06  6.76717685e-05 
 4.25598413e+01  1.00135953e+00 -2.13475044e-02  1.44599674e-06  6.78281914e-05 
 4.26579519e+01  1.00136581e+00 -2.13970289e-02  1.45269243e-06  6.79849779e-05 
 4.27562886e+01  1.00137212e+00 -2.14466697e-02  1.45941923e-06  6.81421288e-05 
 4.28548520e+01  1.00137846e+00 -2.14964272e-02  1.46617728e-06  6.82996449e-05 
 4.29536427e+01  1.00138482e+00 -2.15463015e-02  1.47296672e-06  6.84575272e-05 
 4.30526610e+01  1.00139122e+00 -2.15962931e-02  1.47978771e-06  6.86157764e-05 
 4.31519077e+01  1.00139765e+00 -2.16464022e-02  1.48664038e-06  6.87743935e-05 
 4.32513831e+01  1.00140410e+00 -2.16966290e-02  1.49352489e-06  6.89333793e-05 
 4.33510878e+01  1.00141059e+00 -2.17469739e-02  1.50044139e-06  6.90927346e-05 
 4.34510224e+01  1.00141711e+00 -2.17974371e-02  1.50739002e-06  6.92524604e-05 
 4.35511874e+01  1.00142365e+00 -2.18480190e-02  1.51437093e-06  6.94125576e-05 
 4.36515832e+01  1.00143023e+00 -2.18987197e-02  1.52138429e-06  6.95730270e-05 
 4.37522105e+01  1.00143684e+00 -2.19495397e-02  1.52843023e-06  6.97338694e-05 
 4.38530698e+01  1.00144347e+00 -2.20004792e-02  1.53550892e-06  6.98950858e-05 
 4.39541615e+01  1.00145014e+00 -2.20515385e-02  1.54262049e-06  7.00566771e-05 
 4.40554864e+01  1.00145684e+00 -2.21027179e-02  1.54976512e-06  7.02186441e-05 
 4.41570447e+01  1.00146357e+00 -2.21540176e-02  1.55694295e-06  7.03809878e-05 
 4.42588372e+01  1.00147033e+00 -2.22054381e-02  1.56415414e-06  7.05437090e-05 
 4.43608644e+01  1.00147712e+00 -2.22569795e-02  1.57139884e-06  7.07068086e-05 
 4.44631267e+01  1.00148395e+00 -2.23086422e-02  1.57867721e-06  7.08702875e-05 
 4.45656248e+01  1.00149080e+00 -2.23604264e-02  1.58598941e-06  7.10341466e-05 
 4.46683592e+01  1.00149769e+00 -2.24123325e-02  1.59333560e-06  7.11983868e-05 
 4.47713304e+01  1.00150461e+00 -2.24643608e-02  1.60071593e-06  7.13630091e-05 
 4.48745390e+01  1.00151156e+00 -2.25165115e-02  1.60813057e-06  7.15280142e-05 
 4.49779855e+01  1.00151854e+00 -2.25687849e-02  1.61557967e-06  7.16934032e-05 
 4.50816705e+01  1.00152556e+00 -2.26211815e-02  1.62306340e-06  7.18591769e-05 
 4.51855944e+01  1.00153261e+00 -2.26737014e-02  1.63058193e-06  7.20253362e-05 
 4.52897580e+01  1.00153969e+00 -2.27263449e-02  1.63813540e-06  7.21918821e-05 
 4.53941617e+01  1.00154680e+00 -2.27791124e-02  1.64572399e-06  7.23588155e-05 
 4.54988060e+01  1.00155394e+00 -2.28320042e-02  1.65334786e-06  7.25261372e-05 
 4.56036916e+01  1.00156112e+00 -2.28850206e-02  1.66100718e-06  7.26938483e-05 
 4.57088190e+01  1.00156834e+00 -2.29381618e-02  1.66870211e-06  7.28619496e-05 
 4.58141887e+01  1.00157558e+00 -2.29914283e-02  1.67643281e-06  7.30304420e-05 
 4.59198013e+01  1.00158286e+00 -2.30448202e-02  1.68419947e-06  7.31993266e-05 
 4.60256574e+01  1.00159017e+00 -2.30983379e-02  1.69200224e-06  7.33686041e-05 
 4.61317575e+01  1.00159752e+00 -2.31519818e-02  1.69984129e-06  7.35382756e-05 
 4.62381021e+01  1.00160490e+00 -2.32057520e-02  1.70771679e-06  7.37083419e-05 
 4.63446920e+01  1.00161231e+00 -2.32596490e-02  1.71562892e-06  7.38788041e-05 
 4.64515275e+01  1.00161976e+00 -2.33136730e-02  1.72357785e-06  7.40496630e-05 
 4.65586094e+01  1.00162725e+00 -2.33678244e-02  1.73156374e-06  7.42209196e-05 
 4.66659380e+01  1.00163476e+00 -2.34221035e-02  1.73958677e-06  7.43925749e-05 
 4.67735141e+01  1.00164232e+00 -2.34765105e-02  1.74764712e-06  7.45646297e-05 
 4.68813382e+01  1.00164990e+00 -2.35310459e-02  1.75574497e-06  7.47370851e-05 
 4.69894109e+01  1.00165753e+00 -2.35857098e-02  1.76388047e-06  7.49099419e-05 
 4.70977326e+01  1.00166518e+00 -2.36405027e-02  1.77205382e-06  7.50832012e-05 
 4.72063041e+01  1.00167288e+00 -2.36954248e-02  1.78026519e-06  7.52568638e-05 
 4.73151259e+01  1.00168061e+00 -2.37504765e-02  1.78851476e-06  7.54309308e-05 
 4.74241985e+01  1.00168837e+00 -2.38056581e-02  1.79680271e-06  7.56054031e-05 
 4.75335226e+01  1.00169617e+00 -2.38609699e-02  1.80512921e-06  7.57802817e-05 
 4.76430987e+01  1.00170401e+00 -2.39164122e-02  1.81349445e-06  7.59555675e-05 
 4.77529274e+01  1.00171188e+00 -2.39719853e-02  1.82189861e-06  7.61312615e-05 
 4.78630092e+01  1.00171979e+00 -2.40276897e-02  1.83034187e-06  7.63073647e-05 
 4.79733449e+01  1.00172774e+00 -2.40835255e-02  1.83882442e-06  7.64838780e-05 
 4.80839348e+01  1.00173572e+00 -2.41394931e-02  1.84734644e-06  7.66608025e-05 
 4.81947798e+01  1.00174374e+00 -2.41955929e-02  1.85590811e-06  7.68381390e-05 
 4.83058802e+01  1.00175179e+00 -2.42518252e-02  1.86450963e-06  7.70158886e-05 
 4.84172368e+01  1.00175989e+00 -2.43081902e-02  1.87315117e-06  7.71940522e-05 
 4.85288500e+01  1.00176802e+00 -2.43646884e-02  1.88183293e-06  7.73726309e-05 
 4.86407206e+01  1.00177619e+00 -2.44213201e-02  1.89055509e-06  7.75516256e-05 
 4.87528490e+01  1.00178439e+00 -2.44780855e-02  1.89931785e-06  7.77310374e-05 
 4.88652359e+01  1.00179264e+00 -2.45349850e-02  1.90812139e-06  7.79108671e-05 
 4.89778819e+01  1.00180092e+00 -2.45920190e-02  1.91696590e-06  7.80911158e-05 
 4.90907876e+01  1.00180924e+00 -2.46491878e-02  1.92585158e-06  7.82717846e-05 
 4.92039536e+01  1.00181760e+00 -2.47064917e-02  1.93477863e-06  7.84528743e-05 
 4.93173804e+01  1.00182600e+00 -2.47639310e-02  1.94374723e-06  7.86343860e-05 
 4.94310687e+01  1.00183444e+00 -2.48215062e-02  1.95275758e-06  7.88163208e-05 
 4.95450191e+01  1.00184291e+00 -2.48792174e-02  1.96180988e-06  7.89986795e-05 
 4.96592321e+01  1.00185143e+00 -2.49370651e-02  1.97090432e-06  7.91814633e-05 
 4.97737085e+01  1.00185998e+00 -2.49950496e-02  1.98004110e-06  7.93646731e-05 
 4.98884487e+01  1.00186858e+00 -2.50531713e-02  1.98922042e-06  7.95483099e-05 
 5.00034535e+01  1.00187721e+00 -2.51114304e-02  1.99844248e-06  7.97323748e-05 
 5.01187234e+01  1.00188588e+00 -2.51698274e-02  2.00770749e-06  7.99168688e-05 
 5.02342590e+01  1.00189460e+00 -2.52283625e-02  2.01701563e-06  8.01017929e-05 
 5.03500609e+01  1.00190335e+00 -2.52870361e-02  2.02636712e-06  8.02871481e-05 
 5.04661298e+01  1.00191215e+00 -2.53458485e-02  2.03576216e-06  8.04729355e-05 
 5.05824662e+01  1.00192098e+00 -2.54048002e-02  2.04520095e-06  8.06591561e-05 
 5.06990708e+01  1.00192986e+00 -2.54638914e-02  2.05468370e-06  8.08458109e-05 
 5.08159443e+01  1.00193878e+00 -2.55231225e-02  2.06421061e-06  8.10329009e-05 
 5.09330871e+01  1.00194774e+00 -2.55824938e-02  2.07378190e-06  8.12204273e-05 
 5.10505000e+01  1.00195674e+00 -2.56420057e-02  2.08339777e-06  8.14083909e-05 
 5.11681836e+01  1.00196578e+00 -2.57016585e-02  2.09305842e-06  8.15967930e-05 
 5.12861384e+01  1.00197486e+00 -2.57614527e-02  2.10276408e-06  8.17856344e-05 
 5.14043652e+01  1.00198399e+00 -2.58213884e-02  2.11251496e-06  8.19749164e-05 
 5.15228645e+01  1.00199315e+00 -2.58814662e-02  2.12231126e-06  8.21646399e-05 
 5.16416369e+01  1.00200236e+00 -2.59416863e-02  2.13215319e-06  8.23548059e-05 
 5.17606832e+01  1.00201162e+00 -2.60020491e-02  2.14204098e-06  8.25454156e-05 
 5.18800039e+01  1.00202091e+00 -2.60625549e-02  2.15197484e-06  8.27364699e-05 
 5.19995997e+01  1.00203025e+00 -2.61232042e-02  2.16195499e-06  8.29279701e-05 
 5.21194711e+01  1.00203963e+00 -2.61839973e-02  2.17198163e-06  8.31199170e-05 
 5.22396189e+01  1.00204906e+00 -2.62449344e-02  2.18205500e-06  8.33123118e-05 
 5.23600437e+01  1.00205853e+00 -2.63060161e-02  2.19217531e-06  8.35051556e-05 
 5.24807460e+01  1.00206804e+00 -2.63672426e-02  2.20234279e-06  8.36984494e-05 
 5.26017266e+01  1.00207760e+00 -2.64286143e-02  2.21255765e-06  8.38921943e-05 
 5.27229861e+01  1.00208720e+00 -2.64901316e-02  2.22282011e-06  8.40863914e-05 
 5.28445252e+01  1.00209684e+00 -2.65517949e-02  2.23313041e-06  8.42810418e-05 
 5.29663444e+01  1.00210653e+00 -2.66136044e-02  2.24348876e-06  8.44761465e-05 
 5.30884444e+01  1.00211627e+00 -2.66755606e-02  2.25389540e-06  8.46717066e-05 
 5.32108259e+01  1.00212605e+00 -2.67376639e-02  2.26435055e-06  8.48677233e-05 
 5.33334895e+01  1.00213587e+00 -2.67999146e-02  2.27485443e-06  8.50641976e-05 
 5.34564359e+01  1.00214574e+00 -2.68623130e-02  2.28540728e-06  8.52611306e-05 
 5.35796658e+01  1.00215566e+00 -2.69248596e-02  2.29600933e-06  8.54585233e-05 
 5.37031796e+01  1.00216562e+00 -2.69875547e-02  2.30666081e-06  8.56563771e-05 
 5.38269783e+01  1.00217563e+00 -2.70503987e-02  2.31736196e-06  8.58546928e-05 
 5.39510623e+01  1.00218568e+00 -2.71133920e-02  2.32811300e-06  8.60534716e-05 
 5.40754323e+01  1.00219578e+00 -2.71765349e-02  2.33891417e-06  8.62527147e-05 
 5.42000890e+01  1.00220593e+00 -2.72398279e-02  2.34976570e-06  8.64524231e-05 
 5.43250331e+01  1.00221612e+00 -2.73032712e-02  2.36066784e-06  8.66525979e-05 
 5.44502653e+01  1.00222637e+00 -2.73668653e-02  2.37162083e-06  8.68532403e-05 
 5.45757861e+01  1.00223666e+00 -2.74306105e-02  2.38262490e-06  8.70543514e-05 
 5.47015963e+01  1.00224699e+00 -2.74945073e-02  2.39368029e-06  8.72559324e-05 
 5.48276965e+01  1.00225738e+00 -2.75585560e-02  2.40478724e-06  8.74579842e-05 
 5.49540874e+01  1.00226781e+00 -2.76227570e-02  2.41594601e-06  8.76605082e-05 
 5.50807696e+01  1.00227829e+00 -2.76871107e-02  2.42715683e-06  8.78635053e-05 
 5.52077439e+01  1.00228882e+00 -2.77516174e-02  2.43841994e-06  8.80669768e-05 
 5.53350109e+01  1.00229940e+00 -2.78162776e-02  2.44973560e-06  8.82709237e-05 
 5.54625713e+01  1.00231003e+00 -2.78810916e-02  2.46110405e-06  8.84753473e-05 
 5.55904257e+01  1.00232070e+00 -2.79460598e-02  2.47252554e-06  8.86802486e-05 
 5.57185749e+01  1.00233143e+00 -2.80111827e-02  2.48400032e-06  8.88856288e-05 
 5.58470195e+01  1.00234220e+00 -2.80764605e-02  2.49552864e-06  8.90914891e-05 
 5.59757601e+01  1.00235303e+00 -2.81418938e-02  2.50711076e-06  8.92978306e-05 
 5.61047976e+01  1.00236390e+00 -2.82074828e-02  2.51874693e-06  8.95046544e-05 
 5.62341325e+01  1.00237483e+00 -2.82732280e-02  2.53043740e-06  8.97119618e-05 
 5.63637656e+01  1.00238580e+00 -2.83391298e-02  2.54218243e-06  8.99197539e-05 
 5.64936975e+01  1.00239683e+00 -2.84051886e-02  2.55398227e-06  9.01280318e-05 
 5.66239289e+01  1.00240791e+00 -2.84714047e-02  2.56583720e-06  9.03367967e-05 
 5.67544605e+01  1.00241904e+00 -2.85377786e-02  2.57774745e-06  9.05460498e-05 
 5.68852931e+01  1.00243022e+00 -2.86043107e-02  2.58971331e-06  9.07557922e-05 
 5.70164272e+01  1.00244145e+00 -2.86710013e-02  2.60173502e-06  9.09660252e-05 
 5.71478637e+01  1.00245274e+00 -2.87378509e-02  2.61381285e-06  9.11767499e-05 
 5.72796031e+01  1.00246407e+00 -2.88048599e-02  2.62594708e-06  9.13879675e-05 
 5.74116462e+01  1.00247546e+00 -2.88720287e-02  2.63813795e-06  9.15996792e-05 
 5.75439937e+01  1.00248690e+00 -2.89393576e-02  2.65038575e-06  9.18118862e-05 
 5.76766463e+01  1.00249840e+00 -2.90068471e-02  2.66269074e-06  9.20245896e-05 
 5.78096047e+01  1.00250995e+00 -2.90744976e-02  2.67505319e-06  9.22377907e-05 
 5.79428696e+01  1.00252155e+00 -2.91423096e-02  2.68747337e-06  9.24514907e-05 
 5.80764418e+01  1.00253320e+00 -2.92102833e-02  2.69995155e-06  9.26656907e-05 
 5.82103218e+01  1.00254491e+00 -2.92784193e-02  2.71248801e-06  9.28803919e-05 
 5.83445104e+01  1.00255668e+00 -2.93467179e-02  2.72508303e-06  9.30955957e-05 
 5.84790084e+01  1.00256849e+00 -2.94151796e-02  2.73773687e-06  9.33113031e-05 
 5.86138165e+01  1.00258037e+00 -2.94838047e-02  2.75044983e-06  9.35275154e-05 
 5.87489353e+01  1.00259229e+00 -2.95525937e-02  2.76322217e-06  9.37442338e-05 
 5.88843655e+01  1.00260428e+00 -2.96215470e-02  2.77605418e-06  9.39614596e-05 
 5.90201080e+01  1.00261631e+00 -2.96906651e-02  2.78894614e-06  9.41791939e-05 
 5.91561634e+01  1.00262841e+00 -2.97599483e-02  2.80189834e-06  9.43974380e-05 
 5.92925325e+01  1.00264056e+00 -2.98293970e-02  2.81491105e-06  9.46161931e-05 
 5.94292159e+01  1.00265276e+00 -2.98990117e-02  2.82798457e-06  9.48354605e-05 
 5.95662144e+01  1.00266503e+00 -2.99687929e-02  2.84111918e-06  9.50552413e-05 
 5.97035287e+01  1.00267735e+00 -3.00387408e-02  2.85431517e-06  9.52755369e-05 
 5.98411595e+01  1.00268972e+00 -3.01088561e-02  2.86757283e-06  9.54963484e-05 
 5.99791076e+01  1.00270216e+00 -3.01791390e-02  2.88089246e-06  9.57176772e-05 
 6.01173737e+01  1.00271465e+00 -3.02495901e-02  2.89427435e-06  9.59395244e-05 
 6.02559586e+01  1.00272720e+00 -3.03202096e-02  2.90771878e-06  9.61618913e-05 
 6.03948629e+01  1.00273980e+00 -3.03909982e-02  2.92122606e-06  9.63847791e-05 
 6.05340875e+01  1.00275247e+00 -3.04619562e-02  2.93479649e-06  9.66081892e-05 
 6.06736330e+01  1.00276519e+00 -3.05330840e-02  2.94843036e-06  9.68321228e-05 
 6.08135001e+01  1.00277798e+00 -3.06043821e-02  2.96212798e-06  9.70565812e-05 
 6.09536897e+01  1.00279082e+00 -3.06758510e-02  2.97588964e-06  9.72815655e-05 
 6.10942025e+01  1.00280372e+00 -3.07474909e-02  2.98971564e-06  9.75070772e-05 
 6.12350392e+01  1.00281668e+00 -3.08193025e-02  3.00360631e-06  9.77331174e-05 
 6.13762005e+01  1.00282970e+00 -3.08912861e-02  3.01756193e-06  9.79596875e-05 
 6.15176873e+01  1.00284279e+00 -3.09634422e-02  3.03158282e-06  9.81867887e-05 
 6.16595002e+01  1.00285593e+00 -3.10357712e-02  3.04566929e-06  9.84144224e-05 
 6.18016400e+01  1.00286913e+00 -3.11082736e-02  3.05982164e-06  9.86425897e-05 
 6.19441075e+01  1.00288240e+00 -3.11809498e-02  3.07404020e-06  9.88712921e-05 
 6.20869034e+01  1.00289572e+00 -3.12538003e-02  3.08832527e-06  9.91005307e-05 
 6.22300285e+01  1.00290911e+00 -3.13268254e-02  3.10267716e-06  9.93303070e-05 
 6.23734835e+01  1.00292256e+00 -3.14000258e-02  3.11709620e-06  9.95606221e-05 
 6.25172693e+01  1.00293607e+00 -3.14734017e-02  3.13158271e-06  9.97914774e-05 
 6.26613865e+01  1.00294964e+00 -3.15469537e-02  3.14613700e-06  1.00022874e-04 
 6.28058359e+01  1.00296328e+00 -3.16206822e-02  3.16075939e-06  1.00254814e-04 
 6.29506183e+01  1.00297698e+00 -3.16945877e-02  3.17545022e-06  1.00487298e-04 
 6.30957344e+01  1.00299075e+00 -3.17686706e-02  3.19020979e-06  1.00720327e-04 
 6.32411851e+01  1.00300457e+00 -3.18429314e-02  3.20503845e-06  1.00953903e-04 
 6.33869711e+01  1.00301846e+00 -3.19173706e-02  3.21993651e-06  1.01188027e-04 
 6.35330932e+01  1.00303242e+00 -3.19919886e-02  3.23490430e-06  1.01422701e-04 
 6.36795521e+01  1.00304644e+00 -3.20667858e-02  3.24994217e-06  1.01657926e-04 
 6.38263486e+01  1.00306053e+00 -3.21417628e-02  3.26505043e-06  1.01893702e-04 
 6.39734835e+01  1.00307468e+00 -3.22169200e-02  3.28022942e-06  1.02130032e-04 
 6.41209577e+01  1.00308889e+00 -3.22922578e-02  3.29547949e-06  1.02366917e-04 
 6.42687717e+01  1.00310318e+00 -3.23677768e-02  3.31080096e-06  1.02604358e-04 
 6.44169266e+01  1.00311752e+00 -3.24434774e-02  3.32619418e-06  1.02842356e-04 
 6.45654229e+01  1.00313194e+00 -3.25193601e-02  3.34165948e-06  1.03080914e-04 
 6.47142616e+01  1.00314642e+00 -3.25954253e-02  3.35719721e-06  1.03320031e-04 
 6.48634434e+01  1.00316097e+00 -3.26716735e-02  3.37280772e-06  1.03559710e-04 
 6.50129690e+01  1.00317558e+00 -3.27481053e-02  3.38849134e-06  1.03799953e-04 
 6.51628394e+01  1.00319027e+00 -3.28247210e-02  3.40424843e-06  1.04040759e-04 
 6.53130553e+01  1.00320502e+00 -3.29015212e-02  3.42007933e-06  1.04282131e-04 
 6.54636174e+01  1.00321984e+00 -3.29785063e-02  3.43598440e-06  1.04524070e-04 
 6.56145266e+01  1.00323473e+00 -3.30556769e-02  3.45196399e-06  1.04766578e-04 
 6.57657837e+01  1.00324969e+00 -3.31330333e-02  3.46801845e-06  1.05009656e-04 
 6.59173895e+01  1.00326471e+00 -3.32105762e-02  3.48414814e-06  1.05253304e-04 
 6.60693448e+01  1.00327981e+00 -3.32883059e-02  3.50035342e-06  1.05497526e-04 
 6.62216504e+01  1.00329497e+00 -3.33662230e-02  3.51663464e-06  1.05742321e-04 
 6.63743070e+01  1.00331021e+00 -3.34443279e-02  3.53299217e-06  1.05987692e-04 
 6.65273156e+01  1.00332552e+00 -3.35226212e-02  3.54942637e-06  1.06233639e-04 
 6.66806769e+01  1.00334090e+00 -3.36011033e-02  3.56593760e-06  1.06480165e-04 
 6.68343918e+01  1.00335635e+00 -3.36797747e-02  3.58252623e-06  1.06727271e-04 
 6.69884609e+01  1.00337187e+00 -3.37586359e-02  3.59919264e-06  1.06974957e-04 
 6.71428853e+01  1.00338746e+00 -3.38376875e-02  3.61593718e-06  1.07223226e-04 
 6.72976656e+01  1.00340312e+00 -3.39169299e-02  3.63276024e-06  1.07472079e-04 
 6.74528028e+01  1.00341886e+00 -3.39963636e-02  3.64966218e-06  1.07721517e-04 
 6.76082975e+01  1.00343467e+00 -3.40759891e-02  3.66664339e-06  1.07971542e-04 
 6.77641508e+01  1.00345056e+00 -3.41558070e-02  3.68370423e-06  1.08222156e-04 
 6.79203633e+01  1.00346651e+00 -3.42358177e-02  3.70084509e-06  1.08473358e-04 
 6.80769359e+01  1.00348255e+00 -3.43160217e-02  3.71806635e-06  1.08725152e-04 
 6.82338694e+01  1.00349865e+00 -3.43964195e-02  3.73536839e-06  1.08977539e-04 
 6.83911647e+01  1.00351483e+00 -3.44770118e-02  3.75275160e-06  1.09230519e-04 
 6.85488226e+01  1.00353109e+00 -3.45577988e-02  3.77021636e-06  1.09484095e-04 
 6.87068440e+01  1.00354742e+00 -3.46387813e-02  3.78776307e-06  1.09738267e-04 
 6.88652296e+01  1.00356382e+00 -3.47199596e-02  3.80539211e-06  1.09993038e-04 
 6.90239804e+01  1.00358031e+00 -3.48013344e-02  3.82310387e-06  1.10248409e-04 
 6.91830971e+01  1.00359686e+00 -3.48829061e-02  3.84089876e-06  1.10504381e-04 
 6.93425806e+01  1.00361350e+00 -3.49646752e-02  3.85877716e-06  1.10760956e-04 
 6.95024318e+01  1.00363021e+00 -3.50466423e-02  3.87673948e-06  1.11018135e-04 
 6.96626514e+01  1.00364700e+00 -3.51288078e-02  3.89478612e-06  1.11275920e-04 
 6.98232404e+01  1.00366387e+00 -3.52111724e-02  3.91291747e-06  1.11534312e-04 
 6.99841996e+01  1.00368082e+00 -3.52937366e-02  3.93113394e-06  1.11793313e-04 
 7.01455298e+01  1.00369784e+00 -3.53765007e-02  3.94943594e-06  1.12052923e-04 
 7.03072320e+01  1.00371494e+00 -3.54594655e-02  3.96782388e-06  1.12313146e-04 
 7.04693069e+01  1.00373213e+00 -3.55426315e-02  3.98629817e-06  1.12573981e-04 
 7.06317554e+01  1.00374939e+00 -3.56259990e-02  4.00485921e-06  1.12835432e-04 
 7.07945784e+01  1.00376673e+00 -3.57095688e-02  4.02350743e-06  1.13097498e-04 
 7.09577768e+01  1.00378415e+00 -3.57933413e-02  4.04224324e-06  1.13360183e-04 
 7.11213514e+01  1.00380166e+00 -3.58773171e-02  4.06106706e-06  1.13623486e-04 
 7.12853030e+01  1.00381924e+00 -3.59614967e-02  4.07997931e-06  1.13887410e-04 
 7.14496326e+01  1.00383691e+00 -3.60458806e-02  4.09898040e-06  1.14151957e-04 
 7.16143410e+01  1.00385465e+00 -3.61304695e-02  4.11807078e-06  1.14417127e-04 
 7.17794291e+01  1.00387248e+00 -3.62152638e-02  4.13725086e-06  1.14682923e-04 
 7.19448978e+01  1.00389040e+00 -3.63002640e-02  4.15652106e-06  1.14949345e-04 
 7.21107479e+01  1.00390839e+00 -3.63854708e-02  4.17588184e-06  1.15216396e-04 
 7.22769804e+01  1.00392647e+00 -3.64708847e-02  4.19533360e-06  1.15484077e-04 
 7.24435960e+01  1.00394464e+00 -3.65565063e-02  4.21487680e-06  1.15752390e-04 
 7.26105957e+01  1.00396288e+00 -3.66423360e-02  4.23451187e-06  1.16021335e-04 
 7.27779805e+01  1.00398121e+00 -3.67283745e-02  4.25423924e-06  1.16290915e-04 
 7.29457510e+01  1.00399963e+00 -3.68146222e-02  4.27405937e-06  1.16561132e-04 
 7.31139083e+01  1.00401813e+00 -3.69010799e-02  4.29397268e-06  1.16831986e-04 
 7.32824533e+01  1.00403672e+00 -3.69877480e-02  4.31397964e-06  1.17103479e-04 
 7.34513868e+01  1.00405540e+00 -3.70746270e-02  4.33408069e-06  1.17375614e-04 
 7.36207097e+01  1.00407416e+00 -3.71617176e-02  4.35427627e-06  1.17648391e-04 
 7.37904230e+01  1.00409300e+00 -3.72490204e-02  4.37456685e-06  1.17921812e-04 
 7.39605275e+01  1.00411194e+00 -3.73365358e-02  4.39495287e-06  1.18195878e-04 
 7.41310241e+01  1.00413096e+00 -3.74242645e-02  4.41543480e-06  1.18470593e-04 
 7.43019138e+01  1.00415007e+00 -3.75122071e-02  4.43601309e-06  1.18745955e-04 
 7.44731974e+01  1.00416927e+00 -3.76003640e-02  4.45668820e-06  1.19021969e-04 
 7.46448758e+01  1.00418856e+00 -3.76887360e-02  4.47746061e-06  1.19298634e-04 
 7.48169501e+01  1.00420794e+00 -3.77773235e-02  4.49833077e-06  1.19575954e-04 
 7.49894209e+01  1.00422741e+00 -3.78661271e-02  4.51929915e-06  1.19853928e-04 
 7.51622894e+01  1.00424697e+00 -3.79551475e-02  4.54036623e-06  1.20132560e-04 
 7.53355564e+01  1.00426662e+00 -3.80443852e-02  4.56153248e-06  1.20411850e-04 
 7.55092228e+01  1.00428636e+00 -3.81338407e-02  4.58279837e-06  1.20691800e-04 
 7.56832895e+01  1.00430619e+00 -3.82235148e-02  4.60416439e-06  1.20972412e-04 
 7.58577575e+01  1.00432611e+00 -3.83134079e-02  4.62563101e-06  1.21253688e-04 
 7.60326277e+01  1.00434613e+00 -3.84035208e-02  4.64719871e-06  1.21535628e-04 
 7.62079010e+01  1.00436624e+00 -3.84938538e-02  4.66886799e-06  1.21818236e-04 
 7.63835784e+01  1.00438644e+00 -3.85844078e-02  4.69063933e-06  1.22101512e-04 
 7.65596607e+01  1.00440673e+00 -3.86751831e-02  4.71251321e-06  1.22385458e-04 
 7.67361489e+01  1.00442712e+00 -3.87661806e-02  4.73449014e-06  1.22670076e-04 
 7.69130440e+01  1.00444761e+00 -3.88574007e-02  4.75657060e-06  1.22955367e-04 
 7.70903469e+01  1.00446819e+00 -3.89488440e-02  4.77875510e-06  1.23241333e-04 
 7.72680585e+01  1.00448886e+00 -3.90405113e-02  4.80104413e-06  1.23527977e-04 
 7.74461798e+01  1.00450963e+00 -3.91324030e-02  4.82343820e-06  1.23815298e-04 
 7.76247117e+01  1.00453050e+00 -3.92245197e-02  4.84593781e-06  1.24103300e-04 
 7.78036551e+01  1.00455146e+00 -3.93168622e-02  4.86854347e-06  1.24391984e-04 
 7.79830111e+01  1.00457253e+00 -3.94094310e-02  4.89125569e-06  1.24681351e-04 
 7.81627805e+01  1.00459369e+00 -3.95022267e-02  4.91407499e-06  1.24971403e-04 
 7.83429643e+01  1.00461494e+00 -3.95952500e-02  4.93700187e-06  1.25262142e-04 
 7.85235635e+01  1.00463630e+00 -3.96885015e-02  4.96003685e-06  1.25553570e-04 
 7.87045790e+01  1.00465775e+00 -3.97819817e-02  4.98318046e-06  1.25845689e-04 
 7.88860118e+01  1.00467931e+00 -3.98756913e-02  5.00643322e-06  1.26138499e-04 
 7.90678628e+01  1.00470096e+00 -3.99696310e-02  5.02979565e-06  1.26432003e-04 
 7.92501330e+01  1.00472272e+00 -4.00638014e-02  5.05326828e-06  1.26726203e-04 
 7.94328235e+01  1.00474457e+00 -4.01582030e-02  5.07685165e-06  1.27021100e-04 
 7.96159350e+01  1.00476653e+00 -4.02528366e-02  5.10054628e-06  1.27316696e-04 
 7.97994687e+01  1.00478859e+00 -4.03477028e-02  5.12435271e-06  1.27612993e-04 
 7.99834255e+01  1.00481075e+00 -4.04428021e-02  5.14827148e-06  1.27909993e-04 
 8.01678063e+01  1.00483301e+00 -4.05381354e-02  5.17230314e-06  1.28207696e-04 
 8.03526122e+01  1.00485538e+00 -4.06337031e-02  5.19644822e-06  1.28506106e-04 
 8.05378441e+01  1.00487785e+00 -4.07295059e-02  5.22070728e-06  1.28805224e-04 
 8.07235030e+01  1.00490043e+00 -4.08255446e-02  5.24508086e-06  1.29105051e-04 
 8.09095899e+01  1.00492311e+00 -4.09218196e-02  5.26956952e-06  1.29405589e-04 
 8.10961058e+01  1.00494589e+00 -4.10183317e-02  5.29417381e-06  1.29706841e-04 
 8.12830516e+01  1.00496879e+00 -4.11150816e-02  5.31889428e-06  1.30008807e-04 
 8.14704284e+01  1.00499178e+00 -4.12120699e-02  5.34373151e-06  1.30311491e-04 
 8.16582371e+01  1.00501489e+00 -4.13092972e-02  5.36868605e-06  1.30614892e-04 
 8.18464788e+01  1.00503810e+00 -4.14067642e-02  5.39375847e-06  1.30919014e-04 
 8.20351544e+01  1.00506142e+00 -4.15044716e-02  5.41894934e-06  1.31223858e-04 
 8.22242650e+01  1.00508485e+00 -4.16024200e-02  5.44425923e-06  1.31529427e-04 
 8.24138115e+01  1.00510838e+00 -4.17006102e-02  5.46968872e-06  1.31835720e-04 
 8.26037950e+01  1.00513203e+00 -4.17990427e-02  5.49523838e-06  1.32142742e-04 
 8.27942164e+01  1.00515578e+00 -4.18977182e-02  5.52090880e-06  1.32450492e-04 
 8.29850768e+01  1.00517965e+00 -4.19966375e-02  5.54670056e-06  1.32758974e-04 
 8.31763771e+01  1.00520362e+00 -4.20958011e-02  5.57261425e-06  1.33068189e-04 
 8.33681185e+01  1.00522771e+00 -4.21952099e-02  5.59865045e-06  1.33378139e-04 
 8.35603018e+01  1.00525191e+00 -4.22948644e-02  5.62480976e-06  1.33688826e-04 
 8.37529282e+01  1.00527622e+00 -4.23947653e-02  5.65109277e-06  1.34000251e-04 
 8.39459987e+01  1.00530065e+00 -4.24949133e-02  5.67750009e-06  1.34312417e-04 
 8.41395142e+01  1.00532519e+00 -4.25953092e-02  5.70403231e-06  1.34625325e-04 
 8.43334758e+01  1.00534984e+00 -4.26959535e-02  5.73069004e-06  1.34938977e-04 
 8.45278845e+01  1.00537460e+00 -4.27968471e-02  5.75747389e-06  1.35253375e-04 
 8.47227414e+01  1.00539948e+00 -4.28979906e-02  5.78438447e-06  1.35568522e-04 
 8.49180475e+01  1.00542448e+00 -4.29993846e-02  5.81142239e-06  1.35884418e-04 
 8.51138038e+01  1.00544959e+00 -4.31010299e-02  5.83858826e-06  1.36201066e-04 
 8.53100114e+01  1.00547482e+00 -4.32029273e-02  5.86588272e-06  1.36518467e-04 
 8.55066713e+01  1.00550017e+00 -4.33050773e-02  5.89330638e-06  1.36836624e-04 
 8.57037845e+01  1.00552564e+00 -4.34074808e-02  5.92085988e-06  1.37155538e-04 
 8.59013522e+01  1.00555122e+00 -4.35101383e-02  5.94854383e-06  1.37475212e-04 
 8.60993752e+01  1.00557692e+00 -4.36130507e-02  5.97635887e-06  1.37795647e-04 
 8.62978548e+01  1.00560274e+00 -4.37162187e-02  6.00430564e-06  1.38116845e-04 
 8.64967919e+01  1.00562868e+00 -4.38196429e-02  6.03238478e-06  1.38438808e-04 
 8.66961876e+01  1.00565474e+00 -4.39233241e-02  6.06059693e-06  1.38761539e-04 
 8.68960429e+01  1.00568092e+00 -4.40272630e-02  6.08894273e-06  1.39085038e-04 
 8.70963590e+01  1.00570723e+00 -4.41314603e-02  6.11742285e-06  1.39409308e-04 
 8.72971368e+01  1.00573365e+00 -4.42359169e-02  6.14603791e-06  1.39734352e-04 
 8.74983775e+01  1.00576020e+00 -4.43406333e-02  6.17478860e-06  1.40060170e-04 
 8.77000821e+01  1.00578687e+00 -4.44456103e-02  6.20367555e-06  1.40386765e-04 
 8.79022517e+01  1.00581367e+00 -4.45508488e-02  6.23269944e-06  1.40714138e-04 
 8.81048873e+01  1.00584059e+00 -4.46563493e-02  6.26186093e-06  1.41042293e-04 
 8.83079900e+01  1.00586764e+00 -4.47621127e-02  6.29116069e-06  1.41371230e-04 
 8.85115610e+01  1.00589481e+00 -4.48681397e-02  6.32059939e-06  1.41700952e-04 
 8.87156012e+01  1.00592210e+00 -4.49744310e-02  6.35017771e-06  1.42031460e-04 
 8.89201118e+01  1.00594953e+00 -4.50809874e-02  6.37989633e-06  1.42362758e-04 
 8.91250938e+01  1.00597708e+00 -4.51878097e-02  6.40975593e-06  1.42694846e-04 
 8.93305484e+01  1.00600476e+00 -4.52948986e-02  6.43975720e-06  1.43027727e-04 
 8.95364766e+01  1.00603257e+00 -4.54022548e-02  6.46990083e-06  1.43361403e-04 
 8.97428795e+01  1.00606050e+00 -4.55098792e-02  6.50018751e-06  1.43695875e-04 
 8.99497582e+01  1.00608857e+00 -4.56177725e-02  6.53061793e-06  1.44031146e-04 
 9.01571138e+01  1.00611677e+00 -4.57259354e-02  6.56119280e-06  1.44367218e-04 
 9.03649474e+01  1.00614510e+00 -4.58343687e-02  6.59191283e-06  1.44704093e-04 
 9.05732601e+01  1.00617356e+00 -4.59430732e-02  6.62277872e-06  1.45041773e-04 
 9.07820530e+01  1.00620215e+00 -4.60520497e-02  6.65379118e-06  1.45380260e-04 
 9.09913273e+01  1.00623087e+00 -4.61612990e-02  6.68495092e-06  1.45719556e-04 
 9.12010839e+01  1.00625973e+00 -4.62708218e-02  6.71625868e-06  1.46059663e-04 
 9.14113241e+01  1.00628872e+00 -4.63806189e-02  6.74771516e-06  1.46400584e-04 
 9.16220490e+01  1.00631785e+00 -4.64906911e-02  6.77932109e-06  1.46742319e-04 
 9.18332596e+01  1.00634712e+00 -4.66010392e-02  6.81107721e-06  1.47084872e-04 
 9.20449572e+01  1.00637651e+00 -4.67116640e-02  6.84298425e-06  1.47428245e-04 
 9.22571427e+01  1.00640605e+00 -4.68225663e-02  6.87504294e-06  1.47772439e-04 
 9.24698174e+01  1.00643572e+00 -4.69337468e-02  6.90725403e-06  1.48117456e-04 
 9.26829823e+01  1.00646553e+00 -4.70452065e-02  6.93961826e-06  1.48463300e-04 
 9.28966387e+01  1.00649548e+00 -4.71569460e-02  6.97213637e-06  1.48809971e-04 
 9.31107875e+01  1.00652557e+00 -4.72689662e-02  7.00480914e-06  1.49157472e-04 
 9.33254301e+01  1.00655580e+00 -4.73812680e-02  7.03763730e-06  1.49505805e-04 
 9.35405674e+01  1.00658617e+00 -4.74938520e-02  7.07062162e-06  1.49854973e-04 
 9.37562007e+01  1.00661668e+00 -4.76067192e-02  7.10376286e-06  1.50204977e-04 
 9.39723311e+01  1.00664733e+00 -4.77198704e-02  7.13706180e-06  1.50555820e-04 
 9.41889597e+01  1.00667812e+00 -4.78333063e-02  7.17051920e-06  1.50907503e-04 
 9.44060876e+01  1.00670906e+00 -4.79470279e-02  7.20413584e-06  1.51260029e-04 
 9.46237161e+01  1.00674014e+00 -4.80610358e-02  7.23791250e-06  1.51613400e-04 
 9.48418463e+01  1.00677137e+00 -4.81753311e-02  7.27184997e-06  1.51967619e-04 
 9.50604794e+01  1.00680274e+00 -4.82899145e-02  7.30594903e-06  1.52322686e-04 
 9.52796164e+01  1.00683426e+00 -4.84047868e-02  7.34021047e-06  1.52678606e-04 
 9.54992586e+01  1.00686592e+00 -4.85199488e-02  7.37463510e-06  1.53035379e-04 
 9.57194071e+01  1.00689773e+00 -4.86354016e-02  7.40922371e-06  1.53393008e-04 
 9.59400632e+01  1.00692969e+00 -4.87511458e-02  7.44397711e-06  1.53751495e-04 
 9.61612278e+01  1.00696180e+00 -4.88671823e-02  7.47889610e-06  1.54110843e-04 
 9.63829024e+01  1.00699405e+00 -4.89835120e-02  7.51398150e-06  1.54471053e-04 
 9.66050879e+01  1.00702646e+00 -4.91001358e-02  7.54923413e-06  1.54832128e-04 
 9.68277856e+01  1.00705902e+00 -4.92170545e-02  7.58465481e-06  1.55194070e-04 
 9.70509967e+01  1.00709173e+00 -4.93342689e-02  7.62024436e-06  1.55556882e-04 
 9.72747224e+01  1.00712459e+00 -4.94517800e-02  7.65600362e-06  1.55920565e-04 
 9.74989638e+01  1.00715760e+00 -4.95695886e-02  7.69193342e-06  1.56285122e-04 
 9.77237221e+01  1.00719077e+00 -4.96876956e-02  7.72803459e-06  1.56650555e-04 
 9.79489985e+01  1.00722409e+00 -4.98061018e-02  7.76430798e-06  1.57016866e-04 
 9.81747943e+01  1.00725757e+00 -4.99248082e-02  7.80075444e-06  1.57384058e-04 
 9.84011106e+01  1.00729120e+00 -5.00438157e-02  7.83737482e-06  1.57752133e-04 
 9.86279486e+01  1.00732499e+00 -5.01631250e-02  7.87416998e-06  1.58121093e-04 
 9.88553095e+01  1.00735893e+00 -5.02827372e-02  7.91114077e-06  1.58490941e-04 
 9.90831945e+01  1.00739304e+00 -5.04026530e-02  7.94828807e-06  1.58861678e-04 
 9.93116048e+01  1.00742730e+00 -5.05228735e-02  7.98561273e-06  1.59233308e-04 
 9.95405417e+01  1.00746172e+00 -5.06433995e-02  8.02311565e-06  1.59605832e-04 
 9.97700064e+01  1.00749630e+00 -5.07642319e-02  8.06079769e-06  1.59979252e-04 
 1.00000000e+02  1.00753105e+00 -5.08853716e-02  8.09865974e-06  1.60353572e-04 
 1.00230524e+02  1.00756595e+00 -5.10068196e-02  8.13670268e-06  1.60728793e-04 
 1.00461579e+02  1.00760102e+00 -5.11285767e-02  8.17492741e-06  1.61104918e-04 
 1.00693167e+02  1.00763625e+00 -5.12506439e-02  8.21333484e-06  1.61481949e-04 
 1.00925289e+02  1.00767164e+00 -5.13730221e-02  8.25192585e-06  1.61859889e-04 
 1.01157945e+02  1.00770720e+00 -5.14957123e-02  8.29070135e-06  1.62238740e-04 
 1.01391139e+02  1.00774292e+00 -5.16187153e-02  8.32966227e-06  1.62618503e-04 
 1.01624869e+02  1.00777882e+00 -5.17420320e-02  8.36880950e-06  1.62999183e-04 
 1.01859139e+02  1.00781487e+00 -5.18656635e-02  8.40814399e-06  1.63380780e-04 
 1.02093948e+02  1.00785110e+00 -5.19896107e-02  8.44766664e-06  1.63763298e-04 
 1.02329299e+02  1.00788749e+00 -5.21138745e-02  8.48737840e-06  1.64146738e-04 
 1.02565193e+02  1.00792406e+00 -5.22384559e-02  8.52728019e-06  1.64531104e-04 
 1.02801630e+02  1.00796079e+00 -5.23633558e-02  8.56737296e-06  1.64916398e-04 
 1.03038612e+02  1.00799770e+00 -5.24885752e-02  8.60765766e-06  1.65302621e-04 
 1.03276141e+02  1.00803477e+00 -5.26141150e-02  8.64813523e-06  1.65689778e-04 
 1.03514217e+02  1.00807202e+00 -5.27399763e-02  8.68880663e-06  1.66077869e-04 
 1.03752842e+02  1.00810944e+00 -5.28661599e-02  8.72967282e-06  1.66466897e-04 
 1.03992017e+02  1.00814704e+00 -5.29926669e-02  8.77073477e-06  1.66856866e-04 
 1.04231743e+02  1.00818481e+00 -5.31194982e-02  8.81199344e-06  1.67247777e-04 
 1.04472022e+02  1.00822276e+00 -5.32466548e-02  8.85344982e-06  1.67639632e-04 
 1.04712855e+02  1.00826089e+00 -5.33741377e-02  8.89510488e-06  1.68032435e-04 
 1.04954243e+02  1.00829919e+00 -5.35019478e-02  8.93695961e-06  1.68426188e-04 
 1.05196187e+02  1.00833767e+00 -5.36300863e-02  8.97901501e-06  1.68820893e-04 
 1.05438690e+02  1.00837633e+00 -5.37585540e-02  9.02127206e-06  1.69216553e-04 
 1.05681751e+02  1.00841517e+00 -5.38873520e-02  9.06373177e-06  1.69613170e-04 
 1.05925373e+02  1.00845419e+00 -5.40164813e-02  9.10639515e-06  1.70010747e-04 
 1.06169556e+02  1.00849339e+00 -5.41459428e-02  9.14926321e-06  1.70409286e-04 
 1.06414302e+02  1.00853278e+00 -5.42757377e-02  9.19233697e-06  1.70808791e-04 
 1.06659612e+02  1.00857234e+00 -5.44058668e-02  9.23561746e-06  1.71209263e-04 
 1.06905488e+02  1.00861210e+00 -5.45363313e-02  9.27910569e-06  1.71610704e-04 
 1.07151931e+02  1.00865203e+00 -5.46671322e-02  9.32280270e-06  1.72013119e-04 
 1.07398941e+02  1.00869216e+00 -5.47982704e-02  9.36670954e-06  1.72416509e-04 
 1.07646521e+02  1.00873247e+00 -5.49297471e-02  9.41082725e-06  1.72820876e-04 
 1.07894672e+02  1.00877297e+00 -5.50615633e-02  9.45515688e-06  1.73226224e-04 
 1.08143395e+02  1.00881366e+00 -5.51937199e-02  9.49969949e-06  1.73632554e-04 
 1.08392691e+02  1.00885453e+00 -5.53262181e-02  9.54445614e-06  1.74039870e-04 
 1.08642562e+02  1.00889560e+00 -5.54590589e-02  9.58942789e-06  1.74448175e-04 
 1.08893009e+02  1.00893686e+00 -5.55922434e-02  9.63461582e-06  1.74857470e-04 
 1.09144034e+02  1.00897831e+00 -5.57257726e-02  9.68002101e-06  1.75267758e-04 
 1.09395637e+02  1.00901995e+00 -5.58596476e-02  9.72564455e-06  1.75679043e-04 
 1.09647820e+02  1.00906179e+00 -5.59938694e-02  9.77148752e-06  1.76091326e-04 
 1.09900584e+02  1.00910383e+00 -5.61284391e-02  9.81755102e-06  1.76504611e-04 
 1.10153931e+02  1.00914605e+00 -5.62633579e-02  9.86383615e-06  1.76918899e-04 
 1.10407862e+02  1.00918848e+00 -5.63986267e-02  9.91034403e-06  1.77334194e-04 
 1.10662378e+02  1.00923110e+00 -5.65342467e-02  9.95707576e-06  1.77750499e-04 
 1.10917482e+02  1.00927393e+00 -5.66702190e-02  1.00040325e-05  1.78167816e-04 
 1.11173173e+02  1.00931695e+00 -5.68065446e-02  1.00512153e-05  1.78586147e-04 
 1.11429453e+02  1.00936017e+00 -5.69432247e-02  1.00986253e-05  1.79005496e-04 
 1.11686325e+02  1.00940360e+00 -5.70802603e-02  1.01462637e-05  1.79425865e-04 
 1.11943788e+02  1.00944722e+00 -5.72176526e-02  1.01941317e-05  1.79847257e-04 
 1.12201845e+02  1.00949105e+00 -5.73554027e-02  1.02422303e-05  1.80269675e-04 
 1.12460497e+02  1.00953509e+00 -5.74935117e-02  1.02905607e-05  1.80693121e-04 
 1.12719746e+02  1.00957933e+00 -5.76319807e-02  1.03391241e-05  1.81117598e-04 
 1.12979591e+02  1.00962377e+00 -5.77708109e-02  1.03879216e-05  1.81543109e-04 
 1.13240036e+02  1.00966843e+00 -5.79100034e-02  1.04369545e-05  1.81969657e-04 
 1.13501082e+02  1.00971329e+00 -5.80495593e-02  1.04862239e-05  1.82397245e-04 
 1.13762729e+02  1.00975836e+00 -5.81894797e-02  1.05357311e-05  1.82825874e-04 
 1.14024979e+02  1.00980364e+00 -5.83297659e-02  1.05854771e-05  1.83255549e-04 
 1.14287833e+02  1.00984913e+00 -5.84704190e-02  1.06354632e-05  1.83686271e-04 
 1.14551294e+02  1.00989484e+00 -5.86114400e-02  1.06856906e-05  1.84118044e-04 
 1.14815362e+02  1.00994075e+00 -5.87528303e-02  1.07361605e-05  1.84550871e-04 
 1.15080039e+02  1.00998688e+00 -5.88945909e-02  1.07868741e-05  1.84984754e-04 
 1.15345326e+02  1.01003323e+00 -5.90367231e-02  1.08378328e-05  1.85419696e-04 
 1.15611224e+02  1.01007979e+00 -5.91792279e-02  1.08890376e-05  1.85855700e-04 
 1.15877736e+02  1.01012657e+00 -5.93221067e-02  1.09404898e-05  1.86292769e-04 
 1.16144861e+02  1.01017357e+00 -5.94653605e-02  1.09921908e-05  1.86730906e-04 
 1.16412603e+02  1.01022079e+00 -5.96089906e-02  1.10441417e-05  1.87170114e-04 
 1.16680962e+02  1.01026823e+00 -5.97529982e-02  1.10963438e-05  1.87610395e-04 
 1.16949939e+02  1.01031589e+00 -5.98973844e-02  1.11487983e-05  1.88051752e-04 
 1.17219537e+02  1.01036377e+00 -6.00421505e-02  1.12015066e-05  1.88494189e-04 
 1.17489755e+02  1.01041188e+00 -6.01872977e-02  1.12544700e-05  1.88937708e-04 
 1.17760597e+02  1.01046021e+00 -6.03328272e-02  1.13076896e-05  1.89382313e-04 
 1.18032064e+02  1.01050876e+00 -6.04787402e-02  1.13611669e-05  1.89828006e-04 
 1.18304156e+02  1.01055754e+00 -6.06250380e-02  1.14149030e-05  1.90274789e-04 
 1.18576875e+02  1.01060655e+00 -6.07717218e-02  1.14688994e-05  1.90722667e-04 
 1.18850223e+02  1.01065579e+00 -6.09187929e-02  1.15231573e-05  1.91171642e-04 
 1.19124201e+02  1.01070526e+00 -6.10662524e-02  1.15776781e-05  1.91621717e-04 
 1.19398810e+02  1.01075496e+00 -6.12141017e-02  1.16324631e-05  1.92072895e-04 
 1.19674053e+02  1.01080489e+00 -6.13623419e-02  1.16875136e-05  1.92525179e-04 
 1.19949930e+02  1.01085505e+00 -6.15109744e-02  1.17428309e-05  1.92978572e-04 
 1.20226443e+02  1.01090545e+00 -6.16600004e-02  1.17984166e-05  1.93433077e-04 
 1.20503594e+02  1.01095609e+00 -6.18094213e-02  1.18542718e-05  1.93888698e-04 
 1.20781384e+02  1.01100696e+00 -6.19592382e-02  1.19103979e-05  1.94345436e-04 
 1.21059813e+02  1.01105807e+00 -6.21094524e-02  1.19667964e-05  1.94803296e-04 
 1.21338885e+02  1.01110941e+00 -6.22600653e-02  1.20234686e-05  1.95262279e-04 
 1.21618600e+02  1.01116100e+00 -6.24110782e-02  1.20804159e-05  1.95722391e-04 
 1.21898960e+02  1.01121283e+00 -6.25624922e-02  1.21376397e-05  1.96183632e-04 
 1.22179966e+02  1.01126489e+00 -6.27143089e-02  1.21951415e-05  1.96646007e-04 
 1.22461620e+02  1.01131721e+00 -6.28665294e-02  1.22529225e-05  1.97109519e-04 
 1.22743923e+02  1.01136976e+00 -6.30191551e-02  1.23109843e-05  1.97574171e-04 
 1.23026877e+02  1.01142257e+00 -6.31721873e-02  1.23693283e-05  1.98039965e-04 
 1.23310483e+02  1.01147562e+00 -6.33256273e-02  1.24279559e-05  1.98506905e-04 
 1.23594743e+02  1.01152891e+00 -6.34794766e-02  1.24868685e-05  1.98974995e-04 
 1.23879659e+02  1.01158246e+00 -6.36337363e-02  1.25460677e-05  1.99444237e-04 
 1.24165231e+02  1.01163625e+00 -6.37884079e-02  1.26055548e-05  1.99914634e-04 
 1.24451461e+02  1.01169030e+00 -6.39434928e-02  1.26653314e-05  2.00386190e-04 
 1.24738351e+02  1.01174460e+00 -6.40989922e-02  1.27253988e-05  2.00858908e-04 
 1.25025903e+02  1.01179916e+00 -6.42549076e-02  1.27857587e-05  2.01332791e-04 
 1.25314117e+02  1.01185396e+00 -6.44112403e-02  1.28464125e-05  2.01807843e-04 
 1.25602996e+02  1.01190903e+00 -6.45679917e-02  1.29073617e-05  2.02284065e-04 
 1.25892541e+02  1.01196435e+00 -6.47251633e-02  1.29686078e-05  2.02761463e-04 
 1.26182753e+02  1.01201993e+00 -6.48827563e-02  1.30301523e-05  2.03240038e-04 
 1.26473635e+02  1.01207577e+00 -6.50407722e-02  1.30919968e-05  2.03719795e-04 
 1.26765187e+02  1.01213187e+00 -6.51992124e-02  1.31541428e-05  2.04200736e-04 
 1.27057411e+02  1.01218824e+00 -6.53580783e-02  1.32165918e-05  2.04682866e-04 
 1.27350308e+02  1.01224487e+00 -6.55173713e-02  1.32793454e-05  2.05166186e-04 
 1.27643881e+02  1.01230176e+00 -6.56770928e-02  1.33424051e-05  2.05650700e-04 
 1.27938130e+02  1.01235892e+00 -6.58372444e-02  1.34057726e-05  2.06136413e-04 
 1.28233058e+02  1.01241634e+00 -6.59978273e-02  1.34694493e-05  2.06623326e-04 
 1.28528666e+02  1.01247404e+00 -6.61588431e-02  1.35334370e-05  2.07111444e-04 
 1.28824955e+02  1.01253200e+00 -6.63202933e-02  1.35977371e-05  2.07600770e-04 
 1.29121927e+02  1.01259023e+00 -6.64821792e-02  1.36623513e-05  2.08091306e-04 
 1.29419584e+02  1.01264874e+00 -6.66445023e-02  1.37272812e-05  2.08583057e-04 
 1.29717927e+02  1.01270752e+00 -6.68072641e-02  1.37925285e-05  2.09076027e-04 
 1.30016958e+02  1.01276658e+00 -6.69704661e-02  1.38580947e-05  2.09570217e-04 
 1.30316678e+02  1.01282591e+00 -6.71341098e-02  1.39239815e-05  2.10065632e-04 
 1.30617089e+02  1.01288552e+00 -6.72981966e-02  1.39901905e-05  2.10562275e-04 
 1.30918192e+02  1.01294541e+00 -6.74627281e-02  1.40567235e-05  2.11060150e-04 
 1.31219990e+02  1.01300558e+00 -6.76277058e-02  1.41235820e-05  2.11559259e-04 
 1.31522483e+02  1.01306603e+00 -6.77931311e-02  1.41907678e-05  2.12059608e-04 
 1.31825674e+02  1.01312676e+00 -6.79590057e-02  1.42582826e-05  2.12561198e-04 
 1.32129563e+02  1.01318778e+00 -6.81253309e-02  1.43261280e-05  2.13064033e-04 
 1.32434154e+02  1.01324908e+00 -6.82921084e-02  1.43943057e-05  2.13568118e-04 
 1.32739446e+02  1.01331067e+00 -6.84593398e-02  1.44628176e-05  2.14073455e-04 
 1.33045442e+02  1.01337255e+00 -6.86270264e-02  1.45316652e-05  2.14580047e-04 
 1.33352143e+02  1.01343472e+00 -6.87951700e-02  1.46008504e-05  2.15087900e-04 
 1.33659552e+02  1.01349717e+00 -6.89637721e-02  1.46703748e-05  2.15597015e-04 
 1.33967669e+02  1.01355992e+00 -6.91328342e-02  1.47402403e-05  2.16107397e-04 
 1.34276496e+02  1.01362297e+00 -6.93023579e-02  1.48104486e-05  2.16619049e-04 
 1.34586035e+02  1.01368631e+00 -6.94723448e-02  1.48810014e-05  2.17131975e-04 
 1.34896288e+02  1.01374995e+00 -6.96427965e-02  1.49519007e-05  2.17646178e-04 
 1.35207256e+02  1.01381388e+00 -6.98137146e-02  1.50231481e-05  2.18161662e-04 
 1.35518941e+02  1.01387811e+00 -6.99851007e-02  1.50947454e-05  2.18678431e-04 
 1.35831345e+02  1.01394265e+00 -7.01569564e-02  1.51666946e-05  2.19196488e-04 
 1.36144468e+02  1.01400748e+00 -7.03292834e-02  1.52389974e-05  2.19715837e-04 
 1.36458314e+02  1.01407262e+00 -7.05020833e-02  1.53116556e-05  2.20236482e-04 
 1.36772883e+02  1.01413807e+00 -7.06753577e-02  1.53846711e-05  2.20758425e-04 
 1.37088177e+02  1.01420382e+00 -7.08491083e-02  1.54580458e-05  2.21281672e-04 
 1.37404198e+02  1.01426988e+00 -7.10233366e-02  1.55317815e-05  2.21806225e-04 
 1.37720947e+02  1.01433625e+00 -7.11980445e-02  1.56058802e-05  2.22332089e-04 
 1.38038426e+02  1.01440293e+00 -7.13732335e-02  1.56803436e-05  2.22859267e-04 
 1.38356638e+02  1.01446992e+00 -7.15489054e-02  1.57551737e-05  2.23387762e-04 
 1.38675583e+02  1.01453723e+00 -7.17250618e-02  1.58303725e-05  2.23917579e-04 
 1.38995263e+02  1.01460485e+00 -7.19017044e-02  1.59059417e-05  2.24448722e-04 
 1.39315680e+02  1.01467279e+00 -7.20788350e-02  1.59818835e-05  2.24981194e-04 
 1.39636836e+02  1.01474105e+00 -7.22564552e-02  1.60581997e-05  2.25514998e-04 
 1.39958732e+02  1.01480963e+00 -7.24345667e-02  1.61348922e-05  2.26050140e-04 
 1.40281370e+02  1.01487852e+00 -7.26131714e-02  1.62119631e-05  2.26586622e-04 
 1.40604752e+02  1.01494775e+00 -7.27922708e-02  1.62894143e-05  2.27124448e-04 
 1.40928880e+02  1.01501729e+00 -7.29718669e-02  1.63672479e-05  2.27663623e-04 
 1.41253754e+02  1.01508716e+00 -7.31519613e-02  1.64454657e-05  2.28204150e-04 
 1.41579378e+02  1.01515736e+00 -7.33325557e-02  1.65240699e-05  2.28746033e-04 
 1.41905752e+02  1.01522789e+00 -7.35136521e-02  1.66030624e-05  2.29289276e-04 
 1.42232879e+02  1.01529875e+00 -7.36952521e-02  1.66824453e-05  2.29833883e-04 
 1.42560759e+02  1.01536994e+00 -7.38773575e-02  1.67622207e-05  2.30379857e-04 
 1.42889396e+02  1.01544147e+00 -7.40599702e-02  1.68423906e-05  2.30927204e-04 
 1.43218790e+02  1.01551333e+00 -7.42430919e-02  1.69229570e-05  2.31475926e-04 
 1.43548943e+02  1.01558553e+00 -7.44267245e-02  1.70039221e-05  2.32026028e-04 
 1.43879858e+02  1.01565806e+00 -7.46108697e-02  1.70852880e-05  2.32577513e-04 
 1.44211535e+02  1.01573094e+00 -7.47955295e-02  1.71670567e-05  2.33130387e-04 
 1.44543977e+02  1.01580416e+00 -7.49807056e-02  1.72492305e-05  2.33684651e-04 
 1.44877185e+02  1.01587772e+00 -7.51664000e-02  1.73318113e-05  2.34240312e-04 
 1.45211162e+02  1.01595163e+00 -7.53526145e-02  1.74148014e-05  2.34797373e-04 
 1.45545908e+02  1.01602588e+00 -7.55393509e-02  1.74982030e-05  2.35355837e-04 
 1.45881426e+02  1.01610049e+00 -7.57266111e-02  1.75820181e-05  2.35915709e-04 
 1.46217717e+02  1.01617544e+00 -7.59143971e-02  1.76662491e-05  2.36476993e-04 
 1.46554784e+02  1.01625074e+00 -7.61027107e-02  1.77508980e-05  2.37039694e-04 
 1.46892628e+02  1.01632640e+00 -7.62915538e-02  1.78359671e-05  2.37603815e-04 
 1.47231250e+02  1.01640241e+00 -7.64809284e-02  1.79214586e-05  2.38169360e-04 
 1.47570653e+02  1.01647878e+00 -7.66708363e-02  1.80073747e-05  2.38736333e-04 
 1.47910839e+02  1.01655551e+00 -7.68612796e-02  1.80937178e-05  2.39304740e-04 
 1.48251809e+02  1.01663260e+00 -7.70522602e-02  1.81804900e-05  2.39874583e-04 
 1.48593564e+02  1.01671005e+00 -7.72437800e-02  1.82676937e-05  2.40445868e-04 
 1.48936108e+02  1.01678786e+00 -7.74358410e-02  1.83553310e-05  2.41018598e-04 
 1.49279441e+02  1.01686604e+00 -7.76284452e-02  1.84434044e-05  2.41592777e-04 
 1.49623566e+02  1.01694459e+00 -7.78215945e-02  1.85319162e-05  2.42168411e-04 
 1.49968484e+02  1.01702350e+00 -7.80152910e-02  1.86208686e-05  2.42745502e-04 
 1.50314197e+02  1.01710279e+00 -7.82095367e-02  1.87102640e-05  2.43324056e-04 
 1.50660707e+02  1.01718245e+00 -7.84043336e-02  1.88001048e-05  2.43904077e-04 
 1.51008015e+02  1.01726248e+00 -7.85996837e-02  1.88903933e-05  2.44485569e-04 
 1.51356125e+02  1.01734289e+00 -7.87955890e-02  1.89811320e-05  2.45068536e-04 
 1.51705037e+02  1.01742368e+00 -7.89920517e-02  1.90723231e-05  2.45652983e-04 
 1.52054753e+02  1.01750484e+00 -7.91890738e-02  1.91639692e-05  2.46238913e-04 
 1.52405275e+02  1.01758639e+00 -7.93866573e-02  1.92560727e-05  2.46826333e-04 
 1.52756606e+02  1.01766832e+00 -7.95848044e-02  1.93486360e-05  2.47415245e-04 
 1.53108746e+02  1.01775063e+00 -7.97835170e-02  1.94416616e-05  2.48005655e-04 
 1.53461698e+02  1.01783334e+00 -7.99827975e-02  1.95351519e-05  2.48597566e-04 
 1.53815464e+02  1.01791643e+00 -8.01826477e-02  1.96291094e-05  2.49190984e-04 
 1.54170045e+02  1.01799991e+00 -8.03830700e-02  1.97235366e-05  2.49785912e-04 
 1.54525444e+02  1.01808378e+00 -8.05840663e-02  1.98184361e-05  2.50382356e-04 
 1.54881662e+02  1.01816805e+00 -8.07856389e-02  1.99138103e-05  2.50980319e-04 
 1.55238701e+02  1.01825272e+00 -8.09877899e-02  2.00096619e-05  2.51579807e-04 
 1.55596563e+02  1.01833778e+00 -8.11905215e-02  2.01059933e-05  2.52180823e-04 
 1.55955250e+02  1.01842324e+00 -8.13938359e-02  2.02028072e-05  2.52783372e-04 
 1.56314764e+02  1.01850911e+00 -8.15977353e-02  2.03001061e-05  2.53387460e-04 
 1.56675107e+02  1.01859537e+00 -8.18022218e-02  2.03978926e-05  2.53993090e-04 
 1.57036280e+02  1.01868205e+00 -8.20072978e-02  2.04961695e-05  2.54600267e-04 
 1.57398286e+02  1.01876913e+00 -8.22129653e-02  2.05949392e-05  2.55208996e-04 
 1.57761127e+02  1.01885662e+00 -8.24192268e-02  2.06942045e-05  2.55819281e-04 
 1.58124804e+02  1.01894452e+00 -8.26260843e-02  2.07939681e-05  2.56431127e-04 
 1.58489319e+02  1.01903284e+00 -8.28335402e-02  2.08942326e-05  2.57044539e-04 
 1.58854675e+02  1.01912157e+00 -8.30415968e-02  2.09950007e-05  2.57659522e-04 
 1.59220873e+02  1.01921072e+00 -8.32502563e-02  2.10962751e-05  2.58276080e-04 
 1.59587915e+02  1.01930029e+00 -8.34595211e-02  2.11980587e-05  2.58894217e-04 
 1.59955803e+02  1.01939028e+00 -8.36693934e-02  2.13003541e-05  2.59513940e-04 
 1.60324539e+02  1.01948070e+00 -8.38798757e-02  2.14031640e-05  2.60135252e-04 
 1.60694125e+02  1.01957154e+00 -8.40909701e-02  2.15064914e-05  2.60758158e-04 
 1.61064564e+02  1.01966280e+00 -8.43026792e-02  2.16103389e-05  2.61382663e-04 
 1.61435856e+02  1.01975450e+00 -8.45150052e-02  2.17147095e-05  2.62008773e-04 
 1.61808004e+02  1.01984663e+00 -8.47279505e-02  2.18196059e-05  2.62636491e-04 
 1.62181010e+02  1.01993919e+00 -8.49415175e-02  2.19250310e-05  2.63265823e-04 
 1.62554876e+02  1.02003219e+00 -8.51557086e-02  2.20309877e-05  2.63896773e-04 
 1.62929603e+02  1.02012563e+00 -8.53705262e-02  2.21374789e-05  2.64529347e-04 
 1.63305195e+02  1.02021950e+00 -8.55859728e-02  2.22445074e-05  2.65163549e-04 
 1.63681652e+02  1.02031382e+00 -8.58020508e-02  2.23520762e-05  2.65799385e-04 
 1.64058977e+02  1.02040859e+00 -8.60187627e-02  2.24601883e-05  2.66436860e-04 
 1.64437172e+02  1.02050380e+00 -8.62361109e-02  2.25688466e-05  2.67075977e-04 
 1.64816239e+02  1.02059945e+00 -8.64540978e-02  2.26780540e-05  2.67716743e-04 
 1.65196180e+02  1.02069556e+00 -8.66727261e-02  2.27878136e-05  2.68359163e-04 
 1.65576996e+02  1.02079212e+00 -8.68919982e-02  2.28981284e-05  2.69003241e-04 
 1.65958691e+02  1.02088914e+00 -8.71119166e-02  2.30090014e-05  2.69648983e-04 
 1.66341265e+02  1.02098662e+00 -8.73324838e-02  2.31204357e-05  2.70296393e-04 
 1.66724721e+02  1.02108455e+00 -8.75537025e-02  2.32324343e-05  2.70945477e-04 
 1.67109061e+02  1.02118294e+00 -8.77755752e-02  2.33450004e-05  2.71596241e-04 
 1.67494288e+02  1.02128180e+00 -8.79981044e-02  2.34581370e-05  2.72248688e-04 
 1.67880402e+02  1.02138113e+00 -8.82212928e-02  2.35718473e-05  2.72902825e-04 
 1.68267406e+02  1.02148092e+00 -8.84451429e-02  2.36861344e-05  2.73558656e-04 
 1.68655303e+02  1.02158119e+00 -8.86696574e-02  2.38010015e-05  2.74216187e-04 
 1.69044093e+02  1.02168192e+00 -8.88948389e-02  2.39164518e-05  2.74875423e-04 
 1.69433780e+02  1.02178313e+00 -8.91206901e-02  2.40324885e-05  2.75536369e-04 
 1.69824365e+02  1.02188482e+00 -8.93472137e-02  2.41491147e-05  2.76199031e-04 
 1.70215851e+02  1.02198699e+00 -8.95744122e-02  2.42663339e-05  2.76863414e-04 
 1.70608239e+02  1.02208964e+00 -8.98022884e-02  2.43841491e-05  2.77529523e-04 
 1.71001532e+02  1.02219278e+00 -9.00308451e-02  2.45025638e-05  2.78197364e-04 
 1.71395731e+02  1.02229640e+00 -9.02600849e-02  2.46215812e-05  2.78866941e-04 
 1.71790839e+02  1.02240051e+00 -9.04900106e-02  2.47412046e-05  2.79538261e-04 
 1.72186857e+02  1.02250511e+00 -9.07206250e-02  2.48614374e-05  2.80211329e-04 
 1.72583789e+02  1.02261021e+00 -9.09519307e-02  2.49822830e-05  2.80886150e-04 
 1.72981636e+02  1.02271580e+00 -9.11839307e-02  2.51037448e-05  2.81562730e-04 
 1.73380400e+02  1.02282189e+00 -9.14166276e-02  2.52258261e-05  2.82241074e-04 
 1.73780083e+02  1.02292848e+00 -9.16500244e-02  2.53485305e-05  2.82921188e-04 
 1.74180687e+02  1.02303558e+00 -9.18841239e-02  2.54718613e-05  2.83603077e-04 
 1.74582215e+02  1.02314318e+00 -9.21189288e-02  2.55958220e-05  2.84286747e-04 
 1.74984669e+02  1.02325129e+00 -9.23544422e-02  2.57204162e-05  2.84972203e-04 
 1.75388050e+02  1.02335990e+00 -9.25906668e-02  2.58456473e-05  2.85659452e-04 
 1.75792361e+02  1.02346904e+00 -9.28276055e-02  2.59715189e-05  2.86348498e-04 
 1.76197605e+02  1.02357868e+00 -9.30652614e-02  2.60980346e-05  2.87039348e-04 
 1.76603782e+02  1.02368885e+00 -9.33036372e-02  2.62251980e-05  2.87732006e-04 
 1.77010896e+02  1.02379953e+00 -9.35427361e-02  2.63530126e-05  2.88426480e-04 
 1.77418948e+02  1.02391074e+00 -9.37825608e-02  2.64814822e-05  2.89122773e-04 
 1.77827941e+02  1.02402248e+00 -9.40231145e-02  2.66106103e-05  2.89820893e-04 
 1.78237877e+02  1.02413474e+00 -9.42644001e-02  2.67404006e-05  2.90520846e-04 
 1.78648757e+02  1.02424753e+00 -9.45064206e-02  2.68708569e-05  2.91222635e-04 
 1.79060585e+02  1.02436086e+00 -9.47491791e-02  2.70019829e-05  2.91926269e-04 
 1.79473363e+02  1.02447472e+00 -9.49926786e-02  2.71337823e-05  2.92631752e-04 
 1.79887092e+02  1.02458912e+00 -9.52369222e-02  2.72662589e-05  2.93339090e-04 
 1.80301774e+02  1.02470406e+00 -9.54819130e-02  2.73994165e-05  2.94048290e-04 
 1.80717413e+02  1.02481954e+00 -9.57276541e-02  2.75332589e-05  2.94759357e-04 
 1.81134009e+02  1.02493557e+00 -9.59741486e-02  2.76677899e-05  2.95472297e-04 
 1.81551566e+02  1.02505215e+00 -9.62213997e-02  2.78030136e-05  2.96187117e-04 
 1.81970086e+02  1.02516928e+00 -9.64694105e-02  2.79389336e-05  2.96903821e-04 
 1.82389570e+02  1.02528697e+00 -9.67181842e-02  2.80755541e-05  2.97622417e-04 
 1.82810022e+02  1.02540521e+00 -9.69677240e-02  2.82128788e-05  2.98342910e-04 
 1.83231442e+02  1.02552401e+00 -9.72180331e-02  2.83509119e-05  2.99065306e-04 
 1.83653834e+02  1.02564337e+00 -9.74691147e-02  2.84896572e-05  2.99789612e-04 
 1.84077200e+02  1.02576330e+00 -9.77209722e-02  2.86291188e-05  3.00515833e-04 
 1.84501542e+02  1.02588380e+00 -9.79736088e-02  2.87693008e-05  3.01243976e-04 
 1.84926862e+02  1.02600486e+00 -9.82270278e-02  2.89102072e-05  3.01974048e-04 
 1.85353162e+02  1.02612650e+00 -9.84812324e-02  2.90518422e-05  3.02706053e-04 
 1.85780446e+02  1.02624871e+00 -9.87362261e-02  2.91942098e-05  3.03439999e-04 
 1.86208714e+02  1.02637151e+00 -9.89920121e-02  2.93373143e-05  3.04175891e-04 
 1.86637969e+02  1.02649488e+00 -9.92485939e-02  2.94811598e-05  3.04913736e-04 
 1.87068214e+02  1.02661884e+00 -9.95059749e-02  2.96257505e-05  3.05653541e-04 
 1.87499451e+02  1.02674339e+00 -9.97641584e-02  2.97710906e-05  3.06395312e-04 
 1.87931682e+02  1.02686852e+00 -1.00023148e-01  2.99171845e-05  3.07139054e-04 
 1.88364909e+02  1.02699425e+00 -1.00282947e-01  3.00640364e-05  3.07884775e-04 
 1.88799135e+02  1.02712057e+00 -1.00543559e-01  3.02116507e-05  3.08632481e-04 
 1.89234362e+02  1.02724750e+00 -1.00804987e-01  3.03600316e-05  3.09382178e-04 
 1.89670592e+02  1.02737502e+00 -1.01067235e-01  3.05091836e-05  3.10133873e-04 
 1.90107828e+02  1.02750315e+00 -1.01330307e-01  3.06591111e-05  3.10887573e-04 
 1.90546072e+02  1.02763188e+00 -1.01594206e-01  3.08098185e-05  3.11643284e-04 
 1.90985326e+02  1.02776123e+00 -1.01858935e-01  3.09613103e-05  3.12401012e-04 
 1.91425593e+02  1.02789119e+00 -1.02124498e-01  3.11135910e-05  3.13160764e-04 
 1.91866874e+02  1.02802176e+00 -1.02390900e-01  3.12666651e-05  3.13922547e-04 
 1.92309173e+02  1.02815296e+00 -1.02658143e-01  3.14205371e-05  3.14686368e-04 
 1.92752491e+02  1.02828477e+00 -1.02926231e-01  3.15752116e-05  3.15452233e-04 
 1.93196832e+02  1.02841721e+00 -1.03195168e-01  3.17306934e-05  3.16220149e-04 
 1.93642196e+02  1.02855028e+00 -1.03464957e-01  3.18869869e-05  3.16990122e-04 
 1.94088588e+02  1.02868398e+00 -1.03735603e-01  3.20440969e-05  3.17762160e-04 
 1.94536008e+02  1.02881832e+00 -1.04007108e-01  3.22020280e-05  3.18536269e-04 
 1.94984460e+02  1.02895329e+00 -1.04279478e-01  3.23607851e-05  3.19312456e-04 
 1.95433946e+02  1.02908890e+00 -1.04552715e-01  3.25203729e-05  3.20090729e-04 
 1.95884467e+02  1.02922516e+00 -1.04826824e-01  3.26807961e-05  3.20871093e-04 
 1.96336028e+02  1.02936206e+00 -1.05101808e-01  3.28420597e-05  3.21653556e-04 
 1.96788629e+02  1.02949961e+00 -1.05377671e-01  3.30041685e-05  3.22438126e-04 
 1.97242274e+02  1.02963781e+00 -1.05654417e-01  3.31671274e-05  3.23224808e-04 
 1.97696964e+02  1.02977668e+00 -1.05932050e-01  3.33309413e-05  3.24013610e-04 
 1.98152703e+02  1.02991620e+00 -1.06210574e-01  3.34956152e-05  3.24804539e-04 
 1.98609492e+02  1.03005638e+00 -1.06489993e-01  3.36611540e-05  3.25597602e-04 
 1.99067334e+02  1.03019723e+00 -1.06770311e-01  3.38275629e-05  3.26392806e-04 
 1.99526231e+02  1.03033874e+00 -1.07051532e-01  3.39948468e-05  3.27190159e-04 
 1.99986187e+02  1.03048093e+00 -1.07333660e-01  3.41630110e-05  3.27989667e-04 
 2.00447203e+02  1.03062380e+00 -1.07616699e-01  3.43320604e-05  3.28791339e-04 
 2.00909281e+02  1.03076734e+00 -1.07900653e-01  3.45020003e-05  3.29595180e-04 
 2.01372425e+02  1.03091157e+00 -1.08185526e-01  3.46728359e-05  3.30401199e-04 
 2.01836636e+02  1.03105648e+00 -1.08471323e-01  3.48445724e-05  3.31209402e-04 
 2.02301918e+02  1.03120208e+00 -1.08758048e-01  3.50172151e-05  3.32019798e-04 
 2.02768272e+02  1.03134837e+00 -1.09045704e-01  3.51907693e-05  3.32832393e-04 
 2.03235701e+02  1.03149536e+00 -1.09334296e-01  3.53652404e-05  3.33647196e-04 
 2.03704208e+02  1.03164304e+00 -1.09623828e-01  3.55406336e-05  3.34464212e-04 
 2.04173794e+02  1.03179143e+00 -1.09914305e-01  3.57169546e-05  3.35283451e-04 
 2.04644464e+02  1.03194052e+00 -1.10205731e-01  3.58942086e-05  3.36104919e-04 
 2.05116218e+02  1.03209033e+00 -1.10498110e-01  3.60724012e-05  3.36928625e-04 
 2.05589060e+02  1.03224084e+00 -1.10791447e-01  3.62515379e-05  3.37754574e-04 
 2.06062991e+02  1.03239207e+00 -1.11085745e-01  3.64316244e-05  3.38582777e-04 
 2.06538016e+02  1.03254402e+00 -1.11381010e-01  3.66126661e-05  3.39413239e-04 
 2.07014135e+02  1.03269669e+00 -1.11677246e-01  3.67946687e-05  3.40245969e-04 
 2.07491352e+02  1.03285009e+00 -1.11974457e-01  3.69776380e-05  3.41080975e-04 
 2.07969669e+02  1.03300422e+00 -1.12272648e-01  3.71615797e-05  3.41918263e-04 
 2.08449088e+02  1.03315909e+00 -1.12571823e-01  3.73464994e-05  3.42757843e-04 
 2.08929613e+02  1.03331469e+00 -1.12871987e-01  3.75324031e-05  3.43599722e-04 
 2.09411246e+02  1.03347103e+00 -1.13173144e-01  3.77192965e-05  3.44443908e-04 
 2.09893988e+02  1.03362811e+00 -1.13475300e-01  3.79071855e-05  3.45290409e-04 
 2.10377844e+02  1.03378595e+00 -1.13778458e-01  3.80960761e-05  3.46139232e-04 
 2.10862815e+02  1.03394453e+00 -1.14082624e-01  3.82859742e-05  3.46990386e-04 
 2.11348904e+02  1.03410387e+00 -1.14387801e-01  3.84768858e-05  3.47843879e-04 
 2.11836114e+02  1.03426397e+00 -1.14693996e-01  3.86688170e-05  3.48699719e-04 
 2.12324446e+02  1.03442483e+00 -1.15001212e-01  3.88617738e-05  3.49557914e-04 
 2.12813905e+02  1.03458646e+00 -1.15309455e-01  3.90557625e-05  3.50418472e-04 
 2.13304491e+02  1.03474886e+00 -1.15618729e-01  3.92507891e-05  3.51281402e-04 
 2.13796209e+02  1.03491203e+00 -1.15929039e-01  3.94468598e-05  3.52146711e-04 
 2.14289060e+02  1.03507598e+00 -1.16240390e-01  3.96439810e-05  3.53014408e-04 
 2.14783047e+02  1.03524071e+00 -1.16552787e-01  3.98421590e-05  3.53884501e-04 
 2.15278173e+02  1.03540622e+00 -1.16866235e-01  4.00414000e-05  3.54757000e-04 
 2.15774441e+02  1.03557253e+00 -1.17180739e-01  4.02417105e-05  3.55631911e-04 
 2.16271852e+02  1.03573963e+00 -1.17496303e-01  4.04430969e-05  3.56509243e-04 
 2.16770410e+02  1.03590752e+00 -1.17812934e-01  4.06455658e-05  3.57389006e-04 
 2.17270118e+02  1.03607622e+00 -1.18130636e-01  4.08491235e-05  3.58271207e-04 
 2.17770977e+02  1.03624572e+00 -1.18449414e-01  4.10537768e-05  3.59155855e-04 
 2.18272991e+02  1.03641603e+00 -1.18769273e-01  4.12595322e-05  3.60042958e-04 
 2.18776162e+02  1.03658715e+00 -1.19090219e-01  4.14663963e-05  3.60932526e-04 
 2.19280494e+02  1.03675908e+00 -1.19412256e-01  4.16743760e-05  3.61824567e-04 
 2.19785987e+02  1.03693184e+00 -1.19735391e-01  4.18834780e-05  3.62719090e-04 
 2.20292646e+02  1.03710542e+00 -1.20059628e-01  4.20937090e-05  3.63616103e-04 
 2.20800473e+02  1.03727983e+00 -1.20384972e-01  4.23050760e-05  3.64515615e-04 
 2.21309471e+02  1.03745508e+00 -1.20711430e-01  4.25175858e-05  3.65417635e-04 
 2.21819642e+02  1.03763116e+00 -1.21039006e-01  4.27312454e-05  3.66322172e-04 
 2.22330989e+02  1.03780808e+00 -1.21367706e-01  4.29460618e-05  3.67229236e-04 
 2.22843515e+02  1.03798584e+00 -1.21697535e-01  4.31620421e-05  3.68138834e-04 
 2.23357222e+02  1.03816446e+00 -1.22028499e-01  4.33791933e-05  3.69050976e-04 
 2.23872114e+02  1.03834393e+00 -1.22360604e-01  4.35975227e-05  3.69965672e-04 
 2.24388192e+02  1.03852425e+00 -1.22693854e-01  4.38170374e-05  3.70882929e-04 
 2.24905461e+02  1.03870544e+00 -1.23028256e-01  4.40377448e-05  3.71802758e-04 
 2.25423921e+02  1.03888749e+00 -1.23363816e-01  4.42596520e-05  3.72725167e-04 
 2.25943577e+02  1.03907041e+00 -1.23700538e-01  4.44827665e-05  3.73650166e-04 
 2.26464431e+02  1.03925421e+00 -1.24038429e-01  4.47070958e-05  3.74577764e-04 
 2.26986485e+02  1.03943888e+00 -1.24377494e-01  4.49326472e-05  3.75507971e-04 
 2.27509743e+02  1.03962444e+00 -1.24717740e-01  4.51594283e-05  3.76440795e-04 
 2.28034207e+02  1.03981088e+00 -1.25059172e-01  4.53874466e-05  3.77376247e-04 
 2.28559880e+02  1.03999822e+00 -1.25401796e-01  4.56167099e-05  3.78314335e-04 
 2.29086765e+02  1.04018645e+00 -1.25745618e-01  4.58472258e-05  3.79255069e-04 
 2.29614865e+02  1.04037558e+00 -1.26090644e-01  4.60790021e-05  3.80198459e-04 
 2.30144182e+02  1.04056562e+00 -1.26436880e-01  4.63120465e-05  3.81144515e-04 
 2.30674719e+02  1.04075657e+00 -1.26784332e-01  4.65463670e-05  3.82093246e-04 
 2.31206479e+02  1.04094842e+00 -1.27133006e-01  4.67819713e-05  3.83044661e-04 
 2.31739465e+02  1.04114120e+00 -1.27482909e-01  4.70188677e-05  3.83998772e-04 
 2.32273680e+02  1.04133490e+00 -1.27834046e-01  4.72570639e-05  3.84955586e-04 
 2.32809126e+02  1.04152953e+00 -1.28186423e-01  4.74965682e-05  3.85915115e-04 
 2.33345806e+02  1.04172509e+00 -1.28540048e-01  4.77373887e-05  3.86877368e-04 
 2.33883724e+02  1.04192158e+00 -1.28894926e-01  4.79795336e-05  3.87842355e-04 
 2.34422882e+02  1.04211902e+00 -1.29251063e-01  4.82230112e-05  3.88810086e-04 
 2.34963282e+02  1.04231740e+00 -1.29608467e-01  4.84678299e-05  3.89780571e-04 
 2.35504928e+02  1.04251673e+00 -1.29967143e-01  4.87139979e-05  3.90753821e-04 
 2.36047823e+02  1.04271701e+00 -1.30327098e-01  4.89615238e-05  3.91729845e-04 
 2.36591970e+02  1.04291826e+00 -1.30688338e-01  4.92104161e-05  3.92708654e-04 
 2.37137371e+02  1.04312047e+00 -1.31050871e-01  4.94606834e-05  3.93690258e-04 
 2.37684029e+02  1.04332364e+00 -1.31414702e-01  4.97123344e-05  3.94674667e-04 
 2.38231947e+02  1.04352779e+00 -1.31779839e-01  4.99653776e-05  3.95661891e-04 
 2.38781128e+02  1.04373292e+00 -1.32146288e-01  5.02198220e-05  3.96651942e-04 
 2.39331576e+02  1.04393904e+00 -1.32514055e-01  5.04756764e-05  3.97644829e-04 
 2.39883292e+02  1.04414614e+00 -1.32883149e-01  5.07329496e-05  3.98640563e-04 
 2.40436280e+02  1.04435423e+00 -1.33253575e-01  5.09916506e-05  3.99639154e-04 
 2.40990543e+02  1.04456332e+00 -1.33625340e-01  5.12517886e-05  4.00640614e-04 
 2.41546083e+02  1.04477341e+00 -1.33998452e-01  5.15133725e-05  4.01644953e-04 
 2.42102905e+02  1.04498451e+00 -1.34372918e-01  5.17764117e-05  4.02652182e-04 
 2.42661010e+02  1.04519663e+00 -1.34748743e-01  5.20409152e-05  4.03662311e-04 
 2.43220401e+02  1.04540976e+00 -1.35125937e-01  5.23068925e-05  4.04675351e-04 
 2.43781082e+02  1.04562391e+00 -1.35504505e-01  5.25743529e-05  4.05691313e-04 
 2.44343055e+02  1.04583909e+00 -1.35884455e-01  5.28433059e-05  4.06710209e-04 
 2.44906324e+02  1.04605531e+00 -1.36265795e-01  5.31137610e-05  4.07732049e-04 
 2.45470892e+02  1.04627256e+00 -1.36648531e-01  5.33857279e-05  4.08756844e-04 
 2.46036760e+02  1.04649085e+00 -1.37032671e-01  5.36592161e-05  4.09784605e-04 
 2.46603934e+02  1.04671020e+00 -1.37418222e-01  5.39342355e-05  4.10815344e-04 
 2.47172415e+02  1.04693059e+00 -1.37805192e-01  5.42107958e-05  4.11849072e-04 
 2.47742206e+02  1.04715204e+00 -1.38193589e-01  5.44889070e-05  4.12885800e-04 
 2.48313311e+02  1.04737456e+00 -1.38583419e-01  5.47685791e-05  4.13925539e-04 
 2.48885732e+02  1.04759815e+00 -1.38974691e-01  5.50498220e-05  4.14968301e-04 
 2.49459473e+02  1.04782280e+00 -1.39367412e-01  5.53326460e-05  4.16014098e-04 
 2.50034536e+02  1.04804854e+00 -1.39761591e-01  5.56170611e-05  4.17062940e-04 
 2.50610925e+02  1.04827537e+00 -1.40157234e-01  5.59030778e-05  4.18114840e-04 
 2.51188643e+02  1.04850328e+00 -1.40554349e-01  5.61907063e-05  4.19169809e-04 
 2.51767693e+02  1.04873229e+00 -1.40952946e-01  5.64799571e-05  4.20227859e-04 
 2.52348077e+02  1.04896240e+00 -1.41353031e-01  5.67708407e-05  4.21289001e-04 
 2.52929800e+02  1.04919361e+00 -1.41754612e-01  5.70633678e-05  4.22353248e-04 
 2.53512863e+02  1.04942594e+00 -1.42157698e-01  5.73575489e-05  4.23420612e-04 
 2.54097271e+02  1.04965938e+00 -1.42562297e-01  5.76533950e-05  4.24491104e-04 
 2.54683025e+02  1.04989395e+00 -1.42968417e-01  5.79509167e-05  4.25564736e-04 
 2.55270130e+02  1.05012964e+00 -1.43376066e-01  5.82501252e-05  4.26641520e-04 
 2.55858589e+02  1.05036647e+00 -1.43785253e-01  5.85510313e-05  4.27721469e-04 
 2.56448404e+02  1.05060443e+00 -1.44195986e-01  5.88536462e-05  4.28804595e-04 
 2.57039578e+02  1.05084354e+00 -1.44608274e-01  5.91579810e-05  4.29890910e-04 
 2.57632116e+02  1.05108380e+00 -1.45022124e-01  5.94640471e-05  4.30980426e-04 
 2.58226019e+02  1.05132522e+00 -1.45437546e-01  5.97718559e-05  4.32073156e-04 
 2.58821292e+02  1.05156780e+00 -1.45854549e-01  6.00814187e-05  4.33169113e-04 
 2.59417936e+02  1.05181155e+00 -1.46273140e-01  6.03927472e-05  4.34268308e-04 
 2.60015956e+02  1.05205647e+00 -1.46693329e-01  6.07058529e-05  4.35370755e-04 
 2.60615355e+02  1.05230257e+00 -1.47115124e-01  6.10207476e-05  4.36476465e-04 
 2.61216135e+02  1.05254985e+00 -1.47538535e-01  6.13374432e-05  4.37585453e-04 
 2.61818301e+02  1.05279833e+00 -1.47963570e-01  6.16559514e-05  4.38697730e-04 
 2.62421854e+02  1.05304800e+00 -1.48390239e-01  6.19762845e-05  4.39813310e-04 
 2.63026799e+02  1.05329887e+00 -1.48818550e-01  6.22984543e-05  4.40932205e-04 
 2.63633139e+02  1.05355095e+00 -1.49248513e-01  6.26224732e-05  4.42054428e-04 
 2.64240876e+02  1.05380425e+00 -1.49680137e-01  6.29483535e-05  4.43179993e-04 
 2.64850014e+02  1.05405876e+00 -1.50113432e-01  6.32761075e-05  4.44308913e-04 
 2.65460556e+02  1.05431451e+00 -1.50548406e-01  6.36057477e-05  4.45441200e-04 
 2.66072506e+02  1.05457148e+00 -1.50985069e-01  6.39372867e-05  4.46576869e-04 
 2.66685866e+02  1.05482969e+00 -1.51423430e-01  6.42707373e-05  4.47715932e-04 
 2.67300641e+02  1.05508915e+00 -1.51863500e-01  6.46061121e-05  4.48858403e-04 
 2.67916832e+02  1.05534986e+00 -1.52305288e-01  6.49434242e-05  4.50004295e-04 
 2.68534445e+02  1.05561183e+00 -1.52748803e-01  6.52826865e-05  4.51153623e-04 
 2.69153480e+02  1.05587506e+00 -1.53194056e-01  6.56239121e-05  4.52306399e-04 
 2.69773943e+02  1.05613955e+00 -1.53641056e-01  6.59671142e-05  4.53462637e-04 
 2.70395836e+02  1.05640533e+00 -1.54089814e-01  6.63123062e-05  4.54622352e-04 
 2.71019163e+02  1.05667238e+00 -1.54540339e-01  6.66595014e-05  4.55785556e-04 
 2.71643927e+02  1.05694073e+00 -1.54992641e-01  6.70087135e-05  4.56952265e-04 
 2.72270131e+02  1.05721036e+00 -1.55446731e-01  6.73599560e-05  4.58122491e-04 
 2.72897778e+02  1.05748130e+00 -1.55902619e-01  6.77132427e-05  4.59296249e-04 
 2.73526873e+02  1.05775355e+00 -1.56360315e-01  6.80685874e-05  4.60473554e-04 
 2.74157417e+02  1.05802711e+00 -1.56819830e-01  6.84260042e-05  4.61654418e-04 
 2.74789415e+02  1.05830199e+00 -1.57281174e-01  6.87855072e-05  4.62838858e-04 
 2.75422870e+02  1.05857819e+00 -1.57744358e-01  6.91471105e-05  4.64026887e-04 
 2.76057786e+02  1.05885573e+00 -1.58209392e-01  6.95108284e-05  4.65218519e-04 
 2.76694165e+02  1.05913461e+00 -1.58676288e-01  6.98766755e-05  4.66413769e-04 
 2.77332010e+02  1.05941484e+00 -1.59145056e-01  7.02446662e-05  4.67612652e-04 
 2.77971327e+02  1.05969642e+00 -1.59615707e-01  7.06148153e-05  4.68815183e-04 
 2.78612117e+02  1.05997936e+00 -1.60088252e-01  7.09871375e-05  4.70021376e-04 
 2.79254384e+02  1.06026366e+00 -1.60562702e-01  7.13616477e-05  4.71231246e-04 
 2.79898132e+02  1.06054934e+00 -1.61039068e-01  7.17383611e-05  4.72444807e-04 
 2.80543364e+02  1.06083640e+00 -1.61517362e-01  7.21172928e-05  4.73662076e-04 
 2.81190083e+02  1.06112484e+00 -1.61997595e-01  7.24984580e-05  4.74883067e-04 
 2.81838293e+02  1.06141468e+00 -1.62479779e-01  7.28818723e-05  4.76107796e-04 
 2.82487997e+02  1.06170592e+00 -1.62963924e-01  7.32675510e-05  4.77336277e-04 
 2.83139200e+02  1.06199857e+00 -1.63450043e-01  7.36555100e-05  4.78568526e-04 
 2.83791903e+02  1.06229263e+00 -1.63938147e-01  7.40457650e-05  4.79804558e-04 
 2.84446111e+02  1.06258811e+00 -1.64428249e-01  7.44383320e-05  4.81044390e-04 
 2.85101827e+02  1.06288502e+00 -1.64920359e-01  7.48332270e-05  4.82288035e-04 
 2.85759054e+02  1.06318337e+00 -1.65414491e-01  7.52304663e-05  4.83535511e-04 
 2.86417797e+02  1.06348315e+00 -1.65910655e-01  7.56300662e-05  4.84786834e-04 
 2.87078058e+02  1.06378439e+00 -1.66408865e-01  7.60320431e-05  4.86042017e-04 
 2.87739841e+02  1.06408708e+00 -1.66909133e-01  7.64364137e-05  4.87301079e-04 
 2.88403150e+02  1.06439124e+00 -1.67411470e-01  7.68431948e-05  4.88564035e-04 
 2.89067988e+02  1.06469687e+00 -1.67915891e-01  7.72524032e-05  4.89830900e-04 
 2.89734359e+02  1.06500397e+00 -1.68422406e-01  7.76640561e-05  4.91101692e-04 
 2.90402265e+02  1.06531257e+00 -1.68931029e-01  7.80781705e-05  4.92376426e-04 
 2.91071712e+02  1.06562265e+00 -1.69441772e-01  7.84947638e-05  4.93655119e-04 
 2.91742701e+02  1.06593423e+00 -1.69954649e-01  7.89138536e-05  4.94937787e-04 
 2.92415238e+02  1.06624733e+00 -1.70469673e-01  7.93354573e-05  4.96224448e-04 
 2.93089325e+02  1.06656193e+00 -1.70986856e-01  7.97595929e-05  4.97515116e-04 
 2.93764965e+02  1.06687806e+00 -1.71506212e-01  8.01862782e-05  4.98809811e-04 
 2.94442163e+02  1.06719572e+00 -1.72027754e-01  8.06155313e-05  5.00108547e-04 
 2.95120923e+02  1.06751492e+00 -1.72551495e-01  8.10473705e-05  5.01411342e-04 
 2.95801247e+02  1.06783566e+00 -1.73077450e-01  8.14818141e-05  5.02718214e-04 
 2.96483139e+02  1.06815795e+00 -1.73605631e-01  8.19188807e-05  5.04029179e-04 
 2.97166603e+02  1.06848180e+00 -1.74136053e-01  8.23585891e-05  5.05344254e-04 
 2.97851643e+02  1.06880722e+00 -1.74668729e-01  8.28009580e-05  5.06663458e-04 
 2.98538262e+02  1.06913422e+00 -1.75203673e-01  8.32460066e-05  5.07986806e-04 
 2.99226464e+02  1.06946280e+00 -1.75740900e-01  8.36937540e-05  5.09314317e-04 
 2.99916252e+02  1.06979297e+00 -1.76280423e-01  8.41442196e-05  5.10646009e-04 
 3.00607630e+02  1.07012474e+00 -1.76822258e-01  8.45974229e-05  5.11981898e-04 
 3.01300602e+02  1.07045812e+00 -1.77366417e-01  8.50533836e-05  5.13322003e-04 
 3.01995172e+02  1.07079310e+00 -1.77912917e-01  8.55121217e-05  5.14666343e-04 
 3.02691343e+02  1.07112972e+00 -1.78461771e-01  8.59736571e-05  5.16014933e-04 
 3.03389118e+02  1.07146796e+00 -1.79012995e-01  8.64380101e-05  5.17367794e-04 
 3.04088503e+02  1.07180784e+00 -1.79566603e-01  8.69052010e-05  5.18724943e-04 
 3.04789499e+02  1.07214937e+00 -1.80122610e-01  8.73752505e-05  5.20086398e-04 
 3.05492111e+02  1.07249255e+00 -1.80681032e-01  8.78481793e-05  5.21452177e-04 
 3.06196343e+02  1.07283739e+00 -1.81241884e-01  8.83240084e-05  5.22822300e-04 
 3.06902199e+02  1.07318391e+00 -1.81805181e-01  8.88027588e-05  5.24196785e-04 
 3.07609681e+02  1.07353210e+00 -1.82370939e-01  8.92844519e-05  5.25575650e-04 
 3.08318795e+02  1.07388198e+00 -1.82939174e-01  8.97691092e-05  5.26958915e-04 
 3.09029543e+02  1.07423355e+00 -1.83509901e-01  9.02567524e-05  5.28346598e-04 
 3.09741930e+02  1.07458683e+00 -1.84083136e-01  9.07474034e-05  5.29738718e-04 
 3.10455959e+02  1.07494182e+00 -1.84658896e-01  9.12410841e-05  5.31135294e-04 
 3.11171634e+02  1.07529853e+00 -1.85237197e-01  9.17378170e-05  5.32536347e-04 
 3.11888958e+02  1.07565697e+00 -1.85818054e-01  9.22376244e-05  5.33941894e-04 
 3.12607937e+02  1.07601715e+00 -1.86401485e-01  9.27405291e-05  5.35351955e-04 
 3.13328572e+02  1.07637907e+00 -1.86987506e-01  9.32465539e-05  5.36766551e-04 
 3.14050869e+02  1.07674274e+00 -1.87576134e-01  9.37557218e-05  5.38185700e-04 
 3.14774831e+02  1.07710818e+00 -1.88167385e-01  9.42680562e-05  5.39609423e-04 
 3.15500462e+02  1.07747539e+00 -1.88761278e-01  9.47835806e-05  5.41037739e-04 
 3.16227766e+02  1.07784437e+00 -1.89357829e-01  9.53023186e-05  5.42470669e-04 
 3.16956746e+02  1.07821515e+00 -1.89957055e-01  9.58242942e-05  5.43908231e-04 
 3.17687407e+02  1.07858772e+00 -1.90558974e-01  9.63495315e-05  5.45350448e-04 
 3.18419752e+02  1.07896210e+00 -1.91163604e-01  9.68780549e-05  5.46797338e-04 
 3.19153786e+02  1.07933829e+00 -1.91770962e-01  9.74098888e-05  5.48248923e-04 
 3.19889511e+02  1.07971631e+00 -1.92381066e-01  9.79450582e-05  5.49705223e-04 
 3.20626932e+02  1.08009616e+00 -1.92993935e-01  9.84835880e-05  5.51166259e-04 
 3.21366054e+02  1.08047785e+00 -1.93609586e-01  9.90255035e-05  5.52632050e-04 
 3.22106879e+02  1.08086139e+00 -1.94228039e-01  9.95708301e-05  5.54102620e-04 
 3.22849412e+02  1.08124678e+00 -1.94849312e-01  1.00119593e-04  5.55577988e-04 
 3.23593657e+02  1.08163405e+00 -1.95473423e-01  1.00671820e-04  5.57058175e-04 
 3.24339617e+02  1.08202319e+00 -1.96100391e-01  1.01227535e-04  5.58543203e-04 
 3.25087297e+02  1.08241422e+00 -1.96730236e-01  1.01786765e-04  5.60033093e-04 
 3.25836701e+02  1.08280714e+00 -1.97362976e-01  1.02349538e-04  5.61527867e-04 
 3.26587832e+02  1.08320197e+00 -1.97998632e-01  1.02915880e-04  5.63027546e-04 
 3.27340695e+02  1.08359871e+00 -1.98637222e-01  1.03485817e-04  5.64532152e-04 
 3.28095293e+02  1.08399738e+00 -1.99278766e-01  1.04059378e-04  5.66041707e-04 
 3.28851631e+02  1.08439797e+00 -1.99923285e-01  1.04636591e-04  5.67556233e-04 
 3.29609712e+02  1.08480051e+00 -2.00570798e-01  1.05217482e-04  5.69075752e-04 
 3.30369541e+02  1.08520499e+00 -2.01221326e-01  1.05802081e-04  5.70600286e-04 
 3.31131121e+02  1.08561144e+00 -2.01874889e-01  1.06390415e-04  5.72129858e-04 
 3.31894458e+02  1.08601986e+00 -2.02531508e-01  1.06982514e-04  5.73664490e-04 
 3.32659553e+02  1.08643025e+00 -2.03191203e-01  1.07578406e-04  5.75204204e-04 
 3.33426413e+02  1.08684263e+00 -2.03853996e-01  1.08178120e-04  5.76749023e-04 
 3.34195040e+02  1.08725701e+00 -2.04519907e-01  1.08781687e-04  5.78298971e-04 
 3.34965439e+02  1.08767340e+00 -2.05188958e-01  1.09389135e-04  5.79854070e-04 
 3.35737614e+02  1.08809181e+00 -2.05861171e-01  1.10000495e-04  5.81414343e-04 
 3.36511569e+02  1.08851224e+00 -2.06536568e-01  1.10615798e-04  5.82979814e-04 
 3.37287309e+02  1.08893470e+00 -2.07215169e-01  1.11235074e-04  5.84550506e-04 
 3.38064836e+02  1.08935922e+00 -2.07896998e-01  1.11858353e-04  5.86126442e-04 
 3.38844156e+02  1.08978579e+00 -2.08582077e-01  1.12485667e-04  5.87707646e-04 
 3.39625273e+02  1.09021442e+00 -2.09270428e-01  1.13117048e-04  5.89294141e-04 
 3.40408190e+02  1.09064513e+00 -2.09962074e-01  1.13752527e-04  5.90885953e-04 
 3.41192912e+02  1.09107792e+00 -2.10657037e-01  1.14392137e-04  5.92483104e-04 
 3.41979443e+02  1.09151281e+00 -2.11355342e-01  1.15035910e-04  5.94085618e-04 
 3.42767787e+02  1.09194980e+00 -2.12057011e-01  1.15683878e-04  5.95693521e-04 
 3.43557948e+02  1.09238891e+00 -2.12762069e-01  1.16336075e-04  5.97306837e-04 
 3.44349931e+02  1.09283015e+00 -2.13470537e-01  1.16992533e-04  5.98925589e-04 
 3.45143739e+02  1.09327352e+00 -2.14182442e-01  1.17653288e-04  6.00549804e-04 
 3.45939378e+02  1.09371903e+00 -2.14897807e-01  1.18318372e-04  6.02179504e-04 
 3.46736850e+02  1.09416670e+00 -2.15616655e-01  1.18987820e-04  6.03814717e-04 
 3.47536161e+02  1.09461653e+00 -2.16339013e-01  1.19661666e-04  6.05455466e-04 
 3.48337315e+02  1.09506854e+00 -2.17064905e-01  1.20339947e-04  6.07101777e-04 
 3.49140315e+02  1.09552273e+00 -2.17794356e-01  1.21022696e-04  6.08753675e-04 
 3.49945167e+02  1.09597912e+00 -2.18527390e-01  1.21709949e-04  6.10411186e-04 
 3.50751874e+02  1.09643772e+00 -2.19264035e-01  1.22401744e-04  6.12074336e-04 
 3.51560441e+02  1.09689853e+00 -2.20004315e-01  1.23098115e-04  6.13743150e-04 
 3.52370871e+02  1.09736157e+00 -2.20748257e-01  1.23799100e-04  6.15417654e-04 
 3.53183170e+02  1.09782685e+00 -2.21495887e-01  1.24504735e-04  6.17097874e-04 
 3.53997341e+02  1.09829437e+00 -2.22247232e-01  1.25215059e-04  6.18783837e-04 
 3.54813389e+02  1.09876416e+00 -2.23002317e-01  1.25930108e-04  6.20475569e-04 
 3.55631319e+02  1.09923621e+00 -2.23761171e-01  1.26649922e-04  6.22173096e-04 
 3.56451133e+02  1.09971054e+00 -2.24523820e-01  1.27374539e-04  6.23876445e-04 
 3.57272838e+02  1.10018716e+00 -2.25290292e-01  1.28103997e-04  6.25585643e-04 
 3.58096437e+02  1.10066608e+00 -2.26060614e-01  1.28838335e-04  6.27300716e-04 
 3.58921935e+02  1.10114731e+00 -2.26834816e-01  1.29577595e-04  6.29021693e-04 
 3.59749335e+02  1.10163086e+00 -2.27612924e-01  1.30321815e-04  6.30748600e-04 
 3.60578643e+02  1.10211674e+00 -2.28394968e-01  1.31071036e-04  6.32481464e-04 
 3.61409863e+02  1.10260497e+00 -2.29180976e-01  1.31825299e-04  6.34220313e-04 
 3.62242998e+02  1.10309555e+00 -2.29970978e-01  1.32584646e-04  6.35965175e-04 
 3.63078055e+02  1.10358850e+00 -2.30765002e-01  1.33349117e-04  6.37716077e-04 
 3.63915036e+02  1.10408381e+00 -2.31563079e-01  1.34118756e-04  6.39473048e-04 
 3.64753947e+02  1.10458152e+00 -2.32365238e-01  1.34893604e-04  6.41236116e-04 
 3.65594792e+02  1.10508162e+00 -2.33171509e-01  1.35673705e-04  6.43005309e-04 
 3.66437575e+02  1.10558413e+00 -2.33981924e-01  1.36459102e-04  6.44780654e-04 
 3.67282300e+02  1.10608906e+00 -2.34796512e-01  1.37249839e-04  6.46562182e-04 
 3.68128974e+02  1.10659642e+00 -2.35615305e-01  1.38045959e-04  6.48349921e-04 
 3.68977599e+02  1.10710622e+00 -2.36438334e-01  1.38847509e-04  6.50143899e-04 
 3.69828180e+02  1.10761847e+00 -2.37265630e-01  1.39654532e-04  6.51944146e-04 
 3.70680722e+02  1.10813318e+00 -2.38097227e-01  1.40467075e-04  6.53750690e-04 
 3.71535229e+02  1.10865036e+00 -2.38933155e-01  1.41285183e-04  6.55563561e-04 
 3.72391706e+02  1.10917003e+00 -2.39773448e-01  1.42108904e-04  6.57382790e-04 
 3.73250158e+02  1.10969220e+00 -2.40618138e-01  1.42938284e-04  6.59208404e-04 
 3.74110588e+02  1.11021687e+00 -2.41467259e-01  1.43773370e-04  6.61040434e-04 
 3.74973002e+02  1.11074406e+00 -2.42320843e-01  1.44614211e-04  6.62878911e-04 
 3.75837404e+02  1.11127378e+00 -2.43178926e-01  1.45460856e-04  6.64723864e-04 
 3.76703799e+02  1.11180604e+00 -2.44041541e-01  1.46313352e-04  6.66575323e-04 
 3.77572191e+02  1.11234085e+00 -2.44908722e-01  1.47171750e-04  6.68433318e-04 
 3.78442585e+02  1.11287823e+00 -2.45780504e-01  1.48036099e-04  6.70297882e-04 
 3.79314985e+02  1.11341817e+00 -2.46656923e-01  1.48906451e-04  6.72169043e-04 
 3.80189396e+02  1.11396070e+00 -2.47538014e-01  1.49782855e-04  6.74046834e-04 
 3.81065823e+02  1.11450583e+00 -2.48423813e-01  1.50665364e-04  6.75931284e-04 
 3.81944271e+02  1.11505357e+00 -2.49314355e-01  1.51554029e-04  6.77822426e-04 
 3.82824743e+02  1.11560392e+00 -2.50209678e-01  1.52448904e-04  6.79720291e-04 
 3.83707245e+02  1.11615691e+00 -2.51109819e-01  1.53350041e-04  6.81624910e-04 
 3.84591782e+02  1.11671253e+00 -2.52014814e-01  1.54257494e-04  6.83536315e-04 
 3.85478358e+02  1.11727081e+00 -2.52924701e-01  1.55171317e-04  6.85454537e-04 
 3.86366977e+02  1.11783176e+00 -2.53839518e-01  1.56091566e-04  6.87379610e-04 
 3.87257645e+02  1.11839538e+00 -2.54759304e-01  1.57018295e-04  6.89311564e-04 
 3.88150366e+02  1.11896168e+00 -2.55684098e-01  1.57951560e-04  6.91250432e-04 
 3.89045145e+02  1.11953068e+00 -2.56613937e-01  1.58891418e-04  6.93196247e-04 
 3.89941987e+02  1.12010240e+00 -2.57548863e-01  1.59837927e-04  6.95149042e-04 
 3.90840896e+02  1.12067683e+00 -2.58488914e-01  1.60791144e-04  6.97108849e-04 
 3.91741877e+02  1.12125400e+00 -2.59434132e-01  1.61751127e-04  6.99075700e-04 
 3.92644935e+02  1.12183391e+00 -2.60384556e-01  1.62717935e-04  7.01049630e-04 
 3.93550075e+02  1.12241657e+00 -2.61340228e-01  1.63691628e-04  7.03030672e-04 
 3.94457302e+02  1.12300201e+00 -2.62301190e-01  1.64672266e-04  7.05018858e-04 
 3.95366620e+02  1.12359022e+00 -2.63267482e-01  1.65659910e-04  7.07014223e-04 
 3.96278034e+02  1.12418122e+00 -2.64239149e-01  1.66654622e-04  7.09016800e-04 
 3.97191549e+02  1.12477502e+00 -2.65216231e-01  1.67656464e-04  7.11026624e-04 
 3.98107171e+02  1.12537163e+00 -2.66198773e-01  1.68665498e-04  7.13043727e-04 
 3.99024902e+02  1.12597106e+00 -2.67186819e-01  1.69681788e-04  7.15068145e-04 
 3.99944750e+02  1.12657333e+00 -2.68180411e-01  1.70705398e-04  7.17099912e-04 
 4.00866718e+02  1.12717845e+00 -2.69179595e-01  1.71736393e-04  7.19139062e-04 
 4.01790811e+02  1.12778643e+00 -2.70184416e-01  1.72774839e-04  7.21185630e-04 
 4.02717034e+02  1.12839727e+00 -2.71194918e-01  1.73820802e-04  7.23239651e-04 
 4.03645393e+02  1.12901099e+00 -2.72211149e-01  1.74874349e-04  7.25301160e-04 
 4.04575892e+02  1.12962761e+00 -2.73233153e-01  1.75935547e-04  7.27370192e-04 
 4.05508535e+02  1.13024713e+00 -2.74260979e-01  1.77004466e-04  7.29446782e-04 
 4.06443329e+02  1.13086956e+00 -2.75294672e-01  1.78081173e-04  7.31530966e-04 
 4.07380278e+02  1.13149492e+00 -2.76334282e-01  1.79165740e-04  7.33622780e-04 
 4.08319386e+02  1.13212321e+00 -2.77379856e-01  1.80258237e-04  7.35722259e-04 
 4.09260660e+02  1.13275445e+00 -2.78431442e-01  1.81358735e-04  7.37829439e-04 
 4.10204103e+02  1.13338865e+00 -2.79489091e-01  1.82467307e-04  7.39944356e-04 
 4.11149721e+02  1.13402582e+00 -2.80552851e-01  1.83584026e-04  7.42067047e-04 
 4.12097519e+02  1.13466598e+00 -2.81622774e-01  1.84708964e-04  7.44197547e-04 
 4.13047502e+02  1.13530912e+00 -2.82698909e-01  1.85842198e-04  7.46335894e-04 
 4.13999675e+02  1.13595527e+00 -2.83781308e-01  1.86983803e-04  7.48482124e-04 
 4.14954043e+02  1.13660443e+00 -2.84870023e-01  1.88133854e-04  7.50636274e-04 
 4.15910610e+02  1.13725662e+00 -2.85965106e-01  1.89292429e-04  7.52798381e-04 
 4.16869383e+02  1.13791185e+00 -2.87066611e-01  1.90459607e-04  7.54968481e-04 
 4.17830367e+02  1.13857012e+00 -2.88174589e-01  1.91635465e-04  7.57146613e-04 
 4.18793565e+02  1.13923145e+00 -2.89289096e-01  1.92820083e-04  7.59332813e-04 
 4.19758984e+02  1.13989585e+00 -2.90410186e-01  1.94013543e-04  7.61527120e-04 
 4.20726628e+02  1.14056333e+00 -2.91537914e-01  1.95215925e-04  7.63729570e-04 
 4.21696503e+02  1.14123390e+00 -2.92672335e-01  1.96427312e-04  7.65940202e-04 
 4.22668614e+02  1.14190757e+00 -2.93813507e-01  1.97647788e-04  7.68159054e-04 
 4.23642966e+02  1.14258435e+00 -2.94961485e-01  1.98877436e-04  7.70386163e-04 
 4.24619564e+02  1.14326426e+00 -2.96116327e-01  2.00116342e-04  7.72621569e-04 
 4.25598413e+02  1.14394729e+00 -2.97278092e-01  2.01364592e-04  7.74865308e-04 
 4.26579519e+02  1.14463347e+00 -2.98446837e-01  2.02622273e-04  7.77117420e-04 
 4.27562886e+02  1.14532281e+00 -2.99622622e-01  2.03889473e-04  7.79377944e-04 
 4.28548520e+02  1.14601531e+00 -3.00805508e-01  2.05166281e-04  7.81646918e-04 
 4.29536427e+02  1.14671098e+00 -3.01995554e-01  2.06452787e-04  7.83924380e-04 
 4.30526610e+02  1.14740983e+00 -3.03192821e-01  2.07749083e-04  7.86210371e-04 
 4.31519077e+02  1.14811188e+00 -3.04397372e-01  2.09055261e-04  7.88504928e-04 
 4.32513831e+02  1.14881713e+00 -3.05609269e-01  2.10371413e-04  7.90808092e-04 
 4.33510878e+02  1.14952560e+00 -3.06828575e-01  2.11697634e-04  7.93119902e-04 
 4.34510224e+02  1.15023728e+00 -3.08055353e-01  2.13034020e-04  7.95440396e-04 
 4.35511874e+02  1.15095221e+00 -3.09289669e-01  2.14380666e-04  7.97769616e-04 
 4.36515832e+02  1.15167037e+00 -3.10531587e-01  2.15737670e-04  8.00107599e-04 
 4.37522105e+02  1.15239178e+00 -3.11781173e-01  2.17105131e-04  8.02454386e-04 
 4.38530698e+02  1.15311646e+00 -3.13038494e-01  2.18483149e-04  8.04810018e-04 
 4.39541615e+02  1.15384441e+00 -3.14303617e-01  2.19871825e-04  8.07174533e-04 
 4.40554864e+02  1.15457563e+00 -3.15576610e-01  2.21271260e-04  8.09547972e-04 
 4.41570447e+02  1.15531015e+00 -3.16857541e-01  2.22681557e-04  8.11930375e-04 
 4.42588372e+02  1.15604796e+00 -3.18146481e-01  2.24102822e-04  8.14321783e-04 
 4.43608644e+02  1.15678907e+00 -3.19443499e-01  2.25535160e-04  8.16722235e-04 
 4.44631267e+02  1.15753350e+00 -3.20748666e-01  2.26978677e-04  8.19131771e-04 
 4.45656248e+02  1.15828125e+00 -3.22062054e-01  2.28433482e-04  8.21550434e-04 
 4.46683592e+02  1.15903234e+00 -3.23383735e-01  2.29899684e-04  8.23978262e-04 
 4.47713304e+02  1.15978676e+00 -3.24713784e-01  2.31377394e-04  8.26415297e-04 
 4.48745390e+02  1.16054453e+00 -3.26052272e-01  2.32866724e-04  8.28861580e-04 
 4.49779855e+02  1.16130565e+00 -3.27399277e-01  2.34367786e-04  8.31317150e-04 
 4.50816705e+02  1.16207013e+00 -3.28754873e-01  2.35880696e-04  8.33782049e-04 
 4.51855944e+02  1.16283799e+00 -3.30119136e-01  2.37405569e-04  8.36256318e-04 
 4.52897580e+02  1.16360922e+00 -3.31492145e-01  2.38942522e-04  8.38739998e-04 
 4.53941617e+02  1.16438383e+00 -3.32873977e-01  2.40491675e-04  8.41233129e-04 
 4.54988060e+02  1.16516183e+00 -3.34264711e-01  2.42053146e-04  8.43735752e-04 
 4.56036916e+02  1.16594323e+00 -3.35664428e-01  2.43627058e-04  8.46247909e-04 
 4.57088190e+02  1.16672804e+00 -3.37073207e-01  2.45213533e-04  8.48769640e-04 
 4.58141887e+02  1.16751625e+00 -3.38491132e-01  2.46812696e-04  8.51300986e-04 
 4.59198013e+02  1.16830788e+00 -3.39918283e-01  2.48424673e-04  8.53841989e-04 
 4.60256574e+02  1.16910293e+00 -3.41354745e-01  2.50049590e-04  8.56392690e-04 
 4.61317575e+02  1.16990141e+00 -3.42800603e-01  2.51687576e-04  8.58953129e-04 
 4.62381021e+02  1.17070332e+00 -3.44255940e-01  2.53338762e-04  8.61523348e-04 
 4.63446920e+02  1.17150867e+00 -3.45720845e-01  2.55003280e-04  8.64103387e-04 
 4.64515275e+02  1.17231746e+00 -3.47195403e-01  2.56681263e-04  8.66693288e-04 
 4.65586094e+02  1.17312969e+00 -3.48679703e-01  2.58372846e-04  8.69293092e-04 
 4.66659380e+02  1.17394538e+00 -3.50173834e-01  2.60078166e-04  8.71902839e-04 
 4.67735141e+02  1.17476452e+00 -3.51677887e-01  2.61797360e-04  8.74522570e-04 
 4.68813382e+02  1.17558712e+00 -3.53191952e-01  2.63530570e-04  8.77152327e-04 
 4.69894109e+02  1.17641318e+00 -3.54716122e-01  2.65277936e-04  8.79792149e-04 
 4.70977326e+02  1.17724270e+00 -3.56250490e-01  2.67039602e-04  8.82442078e-04 
 4.72063041e+02  1.17807570e+00 -3.57795150e-01  2.68815713e-04  8.85102155e-04 
 4.73151259e+02  1.17891216e+00 -3.59350197e-01  2.70606416e-04  8.87772419e-04 
 4.74241985e+02  1.17975209e+00 -3.60915727e-01  2.72411859e-04  8.90452912e-04 
 4.75335226e+02  1.18059550e+00 -3.62491839e-01  2.74232192e-04  8.93143673e-04 
 4.76430987e+02  1.18144239e+00 -3.64078631e-01  2.76067569e-04  8.95844744e-04 
 4.77529274e+02  1.18229275e+00 -3.65676202e-01  2.77918143e-04  8.98556163e-04 
 4.78630092e+02  1.18314658e+00 -3.67284652e-01  2.79784070e-04  9.01277970e-04 
 4.79733449e+02  1.18400390e+00 -3.68904085e-01  2.81665507e-04  9.04010207e-04 
 4.80839348e+02  1.18486469e+00 -3.70534603e-01  2.83562615e-04  9.06752912e-04 
 4.81947798e+02  1.18572896e+00 -3.72176309e-01  2.85475556e-04  9.09506125e-04 
 4.83058802e+02  1.18659670e+00 -3.73829311e-01  2.87404492e-04  9.12269884e-04 
 4.84172368e+02  1.18746792e+00 -3.75493713e-01  2.89349590e-04  9.15044230e-04 
 4.85288500e+02  1.18834261e+00 -3.77169623e-01  2.91311017e-04  9.17829201e-04 
 4.86407206e+02  1.18922077e+00 -3.78857152e-01  2.93288944e-04  9.20624836e-04 
 4.87528490e+02  1.19010240e+00 -3.80556409e-01  2.95283542e-04  9.23431172e-04 
 4.88652359e+02  1.19098749e+00 -3.82267505e-01  2.97294985e-04  9.26248249e-04 
 4.89778819e+02  1.19187604e+00 -3.83990553e-01  2.99323449e-04  9.29076105e-04 
 4.90907876e+02  1.19276805e+00 -3.85725667e-01  3.01369113e-04  9.31914776e-04 
 4.92039536e+02  1.19366351e+00 -3.87472963e-01  3.03432158e-04  9.34764300e-04 
 4.93173804e+02  1.19456241e+00 -3.89232557e-01  3.05512765e-04  9.37624715e-04 
 4.94310687e+02  1.19546476e+00 -3.91004566e-01  3.07611120e-04  9.40496056e-04 
 4.95450191e+02  1.19637054e+00 -3.92789112e-01  3.09727411e-04  9.43378361e-04 
 4.96592321e+02  1.19727974e+00 -3.94586313e-01  3.11861827e-04  9.46271666e-04 
 4.97737085e+02  1.19819237e+00 -3.96396292e-01  3.14014560e-04  9.49176005e-04 
 4.98884487e+02  1.19910840e+00 -3.98219173e-01  3.16185804e-04  9.52091414e-04 
 5.00034535e+02  1.20002784e+00 -4.00055080e-01  3.18375758e-04  9.55017929e-04 
 5.01187234e+02  1.20095068e+00 -4.01904140e-01  3.20584619e-04  9.57955583e-04 
 5.02342590e+02  1.20187689e+00 -4.03766480e-01  3.22812589e-04  9.60904410e-04 
 5.03500609e+02  1.20280648e+00 -4.05642230e-01  3.25059874e-04  9.63864445e-04 
 5.04661298e+02  1.20373943e+00 -4.07531520e-01  3.27326680e-04  9.66835719e-04 
 5.05824662e+02  1.20467572e+00 -4.09434482e-01  3.29613217e-04  9.69818266e-04 
 5.06990708e+02  1.20561535e+00 -4.11351251e-01  3.31919696e-04  9.72812117e-04 
 5.08159443e+02  1.20655830e+00 -4.13281961e-01  3.34246333e-04  9.75817303e-04 
 5.09330871e+02  1.20750456e+00 -4.15226749e-01  3.36593345e-04  9.78833857e-04 
 5.10505000e+02  1.20845412e+00 -4.17185754e-01  3.38960953e-04  9.81861806e-04 
 5.11681836e+02  1.20940694e+00 -4.19159116e-01  3.41349379e-04  9.84901183e-04 
 5.12861384e+02  1.21036303e+00 -4.21146976e-01  3.43758850e-04  9.87952014e-04 
 5.14043652e+02  1.21132235e+00 -4.23149477e-01  3.46189595e-04  9.91014329e-04 
 5.15228645e+02  1.21228490e+00 -4.25166765e-01  3.48641844e-04  9.94088154e-04 
 5.16416369e+02  1.21325066e+00 -4.27198985e-01  3.51115833e-04  9.97173518e-04 
 5.17606832e+02  1.21421959e+00 -4.29246287e-01  3.53611800e-04  1.00027045e-03 
 5.18800039e+02  1.21519168e+00 -4.31308820e-01  3.56129985e-04  1.00337896e-03 
 5.19995997e+02  1.21616692e+00 -4.33386736e-01  3.58670631e-04  1.00649909e-03 
 5.21194711e+02  1.21714526e+00 -4.35480188e-01  3.61233986e-04  1.00963086e-03 
 5.22396189e+02  1.21812670e+00 -4.37589332e-01  3.63820300e-04  1.01277428e-03 
 5.23600437e+02  1.21911121e+00 -4.39714325e-01  3.66429826e-04  1.01592939e-03 
 5.24807460e+02  1.22009875e+00 -4.41855325e-01  3.69062819e-04  1.01909620e-03 
 5.26017266e+02  1.22108930e+00 -4.44012494e-01  3.71719541e-04  1.02227473e-03 
 5.27229861e+02  1.22208283e+00 -4.46185993e-01  3.74400254e-04  1.02546501e-03 
 5.28445252e+02  1.22307932e+00 -4.48375989e-01  3.77105224e-04  1.02866704e-03 
 5.29663444e+02  1.22407872e+00 -4.50582645e-01  3.79834722e-04  1.03188084e-03 
 5.30884444e+02  1.22508101e+00 -4.52806132e-01  3.82589020e-04  1.03510644e-03 
 5.32108259e+02  1.22608616e+00 -4.55046620e-01  3.85368395e-04  1.03834384e-03 
 5.33334895e+02  1.22709413e+00 -4.57304280e-01  3.88173129e-04  1.04159306e-03 
 5.34564359e+02  1.22810487e+00 -4.59579287e-01  3.91003504e-04  1.04485411e-03 
 5.35796658e+02  1.22911837e+00 -4.61871818e-01  3.93859808e-04  1.04812700e-03 
 5.37031796e+02  1.23013457e+00 -4.64182049e-01  3.96742334e-04  1.05141175e-03 
 5.38269783e+02  1.23115343e+00 -4.66510163e-01  3.99651375e-04  1.05470834e-03 
 5.39510623e+02  1.23217492e+00 -4.68856342e-01  4.02587231e-04  1.05801681e-03 
 5.40754323e+02  1.23319899e+00 -4.71220769e-01  4.05550205e-04  1.06133714e-03 
 5.42000890e+02  1.23422559e+00 -4.73603632e-01  4.08540604e-04  1.06466934e-03 
 5.43250331e+02  1.23525468e+00 -4.76005120e-01  4.11558737e-04  1.06801342e-03 
 5.44502653e+02  1.23628621e+00 -4.78425424e-01  4.14604921e-04  1.07136937e-03 
 5.45757861e+02  1.23732013e+00 -4.80864737e-01  4.17679473e-04  1.07473719e-03 
 5.47015963e+02  1.23835638e+00 -4.83323255e-01  4.20782717e-04  1.07811689e-03 
 5.48276965e+02  1.23939493e+00 -4.85801176e-01  4.23914980e-04  1.08150845e-03 
 5.49540874e+02  1.24043570e+00 -4.88298699e-01  4.27076592e-04  1.08491186e-03 
 5.50807696e+02  1.24147864e+00 -4.90816027e-01  4.30267891e-04  1.08832713e-03 
 5.52077439e+02  1.24252370e+00 -4.93353366e-01  4.33489215e-04  1.09175423e-03 
 5.53350109e+02  1.24357081e+00 -4.95910921e-01  4.36740910e-04  1.09519315e-03 
 5.54625713e+02  1.24461991e+00 -4.98488904e-01  4.40023324e-04  1.09864389e-03 
 5.55904257e+02  1.24567093e+00 -5.01087525e-01  4.43336810e-04  1.10210642e-03 
 5.57185749e+02  1.24672382e+00 -5.03706998e-01  4.46681727e-04  1.10558072e-03 
 5.58470195e+02  1.24777849e+00 -5.06347542e-01  4.50058437e-04  1.10906678e-03 
 5.59757601e+02  1.24883488e+00 -5.09009375e-01  4.53467309e-04  1.11256456e-03 
 5.61047976e+02  1.24989291e+00 -5.11692719e-01  4.56908712e-04  1.11607404e-03 
 5.62341325e+02  1.25095251e+00 -5.14397799e-01  4.60383026e-04  1.11959519e-03 
 5.63637656e+02  1.25201360e+00 -5.17124841e-01  4.63890632e-04  1.12312799e-03 
 5.64936975e+02  1.25307610e+00 -5.19874076e-01  4.67431916e-04  1.12667238e-03 
 5.66239289e+02  1.25413993e+00 -5.22645734e-01  4.71007271e-04  1.13022835e-03 
 5.67544605e+02  1.25520500e+00 -5.25440052e-01  4.74617094e-04  1.13379585e-03 
 5.68852931e+02  1.25627122e+00 -5.28257267e-01  4.78261786e-04  1.13737483e-03 
 5.70164272e+02  1.25733850e+00 -5.31097618e-01  4.81941756e-04  1.14096525e-03 
 5.71478637e+02  1.25840675e+00 -5.33961349e-01  4.85657415e-04  1.14456706e-03 
 5.72796031e+02  1.25947587e+00 -5.36848706e-01  4.89409182e-04  1.14818020e-03 
 5.74116462e+02  1.26054577e+00 -5.39759937e-01  4.93197480e-04  1.15180463e-03 
 5.75439937e+02  1.26161633e+00 -5.42695294e-01  4.97022738e-04  1.15544028e-03 
 5.76766463e+02  1.26268746e+00 -5.45655030e-01  5.00885390e-04  1.15908709e-03 
 5.78096047e+02  1.26375905e+00 -5.48639402e-01  5.04785877e-04  1.16274500e-03 
 5.79428696e+02  1.26483098e+00 -5.51648670e-01  5.08724645e-04  1.16641392e-03 
 5.80764418e+02  1.26590314e+00 -5.54683098e-01  5.12702145e-04  1.17009380e-03 
 5.82103218e+02  1.26697541e+00 -5.57742950e-01  5.16718833e-04  1.17378455e-03 
 5.83445104e+02  1.26804768e+00 -5.60828495e-01  5.20775174e-04  1.17748609e-03 
 5.84790084e+02  1.26911980e+00 -5.63940005e-01  5.24871637e-04  1.18119833e-03 
 5.86138165e+02  1.27019167e+00 -5.67077754e-01  5.29008697e-04  1.18492118e-03 
 5.87489353e+02  1.27126314e+00 -5.70242020e-01  5.33186836e-04  1.18865455e-03 
 5.88843655e+02  1.27233408e+00 -5.73433083e-01  5.37406540e-04  1.19239834e-03 
 5.90201080e+02  1.27340435e+00 -5.76651228e-01  5.41668304e-04  1.19615244e-03 
 5.91561634e+02  1.27447381e+00 -5.79896741e-01  5.45972627e-04  1.19991675e-03 
 5.92925325e+02  1.27554230e+00 -5.83169911e-01  5.50320017e-04  1.20369115e-03 
 5.94292159e+02  1.27660968e+00 -5.86471032e-01  5.54710987e-04  1.20747552e-03 
 5.95662144e+02  1.27767578e+00 -5.89800401e-01  5.59146055e-04  1.21126973e-03 
 5.97035287e+02  1.27874046e+00 -5.93158315e-01  5.63625748e-04  1.21507366e-03 
 5.98411595e+02  1.27980354e+00 -5.96545078e-01  5.68150598e-04  1.21888718e-03 
 5.99791076e+02  1.28086485e+00 -5.99960995e-01  5.72721146e-04  1.22271013e-03 
 6.01173737e+02  1.28192422e+00 -6.03406375e-01  5.77337937e-04  1.22654237e-03 
 6.02559586e+02  1.28298148e+00 -6.06881531e-01  5.82001525e-04  1.23038375e-03 
 6.03948629e+02  1.28403643e+00 -6.10386778e-01  5.86712470e-04  1.23423412e-03 
 6.05340875e+02  1.28508889e+00 -6.13922433e-01  5.91471339e-04  1.23809329e-03 
 6.06736330e+02  1.28613866e+00 -6.17488820e-01  5.96278707e-04  1.24196110e-03 
 6.08135001e+02  1.28718555e+00 -6.21086264e-01  6.01135154e-04  1.24583738e-03 
 6.09536897e+02  1.28822934e+00 -6.24715092e-01  6.06041270e-04  1.24972192e-03 
 6.10942025e+02  1.28926984e+00 -6.28375637e-01  6.10997650e-04  1.25361455e-03 
 6.12350392e+02  1.29030682e+00 -6.32068233e-01  6.16004899e-04  1.25751505e-03 
 6.13762005e+02  1.29134006e+00 -6.35793220e-01  6.21063626e-04  1.26142323e-03 
 6.15176873e+02  1.29236933e+00 -6.39550939e-01  6.26174450e-04  1.26533886e-03 
 6.16595002e+02  1.29339440e+00 -6.43341735e-01  6.31337997e-04  1.26926171e-03 
 6.18016400e+02  1.29441504e+00 -6.47165956e-01  6.36554900e-04  1.27319156e-03 
 6.19441075e+02  1.29543098e+00 -6.51023955e-01  6.41825800e-04  1.27712816e-03 
 6.20869034e+02  1.29644199e+00 -6.54916086e-01  6.47151347e-04  1.28107127e-03 
 6.22300285e+02  1.29744780e+00 -6.58842708e-01  6.52532197e-04  1.28502061e-03 
 6.23734835e+02  1.29844814e+00 -6.62804182e-01  6.57969014e-04  1.28897594e-03 
 6.25172693e+02  1.29944274e+00 -6.66800874e-01  6.63462471e-04  1.29293696e-03 
 6.26613865e+02  1.30043132e+00 -6.70833152e-01  6.69013249e-04  1.29690338e-03 
 6.28058359e+02  1.30141359e+00 -6.74901387e-01  6.74622035e-04  1.30087492e-03 
 6.29506183e+02  1.30238926e+00 -6.79005955e-01  6.80289527e-04  1.30485126e-03 
 6.30957344e+02  1.30335802e+00 -6.83147234e-01  6.86016428e-04  1.30883208e-03 
 6.32411851e+02  1.30431957e+00 -6.87325606e-01  6.91803453e-04  1.31281706e-03 
 6.33869711e+02  1.30527357e+00 -6.91541454e-01  6.97651320e-04  1.31680585e-03 
 6.35330932e+02  1.30621971e+00 -6.95795167e-01  7.03560761e-04  1.32079809e-03 
 6.36795521e+02  1.30715764e+00 -7.00087137e-01  7.09532511e-04  1.32479344e-03 
 6.38263486e+02  1.30808703e+00 -7.04417757e-01  7.15567318e-04  1.32879150e-03 
 6.39734835e+02  1.30900752e+00 -7.08787425e-01  7.21665935e-04  1.33279189e-03 
 6.41209577e+02  1.30991874e+00 -7.13196540e-01  7.27829124e-04  1.33679422e-03 
 6.42687717e+02  1.31082033e+00 -7.17645508e-01  7.34057656e-04  1.34079805e-03 
 6.44169266e+02  1.31171190e+00 -7.22134733e-01  7.40352310e-04  1.34480298e-03 
 6.45654229e+02  1.31259307e+00 -7.26664626e-01  7.46713875e-04  1.34880854e-03 
 6.47142616e+02  1.31346342e+00 -7.31235599e-01  7.53143146e-04  1.35281429e-03 
 6.48634434e+02  1.31432255e+00 -7.35848066e-01  7.59640926e-04  1.35681976e-03 
 6.50129690e+02  1.31517004e+00 -7.40502446e-01  7.66208030e-04  1.36082446e-03 
 6.51628394e+02  1.31600545e+00 -7.45199160e-01  7.72845279e-04  1.36482789e-03 
 6.53130553e+02  1.31682834e+00 -7.49938629e-01  7.79553501e-04  1.36882954e-03 
 6.54636174e+02  1.31763826e+00 -7.54721281e-01  7.86333535e-04  1.37282886e-03 
 6.56145266e+02  1.31843474e+00 -7.59547543e-01  7.93186228e-04  1.37682530e-03 
 6.57657837e+02  1.31921730e+00 -7.64417845e-01  8.00112433e-04  1.38081832e-03 
 6.59173895e+02  1.31998545e+00 -7.69332621e-01  8.07113013e-04  1.38480730e-03 
 6.60693448e+02  1.32073869e+00 -7.74292306e-01  8.14188841e-04  1.38879167e-03 
 6.62216504e+02  1.32147650e+00 -7.79297336e-01  8.21340794e-04  1.39277078e-03 
 6.63743070e+02  1.32219837e+00 -7.84348151e-01  8.28569760e-04  1.39674401e-03 
 6.65273156e+02  1.32290374e+00 -7.89445191e-01  8.35876634e-04  1.40071070e-03 
 6.66806769e+02  1.32359207e+00 -7.94588899e-01  8.43262321e-04  1.40467016e-03 
 6.68343918e+02  1.32426278e+00 -7.99779719e-01  8.50727730e-04  1.40862170e-03 
 6.69884609e+02  1.32491529e+00 -8.05018097e-01  8.58273780e-04  1.41256459e-03 
 6.71428853e+02  1.32554902e+00 -8.10304479e-01  8.65901398e-04  1.41649809e-03 
 6.72976656e+02  1.32616335e+00 -8.15639312e-01  8.73611519e-04  1.42042145e-03 
 6.74528028e+02  1.32675765e+00 -8.21023047e-01  8.81405082e-04  1.42433387e-03 
 6.76082975e+02  1.32733128e+00 -8.26456132e-01  8.89283037e-04  1.42823454e-03 
 6.77641508e+02  1.32788359e+00 -8.31939018e-01  8.97246339e-04  1.43212263e-03 
 6.79203633e+02  1.32841391e+00 -8.37472155e-01  9.05295951e-04  1.43599728e-03 
 6.80769359e+02  1.32892155e+00 -8.43055993e-01  9.13432841e-04  1.43985761e-03 
 6.82338694e+02  1.32940580e+00 -8.48690984e-01  9.21657985e-04  1.44370271e-03 
 6.83911647e+02  1.32986595e+00 -8.54377577e-01  9.29972365e-04  1.44753165e-03 
 6.85488226e+02  1.33030125e+00 -8.60116222e-01  9.38376969e-04  1.45134346e-03 
 6.87068440e+02  1.33071095e+00 -8.65907368e-01  9.46872790e-04  1.45513716e-03 
 6.88652296e+02  1.33109428e+00 -8.71751463e-01  9.55460828e-04  1.45891173e-03 
 6.90239804e+02  1.33145043e+00 -8.77648953e-01  9.64142086e-04  1.46266613e-03 
 6.91830971e+02  1.33177861e+00 -8.83600283e-01  9.72917574e-04  1.46639927e-03 
 6.93425806e+02  1.33207798e+00 -8.89605896e-01  9.81788305e-04  1.47011006e-03 
 6.95024318e+02  1.33234769e+00 -8.95666233e-01  9.90755297e-04  1.47379736e-03 
 6.96626514e+02  1.33258687e+00 -9.01781731e-01  9.99819573e-04  1.47746000e-03 
 6.98232404e+02  1.33279464e+00 -9.07952825e-01  1.00898216e-03  1.48109678e-03 
 6.99841996e+02  1.33297007e+00 -9.14179947e-01  1.01824408e-03  1.48470647e-03 
 7.01455298e+02  1.33311225e+00 -9.20463525e-01  1.02760636e-03  1.48828780e-03 
 7.03072320e+02  1.33322022e+00 -9.26803983e-01  1.03707005e-03  1.49183947e-03 
 7.04693069e+02  1.33329300e+00 -9.33201739e-01  1.04663617e-03  1.49536014e-03 
 7.06317554e+02  1.33332960e+00 -9.39657208e-01  1.05630577e-03  1.49884844e-03 
 7.07945784e+02  1.33332899e+00 -9.46170798e-01  1.06607987e-03  1.50230296e-03 
 7.09577768e+02  1.33329014e+00 -9.52742913e-01  1.07595951e-03  1.50572226e-03 
 7.11213514e+02  1.33321199e+00 -9.59373948e-01  1.08594573e-03  1.50910484e-03 
 7.12853030e+02  1.33309343e+00 -9.66064292e-01  1.09603957e-03  1.51244918e-03 
 7.14496326e+02  1.33293336e+00 -9.72814328e-01  1.10624204e-03  1.51575371e-03 
 7.16143410e+02  1.33273064e+00 -9.79624429e-01  1.11655420e-03  1.51901683e-03 
 7.17794291e+02  1.33248411e+00 -9.86494960e-01  1.12697705e-03  1.52223688e-03 
 7.19448978e+02  1.33219257e+00 -9.93426276e-01  1.13751163e-03  1.52541218e-03 
 7.21107479e+02  1.33185482e+00 -1.00041872e+00  1.14815894e-03  1.52854099e-03 
 7.22769804e+02  1.33146961e+00 -1.00747264e+00  1.15892001e-03  1.53162152e-03 
 7.24435960e+02  1.33103568e+00 -1.01458834e+00  1.16979583e-03  1.53465196e-03 
 7.26105957e+02  1.33055172e+00 -1.02176615e+00  1.18078740e-03  1.53763042e-03 
 7.27779805e+02  1.33001643e+00 -1.02900636e+00  1.19189572e-03  1.54055500e-03 
 7.29457510e+02  1.32942844e+00 -1.03630925e+00  1.20312175e-03  1.54342371e-03 
 7.31139083e+02  1.32878639e+00 -1.04367510e+00  1.21446646e-03  1.54623455e-03 
 7.32824533e+02  1.32808887e+00 -1.05110417e+00  1.22593081e-03  1.54898545e-03 
 7.34513868e+02  1.32733443e+00 -1.05859669e+00  1.23751575e-03  1.55167428e-03 
 7.36207097e+02  1.32652162e+00 -1.06615289e+00  1.24922219e-03  1.55429888e-03 
 7.37904230e+02  1.32564894e+00 -1.07377298e+00  1.26105106e-03  1.55685703e-03 
 7.39605275e+02  1.32471488e+00 -1.08145713e+00  1.27300324e-03  1.55934645e-03 
 7.41310241e+02  1.32371786e+00 -1.08920552e+00  1.28507961e-03  1.56176480e-03 
 7.43019138e+02  1.32265632e+00 -1.09701829e+00  1.29728104e-03  1.56410971e-03 
 7.44731974e+02  1.32152863e+00 -1.10489557e+00  1.30960834e-03  1.56637873e-03 
 7.46448758e+02  1.32033315e+00 -1.11283745e+00  1.32206234e-03  1.56856937e-03 
 7.48169501e+02  1.31906820e+00 -1.12084403e+00  1.33464383e-03  1.57067905e-03 
 7.49894209e+02  1.31773207e+00 -1.12891534e+00  1.34735356e-03  1.57270518e-03 
 7.51622894e+02  1.31632302e+00 -1.13705141e+00  1.36019227e-03  1.57464508e-03 
 7.53355564e+02  1.31483928e+00 -1.14525224e+00  1.37316066e-03  1.57649600e-03 
 7.55092228e+02  1.31327904e+00 -1.15351781e+00  1.38625940e-03  1.57825515e-03 
 7.56832895e+02  1.31164047e+00 -1.16184804e+00  1.39948914e-03  1.57991968e-03 
 7.58577575e+02  1.30992169e+00 -1.17024285e+00  1.41285046e-03  1.58148666e-03 
 7.60326277e+02  1.30812080e+00 -1.17870211e+00  1.42634394e-03  1.58295312e-03 
 7.62079010e+02  1.30623587e+00 -1.18722566e+00  1.43997010e-03  1.58431599e-03 
 7.63835784e+02  1.30426493e+00 -1.19581330e+00  1.45372942e-03  1.58557218e-03 
 7.65596607e+02  1.30220598e+00 -1.20446480e+00  1.46762234e-03  1.58671850e-03 
 7.67361489e+02  1.30005699e+00 -1.21317989e+00  1.48164924e-03  1.58775172e-03 
 7.69130440e+02  1.29781589e+00 -1.22195825e+00  1.49581047e-03  1.58866852e-03 
 7.70903469e+02  1.29548060e+00 -1.23079953e+00  1.51010631e-03  1.58946553e-03 
 7.72680585e+02  1.29304897e+00 -1.23970332e+00  1.52453699e-03  1.59013931e-03 
 7.74461798e+02  1.29051885e+00 -1.24866919e+00  1.53910270e-03  1.59068635e-03 
 7.76247117e+02  1.28788805e+00 -1.25769665e+00  1.55380353e-03  1.59110308e-03 
 7.78036551e+02  1.28515436e+00 -1.26678513e+00  1.56863955e-03  1.59138586e-03 
 7.79830111e+02  1.28231550e+00 -1.27593407e+00  1.58361073e-03  1.59153097e-03 
 7.81627805e+02  1.27936921e+00 -1.28514281e+00  1.59871699e-03  1.59153464e-03 
 7.83429643e+02  1.27631317e+00 -1.29441064e+00  1.61395818e-03  1.59139303e-03 
 7.85235635e+02  1.27314504e+00 -1.30373682e+00  1.62933405e-03  1.59110223e-03 
 7.87045790e+02  1.26986245e+00 -1.31312053e+00  1.64484429e-03  1.59065825e-03 
 7.88860118e+02  1.26646301e+00 -1.32256089e+00  1.66048851e-03  1.59005706e-03 
 7.90678628e+02  1.26294428e+00 -1.33205695e+00  1.67626623e-03  1.58929455e-03 
 7.92501330e+02  1.25930384e+00 -1.34160773e+00  1.69217686e-03  1.58836654e-03 
 7.94328235e+02  1.25553920e+00 -1.35121213e+00  1.70821975e-03  1.58726879e-03 
 7.96159350e+02  1.25164786e+00 -1.36086904e+00  1.72439413e-03  1.58599701e-03 
 7.97994687e+02  1.24762732e+00 -1.37057722e+00  1.74069913e-03  1.58454682e-03 
 7.99834255e+02  1.24347502e+00 -1.38033541e+00  1.75713379e-03  1.58291381e-03 
 8.01678063e+02  1.23918842e+00 -1.39014223e+00  1.77369703e-03  1.58109349e-03 
 8.03526122e+02  1.23476494e+00 -1.39999625e+00  1.79038765e-03  1.57908130e-03 
 8.05378441e+02  1.23020198e+00 -1.40989595e+00  1.80720435e-03  1.57687267e-03 
 8.07235030e+02  1.22549695e+00 -1.41983972e+00  1.82414570e-03  1.57446292e-03 
 8.09095899e+02  1.22064721e+00 -1.42982589e+00  1.84121014e-03  1.57184734e-03 
 8.10961058e+02  1.21565015e+00 -1.43985268e+00  1.85839600e-03  1.56902119e-03 
 8.12830516e+02  1.21050312e+00 -1.44991823e+00  1.87570144e-03  1.56597965e-03 
 8.14704284e+02  1.20520348e+00 -1.46002059e+00  1.89312452e-03  1.56271787e-03 
 8.16582371e+02  1.19974858e+00 -1.47015770e+00  1.91066314e-03  1.55923095e-03 
 8.18464788e+02  1.19413578e+00 -1.48032744e+00  1.92831505e-03  1.55551396e-03 
 8.20351544e+02  1.18836243e+00 -1.49052756e+00  1.94607786e-03  1.55156193e-03 
 8.22242650e+02  1.18242588e+00 -1.50075571e+00  1.96394901e-03  1.54736984e-03 
 8.24138115e+02  1.17632350e+00 -1.51100947e+00  1.98192579e-03  1.54293267e-03 
 8.26037950e+02  1.17005266e+00 -1.52128629e+00  2.00000532e-03  1.53824535e-03 
 8.27942164e+02  1.16361076e+00 -1.53158350e+00  2.01818457e-03  1.53330280e-03 
 8.29850768e+02  1.15699519e+00 -1.54189837e+00  2.03646031e-03  1.52809992e-03 
 8.31763771e+02  1.15020338e+00 -1.55222801e+00  2.05482914e-03  1.52263161e-03 
 8.33681185e+02  1.14323279e+00 -1.56256945e+00  2.07328750e-03  1.51689274e-03 
 8.35603018e+02  1.13608089e+00 -1.57291959e+00  2.09183162e-03  1.51087820e-03 
 8.37529282e+02  1.12874519e+00 -1.58327523e+00  2.11045754e-03  1.50458288e-03 
 8.39459987e+02  1.12122325e+00 -1.59363305e+00  2.12916113e-03  1.49800166e-03 
 8.41395142e+02  1.11351264e+00 -1.60398960e+00  2.14793804e-03  1.49112946e-03 
 8.43334758e+02  1.10561100e+00 -1.61434133e+00  2.16678373e-03  1.48396122e-03 
 8.45278845e+02  1.09751602e+00 -1.62468455e+00  2.18569346e-03  1.47649190e-03 
 8.47227414e+02  1.08922544e+00 -1.63501547e+00  2.20466226e-03  1.46871651e-03 
 8.49180475e+02  1.08073704e+00 -1.64533016e+00  2.22368497e-03  1.46063008e-03 
 8.51138038e+02  1.07204871e+00 -1.65562459e+00  2.24275622e-03  1.45222772e-03 
 8.53100114e+02  1.06315837e+00 -1.66589459e+00  2.26187041e-03  1.44350458e-03 
 8.55066713e+02  1.05406403e+00 -1.67613586e+00  2.28102172e-03  1.43445589e-03 
 8.57037845e+02  1.04476379e+00 -1.68634401e+00  2.30020412e-03  1.42507695e-03 
 8.59013522e+02  1.03525583e+00 -1.69651450e+00  2.31941135e-03  1.41536315e-03 
 8.60993752e+02  1.02553841e+00 -1.70664268e+00  2.33863693e-03  1.40530998e-03 
 8.62978548e+02  1.01560991e+00 -1.71672377e+00  2.35787415e-03  1.39491303e-03 
 8.64967919e+02  1.00546880e+00 -1.72675288e+00  2.37711608e-03  1.38416799e-03 
 8.66961876e+02  9.95113681e-01 -1.73672499e+00  2.39635555e-03  1.37307070e-03 
 8.68960429e+02  9.84543251e-01 -1.74663499e+00  2.41558518e-03  1.36161711e-03 
 8.70963590e+02  9.73756342e-01 -1.75647761e+00  2.43479735e-03  1.34980335e-03 
 8.72971368e+02  9.62751914e-01 -1.76624752e+00  2.45398422e-03  1.33762566e-03 
 8.74983775e+02  9.51529065e-01 -1.77593923e+00  2.47313773e-03  1.32508049e-03 
 8.77000821e+02  9.40087036e-01 -1.78554718e+00  2.49224958e-03  1.31216444e-03 
 8.79022517e+02  9.28425218e-01 -1.79506568e+00  2.51131127e-03  1.29887432e-03 
 8.81048873e+02  9.16543158e-01 -1.80448896e+00  2.53031408e-03  1.28520712e-03 
 8.83079900e+02  9.04440567e-01 -1.81381114e+00  2.54924906e-03  1.27116005e-03 
 8.85115610e+02  8.92117326e-01 -1.82302625e+00  2.56810706e-03  1.25673056e-03 
 8.87156012e+02  8.79573491e-01 -1.83212823e+00  2.58687873e-03  1.24191632e-03 
 8.89201118e+02  8.66809299e-01 -1.84111095e+00  2.60555451e-03  1.22671525e-03 
 8.91250938e+02  8.53825178e-01 -1.84996819e+00  2.62412466e-03  1.21112553e-03 
 8.93305484e+02  8.40621750e-01 -1.85869365e+00  2.64257923e-03  1.19514562e-03 
 8.95364766e+02  8.27199837e-01 -1.86728099e+00  2.66090812e-03  1.17877425e-03 
 8.97428795e+02  8.13560469e-01 -1.87572380e+00  2.67910103e-03  1.16201047e-03 
 8.99497582e+02  7.99704885e-01 -1.88401561e+00  2.69714750e-03  1.14485359e-03 
 9.01571138e+02  7.85634546e-01 -1.89214991e+00  2.71503694e-03  1.12730329e-03 
 9.03649474e+02  7.71351132e-01 -1.90012016e+00  2.73275859e-03  1.10935954e-03 
 9.05732601e+02  7.56856552e-01 -1.90791980e+00  2.75030157e-03  1.09102267e-03 
 9.07820530e+02  7.42152947e-01 -1.91554222e+00  2.76765486e-03  1.07229336e-03 
 9.09913273e+02  7.27242694e-01 -1.92298083e+00  2.78480735e-03  1.05317264e-03 
 9.12010839e+02  7.12128412e-01 -1.93022903e+00  2.80174783e-03  1.03366191e-03 
 9.14113241e+02  6.96812961e-01 -1.93728022e+00  2.81846500e-03  1.01376297e-03 
 9.16220490e+02  6.81299450e-01 -1.94412783e+00  2.83494749e-03  9.93477968e-04 
 9.18332596e+02  6.65591237e-01 -1.95076532e+00  2.85118389e-03  9.72809487e-04 
 9.20449572e+02  6.49691930e-01 -1.95718617e+00  2.86716272e-03  9.51760494e-04 
 9.22571427e+02  6.33605393e-01 -1.96338394e+00  2.88287251e-03  9.30334372e-04 
 9.24698174e+02  6.17335742e-01 -1.96935224e+00  2.89830177e-03  9.08534918e-04 
 9.26829823e+02  6.00887349e-01 -1.97508473e+00  2.91343903e-03  8.86366354e-04 
 9.28966387e+02  5.84264842e-01 -1.98057520e+00  2.92827283e-03  8.63833326e-04 
 9.31107875e+02  5.67473102e-01 -1.98581749e+00  2.94279178e-03  8.40940914e-04 
 9.33254301e+02  5.50517264e-01 -1.99080559e+00  2.95698454e-03  8.17694629e-04 
 9.35405674e+02  5.33402716e-01 -1.99553358e+00  2.97083987e-03  7.94100418e-04 
 9.37562007e+02  5.16135094e-01 -1.99999570e+00  2.98434662e-03  7.70164668e-04 
 9.39723311e+02  4.98720278e-01 -2.00418629e+00  2.99749377e-03  7.45894198e-04 
 9.41889597e+02  4.81164395e-01 -2.00809991e+00  3.01027047e-03  7.21296268e-04 
 9.44060876e+02  4.63473807e-01 -2.01173123e+00  3.02266599e-03  6.96378568e-04 
 9.46237161e+02  4.45655108e-01 -2.01507514e+00  3.03466983e-03  6.71149221e-04 
 9.48418463e+02  4.27715123e-01 -2.01812670e+00  3.04627166e-03  6.45616777e-04 
 9.50604794e+02  4.09660893e-01 -2.02088119e+00  3.05746140e-03  6.19790206e-04 
 9.52796164e+02  3.91499677e-01 -2.02333410e+00  3.06822922e-03  5.93678895e-04 
 9.54992586e+02  3.73238937e-01 -2.02548114e+00  3.07856555e-03  5.67292635e-04 
 9.57194071e+02  3.54886333e-01 -2.02731827e+00  3.08846110e-03  5.40641620e-04 
 9.59400632e+02  3.36449713e-01 -2.02884168e+00  3.09790689e-03  5.13736431e-04 
 9.61612278e+02  3.17937104e-01 -2.03004785e+00  3.10689429e-03  4.86588024e-04 
 9.63829024e+02  2.99356701e-01 -2.03093350e+00  3.11541499e-03  4.59207726e-04 
 9.66050879e+02  2.80716856e-01 -2.03149563e+00  3.12346105e-03  4.31607212e-04 
 9.68277856e+02  2.62026066e-01 -2.03173154e+00  3.13102492e-03  4.03798498e-04 
 9.70509967e+02  2.43292963e-01 -2.03163881e+00  3.13809945e-03  3.75793920e-04 
 9.72747224e+02  2.24526298e-01 -2.03121533e+00  3.14467790e-03  3.47606123e-04 
 9.74989638e+02  2.05734931e-01 -2.03045930e+00  3.15075396e-03  3.19248038e-04 
 9.77237221e+02  1.86927817e-01 -2.02936922e+00  3.15632177e-03  2.90732870e-04 
 9.79489985e+02  1.68113990e-01 -2.02794393e+00  3.16137594e-03  2.62074073e-04 
 9.81747943e+02  1.49302552e-01 -2.02618257e+00  3.16591154e-03  2.33285332e-04 
 9.84011106e+02  1.30502655e-01 -2.02408463e+00  3.16992414e-03  2.04380543e-04 
 9.86279486e+02  1.11723490e-01 -2.02164992e+00  3.17340978e-03  1.75373793e-04 
 9.88553095e+02  9.29742684e-02 -2.01887860e+00  3.17636503e-03  1.46279333e-04 
 9.90831945e+02  7.42642091e-02 -2.01577114e+00  3.17878697e-03  1.17111559e-04 
 9.93116048e+02  5.56025224e-02 -2.01232836e+00  3.18067321e-03  8.78849876e-05 
 9.95405417e+02  3.69983951e-02 -2.00855143e+00  3.18202185e-03  5.86142331e-05 
 9.97700064e+02  1.84609746e-02 -2.00444182e+00  3.18283157e-03  2.93139827e-05 
 1.00000000e+03 -6.45774643e-07 -2.00000137e+00  3.18310155e-03 -1.02778243e-09 
 1.00230524e+03 -1.83774424e-02 -1.99523222e+00  3.18283153e-03 -2.93160377e-05 
 1.00461579e+03 -3.66604761e-02 -1.99013687e+00  3.18202178e-03 -5.86162866e-05 
 1.00693167e+03 -5.48409070e-02 -1.98471811e+00  3.18067309e-03 -8.78870385e-05 
 1.00925289e+03 -7.29100090e-02 -1.97897908e+00  3.17878682e-03 -1.17113606e-04 
 1.01157945e+03 -9.08591844e-02 -1.97292320e+00  3.17636484e-03 -1.46281376e-04 
 1.01391139e+03 -1.08679977e-01 -1.96655421e+00  3.17340955e-03 -1.75375830e-04 
 1.01624869e+03 -1.26364086e-01 -1.95987616e+00  3.16992387e-03 -2.04382574e-04 
 1.01859139e+03 -1.43903380e-01 -1.95289338e+00  3.16591124e-03 -2.33287354e-04 
 1.02093948e+03 -1.61289908e-01 -1.94561048e+00  3.16137560e-03 -2.62076087e-04 
 1.02329299e+03 -1.78515910e-01 -1.93803233e+00  3.15632140e-03 -2.90734875e-04 
 1.02565193e+03 -1.95573833e-01 -1.93016409e+00  3.15075355e-03 -3.19250032e-04 
 1.02801630e+03 -2.12456339e-01 -1.92201116e+00  3.14467745e-03 -3.47608105e-04 
 1.03038612e+03 -2.29156312e-01 -1.91357917e+00  3.13809897e-03 -3.75795890e-04 
 1.03276141e+03 -2.45666875e-01 -1.90487399e+00  3.13102441e-03 -4.03800455e-04 
 1.03514217e+03 -2.61981393e-01 -1.89590170e+00  3.12346050e-03 -4.31609155e-04 
 1.03752842e+03 -2.78093481e-01 -1.88666860e+00  3.11541441e-03 -4.59209654e-04 
 1.03992017e+03 -2.93997015e-01 -1.87718117e+00  3.10689368e-03 -4.86589936e-04 
 1.04231743e+03 -3.09686137e-01 -1.86744607e+00  3.09790625e-03 -5.13738326e-04 
 1.04472022e+03 -3.25155259e-01 -1.85747013e+00  3.08846042e-03 -5.40643498e-04 
 1.04712855e+03 -3.40399072e-01 -1.84726033e+00  3.07856484e-03 -5.67294495e-04 
 1.04954243e+03 -3.55412546e-01 -1.83682379e+00  3.06822848e-03 -5.93680735e-04 
 1.05196187e+03 -3.70190938e-01 -1.82616776e+00  3.05746063e-03 -6.19792027e-04 
 1.05438690e+03 -3.84729791e-01 -1.81529961e+00  3.04627086e-03 -6.45618578e-04 
 1.05681751e+03 -3.99024939e-01 -1.80422679e+00  3.03466900e-03 -6.71151001e-04 
 1.05925373e+03 -4.13072508e-01 -1.79295684e+00  3.02266514e-03 -6.96380326e-04 
 1.06169556e+03 -4.26868913e-01 -1.78149738e+00  3.01026958e-03 -7.21298004e-04 
 1.06414302e+03 -4.40410865e-01 -1.76985610e+00  2.99749286e-03 -7.45895911e-04 
 1.06659612e+03 -4.53695365e-01 -1.75804070e+00  2.98434568e-03 -7.70166358e-04 
 1.06905488e+03 -4.66719702e-01 -1.74605895e+00  2.97083891e-03 -7.94102085e-04 
 1.07151931e+03 -4.79481456e-01 -1.73391861e+00  2.95698356e-03 -8.17696271e-04 
 1.07398941e+03 -4.91978491e-01 -1.72162747e+00  2.94279077e-03 -8.40942531e-04 
 1.07646521e+03 -5.04208954e-01 -1.70919331e+00  2.92827180e-03 -8.63834919e-04 
 1.07894672e+03 -5.16171270e-01 -1.69662388e+00  2.91343798e-03 -8.86367921e-04 
 1.08143395e+03 -5.27864139e-01 -1.68392692e+00  2.89830070e-03 -9.08536460e-04 
 1.08392691e+03 -5.39286529e-01 -1.67111013e+00  2.88287142e-03 -9.30335888e-04 
 1.08642562e+03 -5.50437675e-01 -1.65818114e+00  2.86716161e-03 -9.51761984e-04 
 1.08893009e+03 -5.61317069e-01 -1.64514755e+00  2.85118276e-03 -9.72810950e-04 
 1.09144034e+03 -5.71924454e-01 -1.63201686e+00  2.83494635e-03 -9.93479404e-04 
 1.09395637e+03 -5.82259823e-01 -1.61879653e+00  2.81846384e-03 -1.01376438e-03 
 1.09647820e+03 -5.92323405e-01 -1.60549390e+00  2.80174665e-03 -1.03366330e-03 
 1.09900584e+03 -6.02115664e-01 -1.59211623e+00  2.78480616e-03 -1.05317400e-03 
 1.10153931e+03 -6.11637287e-01 -1.57867066e+00  2.76765365e-03 -1.07229469e-03 
 1.10407862e+03 -6.20889180e-01 -1.56516426e+00  2.75030034e-03 -1.09102397e-03 
 1.10662378e+03 -6.29872458e-01 -1.55160393e+00  2.73275735e-03 -1.10936081e-03 
 1.10917482e+03 -6.38588438e-01 -1.53799648e+00  2.71503569e-03 -1.12730453e-03 
 1.11173173e+03 -6.47038631e-01 -1.52434859e+00  2.69714624e-03 -1.14485481e-03 
 1.11429453e+03 -6.55224733e-01 -1.51066679e+00  2.67909976e-03 -1.16201165e-03 
 1.11686325e+03 -6.63148617e-01 -1.49695749e+00  2.66090684e-03 -1.17877542e-03 
 1.11943788e+03 -6.70812327e-01 -1.48322694e+00  2.64257794e-03 -1.19514675e-03 
 1.12201845e+03 -6.78218066e-01 -1.46948124e+00  2.62412336e-03 -1.21112664e-03 
 1.12460497e+03 -6.85368190e-01 -1.45572635e+00  2.60555320e-03 -1.22671633e-03 
 1.12719746e+03 -6.92265199e-01 -1.44196808e+00  2.58687741e-03 -1.24191737e-03 
 1.12979591e+03 -6.98911728e-01 -1.42821207e+00  2.56810574e-03 -1.25673158e-03 
 1.13240036e+03 -7.05310542e-01 -1.41446381e+00  2.54924773e-03 -1.27116105e-03 
 1.13501082e+03 -7.11464521e-01 -1.40072862e+00  2.53031275e-03 -1.28520809e-03 
 1.13762729e+03 -7.17376662e-01 -1.38701167e+00  2.51130994e-03 -1.29887526e-03 
 1.14024979e+03 -7.23050062e-01 -1.37331795e+00  2.49224824e-03 -1.31216536e-03 
 1.14287833e+03 -7.28487914e-01 -1.35965231e+00  2.47313639e-03 -1.32508138e-03 
 1.14551294e+03 -7.33693501e-01 -1.34601942e+00  2.45398288e-03 -1.33762653e-03 
 1.14815362e+03 -7.38670185e-01 -1.33242379e+00  2.43479601e-03 -1.34980419e-03 
 1.15080039e+03 -7.43421402e-01 -1.31886977e+00  2.41558384e-03 -1.36161793e-03 
 1.15345326e+03 -7.47950655e-01 -1.30536153e+00  2.39635421e-03 -1.37307149e-03 
 1.15611224e+03 -7.52261507e-01 -1.29190310e+00  2.37711473e-03 -1.38416875e-03 
 1.15877736e+03 -7.56357572e-01 -1.27849835e+00  2.35787280e-03 -1.39491377e-03 
 1.16144861e+03 -7.60242511e-01 -1.26515097e+00  2.33863558e-03 -1.40531070e-03 
 1.16412603e+03 -7.63920027e-01 -1.25186450e+00  2.31941000e-03 -1.41536385e-03 
 1.16680962e+03 -7.67393855e-01 -1.23864234e+00  2.30020277e-03 -1.42507762e-03 
 1.16949939e+03 -7.70667759e-01 -1.22548772e+00  2.28102037e-03 -1.43445653e-03 
 1.17219537e+03 -7.73745526e-01 -1.21240372e+00  2.26186907e-03 -1.44350520e-03 
 1.17489755e+03 -7.76630959e-01 -1.19939327e+00  2.24275488e-03 -1.45222832e-03 
 1.17760597e+03 -7.79327874e-01 -1.18645917e+00  2.22368364e-03 -1.46063066e-03 
 1.18032064e+03 -7.81840096e-01 -1.17360406e+00  2.20466093e-03 -1.46871706e-03 
 1.18304156e+03 -7.84171448e-01 -1.16083044e+00  2.18569213e-03 -1.47649244e-03 
 1.18576875e+03 -7.86325756e-01 -1.14814067e+00  2.16678241e-03 -1.48396174e-03 
 1.18850223e+03 -7.88306837e-01 -1.13553698e+00  2.14793672e-03 -1.49112996e-03 
 1.19124201e+03 -7.90118498e-01 -1.12302147e+00  2.12915982e-03 -1.49800213e-03 
 1.19398810e+03 -7.91764533e-01 -1.11059611e+00  2.11045623e-03 -1.50458333e-03 
 1.19674053e+03 -7.93248717e-01 -1.09826274e+00  2.09183031e-03 -1.51087864e-03 
 1.19949930e+03 -7.94574805e-01 -1.08602308e+00  2.07328620e-03 -1.51689316e-03 
 1.20226443e+03 -7.95746528e-01 -1.07387873e+00  2.05482785e-03 -1.52263200e-03 
 1.20503594e+03 -7.96767587e-01 -1.06183118e+00  2.03645902e-03 -1.52810030e-03 
 1.20781384e+03 -7.97641658e-01 -1.04988179e+00  2.01818329e-03 -1.53330316e-03 
 1.21059813e+03 -7.98372380e-01 -1.03803184e+00  2.00000405e-03 -1.53824569e-03 
 1.21338885e+03 -7.98963359e-01 -1.02628247e+00  1.98192452e-03 -1.54293299e-03 
 1.21618600e+03 -7.99418163e-01 -1.01463474e+00  1.96394775e-03 -1.54737014e-03 
 1.21898960e+03 -7.99740321e-01 -1.00308961e+00  1.94607661e-03 -1.55156221e-03 
 1.22179966e+03 -7.99933321e-01 -9.91647931e-01  1.92831381e-03 -1.55551423e-03 
 1.22461620e+03 -8.00000607e-01 -9.80310476e-01  1.91066191e-03 -1.55923121e-03 
 1.22743923e+03 -7.99945579e-01 -9.69077920e-01  1.89312330e-03 -1.56271811e-03 
 1.23026877e+03 -7.99771592e-01 -9.57950854e-01  1.87570023e-03 -1.56597987e-03 
 1.23310483e+03 -7.99481952e-01 -9.46929785e-01  1.85839479e-03 -1.56902140e-03 
 1.23594743e+03 -7.99079918e-01 -9.36015141e-01  1.84120894e-03 -1.57184753e-03 
 1.23879659e+03 -7.98568697e-01 -9.25207274e-01  1.82414451e-03 -1.57446309e-03 
 1.24165231e+03 -7.97951449e-01 -9.14506459e-01  1.80720317e-03 -1.57687283e-03 
 1.24451461e+03 -7.97231281e-01 -9.03912905e-01  1.79038647e-03 -1.57908145e-03 
 1.24738351e+03 -7.96411247e-01 -8.93426748e-01  1.77369586e-03 -1.58109362e-03 
 1.25025903e+03 -7.95494351e-01 -8.83048064e-01  1.75713263e-03 -1.58291393e-03 
 1.25314117e+03 -7.94483542e-01 -8.72776862e-01  1.74069798e-03 -1.58454693e-03 
 1.25602996e+03 -7.93381717e-01 -8.62613094e-01  1.72439299e-03 -1.58599710e-03 
 1.25892541e+03 -7.92191720e-01 -8.52556657e-01  1.70821862e-03 -1.58726888e-03 
 1.26182753e+03 -7.90916338e-01 -8.42607389e-01  1.69217574e-03 -1.58836661e-03 
 1.26473635e+03 -7.89558309e-01 -8.32765080e-01  1.67626512e-03 -1.58929461e-03 
 1.26765187e+03 -7.88120313e-01 -8.23029470e-01  1.66048741e-03 -1.59005711e-03 
 1.27057411e+03 -7.86604978e-01 -8.13400252e-01  1.64484320e-03 -1.59065829e-03 
 1.27350308e+03 -7.85014880e-01 -8.03877074e-01  1.62933297e-03 -1.59110225e-03 
 1.27643881e+03 -7.83352537e-01 -7.94459544e-01  1.61395711e-03 -1.59139305e-03 
 1.27938130e+03 -7.81620418e-01 -7.85147226e-01  1.59871593e-03 -1.59153465e-03 
 1.28233058e+03 -7.79820936e-01 -7.75939651e-01  1.58360968e-03 -1.59153096e-03 
 1.28528666e+03 -7.77956454e-01 -7.66836311e-01  1.56863850e-03 -1.59138584e-03 
 1.28824955e+03 -7.76029281e-01 -7.57836665e-01  1.55380250e-03 -1.59110306e-03 
 1.29121927e+03 -7.74041674e-01 -7.48940141e-01  1.53910167e-03 -1.59068632e-03 
 1.29419584e+03 -7.71995840e-01 -7.40146136e-01  1.52453598e-03 -1.59013927e-03 
 1.29717927e+03 -7.69893934e-01 -7.31454020e-01  1.51010530e-03 -1.58946548e-03 
 1.30016958e+03 -7.67738061e-01 -7.22863136e-01  1.49580947e-03 -1.58866846e-03 
 1.30316678e+03 -7.65530276e-01 -7.14372803e-01  1.48164825e-03 -1.58775165e-03 
 1.30617089e+03 -7.63272585e-01 -7.05982316e-01  1.46762136e-03 -1.58671843e-03 
 1.30918192e+03 -7.60966946e-01 -6.97690949e-01  1.45372845e-03 -1.58557210e-03 
 1.31219990e+03 -7.58615269e-01 -6.89497957e-01  1.43996914e-03 -1.58431590e-03 
 1.31522483e+03 -7.56219416e-01 -6.81402576e-01  1.42634299e-03 -1.58295302e-03 
 1.31825674e+03 -7.53781203e-01 -6.73404023e-01  1.41284952e-03 -1.58148656e-03 
 1.32129563e+03 -7.51302400e-01 -6.65501503e-01  1.39948820e-03 -1.57991957e-03 
 1.32434154e+03 -7.48784733e-01 -6.57694203e-01  1.38625848e-03 -1.57825503e-03 
 1.32739446e+03 -7.46229882e-01 -6.49981300e-01  1.37315975e-03 -1.57649587e-03 
 1.33045442e+03 -7.43639484e-01 -6.42361956e-01  1.36019137e-03 -1.57464494e-03 
 1.33352143e+03 -7.41015134e-01 -6.34835324e-01  1.34735267e-03 -1.57270504e-03 
 1.33659552e+03 -7.38358384e-01 -6.27400547e-01  1.33464294e-03 -1.57067891e-03 
 1.33967669e+03 -7.35670744e-01 -6.20056758e-01  1.32206147e-03 -1.56856922e-03 
 1.34276496e+03 -7.32953685e-01 -6.12803085e-01  1.30960747e-03 -1.56637858e-03 
 1.34586035e+03 -7.30208638e-01 -6.05638646e-01  1.29728018e-03 -1.56410955e-03 
 1.34896288e+03 -7.27436993e-01 -5.98562555e-01  1.28507876e-03 -1.56176464e-03 
 1.35207256e+03 -7.24640103e-01 -5.91573920e-01  1.27300240e-03 -1.55934627e-03 
 1.35518941e+03 -7.21819284e-01 -5.84671847e-01  1.26105023e-03 -1.55685685e-03 
 1.35831345e+03 -7.18975815e-01 -5.77855435e-01  1.24922137e-03 -1.55429870e-03 
 1.36144468e+03 -7.16110938e-01 -5.71123784e-01  1.23751493e-03 -1.55167409e-03 
 1.36458314e+03 -7.13225861e-01 -5.64475989e-01  1.22593001e-03 -1.54898526e-03 
 1.36772883e+03 -7.10321757e-01 -5.57911146e-01  1.21446566e-03 -1.54623436e-03 
 1.37088177e+03 -7.07399764e-01 -5.51428349e-01  1.20312096e-03 -1.54342351e-03 
 1.37404198e+03 -7.04460990e-01 -5.45026693e-01  1.19189493e-03 -1.54055480e-03 
 1.37720947e+03 -7.01506507e-01 -5.38705271e-01  1.18078663e-03 -1.53763022e-03 
 1.38038426e+03 -6.98537357e-01 -5.32463182e-01  1.16979507e-03 -1.53465175e-03 
 1.38356638e+03 -6.95554554e-01 -5.26299522e-01  1.15891925e-03 -1.53162131e-03 
 1.38675583e+03 -6.92559077e-01 -5.20213391e-01  1.14815819e-03 -1.52854077e-03 
 1.38995263e+03 -6.89551878e-01 -5.14203892e-01  1.13751088e-03 -1.52541196e-03 
 1.39315680e+03 -6.86533880e-01 -5.08270130e-01  1.12697632e-03 -1.52223666e-03 
 1.39636836e+03 -6.83505979e-01 -5.02411213e-01  1.11655347e-03 -1.51901660e-03 
 1.39958732e+03 -6.80469042e-01 -4.96626256e-01  1.10624132e-03 -1.51575348e-03 
 1.40281370e+03 -6.77423910e-01 -4.90914374e-01  1.09603885e-03 -1.51244894e-03 
 1.40604752e+03 -6.74371397e-01 -4.85274688e-01  1.08594503e-03 -1.50910460e-03 
 1.40928880e+03 -6.71312293e-01 -4.79706326e-01  1.07595881e-03 -1.50572202e-03 
 1.41253754e+03 -6.68247362e-01 -4.74208419e-01  1.06607918e-03 -1.50230272e-03 
 1.41579378e+03 -6.65177344e-01 -4.68780102e-01  1.05630509e-03 -1.49884820e-03 
 1.41905752e+03 -6.62102956e-01 -4.63420519e-01  1.04663550e-03 -1.49535989e-03 
 1.42232879e+03 -6.59024892e-01 -4.58128819e-01  1.03706939e-03 -1.49183922e-03 
 1.42560759e+03 -6.55943823e-01 -4.52904155e-01  1.02760570e-03 -1.48828755e-03 
 1.42889396e+03 -6.52860398e-01 -4.47745688e-01  1.01824342e-03 -1.48470622e-03 
 1.43218790e+03 -6.49775245e-01 -4.42652586e-01  1.00898151e-03 -1.48109653e-03 
 1.43548943e+03 -6.46688972e-01 -4.37624024e-01  9.99818934e-04 -1.47745974e-03 
 1.43879858e+03 -6.43602166e-01 -4.32659181e-01  9.90754665e-04 -1.47379710e-03 
 1.44211535e+03 -6.40515394e-01 -4.27757247e-01  9.81787679e-04 -1.47010980e-03 
 1.44543977e+03 -6.37429206e-01 -4.22917416e-01  9.72916955e-04 -1.46639901e-03 
 1.44877185e+03 -6.34344129e-01 -4.18138891e-01  9.64141474e-04 -1.46266587e-03 
 1.45211162e+03 -6.31260678e-01 -4.13420882e-01  9.55460222e-04 -1.45891147e-03 
 1.45545908e+03 -6.28179344e-01 -4.08762607e-01  9.46872191e-04 -1.45513690e-03 
 1.45881426e+03 -6.25100606e-01 -4.04163290e-01  9.38376377e-04 -1.45134320e-03 
 1.46217717e+03 -6.22024923e-01 -3.99622165e-01  9.29971779e-04 -1.44753138e-03 
 1.46554784e+03 -6.18952740e-01 -3.95138471e-01  9.21657405e-04 -1.44370244e-03 
 1.46892628e+03 -6.15884484e-01 -3.90711458e-01  9.13432267e-04 -1.43985734e-03 
 1.47231250e+03 -6.12820568e-01 -3.86340381e-01  9.05295383e-04 -1.43599701e-03 
 1.47570653e+03 -6.09761391e-01 -3.82024505e-01  8.97245778e-04 -1.43212236e-03 
 1.47910839e+03 -6.06707336e-01 -3.77763101e-01  8.89282482e-04 -1.42823426e-03 
 1.48251809e+03 -6.03658771e-01 -3.73555451e-01  8.81404533e-04 -1.42433359e-03 
 1.48593564e+03 -6.00616054e-01 -3.69400841e-01  8.73610975e-04 -1.42042117e-03 
 1.48936108e+03 -5.97579525e-01 -3.65298568e-01  8.65900861e-04 -1.41649782e-03 
 1.49279441e+03 -5.94549514e-01 -3.61247936e-01  8.58273248e-04 -1.41256431e-03 
 1.49623566e+03 -5.91526338e-01 -3.57248257e-01  8.50727203e-04 -1.40862142e-03 
 1.49968484e+03 -5.88510301e-01 -3.53298851e-01  8.43261800e-04 -1.40466988e-03 
 1.50314197e+03 -5.85501697e-01 -3.49399047e-01  8.35876119e-04 -1.40071042e-03 
 1.50660707e+03 -5.82500806e-01 -3.45548180e-01  8.28569250e-04 -1.39674374e-03 
 1.51008015e+03 -5.79507898e-01 -3.41745595e-01  8.21340290e-04 -1.39277050e-03 
 1.51356125e+03 -5.76523232e-01 -3.37990643e-01  8.14188342e-04 -1.38879139e-03 
 1.51705037e+03 -5.73547057e-01 -3.34282685e-01  8.07112520e-04 -1.38480702e-03 
 1.52054753e+03 -5.70579612e-01 -3.30621089e-01  8.00111945e-04 -1.38081804e-03 
 1.52405275e+03 -5.67621124e-01 -3.27005230e-01  7.93185745e-04 -1.37682502e-03 
 1.52756606e+03 -5.64671812e-01 -3.23434492e-01  7.86333057e-04 -1.37282858e-03 
 1.53108746e+03 -5.61731886e-01 -3.19908266e-01  7.79553028e-04 -1.36882925e-03 
 1.53461698e+03 -5.58801546e-01 -3.16425951e-01  7.72844811e-04 -1.36482761e-03 
 1.53815464e+03 -5.55880983e-01 -3.12986954e-01  7.66207568e-04 -1.36082418e-03 
 1.54170045e+03 -5.52970381e-01 -3.09590689e-01  7.59640468e-04 -1.35681948e-03 
 1.54525444e+03 -5.50069914e-01 -3.06236579e-01  7.53142692e-04 -1.35281401e-03 
 1.54881662e+03 -5.47179748e-01 -3.02924053e-01  7.46713427e-04 -1.34880826e-03 
 1.55238701e+03 -5.44300043e-01 -2.99652547e-01  7.40351867e-04 -1.34480269e-03 
 1.55596563e+03 -5.41430950e-01 -2.96421507e-01  7.34057217e-04 -1.34079777e-03 
 1.55955250e+03 -5.38572613e-01 -2.93230384e-01  7.27828689e-04 -1.33679394e-03 
 1.56314764e+03 -5.35725168e-01 -2.90078636e-01  7.21665505e-04 -1.33279161e-03 
 1.56675107e+03 -5.32888746e-01 -2.86965731e-01  7.15566893e-04 -1.32879122e-03 
 1.57036280e+03 -5.30063469e-01 -2.83891141e-01  7.09532091e-04 -1.32479316e-03 
 1.57398286e+03 -5.27249455e-01 -2.80854348e-01  7.03560344e-04 -1.32079781e-03 
 1.57761127e+03 -5.24446814e-01 -2.77854837e-01  6.97650908e-04 -1.31680557e-03 
 1.58124804e+03 -5.21655651e-01 -2.74892105e-01  6.91803045e-04 -1.31281678e-03 
 1.58489319e+03 -5.18876064e-01 -2.71965652e-01  6.86016025e-04 -1.30883180e-03 
 1.58854675e+03 -5.16108147e-01 -2.69074987e-01  6.80289127e-04 -1.30485098e-03 
 1.59220873e+03 -5.13351985e-01 -2.66219624e-01  6.74621640e-04 -1.30087464e-03 
 1.59587915e+03 -5.10607663e-01 -2.63399085e-01  6.69012858e-04 -1.29690310e-03 
 1.59955803e+03 -5.07875255e-01 -2.60612899e-01  6.63462084e-04 -1.29293668e-03 
 1.60324539e+03 -5.05154835e-01 -2.57860599e-01  6.57968631e-04 -1.28897566e-03 
 1.60694125e+03 -5.02446470e-01 -2.55141727e-01  6.52531818e-04 -1.28502034e-03 
 1.61064564e+03 -4.99750221e-01 -2.52455831e-01  6.47150972e-04 -1.28107099e-03 
 1.61435856e+03 -4.97066147e-01 -2.49802464e-01  6.41825429e-04 -1.27712789e-03 
 1.61808004e+03 -4.94394300e-01 -2.47181187e-01  6.36554532e-04 -1.27319128e-03 
 1.62181010e+03 -4.91734731e-01 -2.44591565e-01  6.31337633e-04 -1.26926144e-03 
 1.62554876e+03 -4.89087483e-01 -2.42033171e-01  6.26174090e-04 -1.26533858e-03 
 1.62929603e+03 -4.86452599e-01 -2.39505584e-01  6.21063269e-04 -1.26142295e-03 
 1.63305195e+03 -4.83830115e-01 -2.37008387e-01  6.16004546e-04 -1.25751478e-03 
 1.63681652e+03 -4.81220065e-01 -2.34541172e-01  6.10997301e-04 -1.25361428e-03 
 1.64058977e+03 -4.78622479e-01 -2.32103532e-01  6.06040924e-04 -1.24972165e-03 
 1.64437172e+03 -4.76037383e-01 -2.29695072e-01  6.01134812e-04 -1.24583710e-03 
 1.64816239e+03 -4.73464801e-01 -2.27315397e-01  5.96278368e-04 -1.24196083e-03 
 1.65196180e+03 -4.70904752e-01 -2.24964120e-01  5.91471004e-04 -1.23809302e-03 
 1.65576996e+03 -4.68357252e-01 -2.22640860e-01  5.86712138e-04 -1.23423384e-03 
 1.65958691e+03 -4.65822317e-01 -2.20345241e-01  5.82001197e-04 -1.23038348e-03 
 1.66341265e+03 -4.63299956e-01 -2.18076892e-01  5.77337612e-04 -1.22654210e-03 
 1.66724721e+03 -4.60790177e-01 -2.15835448e-01  5.72720824e-04 -1.22270986e-03 
 1.67109061e+03 -4.58292986e-01 -2.13620547e-01  5.68150279e-04 -1.21888691e-03 
 1.67494288e+03 -4.55808385e-01 -2.11431835e-01  5.63625432e-04 -1.21507340e-03 
 1.67880402e+03 -4.53336375e-01 -2.09268962e-01  5.59145742e-04 -1.21126947e-03 
 1.68267406e+03 -4.50876953e-01 -2.07131583e-01  5.54710677e-04 -1.20747525e-03 
 1.68655303e+03 -4.48430114e-01 -2.05019357e-01  5.50319711e-04 -1.20369088e-03 
 1.69044093e+03 -4.45995851e-01 -2.02931949e-01  5.45972324e-04 -1.19991649e-03 
 1.69433780e+03 -4.43574155e-01 -2.00869029e-01  5.41668003e-04 -1.19615218e-03 
 1.69824365e+03 -4.41165015e-01 -1.98830271e-01  5.37406242e-04 -1.19239808e-03 
 1.70215851e+03 -4.38768418e-01 -1.96815354e-01  5.33186541e-04 -1.18865429e-03 
 1.70608239e+03 -4.36384348e-01 -1.94823962e-01  5.29008406e-04 -1.18492092e-03 
 1.71001532e+03 -4.34012787e-01 -1.92855782e-01  5.24871349e-04 -1.18119807e-03 
 1.71395731e+03 -4.31653718e-01 -1.90910508e-01  5.20774889e-04 -1.17748583e-03 
 1.71790839e+03 -4.29307119e-01 -1.88987836e-01  5.16718550e-04 -1.17378429e-03 
 1.72186857e+03 -4.26972968e-01 -1.87087467e-01  5.12701864e-04 -1.17009354e-03 
 1.72583789e+03 -4.24651241e-01 -1.85209107e-01  5.08724368e-04 -1.16641367e-03 
 1.72981636e+03 -4.22341912e-01 -1.83352467e-01  5.04785603e-04 -1.16274474e-03 
 1.73380400e+03 -4.20044954e-01 -1.81517260e-01  5.00885118e-04 -1.15908684e-03 
 1.73780083e+03 -4.17760339e-01 -1.79703204e-01  4.97022468e-04 -1.15544003e-03 
 1.74180687e+03 -4.15488036e-01 -1.77910021e-01  4.93197213e-04 -1.15180438e-03 
 1.74582215e+03 -4.13228015e-01 -1.76137439e-01  4.89408917e-04 -1.14817995e-03 
 1.74984669e+03 -4.10980242e-01 -1.74385186e-01  4.85657153e-04 -1.14456680e-03 
 1.75388050e+03 -4.08744685e-01 -1.72652996e-01  4.81941496e-04 -1.14096499e-03 
 1.75792361e+03 -4.06521308e-01 -1.70940609e-01  4.78261529e-04 -1.13737458e-03 
 1.76197605e+03 -4.04310075e-01 -1.69247765e-01  4.74616840e-04 -1.13379560e-03 
 1.76603782e+03 -4.02110950e-01 -1.67574209e-01  4.71007020e-04 -1.13022810e-03 
 1.77010896e+03 -3.99923893e-01 -1.65919691e-01  4.67431667e-04 -1.12667214e-03 
 1.77418948e+03 -3.97748867e-01 -1.64283962e-01  4.63890385e-04 -1.12312774e-03 
 1.77827941e+03 -3.95585830e-01 -1.62666780e-01  4.60382782e-04 -1.11959494e-03 
 1.78237877e+03 -3.93434743e-01 -1.61067904e-01  4.56908470e-04 -1.11607379e-03 
 1.78648757e+03 -3.91295562e-01 -1.59487096e-01  4.53467068e-04 -1.11256431e-03 
 1.79060585e+03 -3.89168247e-01 -1.57924124e-01  4.50058200e-04 -1.10906653e-03 
 1.79473363e+03 -3.87052752e-01 -1.56378757e-01  4.46681491e-04 -1.10558048e-03 
 1.79887092e+03 -3.84949034e-01 -1.54850767e-01  4.43336577e-04 -1.10210618e-03 
 1.80301774e+03 -3.82857049e-01 -1.53339932e-01  4.40023093e-04 -1.09864365e-03 
 1.80717413e+03 -3.80776750e-01 -1.51846031e-01  4.36740681e-04 -1.09519291e-03 
 1.81134009e+03 -3.78708092e-01 -1.50368846e-01  4.33488988e-04 -1.09175399e-03 
 1.81551566e+03 -3.76651027e-01 -1.48908164e-01  4.30267666e-04 -1.08832689e-03 
 1.81970086e+03 -3.74605509e-01 -1.47463773e-01  4.27076370e-04 -1.08491162e-03 
 1.82389570e+03 -3.72571489e-01 -1.46035464e-01  4.23914759e-04 -1.08150821e-03 
 1.82810022e+03 -3.70548920e-01 -1.44623033e-01  4.20782498e-04 -1.07811665e-03 
 1.83231442e+03 -3.68537751e-01 -1.43226278e-01  4.17679257e-04 -1.07473696e-03 
 1.83653834e+03 -3.66537935e-01 -1.41844998e-01  4.14604706e-04 -1.07136913e-03 
 1.84077200e+03 -3.64549420e-01 -1.40478998e-01  4.11558525e-04 -1.06801318e-03 
 1.84501542e+03 -3.62572157e-01 -1.39128083e-01  4.08540393e-04 -1.06466911e-03 
 1.84926862e+03 -3.60606095e-01 -1.37792062e-01  4.05549996e-04 -1.06133690e-03 
 1.85353162e+03 -3.58651184e-01 -1.36470748e-01  4.02587024e-04 -1.05801657e-03 
 1.85780446e+03 -3.56707372e-01 -1.35163954e-01  3.99651170e-04 -1.05470811e-03 
 1.86208714e+03 -3.54774607e-01 -1.33871497e-01  3.96742131e-04 -1.05141151e-03 
 1.86637969e+03 -3.52852837e-01 -1.32593197e-01  3.93859607e-04 -1.04812677e-03 
 1.87068214e+03 -3.50942011e-01 -1.31328876e-01  3.91003304e-04 -1.04485388e-03 
 1.87499451e+03 -3.49042075e-01 -1.30078358e-01  3.88172931e-04 -1.04159284e-03 
 1.87931682e+03 -3.47152978e-01 -1.28841470e-01  3.85368200e-04 -1.03834362e-03 
 1.88364909e+03 -3.45274666e-01 -1.27618043e-01  3.82588826e-04 -1.03510621e-03 
 1.88799135e+03 -3.43407087e-01 -1.26407907e-01  3.79834529e-04 -1.03188062e-03 
 1.89234362e+03 -3.41550186e-01 -1.25210897e-01  3.77105034e-04 -1.02866681e-03 
 1.89670592e+03 -3.39703912e-01 -1.24026850e-01  3.74400065e-04 -1.02546478e-03 
 1.90107828e+03 -3.37868209e-01 -1.22855604e-01  3.71719354e-04 -1.02227451e-03 
 1.90546072e+03 -3.36043026e-01 -1.21697001e-01  3.69062634e-04 -1.01909598e-03 
 1.90985326e+03 -3.34228307e-01 -1.20550883e-01  3.66429642e-04 -1.01592917e-03 
 1.91425593e+03 -3.32423998e-01 -1.19417097e-01  3.63820118e-04 -1.01277406e-03 
 1.91866874e+03 -3.30630047e-01 -1.18295489e-01  3.61233806e-04 -1.00963064e-03 
 1.92309173e+03 -3.28846399e-01 -1.17185910e-01  3.58670452e-04 -1.00649887e-03 
 1.92752491e+03 -3.27073000e-01 -1.16088212e-01  3.56129807e-04 -1.00337874e-03 
 1.93196832e+03 -3.25309796e-01 -1.15002248e-01  3.53611624e-04 -1.00027023e-03 
 1.93642196e+03 -3.23556732e-01 -1.13927875e-01  3.51115659e-04 -9.97173301e-04 
 1.94088588e+03 -3.21813755e-01 -1.12864950e-01  3.48641671e-04 -9.94087939e-04 
 1.94536008e+03 -3.20080810e-01 -1.11813333e-01  3.46189423e-04 -9.91014114e-04 
 1.94984460e+03 -3.18357844e-01 -1.10772886e-01  3.43758680e-04 -9.87951800e-04 
 1.95433946e+03 -3.16644802e-01 -1.09743473e-01  3.41349211e-04 -9.84900969e-04 
 1.95884467e+03 -3.14941630e-01 -1.08724960e-01  3.38960786e-04 -9.81861594e-04 
 1.96336028e+03 -3.13248274e-01 -1.07717213e-01  3.36593180e-04 -9.78833645e-04 
 1.96788629e+03 -3.11564680e-01 -1.06720103e-01  3.34246169e-04 -9.75817092e-04 
 1.97242274e+03 -3.09890795e-01 -1.05733500e-01  3.31919534e-04 -9.72811906e-04 
 1.97696964e+03 -3.08226563e-01 -1.04757278e-01  3.29613056e-04 -9.69818056e-04 
 1.98152703e+03 -3.06571932e-01 -1.03791310e-01  3.27326521e-04 -9.66835510e-04 
 1.98609492e+03 -3.04926848e-01 -1.02835473e-01  3.25059716e-04 -9.63864237e-04 
 1.99067334e+03 -3.03291257e-01 -1.01889645e-01  3.22812433e-04 -9.60904203e-04 
 1.99526231e+03 -3.01665106e-01 -1.00953707e-01  3.20584463e-04 -9.57955377e-04 
 1.99986187e+03 -3.00048341e-01 -1.00027538e-01  3.18375603e-04 -9.55017723e-04 
 2.00447203e+03 -2.98440909e-01 -9.91110224e-02  3.16185652e-04 -9.52091210e-04 
 2.00909281e+03 -2.96842756e-01 -9.82040444e-02  3.14014408e-04 -9.49175801e-04 
 2.01372425e+03 -2.95253831e-01 -9.73064901e-02  3.11861676e-04 -9.46271462e-04 
 2.01836636e+03 -2.93674079e-01 -9.64182470e-02  3.09727262e-04 -9.43378159e-04 
 2.02301918e+03 -2.92103448e-01 -9.55392045e-02  3.07610972e-04 -9.40495855e-04 
 2.02768272e+03 -2.90541886e-01 -9.46692531e-02  3.05512618e-04 -9.37624514e-04 
 2.03235701e+03 -2.88989340e-01 -9.38082848e-02  3.03432012e-04 -9.34764100e-04 
 2.03704208e+03 -2.87445757e-01 -9.29561935e-02  3.01368969e-04 -9.31914577e-04 
 2.04173794e+03 -2.85911086e-01 -9.21128739e-02  2.99323307e-04 -9.29075906e-04 
 2.04644464e+03 -2.84385275e-01 -9.12782226e-02  2.97294843e-04 -9.26248052e-04 
 2.05116218e+03 -2.82868271e-01 -9.04521373e-02  2.95283402e-04 -9.23430975e-04 
 2.05589060e+03 -2.81360024e-01 -8.96345173e-02  2.93288805e-04 -9.20624639e-04 
 2.06062991e+03 -2.79860481e-01 -8.88252631e-02  2.91310879e-04 -9.17829005e-04 
 2.06538016e+03 -2.78369592e-01 -8.80242764e-02  2.89349453e-04 -9.15044035e-04 
 2.07014135e+03 -2.76887305e-01 -8.72314606e-02  2.87404356e-04 -9.12269690e-04 
 2.07491352e+03 -2.75413569e-01 -8.64467201e-02  2.85475421e-04 -9.09505931e-04 
 2.07969669e+03 -2.73948335e-01 -8.56699605e-02  2.83562482e-04 -9.06752719e-04 
 2.08449088e+03 -2.72491551e-01 -8.49010889e-02  2.81665375e-04 -9.04010015e-04 
 2.08929613e+03 -2.71043166e-01 -8.41400135e-02  2.79783938e-04 -9.01277779e-04 
 2.09411246e+03 -2.69603132e-01 -8.33866437e-02  2.77918013e-04 -8.98555972e-04 
 2.09893988e+03 -2.68171398e-01 -8.26408901e-02  2.76067440e-04 -8.95844554e-04 
 2.10377844e+03 -2.66747914e-01 -8.19026645e-02  2.74232064e-04 -8.93143484e-04 
 2.10862815e+03 -2.65332632e-01 -8.11718800e-02  2.72411731e-04 -8.90452724e-04 
 2.11348904e+03 -2.63925501e-01 -8.04484507e-02  2.70606289e-04 -8.87772232e-04 
 2.11836114e+03 -2.62526473e-01 -7.97322917e-02  2.68815588e-04 -8.85101968e-04 
 2.12324446e+03 -2.61135500e-01 -7.90233194e-02  2.67039478e-04 -8.82441892e-04 
 2.12813905e+03 -2.59752532e-01 -7.83214513e-02  2.65277813e-04 -8.79791964e-04 
 2.13304491e+03 -2.58377521e-01 -7.76266060e-02  2.63530448e-04 -8.77152142e-04 
 2.13796209e+03 -2.57010419e-01 -7.69387029e-02  2.61797239e-04 -8.74522386e-04 
 2.14289060e+03 -2.55651178e-01 -7.62576629e-02  2.60078046e-04 -8.71902655e-04 
 2.14783047e+03 -2.54299751e-01 -7.55834075e-02  2.58372727e-04 -8.69292909e-04 
 2.15278173e+03 -2.52956090e-01 -7.49158594e-02  2.56681145e-04 -8.66693106e-04 
 2.15774441e+03 -2.51620149e-01 -7.42549424e-02  2.55003163e-04 -8.64103206e-04 
 2.16271852e+03 -2.50291879e-01 -7.36005812e-02  2.53338646e-04 -8.61523167e-04 
 2.16770410e+03 -2.48971235e-01 -7.29527013e-02  2.51687461e-04 -8.58952949e-04 
 2.17270118e+03 -2.47658170e-01 -7.23112295e-02  2.50049475e-04 -8.56392511e-04 
 2.17770977e+03 -2.46352637e-01 -7.16760933e-02  2.48424559e-04 -8.53841811e-04 
 2.18272991e+03 -2.45054591e-01 -7.10472213e-02  2.46812584e-04 -8.51300809e-04 
 2.18776162e+03 -2.43763987e-01 -7.04245427e-02  2.45213422e-04 -8.48769463e-04 
 2.19280494e+03 -2.42480778e-01 -6.98079881e-02  2.43626947e-04 -8.46247732e-04 
 2.19785987e+03 -2.41204919e-01 -6.91974886e-02  2.42053036e-04 -8.43735576e-04 
 2.20292646e+03 -2.39936365e-01 -6.85929763e-02  2.40491566e-04 -8.41232954e-04 
 2.20800473e+03 -2.38675072e-01 -6.79943842e-02  2.38942414e-04 -8.38739823e-04 
 2.21309471e+03 -2.37420995e-01 -6.74016462e-02  2.37405461e-04 -8.36256145e-04 
 2.21819642e+03 -2.36174089e-01 -6.68146969e-02  2.35880589e-04 -8.33781876e-04 
 2.22330989e+03 -2.34934311e-01 -6.62334718e-02  2.34367680e-04 -8.31316978e-04 
 2.22843515e+03 -2.33701617e-01 -6.56579072e-02  2.32866619e-04 -8.28861408e-04 
 2.23357222e+03 -2.32475963e-01 -6.50879403e-02  2.31377290e-04 -8.26415126e-04 
 2.23872114e+03 -2.31257306e-01 -6.45235091e-02  2.29899581e-04 -8.23978092e-04 
 2.24388192e+03 -2.30045604e-01 -6.39645522e-02  2.28433380e-04 -8.21550264e-04 
 2.24905461e+03 -2.28840812e-01 -6.34110091e-02  2.26978575e-04 -8.19131602e-04 
 2.25423921e+03 -2.27642888e-01 -6.28628201e-02  2.25535059e-04 -8.16722066e-04 
 2.25943577e+03 -2.26451791e-01 -6.23199261e-02  2.24102722e-04 -8.14321615e-04 
 2.26464431e+03 -2.25267478e-01 -6.17822690e-02  2.22681458e-04 -8.11930208e-04 
 2.26986485e+03 -2.24089908e-01 -6.12497912e-02  2.21271161e-04 -8.09547805e-04 
 2.27509743e+03 -2.22919038e-01 -6.07224360e-02  2.19871727e-04 -8.07174367e-04 
 2.28034207e+03 -2.21754827e-01 -6.02001471e-02  2.18483052e-04 -8.04809852e-04 
 2.28559880e+03 -2.20597235e-01 -5.96828693e-02  2.17105035e-04 -8.02454222e-04 
 2.29086765e+03 -2.19446220e-01 -5.91705478e-02  2.15737575e-04 -8.00107435e-04 
 2.29614865e+03 -2.18301742e-01 -5.86631287e-02  2.14380571e-04 -7.97769452e-04 
 2.30144182e+03 -2.17163760e-01 -5.81605585e-02  2.13033925e-04 -7.95440233e-04 
 2.30674719e+03 -2.16032234e-01 -5.76627846e-02  2.11697541e-04 -7.93119740e-04 
 2.31206479e+03 -2.14907125e-01 -5.71697549e-02  2.10371320e-04 -7.90807931e-04 
 2.31739465e+03 -2.13788392e-01 -5.66814182e-02  2.09055169e-04 -7.88504767e-04 
 2.32273680e+03 -2.12675997e-01 -5.61977235e-02  2.07748992e-04 -7.86210210e-04 
 2.32809126e+03 -2.11569900e-01 -5.57186209e-02  2.06452697e-04 -7.83924220e-04 
 2.33345806e+03 -2.10470062e-01 -5.52440607e-02  2.05166191e-04 -7.81646758e-04 
 2.33883724e+03 -2.09376445e-01 -5.47739941e-02  2.03889383e-04 -7.79377785e-04 
 2.34422882e+03 -2.08289009e-01 -5.43083728e-02  2.02622184e-04 -7.77117262e-04 
 2.34963282e+03 -2.07207718e-01 -5.38471491e-02  2.01364504e-04 -7.74865150e-04 
 2.35504928e+03 -2.06132532e-01 -5.33902758e-02  2.00116255e-04 -7.72621412e-04 
 2.36047823e+03 -2.05063414e-01 -5.29377065e-02  1.98877350e-04 -7.70386007e-04 
 2.36591970e+03 -2.04000327e-01 -5.24893951e-02  1.97647702e-04 -7.68158898e-04 
 2.37137371e+03 -2.02943233e-01 -5.20452962e-02  1.96427227e-04 -7.65940047e-04 
 2.37684029e+03 -2.01892096e-01 -5.16053649e-02  1.95215841e-04 -7.63729416e-04 
 2.38231947e+03 -2.00846878e-01 -5.11695570e-02  1.94013459e-04 -7.61526966e-04 
 2.38781128e+03 -1.99807542e-01 -5.07378286e-02  1.92820000e-04 -7.59332660e-04 
 2.39331576e+03 -1.98774054e-01 -5.03101364e-02  1.91635382e-04 -7.57146460e-04 
 2.39883292e+03 -1.97746375e-01 -4.98864379e-02  1.90459525e-04 -7.54968329e-04 
 2.40436280e+03 -1.96724471e-01 -4.94666906e-02  1.89292348e-04 -7.52798229e-04 
 2.40990543e+03 -1.95708306e-01 -4.90508530e-02  1.88133773e-04 -7.50636123e-04 
 2.41546083e+03 -1.94697844e-01 -4.86388838e-02  1.86983723e-04 -7.48481973e-04 
 2.42102905e+03 -1.93693051e-01 -4.82307423e-02  1.85842119e-04 -7.46335744e-04 
 2.42661010e+03 -1.92693891e-01 -4.78263883e-02  1.84708885e-04 -7.44197398e-04 
 2.43220401e+03 -1.91700329e-01 -4.74257820e-02  1.83583947e-04 -7.42066898e-04 
 2.43781082e+03 -1.90712330e-01 -4.70288843e-02  1.82467229e-04 -7.39944208e-04 
 2.44343055e+03 -1.89729862e-01 -4.66356562e-02  1.81358658e-04 -7.37829291e-04 
 2.44906324e+03 -1.88752889e-01 -4.62460594e-02  1.80258160e-04 -7.35722111e-04 
 2.45470892e+03 -1.87781377e-01 -4.58600561e-02  1.79165664e-04 -7.33622633e-04 
 2.46036760e+03 -1.86815293e-01 -4.54776089e-02  1.78081098e-04 -7.31530820e-04 
 2.46603934e+03 -1.85854604e-01 -4.50986807e-02  1.77004390e-04 -7.29446636e-04 
 2.47172415e+03 -1.84899276e-01 -4.47232350e-02  1.75935472e-04 -7.27370047e-04 
 2.47742206e+03 -1.83949276e-01 -4.43512357e-02  1.74874275e-04 -7.25301015e-04 
 2.48313311e+03 -1.83004572e-01 -4.39826471e-02  1.73820728e-04 -7.23239507e-04 
 2.48885732e+03 -1.82065130e-01 -4.36174339e-02  1.72774766e-04 -7.21185486e-04 
 2.49459473e+03 -1.81130919e-01 -4.32555613e-02  1.71736321e-04 -7.19138919e-04 
 2.50034536e+03 -1.80201906e-01 -4.28969949e-02  1.70705326e-04 -7.17099769e-04 
 2.50610925e+03 -1.79278060e-01 -4.25417005e-02  1.69681716e-04 -7.15068003e-04 
 2.51188643e+03 -1.78359348e-01 -4.21896446e-02  1.68665427e-04 -7.13043585e-04 
 2.51767693e+03 -1.77445739e-01 -4.18407940e-02  1.67656393e-04 -7.11026482e-04 
 2.52348077e+03 -1.76537202e-01 -4.14951156e-02  1.66654552e-04 -7.09016660e-04 
 2.52929800e+03 -1.75633705e-01 -4.11525772e-02  1.65659841e-04 -7.07014083e-04 
 2.53512863e+03 -1.74735218e-01 -4.08131465e-02  1.64672197e-04 -7.05018719e-04 
 2.54097271e+03 -1.73841710e-01 -4.04767919e-02  1.63691559e-04 -7.03030533e-04 
 2.54683025e+03 -1.72953150e-01 -4.01434820e-02  1.62717867e-04 -7.01049492e-04 
 2.55270130e+03 -1.72069509e-01 -3.98131858e-02  1.61751059e-04 -6.99075562e-04 
 2.55858589e+03 -1.71190755e-01 -3.94858727e-02  1.60791077e-04 -6.97108711e-04 
 2.56448404e+03 -1.70316860e-01 -3.91615124e-02  1.59837860e-04 -6.95148905e-04 
 2.57039578e+03 -1.69447793e-01 -3.88400750e-02  1.58891352e-04 -6.93196111e-04 
 2.57632116e+03 -1.68583524e-01 -3.85215308e-02  1.57951494e-04 -6.91250296e-04 
 2.58226019e+03 -1.67724025e-01 -3.82058507e-02  1.57018229e-04 -6.89311428e-04 
 2.58821292e+03 -1.66869267e-01 -3.78930057e-02  1.56091501e-04 -6.87379474e-04 
 2.59417936e+03 -1.66019220e-01 -3.75829672e-02  1.55171253e-04 -6.85454403e-04 
 2.60015956e+03 -1.65173855e-01 -3.72757070e-02  1.54257430e-04 -6.83536180e-04 
 2.60615355e+03 -1.64333145e-01 -3.69711973e-02  1.53349977e-04 -6.81624776e-04 
 2.61216135e+03 -1.63497060e-01 -3.66694102e-02  1.52448841e-04 -6.79720158e-04 
 2.61818301e+03 -1.62665573e-01 -3.63703187e-02  1.51553967e-04 -6.77822293e-04 
 2.62421854e+03 -1.61838655e-01 -3.60738956e-02  1.50665302e-04 -6.75931152e-04 
 2.63026799e+03 -1.61016279e-01 -3.57801143e-02  1.49782793e-04 -6.74046702e-04 
 2.63633139e+03 -1.60198417e-01 -3.54889484e-02  1.48906389e-04 -6.72168912e-04 
 2.64240876e+03 -1.59385042e-01 -3.52003720e-02  1.48036038e-04 -6.70297751e-04 
 2.64850014e+03 -1.58576126e-01 -3.49143590e-02  1.47171689e-04 -6.68433188e-04 
 2.65460556e+03 -1.57771642e-01 -3.46308842e-02  1.46313292e-04 -6.66575193e-04 
 2.66072506e+03 -1.56971563e-01 -3.43499223e-02  1.45460796e-04 -6.64723734e-04 
 2.66685866e+03 -1.56175864e-01 -3.40714483e-02  1.44614152e-04 -6.62878782e-04 
 2.67300641e+03 -1.55384516e-01 -3.37954376e-02  1.43773312e-04 -6.61040306e-04 
 2.67916832e+03 -1.54597494e-01 -3.35218659e-02  1.42938225e-04 -6.59208276e-04 
 2.68534445e+03 -1.53814771e-01 -3.32507091e-02  1.42108846e-04 -6.57382662e-04 
 2.69153480e+03 -1.53036322e-01 -3.29819433e-02  1.41285126e-04 -6.55563434e-04 
 2.69773943e+03 -1.52262121e-01 -3.27155450e-02  1.40467018e-04 -6.53750563e-04 
 2.70395836e+03 -1.51492141e-01 -3.24514910e-02  1.39654475e-04 -6.51944019e-04 
 2.71019163e+03 -1.50726358e-01 -3.21897581e-02  1.38847452e-04 -6.50143773e-04 
 2.71643927e+03 -1.49964746e-01 -3.19303237e-02  1.38045903e-04 -6.48349795e-04 
 2.72270131e+03 -1.49207280e-01 -3.16731651e-02  1.37249783e-04 -6.46562057e-04 
 2.72897778e+03 -1.48453935e-01 -3.14182601e-02  1.36459047e-04 -6.44780530e-04 
 2.73526873e+03 -1.47704686e-01 -3.11655868e-02  1.35673650e-04 -6.43005184e-04 
 2.74157417e+03 -1.46959508e-01 -3.09151232e-02  1.34893550e-04 -6.41235992e-04 
 2.74789415e+03 -1.46218377e-01 -3.06668479e-02  1.34118702e-04 -6.39472925e-04 
 2.75422870e+03 -1.45481269e-01 -3.04207396e-02  1.33349064e-04 -6.37715954e-04 
 2.76057786e+03 -1.44748159e-01 -3.01767772e-02  1.32584593e-04 -6.35965052e-04 
 2.76694165e+03 -1.44019024e-01 -2.99349399e-02  1.31825246e-04 -6.34220191e-04 
 2.77332010e+03 -1.43293839e-01 -2.96952070e-02  1.31070983e-04 -6.32481342e-04 
 2.77971327e+03 -1.42572580e-01 -2.94575581e-02  1.30321763e-04 -6.30748478e-04 
 2.78612117e+03 -1.41855225e-01 -2.92219732e-02  1.29577543e-04 -6.29021572e-04 
 2.79254384e+03 -1.41141750e-01 -2.89884323e-02  1.28838284e-04 -6.27300596e-04 
 2.79898132e+03 -1.40432132e-01 -2.87569156e-02  1.28103945e-04 -6.25585523e-04 
 2.80543364e+03 -1.39726347e-01 -2.85274037e-02  1.27374488e-04 -6.23876325e-04 
 2.81190083e+03 -1.39024372e-01 -2.82998773e-02  1.26649872e-04 -6.22172976e-04 
 2.81838293e+03 -1.38326185e-01 -2.80743172e-02  1.25930058e-04 -6.20475450e-04 
 2.82487997e+03 -1.37631764e-01 -2.78507046e-02  1.25215009e-04 -6.18783718e-04 
 2.83139200e+03 -1.36941085e-01 -2.76290208e-02  1.24504685e-04 -6.17097756e-04 
 2.83791903e+03 -1.36254127e-01 -2.74092474e-02  1.23799050e-04 -6.15417536e-04 
 2.84446111e+03 -1.35570867e-01 -2.71913661e-02  1.23098066e-04 -6.13743033e-04 
 2.85101827e+03 -1.34891283e-01 -2.69753588e-02  1.22401695e-04 -6.12074219e-04 
 2.85759054e+03 -1.34215353e-01 -2.67612076e-02  1.21709901e-04 -6.10411070e-04 
 2.86417797e+03 -1.33543056e-01 -2.65488949e-02  1.21022648e-04 -6.08753559e-04 
 2.87078058e+03 -1.32874370e-01 -2.63384031e-02  1.20339899e-04 -6.07101661e-04 
 2.87739841e+03 -1.32209274e-01 -2.61297150e-02  1.19661619e-04 -6.05455351e-04 
 2.88403150e+03 -1.31547746e-01 -2.59228134e-02  1.18987773e-04 -6.03814602e-04 
 2.89067988e+03 -1.30889764e-01 -2.57176814e-02  1.18318325e-04 -6.02179390e-04 
 2.89734359e+03 -1.30235309e-01 -2.55143022e-02  1.17653241e-04 -6.00549690e-04 
 2.90402265e+03 -1.29584359e-01 -2.53126592e-02  1.16992487e-04 -5.98925476e-04 
 2.91071712e+03 -1.28936893e-01 -2.51127361e-02  1.16336029e-04 -5.97306723e-04 
 2.91742701e+03 -1.28292891e-01 -2.49145166e-02  1.15683832e-04 -5.95693408e-04 
 2.92415238e+03 -1.27652333e-01 -2.47179847e-02  1.15035864e-04 -5.94085506e-04 
 2.93089325e+03 -1.27015197e-01 -2.45231244e-02  1.14392092e-04 -5.92482991e-04 
 2.93764965e+03 -1.26381464e-01 -2.43299201e-02  1.13752483e-04 -5.90885841e-04 
 2.94442163e+03 -1.25751114e-01 -2.41383562e-02  1.13117004e-04 -5.89294030e-04 
 2.95120923e+03 -1.25124126e-01 -2.39484173e-02  1.12485623e-04 -5.87707534e-04 
 2.95801247e+03 -1.24500481e-01 -2.37600882e-02  1.11858309e-04 -5.86126331e-04 
 2.96483139e+03 -1.23880160e-01 -2.35733538e-02  1.11235030e-04 -5.84550395e-04 
 2.97166603e+03 -1.23263142e-01 -2.33881993e-02  1.10615755e-04 -5.82979704e-04 
 2.97851643e+03 -1.22649408e-01 -2.32046098e-02  1.10000452e-04 -5.81414234e-04 
 2.98538262e+03 -1.22038940e-01 -2.30225708e-02  1.09389092e-04 -5.79853961e-04 
 2.99226464e+03 -1.21431717e-01 -2.28420678e-02  1.08781644e-04 -5.78298862e-04 
 2.99916252e+03 -1.20827721e-01 -2.26630866e-02  1.08178078e-04 -5.76748915e-04 
 3.00607630e+03 -1.20226933e-01 -2.24856130e-02  1.07578364e-04 -5.75204096e-04 
 3.01300602e+03 -1.19629334e-01 -2.23096330e-02  1.06982472e-04 -5.73664382e-04 
 3.01995172e+03 -1.19034905e-01 -2.21351328e-02  1.06390374e-04 -5.72129751e-04 
 3.02691343e+03 -1.18443628e-01 -2.19620986e-02  1.05802040e-04 -5.70600179e-04 
 3.03389118e+03 -1.17855485e-01 -2.17905170e-02  1.05217441e-04 -5.69075646e-04 
 3.04088503e+03 -1.17270456e-01 -2.16203744e-02  1.04636550e-04 -5.67556127e-04 
 3.04789499e+03 -1.16688525e-01 -2.14516576e-02  1.04059338e-04 -5.66041601e-04 
 3.05492111e+03 -1.16109672e-01 -2.12843535e-02  1.03485777e-04 -5.64532047e-04 
 3.06196343e+03 -1.15533880e-01 -2.11184491e-02  1.02915840e-04 -5.63027441e-04 
 3.06902199e+03 -1.14961132e-01 -2.09539314e-02  1.02349499e-04 -5.61527762e-04 
 3.07609681e+03 -1.14391409e-01 -2.07907877e-02  1.01786726e-04 -5.60032989e-04 
 3.08318795e+03 -1.13824693e-01 -2.06290055e-02  1.01227496e-04 -5.58543099e-04 
 3.09029543e+03 -1.13260968e-01 -2.04685722e-02  1.00671781e-04 -5.57058071e-04 
 3.09741930e+03 -1.12700216e-01 -2.03094755e-02  1.00119555e-04 -5.55577884e-04 
 3.10455959e+03 -1.12142419e-01 -2.01517032e-02  9.95707917e-05 -5.54102517e-04 
 3.11171634e+03 -1.11587561e-01 -1.99952432e-02  9.90254653e-05 -5.52631948e-04 
 3.11888958e+03 -1.11035625e-01 -1.98400834e-02  9.84835501e-05 -5.51166156e-04 
 3.12607937e+03 -1.10486593e-01 -1.96862121e-02  9.79450206e-05 -5.49705121e-04 
 3.13328572e+03 -1.09940449e-01 -1.95336175e-02  9.74098514e-05 -5.48248821e-04 
 3.14050869e+03 -1.09397176e-01 -1.93822880e-02  9.68780177e-05 -5.46797237e-04 
 3.14774831e+03 -1.08856757e-01 -1.92322121e-02  9.63494946e-05 -5.45350347e-04 
 3.15500462e+03 -1.08319176e-01 -1.90833784e-02  9.58242575e-05 -5.43908130e-04 
 3.16227766e+03 -1.07784417e-01 -1.89357756e-02  9.53022821e-05 -5.42470568e-04 
 3.16956746e+03 -1.07252464e-01 -1.87893927e-02  9.47835443e-05 -5.41037639e-04 
 3.17687407e+03 -1.06723299e-01 -1.86442185e-02  9.42680202e-05 -5.39609323e-04 
 3.18419752e+03 -1.06196908e-01 -1.85002422e-02  9.37556860e-05 -5.38185601e-04 
 3.19153786e+03 -1.05673274e-01 -1.83574529e-02  9.32465183e-05 -5.36766452e-04 
 3.19889511e+03 -1.05152381e-01 -1.82158400e-02  9.27404937e-05 -5.35351856e-04 
 3.20626932e+03 -1.04634214e-01 -1.80753927e-02  9.22375893e-05 -5.33941795e-04 
 3.21366054e+03 -1.04118756e-01 -1.79361007e-02  9.17377821e-05 -5.32536248e-04 
 3.22106879e+03 -1.03605994e-01 -1.77979536e-02  9.12410494e-05 -5.31135196e-04 
 3.22849412e+03 -1.03095909e-01 -1.76609410e-02  9.07473689e-05 -5.29738620e-04 
 3.23593657e+03 -1.02588489e-01 -1.75250528e-02  9.02567181e-05 -5.28346500e-04 
 3.24339617e+03 -1.02083717e-01 -1.73902790e-02  8.97690752e-05 -5.26958818e-04 
 3.25087297e+03 -1.01581578e-01 -1.72566095e-02  8.92844181e-05 -5.25575553e-04 
 3.25836701e+03 -1.01082057e-01 -1.71240344e-02  8.88027251e-05 -5.24196688e-04 
 3.26587832e+03 -1.00585139e-01 -1.69925440e-02  8.83239749e-05 -5.22822204e-04 
 3.27340695e+03 -1.00090810e-01 -1.68621287e-02  8.78481461e-05 -5.21452081e-04 
 3.28095293e+03 -9.95990541e-02 -1.67327787e-02  8.73752174e-05 -5.20086302e-04 
 3.28851631e+03 -9.91098571e-02 -1.66044847e-02  8.69051681e-05 -5.18724847e-04 
 3.29609712e+03 -9.86232043e-02 -1.64772372e-02  8.64379774e-05 -5.17367699e-04 
 3.30369541e+03 -9.81390814e-02 -1.63510270e-02  8.59736246e-05 -5.16014839e-04 
 3.31131121e+03 -9.76574739e-02 -1.62258448e-02  8.55120894e-05 -5.14666248e-04 
 3.31894458e+03 -9.71783675e-02 -1.61016814e-02  8.50533516e-05 -5.13321909e-04 
 3.32659553e+03 -9.67017481e-02 -1.59785280e-02  8.45973910e-05 -5.11981804e-04 
 3.33426413e+03 -9.62276014e-02 -1.58563755e-02  8.41441879e-05 -5.10645915e-04 
 3.34195040e+03 -9.57559134e-02 -1.57352151e-02  8.36937225e-05 -5.09314224e-04 
 3.34965439e+03 -9.52866703e-02 -1.56150380e-02  8.32459753e-05 -5.07986713e-04 
 3.35737614e+03 -9.48198582e-02 -1.54958355e-02  8.28009269e-05 -5.06663365e-04 
 3.36511569e+03 -9.43554632e-02 -1.53775991e-02  8.23585582e-05 -5.05344162e-04 
 3.37287309e+03 -9.38934719e-02 -1.52603202e-02  8.19188500e-05 -5.04029087e-04 
 3.38064836e+03 -9.34338704e-02 -1.51439904e-02  8.14817836e-05 -5.02718122e-04 
 3.38844156e+03 -9.29766454e-02 -1.50286014e-02  8.10473401e-05 -5.01411251e-04 
 3.39625273e+03 -9.25217835e-02 -1.49141448e-02  8.06155011e-05 -5.00108456e-04 
 3.40408190e+03 -9.20692713e-02 -1.48006126e-02  8.01862482e-05 -4.98809720e-04 
 3.41192912e+03 -9.16190955e-02 -1.46879966e-02  7.97595631e-05 -4.97515026e-04 
 3.41979443e+03 -9.11712431e-02 -1.45762888e-02  7.93354277e-05 -4.96224357e-04 
 3.42767787e+03 -9.07257008e-02 -1.44654813e-02  7.89138241e-05 -4.94937697e-04 
 3.43557948e+03 -9.02824558e-02 -1.43555661e-02  7.84947345e-05 -4.93655029e-04 
 3.44349931e+03 -8.98414951e-02 -1.42465355e-02  7.80781414e-05 -4.92376336e-04 
 3.45143739e+03 -8.94028060e-02 -1.41383818e-02  7.76640271e-05 -4.91101603e-04 
 3.45939378e+03 -8.89663755e-02 -1.40310973e-02  7.72523745e-05 -4.89830811e-04 
 3.46736850e+03 -8.85321911e-02 -1.39246744e-02  7.68431662e-05 -4.88563946e-04 
 3.47536161e+03 -8.81002402e-02 -1.38191057e-02  7.64363853e-05 -4.87300991e-04 
 3.48337315e+03 -8.76705103e-02 -1.37143838e-02  7.60320148e-05 -4.86041929e-04 
 3.49140315e+03 -8.72429889e-02 -1.36105012e-02  7.56300381e-05 -4.84786746e-04 
 3.49945167e+03 -8.68176636e-02 -1.35074507e-02  7.52304384e-05 -4.83535424e-04 
 3.50751874e+03 -8.63945223e-02 -1.34052251e-02  7.48331993e-05 -4.82287948e-04 
 3.51560441e+03 -8.59735527e-02 -1.33038172e-02  7.44383044e-05 -4.81044303e-04 
 3.52370871e+03 -8.55547426e-02 -1.32032201e-02  7.40457376e-05 -4.79804471e-04 
 3.53183170e+03 -8.51380801e-02 -1.31034265e-02  7.36554827e-05 -4.78568439e-04 
 3.53997341e+03 -8.47235532e-02 -1.30044297e-02  7.32675239e-05 -4.77336191e-04 
 3.54813389e+03 -8.43111499e-02 -1.29062228e-02  7.28818453e-05 -4.76107710e-04 
 3.55631319e+03 -8.39008584e-02 -1.28087989e-02  7.24984312e-05 -4.74882982e-04 
 3.56451133e+03 -8.34926671e-02 -1.27121513e-02  7.21172661e-05 -4.73661991e-04 
 3.57272838e+03 -8.30865641e-02 -1.26162733e-02  7.17383346e-05 -4.72444722e-04 
 3.58096437e+03 -8.26825380e-02 -1.25211583e-02  7.13616214e-05 -4.71231161e-04 
 3.58921935e+03 -8.22805771e-02 -1.24267998e-02  7.09871113e-05 -4.70021291e-04 
 3.59749335e+03 -8.18806701e-02 -1.23331912e-02  7.06147892e-05 -4.68815099e-04 
 3.60578643e+03 -8.14828055e-02 -1.22403262e-02  7.02446403e-05 -4.67612568e-04 
 3.61409863e+03 -8.10869720e-02 -1.21481983e-02  6.98766497e-05 -4.66413685e-04 
 3.62242998e+03 -8.06931584e-02 -1.20568013e-02  6.95108028e-05 -4.65218435e-04 
 3.63078055e+03 -8.03013535e-02 -1.19661288e-02  6.91470850e-05 -4.64026803e-04 
 3.63915036e+03 -7.99115462e-02 -1.18761748e-02  6.87854819e-05 -4.62838775e-04 
 3.64753947e+03 -7.95237254e-02 -1.17869331e-02  6.84259791e-05 -4.61654336e-04 
 3.65594792e+03 -7.91378801e-02 -1.16983976e-02  6.80685624e-05 -4.60473471e-04 
 3.66437575e+03 -7.87539996e-02 -1.16105622e-02  6.77132178e-05 -4.59296167e-04 
 3.67282300e+03 -7.83720729e-02 -1.15234211e-02  6.73599313e-05 -4.58122409e-04 
 3.68128974e+03 -7.79920892e-02 -1.14369683e-02  6.70086889e-05 -4.56952183e-04 
 3.68977599e+03 -7.76140380e-02 -1.13511980e-02  6.66594770e-05 -4.55785475e-04 
 3.69828180e+03 -7.72379084e-02 -1.12661044e-02  6.63122819e-05 -4.54622270e-04 
 3.70680722e+03 -7.68636900e-02 -1.11816817e-02  6.59670901e-05 -4.53462556e-04 
 3.71535229e+03 -7.64913723e-02 -1.10979243e-02  6.56238881e-05 -4.52306318e-04 
 3.72391706e+03 -7.61209448e-02 -1.10148264e-02  6.52826626e-05 -4.51153542e-04 
 3.73250158e+03 -7.57523971e-02 -1.09323826e-02  6.49434005e-05 -4.50004215e-04 
 3.74110588e+03 -7.53857189e-02 -1.08505873e-02  6.46060885e-05 -4.48858323e-04 
 3.74973002e+03 -7.50209000e-02 -1.07694351e-02  6.42707138e-05 -4.47715852e-04 
 3.75837404e+03 -7.46579301e-02 -1.06889204e-02  6.39372634e-05 -4.46576789e-04 
 3.76703799e+03 -7.42967993e-02 -1.06090379e-02  6.36057245e-05 -4.45441121e-04 
 3.77572191e+03 -7.39374973e-02 -1.05297824e-02  6.32760844e-05 -4.44308834e-04 
 3.78442585e+03 -7.35800142e-02 -1.04511484e-02  6.29483306e-05 -4.43179914e-04 
 3.79314985e+03 -7.32243400e-02 -1.03731308e-02  6.26224504e-05 -4.42054349e-04 
 3.80189396e+03 -7.28704650e-02 -1.02957245e-02  6.22984317e-05 -4.40932126e-04 
 3.81065823e+03 -7.25183792e-02 -1.02189242e-02  6.19762619e-05 -4.39813231e-04 
 3.81944271e+03 -7.21680728e-02 -1.01427249e-02  6.16559290e-05 -4.38697652e-04 
 3.82824743e+03 -7.18195363e-02 -1.00671215e-02  6.13374209e-05 -4.37585375e-04 
 3.83707245e+03 -7.14727599e-02 -9.99210905e-03  6.10207255e-05 -4.36476388e-04 
 3.84591782e+03 -7.11277341e-02 -9.91768262e-03  6.07058309e-05 -4.35370677e-04 
 3.85478358e+03 -7.07844493e-02 -9.84383728e-03  6.03927253e-05 -4.34268231e-04 
 3.86366977e+03 -7.04428961e-02 -9.77056819e-03  6.00813970e-05 -4.33169036e-04 
 3.87257645e+03 -7.01030650e-02 -9.69787053e-03  5.97718342e-05 -4.32073080e-04 
 3.88150366e+03 -6.97649468e-02 -9.62573952e-03  5.94640256e-05 -4.30980350e-04 
 3.89045145e+03 -6.94285321e-02 -9.55417045e-03  5.91579596e-05 -4.29890834e-04 
 3.89941987e+03 -6.90938116e-02 -9.48315862e-03  5.88536249e-05 -4.28804519e-04 
 3.90840896e+03 -6.87607763e-02 -9.41269941e-03  5.85510101e-05 -4.27721393e-04 
 3.91741877e+03 -6.84294169e-02 -9.34278821e-03  5.82501041e-05 -4.26641444e-04 
 3.92644935e+03 -6.80997244e-02 -9.27342048e-03  5.79508958e-05 -4.25564660e-04 
 3.93550075e+03 -6.77716898e-02 -9.20459168e-03  5.76533742e-05 -4.24491028e-04 
 3.94457302e+03 -6.74453040e-02 -9.13629736e-03  5.73575283e-05 -4.23420537e-04 
 3.95366620e+03 -6.71205583e-02 -9.06853307e-03  5.70633472e-05 -4.22353174e-04 
 3.96278034e+03 -6.67974437e-02 -9.00129443e-03  5.67708203e-05 -4.21288927e-04 
 3.97191549e+03 -6.64759514e-02 -8.93457708e-03  5.64799367e-05 -4.20227785e-04 
 3.98107171e+03 -6.61560728e-02 -8.86837671e-03  5.61906861e-05 -4.19169735e-04 
 3.99024902e+03 -6.58377990e-02 -8.80268905e-03  5.59030577e-05 -4.18114766e-04 
 3.99944750e+03 -6.55211214e-02 -8.73750985e-03  5.56170411e-05 -4.17062866e-04 
 4.00866718e+03 -6.52060315e-02 -8.67283493e-03  5.53326261e-05 -4.16014024e-04 
 4.01790811e+03 -6.48925207e-02 -8.60866011e-03  5.50498022e-05 -4.14968228e-04 
 4.02717034e+03 -6.45805805e-02 -8.54498129e-03  5.47685594e-05 -4.13925466e-04 
 4.03645393e+03 -6.42702025e-02 -8.48179437e-03  5.44888875e-05 -4.12885727e-04 
 4.04575892e+03 -6.39613782e-02 -8.41909530e-03  5.42107764e-05 -4.11848999e-04 
 4.05508535e+03 -6.36540994e-02 -8.35688007e-03  5.39342162e-05 -4.10815272e-04 
 4.06443329e+03 -6.33483577e-02 -8.29514471e-03  5.36591969e-05 -4.09784533e-04 
 4.07380278e+03 -6.30441449e-02 -8.23388527e-03  5.33857088e-05 -4.08756772e-04 
 4.08319386e+03 -6.27414529e-02 -8.17309784e-03  5.31137420e-05 -4.07731977e-04 
 4.09260660e+03 -6.24402734e-02 -8.11277857e-03  5.28432870e-05 -4.06710137e-04 
 4.10204103e+03 -6.21405983e-02 -8.05292360e-03  5.25743341e-05 -4.05691242e-04 
 4.11149721e+03 -6.18424197e-02 -7.99352914e-03  5.23068738e-05 -4.04675280e-04 
 4.12097519e+03 -6.15457295e-02 -7.93459143e-03  5.20408966e-05 -4.03662240e-04 
 4.13047502e+03 -6.12505198e-02 -7.87610671e-03  5.17763932e-05 -4.02652111e-04 
 4.13999675e+03 -6.09567826e-02 -7.81807130e-03  5.15133541e-05 -4.01644883e-04 
 4.14954043e+03 -6.06645102e-02 -7.76048152e-03  5.12517703e-05 -4.00640544e-04 
 4.15910610e+03 -6.03736946e-02 -7.70333375e-03  5.09916325e-05 -3.99639084e-04 
 4.16869383e+03 -6.00843282e-02 -7.64662436e-03  5.07329315e-05 -3.98640493e-04 
 4.17830367e+03 -5.97964031e-02 -7.59034980e-03  5.04756584e-05 -3.97644759e-04 
 4.18793565e+03 -5.95099118e-02 -7.53450651e-03  5.02198041e-05 -3.96651872e-04 
 4.19758984e+03 -5.92248466e-02 -7.47909100e-03  4.99653598e-05 -3.95661822e-04 
 4.20726628e+03 -5.89411999e-02 -7.42409979e-03  4.97123167e-05 -3.94674597e-04 
 4.21696503e+03 -5.86589642e-02 -7.36952942e-03  4.94606658e-05 -3.93690189e-04 
 4.22668614e+03 -5.83781320e-02 -7.31537648e-03  4.92103986e-05 -3.92708585e-04 
 4.23642966e+03 -5.80986958e-02 -7.26163758e-03  4.89615064e-05 -3.91729777e-04 
 4.24619564e+03 -5.78206482e-02 -7.20830936e-03  4.87139806e-05 -3.90753753e-04 
 4.25598413e+03 -5.75439818e-02 -7.15538850e-03  4.84678126e-05 -3.89780503e-04 
 4.26579519e+03 -5.72686894e-02 -7.10287170e-03  4.82229941e-05 -3.88810018e-04 
 4.27562886e+03 -5.69947637e-02 -7.05075569e-03  4.79795166e-05 -3.87842287e-04 
 4.28548520e+03 -5.67221974e-02 -6.99903722e-03  4.77373718e-05 -3.86877300e-04 
 4.29536427e+03 -5.64509833e-02 -6.94771309e-03  4.74965514e-05 -3.85915048e-04 
 4.30526610e+03 -5.61811143e-02 -6.89678011e-03  4.72570472e-05 -3.84955519e-04 
 4.31519077e+03 -5.59125832e-02 -6.84623512e-03  4.70188510e-05 -3.83998705e-04 
 4.32513831e+03 -5.56453831e-02 -6.79607500e-03  4.67819548e-05 -3.83044595e-04 
 4.33510878e+03 -5.53795068e-02 -6.74629664e-03  4.65463505e-05 -3.82093179e-04 
 4.34510224e+03 -5.51149474e-02 -6.69689697e-03  4.63120301e-05 -3.81144449e-04 
 4.35511874e+03 -5.48516979e-02 -6.64787294e-03  4.60789858e-05 -3.80198393e-04 
 4.36515832e+03 -5.45897515e-02 -6.59922152e-03  4.58472096e-05 -3.79255003e-04 
 4.37522105e+03 -5.43291012e-02 -6.55093973e-03  4.56166938e-05 -3.78314269e-04 
 4.38530698e+03 -5.40697402e-02 -6.50302459e-03  4.53874306e-05 -3.77376181e-04 
 4.39541615e+03 -5.38116619e-02 -6.45547316e-03  4.51594123e-05 -3.76440730e-04 
 4.40554864e+03 -5.35548593e-02 -6.40828252e-03  4.49326313e-05 -3.75507905e-04 
 4.41570447e+03 -5.32993258e-02 -6.36144979e-03  4.47070800e-05 -3.74577699e-04 
 4.42588372e+03 -5.30450548e-02 -6.31497208e-03  4.44827509e-05 -3.73650101e-04 
 4.43608644e+03 -5.27920396e-02 -6.26884656e-03  4.42596364e-05 -3.72725102e-04 
 4.44631267e+03 -5.25402735e-02 -6.22307042e-03  4.40377293e-05 -3.71802693e-04 
 4.45656248e+03 -5.22897502e-02 -6.17764085e-03  4.38170220e-05 -3.70882865e-04 
 4.46683592e+03 -5.20404630e-02 -6.13255509e-03  4.35975074e-05 -3.69965607e-04 
 4.47713304e+03 -5.17924054e-02 -6.08781038e-03  4.33791781e-05 -3.69050912e-04 
 4.48745390e+03 -5.15455711e-02 -6.04340402e-03  4.31620269e-05 -3.68138770e-04 
 4.49779855e+03 -5.12999535e-02 -5.99933330e-03  4.29460467e-05 -3.67229172e-04 
 4.50816705e+03 -5.10555465e-02 -5.95559554e-03  4.27312303e-05 -3.66322109e-04 
 4.51855944e+03 -5.08123435e-02 -5.91218809e-03  4.25175708e-05 -3.65417572e-04 
 4.52897580e+03 -5.05703384e-02 -5.86910832e-03  4.23050611e-05 -3.64515552e-04 
 4.53941617e+03 -5.03295249e-02 -5.82635362e-03  4.20936942e-05 -3.63616040e-04 
 4.54988060e+03 -5.00898967e-02 -5.78392142e-03  4.18834633e-05 -3.62719027e-04 
 4.56036916e+03 -4.98514476e-02 -5.74180913e-03  4.16743614e-05 -3.61824504e-04 
 4.57088190e+03 -4.96141716e-02 -5.70001424e-03  4.14663818e-05 -3.60932464e-04 
 4.58141887e+03 -4.93780624e-02 -5.65853420e-03  4.12595177e-05 -3.60042896e-04 
 4.59198013e+03 -4.91431141e-02 -5.61736654e-03  4.10537624e-05 -3.59155793e-04 
 4.60256574e+03 -4.89093205e-02 -5.57650876e-03  4.08491092e-05 -3.58271145e-04 
 4.61317575e+03 -4.86766757e-02 -5.53595842e-03  4.06455515e-05 -3.57388944e-04 
 4.62381021e+03 -4.84451737e-02 -5.49571307e-03  4.04430828e-05 -3.56509182e-04 
 4.63446920e+03 -4.82148085e-02 -5.45577032e-03  4.02416964e-05 -3.55631849e-04 
 4.64515275e+03 -4.79855742e-02 -5.41612776e-03  4.00413860e-05 -3.54756938e-04 
 4.65586094e+03 -4.77574650e-02 -5.37678301e-03  3.98421450e-05 -3.53884440e-04 
 4.66659380e+03 -4.75304750e-02 -5.33773374e-03  3.96439672e-05 -3.53014347e-04 
 4.67735141e+03 -4.73045984e-02 -5.29897760e-03  3.94468460e-05 -3.52146650e-04 
 4.68813382e+03 -4.70798294e-02 -5.26051228e-03  3.92507754e-05 -3.51281341e-04 
 4.69894109e+03 -4.68561623e-02 -5.22233548e-03  3.90557488e-05 -3.50418412e-04 
 4.70977326e+03 -4.66335913e-02 -5.18444494e-03  3.88617603e-05 -3.49557854e-04 
 4.72063041e+03 -4.64121108e-02 -5.14683840e-03  3.86688035e-05 -3.48699659e-04 
 4.73151259e+03 -4.61917152e-02 -5.10951362e-03  3.84768724e-05 -3.47843819e-04 
 4.74241985e+03 -4.59723988e-02 -5.07246839e-03  3.82859608e-05 -3.46990326e-04 
 4.75335226e+03 -4.57541561e-02 -5.03570050e-03  3.80960628e-05 -3.46139172e-04 
 4.76430987e+03 -4.55369814e-02 -4.99920778e-03  3.79071723e-05 -3.45290349e-04 
 4.77529274e+03 -4.53208693e-02 -4.96298806e-03  3.77192833e-05 -3.44443849e-04 
 4.78630092e+03 -4.51058143e-02 -4.92703921e-03  3.75323900e-05 -3.43599663e-04 
 4.79733449e+03 -4.48918109e-02 -4.89135910e-03  3.73464864e-05 -3.42757784e-04 
 4.80839348e+03 -4.46788538e-02 -4.85594561e-03  3.71615667e-05 -3.41918205e-04 
 4.81947798e+03 -4.44669374e-02 -4.82079667e-03  3.69776252e-05 -3.41080916e-04 
 4.83058802e+03 -4.42560565e-02 -4.78591019e-03  3.67946560e-05 -3.40245911e-04 
 4.84172368e+03 -4.40462056e-02 -4.75128413e-03  3.66126534e-05 -3.39413181e-04 
 4.85288500e+03 -4.38373796e-02 -4.71691644e-03  3.64316117e-05 -3.38582719e-04 
 4.86407206e+03 -4.36295731e-02 -4.68280510e-03  3.62515253e-05 -3.37754516e-04 
 4.87528490e+03 -4.34227808e-02 -4.64894812e-03  3.60723887e-05 -3.36928567e-04 
 4.88652359e+03 -4.32169977e-02 -4.61534350e-03  3.58941961e-05 -3.36104862e-04 
 4.89778819e+03 -4.30122183e-02 -4.58198928e-03  3.57169422e-05 -3.35283394e-04 
 4.90907876e+03 -4.28084377e-02 -4.54888349e-03  3.55406213e-05 -3.34464155e-04 
 4.92039536e+03 -4.26056507e-02 -4.51602421e-03  3.53652281e-05 -3.33647138e-04 
 4.93173804e+03 -4.24038522e-02 -4.48340951e-03  3.51907571e-05 -3.32832336e-04 
 4.94310687e+03 -4.22030370e-02 -4.45103748e-03  3.50172030e-05 -3.32019741e-04 
 4.95450191e+03 -4.20032003e-02 -4.41890624e-03  3.48445603e-05 -3.31209346e-04 
 4.96592321e+03 -4.18043368e-02 -4.38701392e-03  3.46728239e-05 -3.30401142e-04 
 4.97737085e+03 -4.16064417e-02 -4.35535864e-03  3.45019884e-05 -3.29595124e-04 
 4.98884487e+03 -4.14095101e-02 -4.32393857e-03  3.43320485e-05 -3.28791282e-04 
 5.00034535e+03 -4.12135368e-02 -4.29275189e-03  3.41629991e-05 -3.27989611e-04 
 5.01187234e+03 -4.10185172e-02 -4.26179678e-03  3.39948351e-05 -3.27190103e-04 
 5.02342590e+03 -4.08244462e-02 -4.23107144e-03  3.38275512e-05 -3.26392750e-04 
 5.03500609e+03 -4.06313190e-02 -4.20057409e-03  3.36611424e-05 -3.25597546e-04 
 5.04661298e+03 -4.04391309e-02 -4.17030296e-03  3.34956036e-05 -3.24804483e-04 
 5.05824662e+03 -4.02478769e-02 -4.14025630e-03  3.33309298e-05 -3.24013554e-04 
 5.06990708e+03 -4.00575524e-02 -4.11043237e-03  3.31671159e-05 -3.23224752e-04 
 5.08159443e+03 -3.98681526e-02 -4.08082945e-03  3.30041571e-05 -3.22438071e-04 
 5.09330871e+03 -3.96796728e-02 -4.05144582e-03  3.28420484e-05 -3.21653502e-04 
 5.10505000e+03 -3.94921082e-02 -4.02227979e-03  3.26807849e-05 -3.20871038e-04 
 5.11681836e+03 -3.93054542e-02 -3.99332967e-03  3.25203617e-05 -3.20090674e-04 
 5.12861384e+03 -3.91197062e-02 -3.96459380e-03  3.23607739e-05 -3.19312402e-04 
 5.14043652e+03 -3.89348596e-02 -3.93607053e-03  3.22020169e-05 -3.18536215e-04 
 5.15228645e+03 -3.87509098e-02 -3.90775821e-03  3.20440858e-05 -3.17762106e-04 
 5.16416369e+03 -3.85678521e-02 -3.87965521e-03  3.18869759e-05 -3.16990068e-04 
 5.17606832e+03 -3.83856821e-02 -3.85175993e-03  3.17306824e-05 -3.16220095e-04 
 5.18800039e+03 -3.82043953e-02 -3.82407075e-03  3.15752008e-05 -3.15452179e-04 
 5.19995997e+03 -3.80239871e-02 -3.79658610e-03  3.14205263e-05 -3.14686314e-04 
 5.21194711e+03 -3.78444531e-02 -3.76930439e-03  3.12666543e-05 -3.13922494e-04 
 5.22396189e+03 -3.76657889e-02 -3.74222407e-03  3.11135803e-05 -3.13160711e-04 
 5.23600437e+03 -3.74879901e-02 -3.71534358e-03  3.09612997e-05 -3.12400959e-04 
 5.24807460e+03 -3.73110521e-02 -3.68866139e-03  3.08098080e-05 -3.11643231e-04 
 5.26017266e+03 -3.71349708e-02 -3.66217597e-03  3.06591006e-05 -3.10887520e-04 
 5.27229861e+03 -3.69597417e-02 -3.63588582e-03  3.05091732e-05 -3.10133821e-04 
 5.28445252e+03 -3.67853606e-02 -3.60978943e-03  3.03600212e-05 -3.09382126e-04 
 5.29663444e+03 -3.66118230e-02 -3.58388532e-03  3.02116403e-05 -3.08632428e-04 
 5.30884444e+03 -3.64391248e-02 -3.55817200e-03  3.00640261e-05 -3.07884723e-04 
 5.32108259e+03 -3.62672618e-02 -3.53264803e-03  2.99171743e-05 -3.07139002e-04 
 5.33334895e+03 -3.60962296e-02 -3.50731194e-03  2.97710804e-05 -3.06395259e-04 
 5.34564359e+03 -3.59260240e-02 -3.48216231e-03  2.96257403e-05 -3.05653489e-04 
 5.35796658e+03 -3.57566410e-02 -3.45719769e-03  2.94811497e-05 -3.04913685e-04 
 5.37031796e+03 -3.55880763e-02 -3.43241667e-03  2.93373042e-05 -3.04175839e-04 
 5.38269783e+03 -3.54203258e-02 -3.40781786e-03  2.91941998e-05 -3.03439947e-04 
 5.39510623e+03 -3.52533855e-02 -3.38339985e-03  2.90518322e-05 -3.02706001e-04 
 5.40754323e+03 -3.50872511e-02 -3.35916127e-03  2.89101973e-05 -3.01973996e-04 
 5.42000890e+03 -3.49219186e-02 -3.33510074e-03  2.87692909e-05 -3.01243925e-04 
 5.43250331e+03 -3.47573841e-02 -3.31121690e-03  2.86291090e-05 -3.00515782e-04 
 5.44502653e+03 -3.45936434e-02 -3.28750841e-03  2.84896474e-05 -2.99789561e-04 
 5.45757861e+03 -3.44306926e-02 -3.26397393e-03  2.83509022e-05 -2.99065255e-04 
 5.47015963e+03 -3.42685277e-02 -3.24061213e-03  2.82128692e-05 -2.98342859e-04 
 5.48276965e+03 -3.41071447e-02 -3.21742169e-03  2.80755445e-05 -2.97622366e-04 
 5.49540874e+03 -3.39465397e-02 -3.19440132e-03  2.79389241e-05 -2.96903771e-04 
 5.50807696e+03 -3.37867088e-02 -3.17154970e-03  2.78030041e-05 -2.96187066e-04 
 5.52077439e+03 -3.36276481e-02 -3.14886557e-03  2.76677805e-05 -2.95472247e-04 
 5.53350109e+03 -3.34693536e-02 -3.12634763e-03  2.75332495e-05 -2.94759307e-04 
 5.54625713e+03 -3.33118217e-02 -3.10399464e-03  2.73994071e-05 -2.94048240e-04 
 5.55904257e+03 -3.31550484e-02 -3.08180534e-03  2.72662496e-05 -2.93339041e-04 
 5.57185749e+03 -3.29990299e-02 -3.05977848e-03  2.71337730e-05 -2.92631702e-04 
 5.58470195e+03 -3.28437624e-02 -3.03791283e-03  2.70019737e-05 -2.91926220e-04 
 5.59757601e+03 -3.26892422e-02 -3.01620716e-03  2.68708477e-05 -2.91222586e-04 
 5.61047976e+03 -3.25354655e-02 -2.99466026e-03  2.67403915e-05 -2.90520796e-04 
 5.62341325e+03 -3.23824285e-02 -2.97327093e-03  2.66106012e-05 -2.89820844e-04 
 5.63637656e+03 -3.22301277e-02 -2.95203797e-03  2.64814732e-05 -2.89122725e-04 
 5.64936975e+03 -3.20785592e-02 -2.93096020e-03  2.63530037e-05 -2.88426431e-04 
 5.66239289e+03 -3.19277195e-02 -2.91003643e-03  2.62251891e-05 -2.87731958e-04 
 5.67544605e+03 -3.17776048e-02 -2.88926551e-03  2.60980257e-05 -2.87039299e-04 
 5.68852931e+03 -3.16282115e-02 -2.86864628e-03  2.59715101e-05 -2.86348450e-04 
 5.70164272e+03 -3.14795361e-02 -2.84817758e-03  2.58456385e-05 -2.85659404e-04 
 5.71478637e+03 -3.13315749e-02 -2.82785829e-03  2.57204074e-05 -2.84972155e-04 
 5.72796031e+03 -3.11843244e-02 -2.80768726e-03  2.55958133e-05 -2.84286699e-04 
 5.74116462e+03 -3.10377809e-02 -2.78766339e-03  2.54718526e-05 -2.83603029e-04 
 5.75439937e+03 -3.08919411e-02 -2.76778555e-03  2.53485218e-05 -2.82921140e-04 
 5.76766463e+03 -3.07468013e-02 -2.74805265e-03  2.52258175e-05 -2.82241027e-04 
 5.78096047e+03 -3.06023581e-02 -2.72846358e-03  2.51037363e-05 -2.81562683e-04 
 5.79428696e+03 -3.04586079e-02 -2.70901728e-03  2.49822745e-05 -2.80886103e-04 
 5.80764418e+03 -3.03155474e-02 -2.68971265e-03  2.48614290e-05 -2.80211282e-04 
 5.82103218e+03 -3.01731731e-02 -2.67054863e-03  2.47411962e-05 -2.79538214e-04 
 5.83445104e+03 -3.00314816e-02 -2.65152417e-03  2.46215728e-05 -2.78866894e-04 
 5.84790084e+03 -2.98904694e-02 -2.63263820e-03  2.45025555e-05 -2.78197317e-04 
 5.86138165e+03 -2.97501332e-02 -2.61388969e-03  2.43841408e-05 -2.77529476e-04 
 5.87489353e+03 -2.96104696e-02 -2.59527761e-03  2.42663256e-05 -2.76863367e-04 
 5.88843655e+03 -2.94714753e-02 -2.57680091e-03  2.41491065e-05 -2.76198985e-04 
 5.90201080e+03 -2.93331469e-02 -2.55845860e-03  2.40324803e-05 -2.75536323e-04 
 5.91561634e+03 -2.91954811e-02 -2.54024965e-03  2.39164437e-05 -2.74875377e-04 
 5.92925325e+03 -2.90584746e-02 -2.52217306e-03  2.38009935e-05 -2.74216141e-04 
 5.94292159e+03 -2.89221242e-02 -2.50422785e-03  2.36861264e-05 -2.73558610e-04 
 5.95662144e+03 -2.87864265e-02 -2.48641301e-03  2.35718393e-05 -2.72902779e-04 
 5.97035287e+03 -2.86513784e-02 -2.46872758e-03  2.34581291e-05 -2.72248642e-04 
 5.98411595e+03 -2.85169766e-02 -2.45117059e-03  2.33449925e-05 -2.71596195e-04 
 5.99791076e+03 -2.83832179e-02 -2.43374106e-03  2.32324265e-05 -2.70945432e-04 
 6.01173737e+03 -2.82500991e-02 -2.41643805e-03  2.31204279e-05 -2.70296348e-04 
 6.02559586e+03 -2.81176170e-02 -2.39926060e-03  2.30089936e-05 -2.69648937e-04 
 6.03948629e+03 -2.79857685e-02 -2.38220777e-03  2.28981206e-05 -2.69003196e-04 
 6.05340875e+03 -2.78545505e-02 -2.36527864e-03  2.27878059e-05 -2.68359118e-04 
 6.06736330e+03 -2.77239597e-02 -2.34847227e-03  2.26780463e-05 -2.67716698e-04 
 6.08135001e+03 -2.75939931e-02 -2.33178774e-03  2.25688389e-05 -2.67075932e-04 
 6.09536897e+03 -2.74646476e-02 -2.31522415e-03  2.24601807e-05 -2.66436815e-04 
 6.10942025e+03 -2.73359202e-02 -2.29878059e-03  2.23520687e-05 -2.65799341e-04 
 6.12350392e+03 -2.72078077e-02 -2.28245616e-03  2.22444999e-05 -2.65163505e-04 
 6.13762005e+03 -2.70803071e-02 -2.26624997e-03  2.21374714e-05 -2.64529303e-04 
 6.15176873e+03 -2.69534154e-02 -2.25016114e-03  2.20309803e-05 -2.63896729e-04 
 6.16595002e+03 -2.68271296e-02 -2.23418879e-03  2.19250236e-05 -2.63265778e-04 
 6.18016400e+03 -2.67014467e-02 -2.21833205e-03  2.18195986e-05 -2.62636447e-04 
 6.19441075e+03 -2.65763637e-02 -2.20259006e-03  2.17147022e-05 -2.62008729e-04 
 6.20869034e+03 -2.64518776e-02 -2.18696197e-03  2.16103316e-05 -2.61382619e-04 
 6.22300285e+03 -2.63279855e-02 -2.17144691e-03  2.15064841e-05 -2.60758114e-04 
 6.23734835e+03 -2.62046844e-02 -2.15604406e-03  2.14031568e-05 -2.60135208e-04 
 6.25172693e+03 -2.60819715e-02 -2.14075257e-03  2.13003469e-05 -2.59513896e-04 
 6.26613865e+03 -2.59598438e-02 -2.12557161e-03  2.11980515e-05 -2.58894174e-04 
 6.28058359e+03 -2.58382985e-02 -2.11050037e-03  2.10962680e-05 -2.58276036e-04 
 6.29506183e+03 -2.57173326e-02 -2.09553802e-03  2.09949936e-05 -2.57659479e-04 
 6.30957344e+03 -2.55969434e-02 -2.08068376e-03  2.08942255e-05 -2.57044496e-04 
 6.32411851e+03 -2.54771279e-02 -2.06593677e-03  2.07939611e-05 -2.56431084e-04 
 6.33869711e+03 -2.53578833e-02 -2.05129627e-03  2.06941976e-05 -2.55819238e-04 
 6.35330932e+03 -2.52392069e-02 -2.03676145e-03  2.05949323e-05 -2.55208953e-04 
 6.36795521e+03 -2.51210958e-02 -2.02233154e-03  2.04961626e-05 -2.54600224e-04 
 6.38263486e+03 -2.50035473e-02 -2.00800576e-03  2.03978858e-05 -2.53993047e-04 
 6.39734835e+03 -2.48865585e-02 -1.99378332e-03  2.03000992e-05 -2.53387417e-04 
 6.41209577e+03 -2.47701268e-02 -1.97966347e-03  2.02028003e-05 -2.52783330e-04 
 6.42687717e+03 -2.46542493e-02 -1.96564545e-03  2.01059865e-05 -2.52180781e-04 
 6.44169266e+03 -2.45389234e-02 -1.95172849e-03  2.00096551e-05 -2.51579765e-04 
 6.45654229e+03 -2.44241463e-02 -1.93791185e-03  1.99138036e-05 -2.50980277e-04 
 6.47142616e+03 -2.43099154e-02 -1.92419478e-03  1.98184294e-05 -2.50382314e-04 
 6.48634434e+03 -2.41962279e-02 -1.91057655e-03  1.97235300e-05 -2.49785871e-04 
 6.50129690e+03 -2.40830812e-02 -1.89705642e-03  1.96291028e-05 -2.49190942e-04 
 6.51628394e+03 -2.39704727e-02 -1.88363367e-03  1.95351453e-05 -2.48597525e-04 
 6.53130553e+03 -2.38583997e-02 -1.87030757e-03  1.94416550e-05 -2.48005613e-04 
 6.54636174e+03 -2.37468595e-02 -1.85707741e-03  1.93486295e-05 -2.47415204e-04 
 6.56145266e+03 -2.36358495e-02 -1.84394248e-03  1.92560663e-05 -2.46826292e-04 
 6.57657837e+03 -2.35253673e-02 -1.83090208e-03  1.91639628e-05 -2.46238872e-04 
 6.59173895e+03 -2.34154100e-02 -1.81795550e-03  1.90723167e-05 -2.45652941e-04 
 6.60693448e+03 -2.33059753e-02 -1.80510205e-03  1.89811256e-05 -2.45068495e-04 
 6.62216504e+03 -2.31970605e-02 -1.79234105e-03  1.88903869e-05 -2.44485528e-04 
 6.63743070e+03 -2.30886630e-02 -1.77967181e-03  1.88000985e-05 -2.43904036e-04 
 6.65273156e+03 -2.29807804e-02 -1.76709365e-03  1.87102577e-05 -2.43324016e-04 
 6.66806769e+03 -2.28734101e-02 -1.75460591e-03  1.86208623e-05 -2.42745462e-04 
 6.68343918e+03 -2.27665497e-02 -1.74220790e-03  1.85319099e-05 -2.42168370e-04 
 6.69884609e+03 -2.26601965e-02 -1.72989898e-03  1.84433982e-05 -2.41592737e-04 
 6.71428853e+03 -2.25543482e-02 -1.71767848e-03  1.83553249e-05 -2.41018558e-04 
 6.72976656e+03 -2.24490023e-02 -1.70554575e-03  1.82676875e-05 -2.40445828e-04 
 6.74528028e+03 -2.23441562e-02 -1.69350014e-03  1.81804839e-05 -2.39874543e-04 
 6.76082975e+03 -2.22398076e-02 -1.68154102e-03  1.80937117e-05 -2.39304700e-04 
 6.77641508e+03 -2.21359541e-02 -1.66966774e-03  1.80073687e-05 -2.38736294e-04 
 6.79203633e+03 -2.20325932e-02 -1.65787967e-03  1.79214526e-05 -2.38169320e-04 
 6.80769359e+03 -2.19297224e-02 -1.64617618e-03  1.78359611e-05 -2.37603775e-04 
 6.82338694e+03 -2.18273395e-02 -1.63455666e-03  1.77508920e-05 -2.37039654e-04 
 6.83911647e+03 -2.17254420e-02 -1.62302049e-03  1.76662431e-05 -2.36476954e-04 
 6.85488226e+03 -2.16240276e-02 -1.61156704e-03  1.75820122e-05 -2.35915670e-04 
 6.87068440e+03 -2.15230938e-02 -1.60019571e-03  1.74981971e-05 -2.35355798e-04 
 6.88652296e+03 -2.14226385e-02 -1.58890591e-03  1.74147956e-05 -2.34797333e-04 
 6.90239804e+03 -2.13226591e-02 -1.57769702e-03  1.73318055e-05 -2.34240273e-04 
 6.91830971e+03 -2.12231535e-02 -1.56656846e-03  1.72492247e-05 -2.33684613e-04 
 6.93425806e+03 -2.11241192e-02 -1.55551963e-03  1.71670510e-05 -2.33130348e-04 
 6.95024318e+03 -2.10255540e-02 -1.54454995e-03  1.70852823e-05 -2.32577475e-04 
 6.96626514e+03 -2.09274557e-02 -1.53365883e-03  1.70039165e-05 -2.32025989e-04 
 6.98232404e+03 -2.08298219e-02 -1.52284571e-03  1.69229514e-05 -2.31475887e-04 
 6.99841996e+03 -2.07326503e-02 -1.51211001e-03  1.68423849e-05 -2.30927165e-04 
 7.01455298e+03 -2.06359388e-02 -1.50145115e-03  1.67622151e-05 -2.30379819e-04 
 7.03072320e+03 -2.05396850e-02 -1.49086858e-03  1.66824398e-05 -2.29833844e-04 
 7.04693069e+03 -2.04438869e-02 -1.48036174e-03  1.66030569e-05 -2.29289238e-04 
 7.06317554e+03 -2.03485420e-02 -1.46993008e-03  1.65240644e-05 -2.28745995e-04 
 7.07945784e+03 -2.02536483e-02 -1.45957303e-03  1.64454602e-05 -2.28204112e-04 
 7.09577768e+03 -2.01592035e-02 -1.44929005e-03  1.63672424e-05 -2.27663585e-04 
 7.11213514e+03 -2.00652055e-02 -1.43908061e-03  1.62894089e-05 -2.27124410e-04 
 7.12853030e+03 -1.99716520e-02 -1.42894417e-03  1.62119577e-05 -2.26586584e-04 
 7.14496326e+03 -1.98785410e-02 -1.41888018e-03  1.61348868e-05 -2.26050102e-04 
 7.16143410e+03 -1.97858703e-02 -1.40888812e-03  1.60581943e-05 -2.25514961e-04 
 7.17794291e+03 -1.96936376e-02 -1.39896746e-03  1.59818782e-05 -2.24981156e-04 
 7.19448978e+03 -1.96018410e-02 -1.38911769e-03  1.59059364e-05 -2.24448685e-04 
 7.21107479e+03 -1.95104783e-02 -1.37933827e-03  1.58303672e-05 -2.23917542e-04 
 7.22769804e+03 -1.94195474e-02 -1.36962870e-03  1.57551684e-05 -2.23387725e-04 
 7.24435960e+03 -1.93290462e-02 -1.35998847e-03  1.56803383e-05 -2.22859230e-04 
 7.26105957e+03 -1.92389725e-02 -1.35041708e-03  1.56058749e-05 -2.22332052e-04 
 7.27779805e+03 -1.91493244e-02 -1.34091400e-03  1.55317763e-05 -2.21806189e-04 
 7.29457510e+03 -1.90600998e-02 -1.33147876e-03  1.54580407e-05 -2.21281635e-04 
 7.31139083e+03 -1.89712966e-02 -1.32211085e-03  1.53846660e-05 -2.20758389e-04 
 7.32824533e+03 -1.88829128e-02 -1.31280979e-03  1.53116505e-05 -2.20236445e-04 
 7.34513868e+03 -1.87949463e-02 -1.30357507e-03  1.52389923e-05 -2.19715801e-04 
 7.36207097e+03 -1.87073951e-02 -1.29440623e-03  1.51666895e-05 -2.19196452e-04 
 7.37904230e+03 -1.86202572e-02 -1.28530278e-03  1.50947404e-05 -2.18678395e-04 
 7.39605275e+03 -1.85335306e-02 -1.27626424e-03  1.50231431e-05 -2.18161626e-04 
 7.41310241e+03 -1.84472134e-02 -1.26729014e-03  1.49518957e-05 -2.17646142e-04 
 7.43019138e+03 -1.83613035e-02 -1.25838001e-03  1.48809965e-05 -2.17131939e-04 
 7.44731974e+03 -1.82757989e-02 -1.24953339e-03  1.48104436e-05 -2.16619013e-04 
 7.46448758e+03 -1.81906978e-02 -1.24074981e-03  1.47402354e-05 -2.16107361e-04 
 7.48169501e+03 -1.81059981e-02 -1.23202881e-03  1.46703699e-05 -2.15596979e-04 
 7.49894209e+03 -1.80216979e-02 -1.22336994e-03  1.46008455e-05 -2.15087864e-04 
 7.51622894e+03 -1.79377953e-02 -1.21477274e-03  1.45316604e-05 -2.14580012e-04 
 7.53355564e+03 -1.78542883e-02 -1.20623677e-03  1.44628128e-05 -2.14073419e-04 
 7.55092228e+03 -1.77711751e-02 -1.19776158e-03  1.43943010e-05 -2.13568082e-04 
 7.56832895e+03 -1.76884537e-02 -1.18934672e-03  1.43261232e-05 -2.13063998e-04 
 7.58577575e+03 -1.76061223e-02 -1.18099177e-03  1.42582778e-05 -2.12561163e-04 
 7.60326277e+03 -1.75241790e-02 -1.17269628e-03  1.41907631e-05 -2.12059572e-04 
 7.62079010e+03 -1.74426218e-02 -1.16445983e-03  1.41235773e-05 -2.11559224e-04 
 7.63835784e+03 -1.73614490e-02 -1.15628197e-03  1.40567188e-05 -2.11060115e-04 
 7.65596607e+03 -1.72806586e-02 -1.14816230e-03  1.39901859e-05 -2.10562240e-04 
 7.67361489e+03 -1.72002489e-02 -1.14010038e-03  1.39239768e-05 -2.10065597e-04 
 7.69130440e+03 -1.71202179e-02 -1.13209579e-03  1.38580900e-05 -2.09570182e-04 
 7.70903469e+03 -1.70405640e-02 -1.12414813e-03  1.37925239e-05 -2.09075992e-04 
 7.72680585e+03 -1.69612852e-02 -1.11625697e-03  1.37272766e-05 -2.08583023e-04 
 7.74461798e+03 -1.68823797e-02 -1.10842191e-03  1.36623468e-05 -2.08091272e-04 
 7.76247117e+03 -1.68038457e-02 -1.10064254e-03  1.35977326e-05 -2.07600735e-04 
 7.78036551e+03 -1.67256815e-02 -1.09291845e-03  1.35334325e-05 -2.07111410e-04 
 7.79830111e+03 -1.66478853e-02 -1.08524925e-03  1.34694448e-05 -2.06623292e-04 
 7.81627805e+03 -1.65704553e-02 -1.07763454e-03  1.34057681e-05 -2.06136379e-04 
 7.83429643e+03 -1.64933897e-02 -1.07007391e-03  1.33424007e-05 -2.05650666e-04 
 7.85235635e+03 -1.64166867e-02 -1.06256699e-03  1.32793409e-05 -2.05166152e-04 
 7.87045790e+03 -1.63403447e-02 -1.05511338e-03  1.32165874e-05 -2.04682832e-04 
 7.88860118e+03 -1.62643619e-02 -1.04771269e-03  1.31541384e-05 -2.04200703e-04 
 7.90678628e+03 -1.61887366e-02 -1.04036455e-03  1.30919925e-05 -2.03719761e-04 
 7.92501330e+03 -1.61134670e-02 -1.03306856e-03  1.30301480e-05 -2.03240005e-04 
 7.94328235e+03 -1.60385515e-02 -1.02582437e-03  1.29686035e-05 -2.02761429e-04 
 7.96159350e+03 -1.59639883e-02 -1.01863158e-03  1.29073574e-05 -2.02284032e-04 
 7.97994687e+03 -1.58897757e-02 -1.01148982e-03  1.28464083e-05 -2.01807809e-04 
 7.99834255e+03 -1.58159120e-02 -1.00439874e-03  1.27857545e-05 -2.01332758e-04 
 8.01678063e+03 -1.57423957e-02 -9.97357958e-04  1.27253946e-05 -2.00858875e-04 
 8.03526122e+03 -1.56692249e-02 -9.90367114e-04  1.26653272e-05 -2.00386157e-04 
 8.05378441e+03 -1.55963981e-02 -9.83425848e-04  1.26055506e-05 -1.99914601e-04 
 8.07235030e+03 -1.55239136e-02 -9.76533800e-04  1.25460635e-05 -1.99444204e-04 
 8.09095899e+03 -1.54517698e-02 -9.69690616e-04  1.24868644e-05 -1.98974962e-04 
 8.10961058e+03 -1.53799649e-02 -9.62895943e-04  1.24279518e-05 -1.98506873e-04 
 8.12830516e+03 -1.53084975e-02 -9.56149430e-04  1.23693242e-05 -1.98039932e-04 
 8.14704284e+03 -1.52373658e-02 -9.49450729e-04  1.23109802e-05 -1.97574138e-04 
 8.16582371e+03 -1.51665683e-02 -9.42799495e-04  1.22529185e-05 -1.97109487e-04 
 8.18464788e+03 -1.50961033e-02 -9.36195387e-04  1.21951374e-05 -1.96645975e-04 
 8.20351544e+03 -1.50259693e-02 -9.29638063e-04  1.21376357e-05 -1.96183600e-04 
 8.22242650e+03 -1.49561647e-02 -9.23127186e-04  1.20804119e-05 -1.95722358e-04 
 8.24138115e+03 -1.48866878e-02 -9.16662422e-04  1.20234646e-05 -1.95262247e-04 
 8.26037950e+03 -1.48175372e-02 -9.10243437e-04  1.19667924e-05 -1.94803263e-04 
 8.27942164e+03 -1.47487112e-02 -9.03869902e-04  1.19103940e-05 -1.94345404e-04 
 8.29850768e+03 -1.46802084e-02 -8.97541490e-04  1.18542678e-05 -1.93888666e-04 
 8.31763771e+03 -1.46120271e-02 -8.91257874e-04  1.17984126e-05 -1.93433045e-04 
 8.33681185e+03 -1.45441658e-02 -8.85018732e-04  1.17428271e-05 -1.92978540e-04 
 8.35603018e+03 -1.44766229e-02 -8.78823745e-04  1.16875097e-05 -1.92525147e-04 
 8.37529282e+03 -1.44093971e-02 -8.72672593e-04  1.16324592e-05 -1.92072863e-04 
 8.39459987e+03 -1.43424866e-02 -8.66564961e-04  1.15776743e-05 -1.91621685e-04 
 8.41395142e+03 -1.42758901e-02 -8.60500536e-04  1.15231535e-05 -1.91171611e-04 
 8.43334758e+03 -1.42096061e-02 -8.54479008e-04  1.14688956e-05 -1.90722636e-04 
 8.45278845e+03 -1.41436329e-02 -8.48500066e-04  1.14148992e-05 -1.90274758e-04 
 8.47227414e+03 -1.40779692e-02 -8.42563405e-04  1.13611631e-05 -1.89827974e-04 
 8.49180475e+03 -1.40126135e-02 -8.36668721e-04  1.13076859e-05 -1.89382282e-04 
 8.51138038e+03 -1.39475642e-02 -8.30815712e-04  1.12544662e-05 -1.88937677e-04 
 8.53100114e+03 -1.38828200e-02 -8.25004078e-04  1.12015029e-05 -1.88494158e-04 
 8.55066713e+03 -1.38183794e-02 -8.19233521e-04  1.11487946e-05 -1.88051721e-04 
 8.57037845e+03 -1.37542408e-02 -8.13503747e-04  1.10963401e-05 -1.87610364e-04 
 8.59013522e+03 -1.36904029e-02 -8.07814462e-04  1.10441380e-05 -1.87170083e-04 
 8.60993752e+03 -1.36268643e-02 -8.02165376e-04  1.09921872e-05 -1.86730875e-04 
 8.62978548e+03 -1.35636235e-02 -7.96556199e-04  1.09404862e-05 -1.86292739e-04 
 8.64967919e+03 -1.35006790e-02 -7.90986646e-04  1.08890340e-05 -1.85855670e-04 
 8.66961876e+03 -1.34380295e-02 -7.85456431e-04  1.08378292e-05 -1.85419665e-04 
 8.68960429e+03 -1.33756736e-02 -7.79965272e-04  1.07868706e-05 -1.84984723e-04 
 8.70963590e+03 -1.33136098e-02 -7.74512889e-04  1.07361569e-05 -1.84550840e-04 
 8.72971368e+03 -1.32518368e-02 -7.69099003e-04  1.06856870e-05 -1.84118014e-04 
 8.74983775e+03 -1.31903532e-02 -7.63723338e-04  1.06354596e-05 -1.83686241e-04 
 8.77000821e+03 -1.31291576e-02 -7.58385621e-04  1.05854736e-05 -1.83255518e-04 
 8.79022517e+03 -1.30682485e-02 -7.53085578e-04  1.05357276e-05 -1.82825844e-04 
 8.81048873e+03 -1.30076248e-02 -7.47822940e-04  1.04862205e-05 -1.82397215e-04 
 8.83079900e+03 -1.29472849e-02 -7.42597438e-04  1.04369511e-05 -1.81969627e-04 
 8.85115610e+03 -1.28872275e-02 -7.37408807e-04  1.03879182e-05 -1.81543080e-04 
 8.87156012e+03 -1.28274514e-02 -7.32256781e-04  1.03391207e-05 -1.81117569e-04 
 8.89201118e+03 -1.27679551e-02 -7.27141100e-04  1.02905573e-05 -1.80693091e-04 
 8.91250938e+03 -1.27087373e-02 -7.22061501e-04  1.02422269e-05 -1.80269645e-04 
 8.93305484e+03 -1.26497967e-02 -7.17017727e-04  1.01941283e-05 -1.79847228e-04 
 8.95364766e+03 -1.25911320e-02 -7.12009522e-04  1.01462604e-05 -1.79425836e-04 
 8.97428795e+03 -1.25327418e-02 -7.07036630e-04  1.00986220e-05 -1.79005467e-04 
 8.99497582e+03 -1.24746249e-02 -7.02098798e-04  1.00512120e-05 -1.78586118e-04 
 9.01571138e+03 -1.24167799e-02 -6.97195776e-04  1.00040292e-05 -1.78167786e-04 
 9.03649474e+03 -1.23592056e-02 -6.92327315e-04  9.95707247e-06 -1.77750470e-04 
 9.05732601e+03 -1.23019006e-02 -6.87493167e-04  9.91034076e-06 -1.77334165e-04 
 9.07820530e+03 -1.22448637e-02 -6.82693086e-04  9.86383290e-06 -1.76918870e-04 
 9.09913273e+03 -1.21880936e-02 -6.77926830e-04  9.81754778e-06 -1.76504582e-04 
 9.12010839e+03 -1.21315891e-02 -6.73194155e-04  9.77148430e-06 -1.76091297e-04 
 9.14113241e+03 -1.20753488e-02 -6.68494823e-04  9.72564134e-06 -1.75679014e-04 
 9.16220490e+03 -1.20193715e-02 -6.63828594e-04  9.68001782e-06 -1.75267729e-04 
 9.18332596e+03 -1.19636560e-02 -6.59195231e-04  9.63461265e-06 -1.74857441e-04 
 9.20449572e+03 -1.19082010e-02 -6.54594501e-04  9.58942473e-06 -1.74448146e-04 
 9.22571427e+03 -1.18530053e-02 -6.50026170e-04  9.54445299e-06 -1.74039842e-04 
 9.24698174e+03 -1.17980676e-02 -6.45490006e-04  9.49969636e-06 -1.73632526e-04 
 9.26829823e+03 -1.17433868e-02 -6.40985779e-04  9.45515377e-06 -1.73226195e-04 
 9.28966387e+03 -1.16889615e-02 -6.36513262e-04  9.41082415e-06 -1.72820848e-04 
 9.31107875e+03 -1.16347907e-02 -6.32072227e-04  9.36670646e-06 -1.72416480e-04 
 9.33254301e+03 -1.15808730e-02 -6.27662451e-04  9.32279963e-06 -1.72013091e-04 
 9.35405674e+03 -1.15272072e-02 -6.23283710e-04  9.27910263e-06 -1.71610676e-04 
 9.37562007e+03 -1.14737923e-02 -6.18935782e-04  9.23561441e-06 -1.71209235e-04 
 9.39723311e+03 -1.14206269e-02 -6.14618448e-04  9.19233395e-06 -1.70808763e-04 
 9.41889597e+03 -1.13677100e-02 -6.10331489e-04  9.14926020e-06 -1.70409258e-04 
 9.44060876e+03 -1.13150402e-02 -6.06074688e-04  9.10639215e-06 -1.70010719e-04 
 9.46237161e+03 -1.12626165e-02 -6.01847831e-04  9.06372879e-06 -1.69613142e-04 
 9.48418463e+03 -1.12104377e-02 -5.97650704e-04  9.02126909e-06 -1.69216525e-04 
 9.50604794e+03 -1.11585026e-02 -5.93483095e-04  8.97901205e-06 -1.68820865e-04 
 9.52796164e+03 -1.11068101e-02 -5.89344793e-04  8.93695667e-06 -1.68426160e-04 
 9.54992586e+03 -1.10553590e-02 -5.85235589e-04  8.89510195e-06 -1.68032408e-04 
 9.57194071e+03 -1.10041481e-02 -5.81155277e-04  8.85344690e-06 -1.67639605e-04 
 9.59400632e+03 -1.09531763e-02 -5.77103649e-04  8.81199054e-06 -1.67247749e-04 
 9.61612278e+03 -1.09024426e-02 -5.73080503e-04  8.77073188e-06 -1.66856838e-04 
 9.63829024e+03 -1.08519457e-02 -5.69085634e-04  8.72966995e-06 -1.66466870e-04 
 9.66050879e+03 -1.08016845e-02 -5.65118842e-04  8.68880377e-06 -1.66077841e-04 
 9.68277856e+03 -1.07516580e-02 -5.61179926e-04  8.64813238e-06 -1.65689750e-04 
 9.70509967e+03 -1.07018650e-02 -5.57268688e-04  8.60765483e-06 -1.65302594e-04 
 9.72747224e+03 -1.06523044e-02 -5.53384931e-04  8.56737014e-06 -1.64916371e-04 
 9.74989638e+03 -1.06029751e-02 -5.49528459e-04  8.52727738e-06 -1.64531077e-04 
 9.77237221e+03 -1.05538759e-02 -5.45699078e-04  8.48737560e-06 -1.64146712e-04 
 9.79489985e+03 -1.05050059e-02 -5.41896596e-04  8.44766386e-06 -1.63763271e-04 
 9.81747943e+03 -1.04563640e-02 -5.38120820e-04  8.40814122e-06 -1.63380753e-04 
 9.84011106e+03 -1.04079490e-02 -5.34371562e-04  8.36880675e-06 -1.62999156e-04 
 9.86279486e+03 -1.03597598e-02 -5.30648631e-04  8.32965953e-06 -1.62618477e-04 
 9.88553095e+03 -1.03117955e-02 -5.26951842e-04  8.29069863e-06 -1.62238713e-04 
 9.90831945e+03 -1.02640549e-02 -5.23281007e-04  8.25192313e-06 -1.61859862e-04 
 9.93116048e+03 -1.02165370e-02 -5.19635943e-04  8.21333214e-06 -1.61481923e-04 
 9.95405417e+03 -1.01692407e-02 -5.16016467e-04  8.17492473e-06 -1.61104892e-04 
 9.97700064e+03 -1.01221650e-02 -5.12422396e-04  8.13670001e-06 -1.60728767e-04 
 1.00000000e+04 -1.00753088e-02 -5.08853549e-04  8.09865707e-06 -1.60353546e-04 
 1.00230524e+04 -1.00286711e-02 -5.05309749e-04  8.06079504e-06 -1.59979226e-04 
 1.00461579e+04 -9.98225092e-03 -5.01790815e-04  8.02311301e-06 -1.59605805e-04 
 1.00693167e+04 -9.93604715e-03 -4.98296573e-04  7.98561011e-06 -1.59233282e-04 
 1.00925289e+04 -9.89005879e-03 -4.94826847e-04  7.94828546e-06 -1.58861652e-04 
 1.01157945e+04 -9.84428482e-03 -4.91381462e-04  7.91113817e-06 -1.58490915e-04 
 1.01391139e+04 -9.79872423e-03 -4.87960246e-04  7.87416739e-06 -1.58121067e-04 
 1.01624869e+04 -9.75337601e-03 -4.84563026e-04  7.83737225e-06 -1.57752107e-04 
 1.01859139e+04 -9.70823917e-03 -4.81189634e-04  7.80075188e-06 -1.57384032e-04 
 1.02093948e+04 -9.66331268e-03 -4.77839899e-04  7.76430543e-06 -1.57016841e-04 
 1.02329299e+04 -9.61859558e-03 -4.74513653e-04  7.72803205e-06 -1.56650529e-04 
 1.02565193e+04 -9.57408686e-03 -4.71210731e-04  7.69193089e-06 -1.56285096e-04 
 1.02801630e+04 -9.52978554e-03 -4.67930966e-04  7.65600111e-06 -1.55920540e-04 
 1.03038612e+04 -9.48569064e-03 -4.64674194e-04  7.62024186e-06 -1.55556856e-04 
 1.03276141e+04 -9.44180118e-03 -4.61440252e-04  7.58465232e-06 -1.55194045e-04 
 1.03514217e+04 -9.39811620e-03 -4.58228979e-04  7.54923166e-06 -1.54832103e-04 
 1.03752842e+04 -9.35463474e-03 -4.55040212e-04  7.51397904e-06 -1.54471028e-04 
 1.03992017e+04 -9.31135582e-03 -4.51873794e-04  7.47889365e-06 -1.54110818e-04 
 1.04231743e+04 -9.26827849e-03 -4.48729565e-04  7.44397466e-06 -1.53751470e-04 
 1.04472022e+04 -9.22540181e-03 -4.45607368e-04  7.40922128e-06 -1.53392983e-04 
 1.04712855e+04 -9.18272482e-03 -4.42507048e-04  7.37463268e-06 -1.53035354e-04 
 1.04954243e+04 -9.14024659e-03 -4.39428448e-04  7.34020806e-06 -1.52678581e-04 
 1.05196187e+04 -9.09796617e-03 -4.36371415e-04  7.30594663e-06 -1.52322661e-04 
 1.05438690e+04 -9.05588263e-03 -4.33335796e-04  7.27184758e-06 -1.51967594e-04 
 1.05681751e+04 -9.01399504e-03 -4.30321440e-04  7.23791013e-06 -1.51613375e-04 
 1.05925373e+04 -8.97230249e-03 -4.27328196e-04  7.20413348e-06 -1.51260004e-04 
 1.06169556e+04 -8.93080404e-03 -4.24355914e-04  7.17051685e-06 -1.50907478e-04 
 1.06414302e+04 -8.88949878e-03 -4.21404446e-04  7.13705946e-06 -1.50555795e-04 
 1.06659612e+04 -8.84838581e-03 -4.18473644e-04  7.10376053e-06 -1.50204952e-04 
 1.06905488e+04 -8.80746421e-03 -4.15563363e-04  7.07061930e-06 -1.49854949e-04 
 1.07151931e+04 -8.76673309e-03 -4.12673457e-04  7.03763499e-06 -1.49505781e-04 
 1.07398941e+04 -8.72619154e-03 -4.09803782e-04  7.00480684e-06 -1.49157448e-04 
 1.07646521e+04 -8.68583867e-03 -4.06954195e-04  6.97213409e-06 -1.48809946e-04 
 1.07894672e+04 -8.64567360e-03 -4.04124552e-04  6.93961598e-06 -1.48463275e-04 
 1.08143395e+04 -8.60569544e-03 -4.01314715e-04  6.90725176e-06 -1.48117432e-04 
 1.08392691e+04 -8.56590331e-03 -3.98524542e-04  6.87504069e-06 -1.47772414e-04 
 1.08642562e+04 -8.52629632e-03 -3.95753893e-04  6.84298200e-06 -1.47428221e-04 
 1.08893009e+04 -8.48687362e-03 -3.93002632e-04  6.81107498e-06 -1.47084848e-04 
 1.09144034e+04 -8.44763433e-03 -3.90270621e-04  6.77931887e-06 -1.46742295e-04 
 1.09395637e+04 -8.40857758e-03 -3.87557724e-04  6.74771295e-06 -1.46400560e-04 
 1.09647820e+04 -8.36970253e-03 -3.84863806e-04  6.71625648e-06 -1.46059640e-04 
 1.09900584e+04 -8.33100830e-03 -3.82188733e-04  6.68494873e-06 -1.45719532e-04 
 1.10153931e+04 -8.29249406e-03 -3.79532370e-04  6.65378900e-06 -1.45380237e-04 
 1.10407862e+04 -8.25415896e-03 -3.76894587e-04  6.62277655e-06 -1.45041750e-04 
 1.10662378e+04 -8.21600214e-03 -3.74275252e-04  6.59191067e-06 -1.44704070e-04 
 1.10917482e+04 -8.17802278e-03 -3.71674235e-04  6.56119066e-06 -1.44367195e-04 
 1.11173173e+04 -8.14022003e-03 -3.69091405e-04  6.53061579e-06 -1.44031123e-04 
 1.11429453e+04 -8.10259308e-03 -3.66526636e-04  6.50018538e-06 -1.43695852e-04 
 1.11686325e+04 -8.06514108e-03 -3.63979798e-04  6.46989871e-06 -1.43361379e-04 
 1.11943788e+04 -8.02786321e-03 -3.61450766e-04  6.43975509e-06 -1.43027704e-04 
 1.12201845e+04 -7.99075867e-03 -3.58939414e-04  6.40975384e-06 -1.42694823e-04 
 1.12460497e+04 -7.95382662e-03 -3.56445616e-04  6.37989424e-06 -1.42362735e-04 
 1.12719746e+04 -7.91706627e-03 -3.53969250e-04  6.35017563e-06 -1.42031437e-04 
 1.12979591e+04 -7.88047680e-03 -3.51510191e-04  6.32059732e-06 -1.41700929e-04 
 1.13240036e+04 -7.84405741e-03 -3.49068319e-04  6.29115863e-06 -1.41371207e-04 
 1.13501082e+04 -7.80780730e-03 -3.46643510e-04  6.26185888e-06 -1.41042270e-04 
 1.13762729e+04 -7.77172568e-03 -3.44235646e-04  6.23269740e-06 -1.40714115e-04 
 1.14024979e+04 -7.73581175e-03 -3.41844607e-04  6.20367352e-06 -1.40386742e-04 
 1.14287833e+04 -7.70006472e-03 -3.39470273e-04  6.17478658e-06 -1.40060147e-04 
 1.14551294e+04 -7.66448382e-03 -3.37112527e-04  6.14603590e-06 -1.39734329e-04 
 1.14815362e+04 -7.62906825e-03 -3.34771252e-04  6.11742084e-06 -1.39409286e-04 
 1.15080039e+04 -7.59381725e-03 -3.32446332e-04  6.08894074e-06 -1.39085015e-04 
 1.15345326e+04 -7.55873004e-03 -3.30137652e-04  6.06059495e-06 -1.38761516e-04 
 1.15611224e+04 -7.52380585e-03 -3.27845096e-04  6.03238281e-06 -1.38438786e-04 
 1.15877736e+04 -7.48904391e-03 -3.25568552e-04  6.00430368e-06 -1.38116823e-04 
 1.16144861e+04 -7.45444347e-03 -3.23307906e-04  5.97635692e-06 -1.37795624e-04 
 1.16412603e+04 -7.42000376e-03 -3.21063046e-04  5.94854188e-06 -1.37475190e-04 
 1.16680962e+04 -7.38572403e-03 -3.18833862e-04  5.92085794e-06 -1.37155516e-04 
 1.16949939e+04 -7.35160353e-03 -3.16620242e-04  5.89330446e-06 -1.36836602e-04 
 1.17219537e+04 -7.31764151e-03 -3.14422077e-04  5.86588080e-06 -1.36518445e-04 
 1.17489755e+04 -7.28383723e-03 -3.12239258e-04  5.83858635e-06 -1.36201043e-04 
 1.17760597e+04 -7.25018995e-03 -3.10071677e-04  5.81142048e-06 -1.35884396e-04 
 1.18032064e+04 -7.21669893e-03 -3.07919227e-04  5.78438257e-06 -1.35568500e-04 
 1.18304156e+04 -7.18336343e-03 -3.05781800e-04  5.75747201e-06 -1.35253353e-04 
 1.18576875e+04 -7.15018274e-03 -3.03659292e-04  5.73068817e-06 -1.34938955e-04 
 1.18850223e+04 -7.11715611e-03 -3.01551597e-04  5.70403044e-06 -1.34625303e-04 
 1.19124201e+04 -7.08428283e-03 -2.99458611e-04  5.67749823e-06 -1.34312395e-04 
 1.19398810e+04 -7.05156218e-03 -2.97380230e-04  5.65109092e-06 -1.34000229e-04 
 1.19674053e+04 -7.01899344e-03 -2.95316352e-04  5.62480792e-06 -1.33688804e-04 
 1.19949930e+04 -6.98657590e-03 -2.93266874e-04  5.59864862e-06 -1.33378117e-04 
 1.20226443e+04 -6.95430886e-03 -2.91231695e-04  5.57261242e-06 -1.33068168e-04 
 1.20503594e+04 -6.92219160e-03 -2.89210714e-04  5.54669875e-06 -1.32758953e-04 
 1.20781384e+04 -6.89022342e-03 -2.87203832e-04  5.52090700e-06 -1.32450471e-04 
 1.21059813e+04 -6.85840363e-03 -2.85210949e-04  5.49523659e-06 -1.32142720e-04 
 1.21338885e+04 -6.82673153e-03 -2.83231967e-04  5.46968693e-06 -1.31835699e-04 
 1.21618600e+04 -6.79520642e-03 -2.81266787e-04  5.44425745e-06 -1.31529405e-04 
 1.21898960e+04 -6.76382762e-03 -2.79315314e-04  5.41894757e-06 -1.31223837e-04 
 1.22179966e+04 -6.73259445e-03 -2.77377450e-04  5.39375671e-06 -1.30918993e-04 
 1.22461620e+04 -6.70150621e-03 -2.75453100e-04  5.36868430e-06 -1.30614871e-04 
 1.22743923e+04 -6.67056223e-03 -2.73542169e-04  5.34372976e-06 -1.30311469e-04 
 1.23026877e+04 -6.63976184e-03 -2.71644562e-04  5.31889255e-06 -1.30008786e-04 
 1.23310483e+04 -6.60910436e-03 -2.69760185e-04  5.29417208e-06 -1.29706820e-04 
 1.23594743e+04 -6.57858912e-03 -2.67888947e-04  5.26956780e-06 -1.29405568e-04 
 1.23879659e+04 -6.54821545e-03 -2.66030753e-04  5.24507915e-06 -1.29105030e-04 
 1.24165231e+04 -6.51798270e-03 -2.64185514e-04  5.22070558e-06 -1.28805203e-04 
 1.24451461e+04 -6.48789021e-03 -2.62353137e-04  5.19644653e-06 -1.28506085e-04 
 1.24738351e+04 -6.45793731e-03 -2.60533532e-04  5.17230145e-06 -1.28207676e-04 
 1.25025903e+04 -6.42812335e-03 -2.58726609e-04  5.14826980e-06 -1.27909972e-04 
 1.25314117e+04 -6.39844768e-03 -2.56932280e-04  5.12435104e-06 -1.27612973e-04 
 1.25602996e+04 -6.36890966e-03 -2.55150456e-04  5.10054461e-06 -1.27316676e-04 
 1.25892541e+04 -6.33950864e-03 -2.53381049e-04  5.07684999e-06 -1.27021080e-04 
 1.26182753e+04 -6.31024397e-03 -2.51623971e-04  5.05326663e-06 -1.26726183e-04 
 1.26473635e+04 -6.28111503e-03 -2.49879137e-04  5.02979401e-06 -1.26431983e-04 
 1.26765187e+04 -6.25212117e-03 -2.48146460e-04  5.00643158e-06 -1.26138479e-04 
 1.27057411e+04 -6.22326177e-03 -2.46425855e-04  4.98317883e-06 -1.25845668e-04 
 1.27350308e+04 -6.19453619e-03 -2.44717236e-04  4.96003523e-06 -1.25553550e-04 
 1.27643881e+04 -6.16594381e-03 -2.43020521e-04  4.93700025e-06 -1.25262122e-04 
 1.27938130e+04 -6.13748400e-03 -2.41335625e-04  4.91407338e-06 -1.24971383e-04 
 1.28233058e+04 -6.10915615e-03 -2.39662466e-04  4.89125410e-06 -1.24681330e-04 
 1.28528666e+04 -6.08095963e-03 -2.38000960e-04  4.86854189e-06 -1.24391963e-04 
 1.28824955e+04 -6.05289384e-03 -2.36351027e-04  4.84593623e-06 -1.24103280e-04 
 1.29121927e+04 -6.02495816e-03 -2.34712584e-04  4.82343663e-06 -1.23815278e-04 
 1.29419584e+04 -5.99715198e-03 -2.33085552e-04  4.80104257e-06 -1.23527956e-04 
 1.29717927e+04 -5.96947470e-03 -2.31469850e-04  4.77875354e-06 -1.23241313e-04 
 1.30016958e+04 -5.94192572e-03 -2.29865399e-04  4.75656905e-06 -1.22955347e-04 
 1.30316678e+04 -5.91450443e-03 -2.28272120e-04  4.73448859e-06 -1.22670056e-04 
 1.30617089e+04 -5.88721023e-03 -2.26689935e-04  4.71251167e-06 -1.22385438e-04 
 1.30918192e+04 -5.86004255e-03 -2.25118765e-04  4.69063780e-06 -1.22101492e-04 
 1.31219990e+04 -5.83300077e-03 -2.23558533e-04  4.66886647e-06 -1.21818216e-04 
 1.31522483e+04 -5.80608432e-03 -2.22009163e-04  4.64719720e-06 -1.21535609e-04 
 1.31825674e+04 -5.77929260e-03 -2.20470579e-04  4.62562950e-06 -1.21253668e-04 
 1.32129563e+04 -5.75262504e-03 -2.18942704e-04  4.60416289e-06 -1.20972392e-04 
 1.32434154e+04 -5.72608106e-03 -2.17425465e-04  4.58279688e-06 -1.20691780e-04 
 1.32739446e+04 -5.69966007e-03 -2.15918785e-04  4.56153099e-06 -1.20411830e-04 
 1.33045442e+04 -5.67336151e-03 -2.14422592e-04  4.54036475e-06 -1.20132540e-04 
 1.33352143e+04 -5.64718480e-03 -2.12936811e-04  4.51929768e-06 -1.19853909e-04 
 1.33659552e+04 -5.62112936e-03 -2.11461371e-04  4.49832930e-06 -1.19575934e-04 
 1.33967669e+04 -5.59519465e-03 -2.09996197e-04  4.47745915e-06 -1.19298615e-04 
 1.34276496e+04 -5.56938008e-03 -2.08541219e-04  4.45668675e-06 -1.19021949e-04 
 1.34586035e+04 -5.54368511e-03 -2.07096365e-04  4.43601164e-06 -1.18745936e-04 
 1.34896288e+04 -5.51810917e-03 -2.05661563e-04  4.41543336e-06 -1.18470573e-04 
 1.35207256e+04 -5.49265170e-03 -2.04236744e-04  4.39495144e-06 -1.18195859e-04 
 1.35518941e+04 -5.46731216e-03 -2.02821838e-04  4.37456542e-06 -1.17921793e-04 
 1.35831345e+04 -5.44208998e-03 -2.01416775e-04  4.35427485e-06 -1.17648372e-04 
 1.36144468e+04 -5.41698464e-03 -2.00021486e-04  4.33407928e-06 -1.17375595e-04 
 1.36458314e+04 -5.39199557e-03 -1.98635903e-04  4.31397824e-06 -1.17103460e-04 
 1.36772883e+04 -5.36712223e-03 -1.97259957e-04  4.29397129e-06 -1.16831967e-04 
 1.37088177e+04 -5.34236409e-03 -1.95893582e-04  4.27405797e-06 -1.16561113e-04 
 1.37404198e+04 -5.31772061e-03 -1.94536710e-04  4.25423786e-06 -1.16290896e-04 
 1.37720947e+04 -5.29319126e-03 -1.93189274e-04  4.23451049e-06 -1.16021316e-04 
 1.38038426e+04 -5.26877549e-03 -1.91851210e-04  4.21487543e-06 -1.15752371e-04 
 1.38356638e+04 -5.24447278e-03 -1.90522450e-04  4.19533224e-06 -1.15484058e-04 
 1.38675583e+04 -5.22028261e-03 -1.89202930e-04  4.17588047e-06 -1.15216377e-04 
 1.38995263e+04 -5.19620444e-03 -1.87892585e-04  4.15651971e-06 -1.14949327e-04 
 1.39315680e+04 -5.17223776e-03 -1.86591352e-04  4.13724951e-06 -1.14682904e-04 
 1.39636836e+04 -5.14838204e-03 -1.85299165e-04  4.11806944e-06 -1.14417108e-04 
 1.39958732e+04 -5.12463677e-03 -1.84015963e-04  4.09897907e-06 -1.14151938e-04 
 1.40281370e+04 -5.10100143e-03 -1.82741682e-04  4.07997798e-06 -1.13887392e-04 
 1.40604752e+04 -5.07747551e-03 -1.81476259e-04  4.06106574e-06 -1.13623468e-04 
 1.40928880e+04 -5.05405850e-03 -1.80219633e-04  4.04224193e-06 -1.13360164e-04 
 1.41253754e+04 -5.03074989e-03 -1.78971742e-04  4.02350612e-06 -1.13097480e-04 
 1.41579378e+04 -5.00754918e-03 -1.77732525e-04  4.00485791e-06 -1.12835413e-04 
 1.41905752e+04 -4.98445586e-03 -1.76501921e-04  3.98629687e-06 -1.12573963e-04 
 1.42232879e+04 -4.96146943e-03 -1.75279871e-04  3.96782259e-06 -1.12313128e-04 
 1.42560759e+04 -4.93858939e-03 -1.74066313e-04  3.94943466e-06 -1.12052905e-04 
 1.42889396e+04 -4.91581525e-03 -1.72861190e-04  3.93113266e-06 -1.11793294e-04 
 1.43218790e+04 -4.89314651e-03 -1.71664441e-04  3.91291619e-06 -1.11534294e-04 
 1.43548943e+04 -4.87058269e-03 -1.70476009e-04  3.89478485e-06 -1.11275902e-04 
 1.43879858e+04 -4.84812329e-03 -1.69295835e-04  3.87673822e-06 -1.11018117e-04 
 1.44211535e+04 -4.82576783e-03 -1.68123862e-04  3.85877591e-06 -1.10760938e-04 
 1.44543977e+04 -4.80351582e-03 -1.66960031e-04  3.84089751e-06 -1.10504363e-04 
 1.44877185e+04 -4.78136678e-03 -1.65804287e-04  3.82310263e-06 -1.10248391e-04 
 1.45211162e+04 -4.75932023e-03 -1.64656572e-04  3.80539087e-06 -1.09993021e-04 
 1.45545908e+04 -4.73737569e-03 -1.63516831e-04  3.78776184e-06 -1.09738250e-04 
 1.45881426e+04 -4.71553269e-03 -1.62385008e-04  3.77021514e-06 -1.09484077e-04 
 1.46217717e+04 -4.69379075e-03 -1.61261047e-04  3.75275038e-06 -1.09230501e-04 
 1.46554784e+04 -4.67214941e-03 -1.60144894e-04  3.73536717e-06 -1.08977521e-04 
 1.46892628e+04 -4.65060819e-03 -1.59036494e-04  3.71806514e-06 -1.08725135e-04 
 1.47231250e+04 -4.62916663e-03 -1.57935792e-04  3.70084388e-06 -1.08473341e-04 
 1.47570653e+04 -4.60782427e-03 -1.56842736e-04  3.68370303e-06 -1.08222138e-04 
 1.47910839e+04 -4.58658064e-03 -1.55757271e-04  3.66664219e-06 -1.07971525e-04 
 1.48251809e+04 -4.56543528e-03 -1.54679345e-04  3.64966099e-06 -1.07721500e-04 
 1.48593564e+04 -4.54438773e-03 -1.53608905e-04  3.63275906e-06 -1.07472062e-04 
 1.48936108e+04 -4.52343754e-03 -1.52545898e-04  3.61593601e-06 -1.07223209e-04 
 1.49279441e+04 -4.50258427e-03 -1.51490273e-04  3.59919147e-06 -1.06974940e-04 
 1.49623566e+04 -4.48182744e-03 -1.50441978e-04  3.58252507e-06 -1.06727253e-04 
 1.49968484e+04 -4.46116662e-03 -1.49400963e-04  3.56593644e-06 -1.06480148e-04 
 1.50314197e+04 -4.44060136e-03 -1.48367175e-04  3.54942521e-06 -1.06233622e-04 
 1.50660707e+04 -4.42013121e-03 -1.47340565e-04  3.53299102e-06 -1.05987675e-04 
 1.51008015e+04 -4.39975574e-03 -1.46321083e-04  3.51663349e-06 -1.05742304e-04 
 1.51356125e+04 -4.37947449e-03 -1.45308678e-04  3.50035228e-06 -1.05497508e-04 
 1.51705037e+04 -4.35928704e-03 -1.44303302e-04  3.48414701e-06 -1.05253287e-04 
 1.52054753e+04 -4.33919294e-03 -1.43304905e-04  3.46801732e-06 -1.05009638e-04 
 1.52405275e+04 -4.31919177e-03 -1.42313439e-04  3.45196287e-06 -1.04766561e-04 
 1.52756606e+04 -4.29928308e-03 -1.41328855e-04  3.43598328e-06 -1.04524053e-04 
 1.53108746e+04 -4.27946645e-03 -1.40351105e-04  3.42007822e-06 -1.04282114e-04 
 1.53461698e+04 -4.25974145e-03 -1.39380142e-04  3.40424732e-06 -1.04040742e-04 
 1.53815464e+04 -4.24010765e-03 -1.38415918e-04  3.38849024e-06 -1.03799936e-04 
 1.54170045e+04 -4.22056463e-03 -1.37458386e-04  3.37280662e-06 -1.03559694e-04 
 1.54525444e+04 -4.20111197e-03 -1.36507499e-04  3.35719612e-06 -1.03320015e-04 
 1.54881662e+04 -4.18174925e-03 -1.35563212e-04  3.34165839e-06 -1.03080897e-04 
 1.55238701e+04 -4.16247604e-03 -1.34625477e-04  3.32619309e-06 -1.02842340e-04 
 1.55596563e+04 -4.14329194e-03 -1.33694250e-04  3.31079988e-06 -1.02604341e-04 
 1.55955250e+04 -4.12419652e-03 -1.32769485e-04  3.29547842e-06 -1.02366900e-04 
 1.56314764e+04 -4.10518937e-03 -1.31851136e-04  3.28022836e-06 -1.02130016e-04 
 1.56675107e+04 -4.08627010e-03 -1.30939160e-04  3.26504937e-06 -1.01893686e-04 
 1.57036280e+04 -4.06743827e-03 -1.30033511e-04  3.24994111e-06 -1.01657909e-04 
 1.57398286e+04 -4.04869350e-03 -1.29134146e-04  3.23490325e-06 -1.01422685e-04 
 1.57761127e+04 -4.03003537e-03 -1.28241020e-04  3.21993546e-06 -1.01188011e-04 
 1.58124804e+04 -4.01146348e-03 -1.27354091e-04  3.20503740e-06 -1.00953887e-04 
 1.58489319e+04 -3.99297743e-03 -1.26473315e-04  3.19020875e-06 -1.00720311e-04 
 1.58854675e+04 -3.97457682e-03 -1.25598648e-04  3.17544918e-06 -1.00487282e-04 
 1.59220873e+04 -3.95626126e-03 -1.24730049e-04  3.16075837e-06 -1.00254798e-04 
 1.59587915e+04 -3.93803034e-03 -1.23867476e-04  3.14613598e-06 -1.00022858e-04 
 1.59955803e+04 -3.91988368e-03 -1.23010885e-04  3.13158169e-06 -9.97914612e-05 
 1.60324539e+04 -3.90182089e-03 -1.22160236e-04  3.11709519e-06 -9.95606059e-05 
 1.60694125e+04 -3.88384157e-03 -1.21315487e-04  3.10267615e-06 -9.93302908e-05 
 1.61064564e+04 -3.86594533e-03 -1.20476597e-04  3.08832426e-06 -9.91005146e-05 
 1.61435856e+04 -3.84813179e-03 -1.19643525e-04  3.07403920e-06 -9.88712760e-05 
 1.61808004e+04 -3.83040057e-03 -1.18816230e-04  3.05982065e-06 -9.86425737e-05 
 1.62181010e+04 -3.81275128e-03 -1.17994673e-04  3.04566830e-06 -9.84144064e-05 
 1.62554876e+04 -3.79518354e-03 -1.17178813e-04  3.03158184e-06 -9.81867728e-05 
 1.62929603e+04 -3.77769698e-03 -1.16368611e-04  3.01756095e-06 -9.79596716e-05 
 1.63305195e+04 -3.76029121e-03 -1.15564026e-04  3.00360533e-06 -9.77331016e-05 
 1.63681652e+04 -3.74296586e-03 -1.14765021e-04  2.98971467e-06 -9.75070614e-05 
 1.64058977e+04 -3.72572056e-03 -1.13971556e-04  2.97588867e-06 -9.72815497e-05 
 1.64437172e+04 -3.70855494e-03 -1.13183593e-04  2.96212701e-06 -9.70565654e-05 
 1.64816239e+04 -3.69146862e-03 -1.12401092e-04  2.94842940e-06 -9.68321071e-05 
 1.65196180e+04 -3.67446123e-03 -1.11624017e-04  2.93479554e-06 -9.66081736e-05 
 1.65576996e+04 -3.65753242e-03 -1.10852329e-04  2.92122511e-06 -9.63847635e-05 
 1.65958691e+04 -3.64068181e-03 -1.10085992e-04  2.90771784e-06 -9.61618757e-05 
 1.66341265e+04 -3.62390904e-03 -1.09324966e-04  2.89427341e-06 -9.59395088e-05 
 1.66724721e+04 -3.60721376e-03 -1.08569217e-04  2.88089153e-06 -9.57176616e-05 
 1.67109061e+04 -3.59059559e-03 -1.07818706e-04  2.86757190e-06 -9.54963329e-05 
 1.67494288e+04 -3.57405419e-03 -1.07073397e-04  2.85431424e-06 -9.52755214e-05 
 1.67880402e+04 -3.55758919e-03 -1.06333255e-04  2.84111826e-06 -9.50552259e-05 
 1.68267406e+04 -3.54120024e-03 -1.05598243e-04  2.82798365e-06 -9.48354451e-05 
 1.68655303e+04 -3.52488699e-03 -1.04868325e-04  2.81491014e-06 -9.46161778e-05 
 1.69044093e+04 -3.50864909e-03 -1.04143467e-04  2.80189743e-06 -9.43974227e-05 
 1.69433780e+04 -3.49248618e-03 -1.03423632e-04  2.78894524e-06 -9.41791786e-05 
 1.69824365e+04 -3.47639793e-03 -1.02708786e-04  2.77605328e-06 -9.39614444e-05 
 1.70215851e+04 -3.46038397e-03 -1.01998894e-04  2.76322127e-06 -9.37442186e-05 
 1.70608239e+04 -3.44444397e-03 -1.01293921e-04  2.75044894e-06 -9.35275002e-05 
 1.71001532e+04 -3.42857759e-03 -1.00593834e-04  2.73773599e-06 -9.33112880e-05 
 1.71395731e+04 -3.41278448e-03 -9.98985987e-05  2.72508214e-06 -9.30955806e-05 
 1.71790839e+04 -3.39706430e-03 -9.92081805e-05  2.71248713e-06 -9.28803769e-05 
 1.72186857e+04 -3.38141671e-03 -9.85225464e-05  2.69995067e-06 -9.26656756e-05 
 1.72583789e+04 -3.36584138e-03 -9.78416631e-05  2.68747249e-06 -9.24514757e-05 
 1.72981636e+04 -3.35033798e-03 -9.71654975e-05  2.67505232e-06 -9.22377758e-05 
 1.73380400e+04 -3.33490615e-03 -9.64940167e-05  2.66268987e-06 -9.20245747e-05 
 1.73780083e+04 -3.31954559e-03 -9.58271882e-05  2.65038489e-06 -9.18118713e-05 
 1.74180687e+04 -3.30425595e-03 -9.51649796e-05  2.63813710e-06 -9.15996644e-05 
 1.74582215e+04 -3.28903691e-03 -9.45073588e-05  2.62594622e-06 -9.13879527e-05 
 1.74984669e+04 -3.27388813e-03 -9.38542939e-05  2.61381200e-06 -9.11767351e-05 
 1.75388050e+04 -3.25880930e-03 -9.32057531e-05  2.60173417e-06 -9.09660105e-05 
 1.75792361e+04 -3.24380008e-03 -9.25617049e-05  2.58971247e-06 -9.07557775e-05 
 1.76197605e+04 -3.22886016e-03 -9.19221182e-05  2.57774662e-06 -9.05460351e-05 
 1.76603782e+04 -3.21398921e-03 -9.12869619e-05  2.56583636e-06 -9.03367820e-05 
 1.77010896e+04 -3.19918691e-03 -9.06562052e-05  2.55398144e-06 -9.01280171e-05 
 1.77418948e+04 -3.18445295e-03 -9.00298175e-05  2.54218160e-06 -8.99197393e-05 
 1.77827941e+04 -3.16978701e-03 -8.94077683e-05  2.53043658e-06 -8.97119473e-05 
 1.78237877e+04 -3.15518877e-03 -8.87900276e-05  2.51874611e-06 -8.95046399e-05 
 1.78648757e+04 -3.14065792e-03 -8.81765654e-05  2.50710995e-06 -8.92978161e-05 
 1.79060585e+04 -3.12619415e-03 -8.75673518e-05  2.49552783e-06 -8.90914747e-05 
 1.79473363e+04 -3.11179714e-03 -8.69623575e-05  2.48399951e-06 -8.88856144e-05 
 1.79887092e+04 -3.09746658e-03 -8.63615530e-05  2.47252474e-06 -8.86802342e-05 
 1.80301774e+04 -3.08320218e-03 -8.57649091e-05  2.46110325e-06 -8.84753329e-05 
 1.80717413e+04 -3.06900361e-03 -8.51723971e-05  2.44973480e-06 -8.82709094e-05 
 1.81134009e+04 -3.05487058e-03 -8.45839881e-05  2.43841915e-06 -8.80669625e-05 
 1.81551566e+04 -3.04080278e-03 -8.39996537e-05  2.42715604e-06 -8.78634910e-05 
 1.81970086e+04 -3.02679991e-03 -8.34193654e-05  2.41594522e-06 -8.76604939e-05 
 1.82389570e+04 -3.01286166e-03 -8.28430952e-05  2.40478646e-06 -8.74579700e-05 
 1.82810022e+04 -2.99898775e-03 -8.22708152e-05  2.39367951e-06 -8.72559182e-05 
 1.83231442e+04 -2.98517786e-03 -8.17024976e-05  2.38262412e-06 -8.70543373e-05 
 1.83653834e+04 -2.97143171e-03 -8.11381149e-05  2.37162006e-06 -8.68532262e-05 
 1.84077200e+04 -2.95774900e-03 -8.05776397e-05  2.36066708e-06 -8.66525839e-05 
 1.84501542e+04 -2.94412943e-03 -8.00210449e-05  2.34976494e-06 -8.64524090e-05 
 1.84926862e+04 -2.93057271e-03 -7.94683034e-05  2.33891341e-06 -8.62527007e-05 
 1.85353162e+04 -2.91707855e-03 -7.89193886e-05  2.32811224e-06 -8.60534576e-05 
 1.85780446e+04 -2.90364666e-03 -7.83742739e-05  2.31736120e-06 -8.58546788e-05 
 1.86208714e+04 -2.89027675e-03 -7.78329328e-05  2.30666007e-06 -8.56563632e-05 
 1.86637969e+04 -2.87696854e-03 -7.72953391e-05  2.29600859e-06 -8.54585095e-05 
 1.87068214e+04 -2.86372173e-03 -7.67614667e-05  2.28540654e-06 -8.52611167e-05 
 1.87499451e+04 -2.85053605e-03 -7.62312899e-05  2.27485369e-06 -8.50641838e-05 
 1.87931682e+04 -2.83741121e-03 -7.57047830e-05  2.26434981e-06 -8.48677095e-05 
 1.88364909e+04 -2.82434692e-03 -7.51819204e-05  2.25389467e-06 -8.46716929e-05 
 1.88799135e+04 -2.81134292e-03 -7.46626768e-05  2.24348804e-06 -8.44761328e-05 
 1.89234362e+04 -2.79839891e-03 -7.41470272e-05  2.23312969e-06 -8.42810281e-05 
 1.89670592e+04 -2.78551462e-03 -7.36349464e-05  2.22281939e-06 -8.40863778e-05 
 1.90107828e+04 -2.77268978e-03 -7.31264099e-05  2.21255693e-06 -8.38921807e-05 
 1.90546072e+04 -2.75992411e-03 -7.26213928e-05  2.20234207e-06 -8.36984358e-05 
 1.90985326e+04 -2.74721733e-03 -7.21198709e-05  2.19217460e-06 -8.35051421e-05 
 1.91425593e+04 -2.73456917e-03 -7.16218197e-05  2.18205430e-06 -8.33122983e-05 
 1.91866874e+04 -2.72197937e-03 -7.11272153e-05  2.17198093e-06 -8.31199035e-05 
 1.92309173e+04 -2.70944764e-03 -7.06360336e-05  2.16195428e-06 -8.29279566e-05 
 1.92752491e+04 -2.69697372e-03 -7.01482510e-05  2.15197414e-06 -8.27364565e-05 
 1.93196832e+04 -2.68455735e-03 -6.96638437e-05  2.14204029e-06 -8.25454022e-05 
 1.93642196e+04 -2.67219825e-03 -6.91827884e-05  2.13215250e-06 -8.23547925e-05 
 1.94088588e+04 -2.65989617e-03 -6.87050618e-05  2.12231057e-06 -8.21646265e-05 
 1.94536008e+04 -2.64765083e-03 -6.82306408e-05  2.11251427e-06 -8.19749031e-05 
 1.94984460e+04 -2.63546198e-03 -6.77595024e-05  2.10276340e-06 -8.17856212e-05 
 1.95433946e+04 -2.62332935e-03 -6.72916238e-05  2.09305775e-06 -8.15967797e-05 
 1.95884467e+04 -2.61125268e-03 -6.68269825e-05  2.08339709e-06 -8.14083777e-05 
 1.96336028e+04 -2.59923172e-03 -6.63655559e-05  2.07378123e-06 -8.12204141e-05 
 1.96788629e+04 -2.58726620e-03 -6.59073217e-05  2.06420994e-06 -8.10328878e-05 
 1.97242274e+04 -2.57535587e-03 -6.54522578e-05  2.05468303e-06 -8.08457978e-05 
 1.97696964e+04 -2.56350047e-03 -6.50003421e-05  2.04520028e-06 -8.06591430e-05 
 1.98152703e+04 -2.55169975e-03 -6.45515529e-05  2.03576150e-06 -8.04729225e-05 
 1.98609492e+04 -2.53995346e-03 -6.41058683e-05  2.02636646e-06 -8.02871351e-05 
 1.99067334e+04 -2.52826135e-03 -6.36632669e-05  2.01701498e-06 -8.01017799e-05 
 1.99526231e+04 -2.51662315e-03 -6.32237273e-05  2.00770683e-06 -7.99168559e-05 
 1.99986187e+04 -2.50503863e-03 -6.27872282e-05  1.99844184e-06 -7.97323619e-05 
 2.00447203e+04 -2.49350754e-03 -6.23537485e-05  1.98921978e-06 -7.95482970e-05 
 2.00909281e+04 -2.48202962e-03 -6.19232672e-05  1.98004046e-06 -7.93646602e-05 
 2.01372425e+04 -2.47060463e-03 -6.14957636e-05  1.97090368e-06 -7.91814505e-05 
 2.01836636e+04 -2.45923233e-03 -6.10712170e-05  1.96180924e-06 -7.89986667e-05 
 2.02301918e+04 -2.44791248e-03 -6.06496068e-05  1.95275695e-06 -7.88163080e-05 
 2.02768272e+04 -2.43664482e-03 -6.02309128e-05  1.94374660e-06 -7.86343733e-05 
 2.03235701e+04 -2.42542912e-03 -5.98151146e-05  1.93477800e-06 -7.84528616e-05 
 2.03704208e+04 -2.41426514e-03 -5.94021922e-05  1.92585096e-06 -7.82717719e-05 
 2.04173794e+04 -2.40315264e-03 -5.89921256e-05  1.91696528e-06 -7.80911032e-05 
 2.04644464e+04 -2.39209138e-03 -5.85848951e-05  1.90812077e-06 -7.79108545e-05 
 2.05116218e+04 -2.38108112e-03 -5.81804808e-05  1.89931723e-06 -7.77310248e-05 
 2.05589060e+04 -2.37012163e-03 -5.77788634e-05  1.89055448e-06 -7.75516131e-05 
 2.06062991e+04 -2.35921267e-03 -5.73800234e-05  1.88183232e-06 -7.73726184e-05 
 2.06538016e+04 -2.34835401e-03 -5.69839415e-05  1.87315056e-06 -7.71940397e-05 
 2.07014135e+04 -2.33754542e-03 -5.65905986e-05  1.86450902e-06 -7.70158761e-05 
 2.07491352e+04 -2.32678666e-03 -5.61999757e-05  1.85590751e-06 -7.68381265e-05 
 2.07969669e+04 -2.31607751e-03 -5.58120540e-05  1.84734584e-06 -7.66607900e-05 
 2.08449088e+04 -2.30541773e-03 -5.54268147e-05  1.83882383e-06 -7.64838656e-05 
 2.08929613e+04 -2.29480709e-03 -5.50442392e-05  1.83034128e-06 -7.63073523e-05 
 2.09411246e+04 -2.28424537e-03 -5.46643090e-05  1.82189802e-06 -7.61312492e-05 
 2.09893988e+04 -2.27373235e-03 -5.42870058e-05  1.81349386e-06 -7.59555552e-05 
 2.10377844e+04 -2.26326779e-03 -5.39123113e-05  1.80512862e-06 -7.57802694e-05 
 2.10862815e+04 -2.25285148e-03 -5.35402076e-05  1.79680212e-06 -7.56053909e-05 
 2.11348904e+04 -2.24248318e-03 -5.31706766e-05  1.78851418e-06 -7.54309186e-05 
 2.11836114e+04 -2.23216269e-03 -5.28037004e-05  1.78026462e-06 -7.52568516e-05 
 2.12324446e+04 -2.22188976e-03 -5.24392614e-05  1.77205325e-06 -7.50831890e-05 
 2.12813905e+04 -2.21166420e-03 -5.20773420e-05  1.76387990e-06 -7.49099298e-05 
 2.13304491e+04 -2.20148577e-03 -5.17179247e-05  1.75574440e-06 -7.47370730e-05 
 2.13796209e+04 -2.19135426e-03 -5.13609921e-05  1.74764656e-06 -7.45646176e-05 
 2.14289060e+04 -2.18126946e-03 -5.10065271e-05  1.73958621e-06 -7.43925628e-05 
 2.14783047e+04 -2.17123114e-03 -5.06545125e-05  1.73156318e-06 -7.42209076e-05 
 2.15278173e+04 -2.16123909e-03 -5.03049314e-05  1.72357729e-06 -7.40496510e-05 
 2.15774441e+04 -2.15129310e-03 -4.99577668e-05  1.71562836e-06 -7.38787921e-05 
 2.16271852e+04 -2.14139296e-03 -4.96130020e-05  1.70771624e-06 -7.37083300e-05 
 2.16770410e+04 -2.13153844e-03 -4.92706204e-05  1.69984074e-06 -7.35382637e-05 
 2.17270118e+04 -2.12172935e-03 -4.89306055e-05  1.69200169e-06 -7.33685922e-05 
 2.17770977e+04 -2.11196547e-03 -4.85929408e-05  1.68419892e-06 -7.31993147e-05 
 2.18272991e+04 -2.10224659e-03 -4.82576101e-05  1.67643227e-06 -7.30304302e-05 
 2.18776162e+04 -2.09257251e-03 -4.79245973e-05  1.66870157e-06 -7.28619378e-05 
 2.19280494e+04 -2.08294301e-03 -4.75938861e-05  1.66100664e-06 -7.26938365e-05 
 2.19785987e+04 -2.07335790e-03 -4.72654607e-05  1.65334733e-06 -7.25261255e-05 
 2.20292646e+04 -2.06381696e-03 -4.69393053e-05  1.64572346e-06 -7.23588038e-05 
 2.20800473e+04 -2.05431999e-03 -4.66154041e-05  1.63813487e-06 -7.21918704e-05 
 2.21309471e+04 -2.04486679e-03 -4.62937414e-05  1.63058140e-06 -7.20253246e-05 
 2.21819642e+04 -2.03545716e-03 -4.59743019e-05  1.62306288e-06 -7.18591652e-05 
 2.22330989e+04 -2.02609089e-03 -4.56570700e-05  1.61557915e-06 -7.16933916e-05 
 2.22843515e+04 -2.01676779e-03 -4.53420305e-05  1.60813005e-06 -7.15280026e-05 
 2.23357222e+04 -2.00748765e-03 -4.50291682e-05  1.60071541e-06 -7.13629975e-05 
 2.23872114e+04 -1.99825028e-03 -4.47184679e-05  1.59333508e-06 -7.11983753e-05 
 2.24388192e+04 -1.98905547e-03 -4.44099148e-05  1.58598889e-06 -7.10341351e-05 
 2.24905461e+04 -1.97990304e-03 -4.41034940e-05  1.57867670e-06 -7.08702760e-05 
 2.25423921e+04 -1.97079278e-03 -4.37991906e-05  1.57139833e-06 -7.07067971e-05 
 2.25943577e+04 -1.96172451e-03 -4.34969900e-05  1.56415363e-06 -7.05436976e-05 
 2.26464431e+04 -1.95269802e-03 -4.31968777e-05  1.55694244e-06 -7.03809764e-05 
 2.26986485e+04 -1.94371313e-03 -4.28988391e-05  1.54976462e-06 -7.02186328e-05 
 2.27509743e+04 -1.93476963e-03 -4.26028599e-05  1.54261999e-06 -7.00566658e-05 
 2.28034207e+04 -1.92586735e-03 -4.23089259e-05  1.53550842e-06 -6.98950745e-05 
 2.28559880e+04 -1.91700609e-03 -4.20170229e-05  1.52842974e-06 -6.97338581e-05 
 2.29086765e+04 -1.90818566e-03 -4.17271367e-05  1.52138380e-06 -6.95730157e-05 
 2.29614865e+04 -1.89940587e-03 -4.14392535e-05  1.51437044e-06 -6.94125464e-05 
 2.30144182e+04 -1.89066653e-03 -4.11533593e-05  1.50738953e-06 -6.92524492e-05 
 2.30674719e+04 -1.88196746e-03 -4.08694405e-05  1.50044090e-06 -6.90927234e-05 
 2.31206479e+04 -1.87330847e-03 -4.05874832e-05  1.49352441e-06 -6.89333681e-05 
 2.31739465e+04 -1.86468938e-03 -4.03074740e-05  1.48663990e-06 -6.87743823e-05 
 2.32273680e+04 -1.85611000e-03 -4.00293993e-05  1.47978723e-06 -6.86157653e-05 
 2.32809126e+04 -1.84757014e-03 -3.97532457e-05  1.47296625e-06 -6.84575161e-05 
 2.33345806e+04 -1.83906964e-03 -3.94790000e-05  1.46617681e-06 -6.82996339e-05 
 2.33883724e+04 -1.83060829e-03 -3.92066488e-05  1.45941876e-06 -6.81421178e-05 
 2.34422882e+04 -1.82218593e-03 -3.89361792e-05  1.45269196e-06 -6.79849669e-05 
 2.34963282e+04 -1.81380237e-03 -3.86675780e-05  1.44599627e-06 -6.78281804e-05 
 2.35504928e+04 -1.80545743e-03 -3.84008324e-05  1.43933153e-06 -6.76717575e-05 
 2.36047823e+04 -1.79715094e-03 -3.81359295e-05  1.43269761e-06 -6.75156972e-05 
 2.36591970e+04 -1.78888272e-03 -3.78728565e-05  1.42609436e-06 -6.73599988e-05 
 2.37137371e+04 -1.78065259e-03 -3.76116007e-05  1.41952164e-06 -6.72046613e-05 
 2.37684029e+04 -1.77246037e-03 -3.73521496e-05  1.41297931e-06 -6.70496839e-05 
 2.38231947e+04 -1.76430589e-03 -3.70944907e-05  1.40646722e-06 -6.68950659e-05 
 2.38781128e+04 -1.75618898e-03 -3.68386116e-05  1.39998523e-06 -6.67408062e-05 
 2.39331576e+04 -1.74810945e-03 -3.65844999e-05  1.39353321e-06 -6.65869041e-05 
 2.39883292e+04 -1.74006715e-03 -3.63321434e-05  1.38711102e-06 -6.64333587e-05 
 2.40436280e+04 -1.73206189e-03 -3.60815300e-05  1.38071851e-06 -6.62801693e-05 
 2.40990543e+04 -1.72409351e-03 -3.58326476e-05  1.37435555e-06 -6.61273349e-05 
 2.41546083e+04 -1.71616184e-03 -3.55854842e-05  1.36802200e-06 -6.59748547e-05 
 2.42102905e+04 -1.70826670e-03 -3.53400279e-05  1.36171772e-06 -6.58227280e-05 
 2.42661010e+04 -1.70040793e-03 -3.50962669e-05  1.35544258e-06 -6.56709538e-05 
 2.43220401e+04 -1.69258536e-03 -3.48541895e-05  1.34919645e-06 -6.55195313e-05 
 2.43781082e+04 -1.68479882e-03 -3.46137840e-05  1.34297918e-06 -6.53684597e-05 
 2.44343055e+04 -1.67704815e-03 -3.43750388e-05  1.33679065e-06 -6.52177382e-05 
 2.44906324e+04 -1.66933318e-03 -3.41379425e-05  1.33063072e-06 -6.50673660e-05 
 2.45470892e+04 -1.66165374e-03 -3.39024836e-05  1.32449925e-06 -6.49173422e-05 
 2.46036760e+04 -1.65400967e-03 -3.36686508e-05  1.31839612e-06 -6.47676660e-05 
 2.46603934e+04 -1.64640081e-03 -3.34364329e-05  1.31232119e-06 -6.46183366e-05 
 2.47172415e+04 -1.63882700e-03 -3.32058186e-05  1.30627433e-06 -6.44693532e-05 
 2.47742206e+04 -1.63128807e-03 -3.29767969e-05  1.30025542e-06 -6.43207149e-05 
 2.48313311e+04 -1.62378387e-03 -3.27493568e-05  1.29426431e-06 -6.41724211e-05 
 2.48885732e+04 -1.61631423e-03 -3.25234873e-05  1.28830089e-06 -6.40244707e-05 
 2.49459473e+04 -1.60887898e-03 -3.22991775e-05  1.28236503e-06 -6.38768631e-05 
 2.50034536e+04 -1.60147799e-03 -3.20764167e-05  1.27645659e-06 -6.37295975e-05 
 2.50610925e+04 -1.59411108e-03 -3.18551941e-05  1.27057544e-06 -6.35826730e-05 
 2.51188643e+04 -1.58677809e-03 -3.16354991e-05  1.26472147e-06 -6.34360888e-05 
 2.51767693e+04 -1.57947888e-03 -3.14173211e-05  1.25889455e-06 -6.32898441e-05 
 2.52348077e+04 -1.57221329e-03 -3.12006496e-05  1.25309454e-06 -6.31439382e-05 
 2.52929800e+04 -1.56498116e-03 -3.09854742e-05  1.24732133e-06 -6.29983702e-05 
 2.53512863e+04 -1.55778233e-03 -3.07717846e-05  1.24157479e-06 -6.28531394e-05 
 2.54097271e+04 -1.55061665e-03 -3.05595704e-05  1.23585480e-06 -6.27082449e-05 
 2.54683025e+04 -1.54348398e-03 -3.03488215e-05  1.23016122e-06 -6.25636860e-05 
 2.55270130e+04 -1.53638415e-03 -3.01395278e-05  1.22449395e-06 -6.24194619e-05 
 2.55858589e+04 -1.52931702e-03 -2.99316790e-05  1.21885286e-06 -6.22755717e-05 
 2.56448404e+04 -1.52228243e-03 -2.97252654e-05  1.21323783e-06 -6.21320148e-05 
 2.57039578e+04 -1.51528024e-03 -2.95202768e-05  1.20764873e-06 -6.19887903e-05 
 2.57632116e+04 -1.50831029e-03 -2.93167036e-05  1.20208544e-06 -6.18458974e-05 
 2.58226019e+04 -1.50137244e-03 -2.91145358e-05  1.19654785e-06 -6.17033354e-05 
 2.58821292e+04 -1.49446653e-03 -2.89137638e-05  1.19103584e-06 -6.15611035e-05 
 2.59417936e+04 -1.48759243e-03 -2.87143778e-05  1.18554928e-06 -6.14192009e-05 
 2.60015956e+04 -1.48074998e-03 -2.85163684e-05  1.18008807e-06 -6.12776268e-05 
 2.60615355e+04 -1.47393904e-03 -2.83197260e-05  1.17465207e-06 -6.11363806e-05 
 2.61216135e+04 -1.46715946e-03 -2.81244412e-05  1.16924118e-06 -6.09954613e-05 
 2.61818301e+04 -1.46041110e-03 -2.79305045e-05  1.16385528e-06 -6.08548683e-05 
 2.62421854e+04 -1.45369381e-03 -2.77379066e-05  1.15849425e-06 -6.07146007e-05 
 2.63026799e+04 -1.44700745e-03 -2.75466383e-05  1.15315798e-06 -6.05746578e-05 
 2.63633139e+04 -1.44035188e-03 -2.73566903e-05  1.14784635e-06 -6.04350389e-05 
 2.64240876e+04 -1.43372696e-03 -2.71680536e-05  1.14255924e-06 -6.02957432e-05 
 2.64850014e+04 -1.42713254e-03 -2.69807191e-05  1.13729655e-06 -6.01567699e-05 
 2.65460556e+04 -1.42056848e-03 -2.67946777e-05  1.13205816e-06 -6.00181183e-05 
 2.66072506e+04 -1.41403464e-03 -2.66099206e-05  1.12684396e-06 -5.98797876e-05 
 2.66685866e+04 -1.40753089e-03 -2.64264388e-05  1.12165383e-06 -5.97417771e-05 
 2.67300641e+04 -1.40105709e-03 -2.62442235e-05  1.11648766e-06 -5.96040860e-05 
 2.67916832e+04 -1.39461309e-03 -2.60632660e-05  1.11134535e-06 -5.94667136e-05 
 2.68534445e+04 -1.38819876e-03 -2.58835575e-05  1.10622678e-06 -5.93296591e-05 
 2.69153480e+04 -1.38181396e-03 -2.57050895e-05  1.10113184e-06 -5.91929218e-05 
 2.69773943e+04 -1.37545856e-03 -2.55278533e-05  1.09606043e-06 -5.90565009e-05 
 2.70395836e+04 -1.36913242e-03 -2.53518405e-05  1.09101242e-06 -5.89203957e-05 
 2.71019163e+04 -1.36283540e-03 -2.51770426e-05  1.08598772e-06 -5.87846054e-05 
 2.71643927e+04 -1.35656737e-03 -2.50034511e-05  1.08098622e-06 -5.86491294e-05 
 2.72270131e+04 -1.35032821e-03 -2.48310577e-05  1.07600781e-06 -5.85139669e-05 
 2.72897778e+04 -1.34411776e-03 -2.46598543e-05  1.07105237e-06 -5.83791171e-05 
 2.73526873e+04 -1.33793591e-03 -2.44898324e-05  1.06611981e-06 -5.82445793e-05 
 2.74157417e+04 -1.33178252e-03 -2.43209840e-05  1.06121002e-06 -5.81103528e-05 
 2.74789415e+04 -1.32565746e-03 -2.41533009e-05  1.05632290e-06 -5.79764369e-05 
 2.75422870e+04 -1.31956059e-03 -2.39867751e-05  1.05145833e-06 -5.78428308e-05 
 2.76057786e+04 -1.31349179e-03 -2.38213986e-05  1.04661621e-06 -5.77095338e-05 
 2.76694165e+04 -1.30745094e-03 -2.36571635e-05  1.04179645e-06 -5.75765452e-05 
 2.77332010e+04 -1.30143789e-03 -2.34940618e-05  1.03699893e-06 -5.74438642e-05 
 2.77971327e+04 -1.29545252e-03 -2.33320857e-05  1.03222355e-06 -5.73114902e-05 
 2.78612117e+04 -1.28949470e-03 -2.31712274e-05  1.02747022e-06 -5.71794224e-05 
 2.79254384e+04 -1.28356431e-03 -2.30114793e-05  1.02273882e-06 -5.70476601e-05 
 2.79898132e+04 -1.27766122e-03 -2.28528336e-05  1.01802925e-06 -5.69162026e-05 
 2.80543364e+04 -1.27178531e-03 -2.26952826e-05  1.01334143e-06 -5.67850491e-05 
 2.81190083e+04 -1.26593644e-03 -2.25388190e-05  1.00867523e-06 -5.66541991e-05 
 2.81838293e+04 -1.26011450e-03 -2.23834350e-05  1.00403057e-06 -5.65236517e-05 
 2.82487997e+04 -1.25431936e-03 -2.22291234e-05  9.99407348e-07 -5.63934062e-05 
 2.83139200e+04 -1.24855089e-03 -2.20758766e-05  9.94805457e-07 -5.62634620e-05 
 2.83791903e+04 -1.24280898e-03 -2.19236872e-05  9.90224802e-07 -5.61338183e-05 
 2.84446111e+04 -1.23709350e-03 -2.17725481e-05  9.85665284e-07 -5.60044744e-05 
 2.85101827e+04 -1.23140432e-03 -2.16224519e-05  9.81126806e-07 -5.58754297e-05 
 2.85759054e+04 -1.22574134e-03 -2.14733914e-05  9.76609270e-07 -5.57466835e-05 
 2.86417797e+04 -1.22010442e-03 -2.13253595e-05  9.72112579e-07 -5.56182349e-05 
 2.87078058e+04 -1.21449345e-03 -2.11783490e-05  9.67636636e-07 -5.54900834e-05 
 2.87739841e+04 -1.20890830e-03 -2.10323529e-05  9.63181346e-07 -5.53622282e-05 
 2.88403150e+04 -1.20334886e-03 -2.08873643e-05  9.58746612e-07 -5.52346687e-05 
 2.89067988e+04 -1.19781501e-03 -2.07433760e-05  9.54332339e-07 -5.51074042e-05 
 2.89734359e+04 -1.19230664e-03 -2.06003812e-05  9.49938433e-07 -5.49804339e-05 
 2.90402265e+04 -1.18682361e-03 -2.04583731e-05  9.45564799e-07 -5.48537573e-05 
 2.91071712e+04 -1.18136583e-03 -2.03173448e-05  9.41211343e-07 -5.47273735e-05 
 2.91742701e+04 -1.17593316e-03 -2.01772895e-05  9.36877972e-07 -5.46012819e-05 
 2.92415238e+04 -1.17052550e-03 -2.00382006e-05  9.32564593e-07 -5.44754819e-05 
 2.93089325e+04 -1.16514273e-03 -1.99000714e-05  9.28271112e-07 -5.43499727e-05 
 2.93764965e+04 -1.15978473e-03 -1.97628951e-05  9.23997439e-07 -5.42247537e-05 
 2.94442163e+04 -1.15445139e-03 -1.96266653e-05  9.19743481e-07 -5.40998241e-05 
 2.95120923e+04 -1.14914260e-03 -1.94913754e-05  9.15509147e-07 -5.39751834e-05 
 2.95801247e+04 -1.14385824e-03 -1.93570189e-05  9.11294346e-07 -5.38508309e-05 
 2.96483139e+04 -1.13859821e-03 -1.92235893e-05  9.07098987e-07 -5.37267658e-05 
 2.97166603e+04 -1.13336238e-03 -1.90910803e-05  9.02922981e-07 -5.36029875e-05 
 2.97851643e+04 -1.12815065e-03 -1.89594855e-05  8.98766238e-07 -5.34794954e-05 
 2.98538262e+04 -1.12296291e-03 -1.88287986e-05  8.94628668e-07 -5.33562887e-05 
 2.99226464e+04 -1.11779904e-03 -1.86990132e-05  8.90510183e-07 -5.32333668e-05 
 2.99916252e+04 -1.11265894e-03 -1.85701232e-05  8.86410695e-07 -5.31107290e-05 
 3.00607630e+04 -1.10754249e-03 -1.84421224e-05  8.82330116e-07 -5.29883747e-05 
 3.01300602e+04 -1.10244959e-03 -1.83150047e-05  8.78268357e-07 -5.28663032e-05 
 3.01995172e+04 -1.09738013e-03 -1.81887639e-05  8.74225332e-07 -5.27445138e-05 
 3.02691343e+04 -1.09233400e-03 -1.80633940e-05  8.70200955e-07 -5.26230060e-05 
 3.03389118e+04 -1.08731109e-03 -1.79388889e-05  8.66195138e-07 -5.25017789e-05 
 3.04088503e+04 -1.08231130e-03 -1.78152427e-05  8.62207796e-07 -5.23808321e-05 
 3.04789499e+04 -1.07733451e-03 -1.76924495e-05  8.58238844e-07 -5.22601648e-05 
 3.05492111e+04 -1.07238063e-03 -1.75705034e-05  8.54288195e-07 -5.21397763e-05 
 3.06196343e+04 -1.06744955e-03 -1.74493984e-05  8.50355766e-07 -5.20196660e-05 
 3.06902199e+04 -1.06254116e-03 -1.73291289e-05  8.46441473e-07 -5.18998333e-05 
 3.07609681e+04 -1.05765535e-03 -1.72096890e-05  8.42545230e-07 -5.17802776e-05 
 3.08318795e+04 -1.05279204e-03 -1.70910730e-05  8.38666956e-07 -5.16609981e-05 
 3.09029543e+04 -1.04795110e-03 -1.69732753e-05  8.34806565e-07 -5.15419942e-05 
 3.09741930e+04 -1.04313243e-03 -1.68562900e-05  8.30963977e-07 -5.14232654e-05 
 3.10455959e+04 -1.03833595e-03 -1.67401118e-05  8.27139108e-07 -5.13048109e-05 
 3.11171634e+04 -1.03356153e-03 -1.66247349e-05  8.23331876e-07 -5.11866300e-05 
 3.11888958e+04 -1.02880908e-03 -1.65101538e-05  8.19542200e-07 -5.10687223e-05 
 3.12607937e+04 -1.02407851e-03 -1.63963631e-05  8.15769998e-07 -5.09510870e-05 
 3.13328572e+04 -1.01936970e-03 -1.62833573e-05  8.12015190e-07 -5.08337235e-05 
 3.14050869e+04 -1.01468256e-03 -1.61711309e-05  8.08277696e-07 -5.07166311e-05 
 3.14774831e+04 -1.01001699e-03 -1.60596786e-05  8.04557434e-07 -5.05998093e-05 
 3.15500462e+04 -1.00537288e-03 -1.59489951e-05  8.00854325e-07 -5.04832574e-05 
 3.16227766e+04 -1.00075015e-03 -1.58390749e-05  7.97168291e-07 -5.03669747e-05 
 3.16956746e+04 -9.96148689e-04 -1.57299130e-05  7.93499251e-07 -5.02509607e-05 
 3.17687407e+04 -9.91568400e-04 -1.56215039e-05  7.89847128e-07 -5.01352148e-05 
 3.18419752e+04 -9.87009187e-04 -1.55138425e-05  7.86211842e-07 -5.00197362e-05 
 3.19153786e+04 -9.82470952e-04 -1.54069238e-05  7.82593317e-07 -4.99045243e-05 
 3.19889511e+04 -9.77953599e-04 -1.53007424e-05  7.78991475e-07 -4.97895787e-05 
 3.20626932e+04 -9.73457032e-04 -1.51952933e-05  7.75406238e-07 -4.96748985e-05 
 3.21366054e+04 -9.68981155e-04 -1.50905716e-05  7.71837529e-07 -4.95604833e-05 
 3.22106879e+04 -9.64525873e-04 -1.49865721e-05  7.68285273e-07 -4.94463323e-05 
 3.22849412e+04 -9.60091090e-04 -1.48832898e-05  7.64749393e-07 -4.93324451e-05 
 3.23593657e+04 -9.55676712e-04 -1.47807199e-05  7.61229813e-07 -4.92188209e-05 
 3.24339617e+04 -9.51282646e-04 -1.46788574e-05  7.57726458e-07 -4.91054591e-05 
 3.25087297e+04 -9.46908797e-04 -1.45776973e-05  7.54239253e-07 -4.89923592e-05 
 3.25836701e+04 -9.42555073e-04 -1.44772350e-05  7.50768123e-07 -4.88795205e-05 
 3.26587832e+04 -9.38221380e-04 -1.43774654e-05  7.47312994e-07 -4.87669424e-05 
 3.27340695e+04 -9.33907627e-04 -1.42783839e-05  7.43873792e-07 -4.86546244e-05 
 3.28095293e+04 -9.29613721e-04 -1.41799858e-05  7.40450443e-07 -4.85425657e-05 
 3.28851631e+04 -9.25339572e-04 -1.40822662e-05  7.37042873e-07 -4.84307659e-05 
 3.29609712e+04 -9.21085087e-04 -1.39852205e-05  7.33651011e-07 -4.83192242e-05 
 3.30369541e+04 -9.16850178e-04 -1.38888441e-05  7.30274783e-07 -4.82079402e-05 
 3.31131121e+04 -9.12634752e-04 -1.37931323e-05  7.26914117e-07 -4.80969131e-05 
 3.31894458e+04 -9.08438721e-04 -1.36980805e-05  7.23568941e-07 -4.79861425e-05 
 3.32659553e+04 -9.04261995e-04 -1.36036843e-05  7.20239184e-07 -4.78756276e-05 
 3.33426413e+04 -9.00104486e-04 -1.35099389e-05  7.16924774e-07 -4.77653680e-05 
 3.34195040e+04 -8.95966104e-04 -1.34168401e-05  7.13625639e-07 -4.76553629e-05 
 3.34965439e+04 -8.91846762e-04 -1.33243832e-05  7.10341711e-07 -4.75456119e-05 
 3.35737614e+04 -8.87746371e-04 -1.32325639e-05  7.07072917e-07 -4.74361144e-05 
 3.36511569e+04 -8.83664846e-04 -1.31413778e-05  7.03819189e-07 -4.73268696e-05 
 3.37287309e+04 -8.79602098e-04 -1.30508205e-05  7.00580457e-07 -4.72178772e-05 
 3.38064836e+04 -8.75558041e-04 -1.29608876e-05  6.97356650e-07 -4.71091364e-05 
 3.38844156e+04 -8.71532589e-04 -1.28715749e-05  6.94147701e-07 -4.70006466e-05 
 3.39625273e+04 -8.67525657e-04 -1.27828780e-05  6.90953541e-07 -4.68924074e-05 
 3.40408190e+04 -8.63537158e-04 -1.26947928e-05  6.87774101e-07 -4.67844181e-05 
 3.41192912e+04 -8.59567009e-04 -1.26073149e-05  6.84609313e-07 -4.66766781e-05 
 3.41979443e+04 -8.55615125e-04 -1.25204402e-05  6.81459110e-07 -4.65691868e-05 
 3.42767787e+04 -8.51681420e-04 -1.24341646e-05  6.78323424e-07 -4.64619438e-05 
 3.43557948e+04 -8.47765813e-04 -1.23484839e-05  6.75202187e-07 -4.63549483e-05 
 3.44349931e+04 -8.43868219e-04 -1.22633939e-05  6.72095334e-07 -4.62481998e-05 
 3.45143739e+04 -8.39988556e-04 -1.21788907e-05  6.69002798e-07 -4.61416978e-05 
 3.45939378e+04 -8.36126740e-04 -1.20949701e-05  6.65924512e-07 -4.60354417e-05 
 3.46736850e+04 -8.32282690e-04 -1.20116282e-05  6.62860411e-07 -4.59294309e-05 
 3.47536161e+04 -8.28456324e-04 -1.19288609e-05  6.59810430e-07 -4.58236648e-05 
 3.48337315e+04 -8.24647560e-04 -1.18466643e-05  6.56774502e-07 -4.57181428e-05 
 3.49140315e+04 -8.20856317e-04 -1.17650344e-05  6.53752563e-07 -4.56128644e-05 
 3.49945167e+04 -8.17082515e-04 -1.16839674e-05  6.50744548e-07 -4.55078291e-05 
 3.50751874e+04 -8.13326073e-04 -1.16034593e-05  6.47750393e-07 -4.54030362e-05 
 3.51560441e+04 -8.09586911e-04 -1.15235063e-05  6.44770034e-07 -4.52984853e-05 
 3.52370871e+04 -8.05864950e-04 -1.14441046e-05  6.41803408e-07 -4.51941756e-05 
 3.53183170e+04 -8.02160111e-04 -1.13652503e-05  6.38850450e-07 -4.50901068e-05 
 3.53997341e+04 -7.98472314e-04 -1.12869396e-05  6.35911098e-07 -4.49862781e-05 
 3.54813389e+04 -7.94801481e-04 -1.12091689e-05  6.32985288e-07 -4.48826891e-05 
 3.55631319e+04 -7.91147534e-04 -1.11319344e-05  6.30072959e-07 -4.47793392e-05 
 3.56451133e+04 -7.87510396e-04 -1.10552324e-05  6.27174048e-07 -4.46762279e-05 
 3.57272838e+04 -7.83889988e-04 -1.09790592e-05  6.24288492e-07 -4.45733545e-05 
 3.58096437e+04 -7.80286234e-04 -1.09034112e-05  6.21416231e-07 -4.44707186e-05 
 3.58921935e+04 -7.76699057e-04 -1.08282847e-05  6.18557202e-07 -4.43683195e-05 
 3.59749335e+04 -7.73128381e-04 -1.07536762e-05  6.15711345e-07 -4.42661568e-05 
 3.60578643e+04 -7.69574130e-04 -1.06795820e-05  6.12878599e-07 -4.41642299e-05 
 3.61409863e+04 -7.66036227e-04 -1.06059987e-05  6.10058903e-07 -4.40625382e-05 
 3.62242998e+04 -7.62514599e-04 -1.05329226e-05  6.07252197e-07 -4.39610811e-05 
 3.63078055e+04 -7.59009169e-04 -1.04603504e-05  6.04458421e-07 -4.38598583e-05 
 3.63915036e+04 -7.55519864e-04 -1.03882784e-05  6.01677516e-07 -4.37588690e-05 
 3.64753947e+04 -7.52046608e-04 -1.03167033e-05  5.98909421e-07 -4.36581128e-05 
 3.65594792e+04 -7.48589329e-04 -1.02456217e-05  5.96154077e-07 -4.35575891e-05 
 3.66437575e+04 -7.45147952e-04 -1.01750301e-05  5.93411427e-07 -4.34572974e-05 
 3.67282300e+04 -7.41722405e-04 -1.01049252e-05  5.90681410e-07 -4.33572371e-05 
 3.68128974e+04 -7.38312614e-04 -1.00353035e-05  5.87963970e-07 -4.32574077e-05 
 3.68977599e+04 -7.34918506e-04 -9.96616180e-06  5.85259047e-07 -4.31578087e-05 
 3.69828180e+04 -7.31540011e-04 -9.89749675e-06  5.82566583e-07 -4.30584395e-05 
 3.70680722e+04 -7.28177055e-04 -9.82930505e-06  5.79886523e-07 -4.29592996e-05 
 3.71535229e+04 -7.24829568e-04 -9.76158344e-06  5.77218807e-07 -4.28603884e-05 
 3.72391706e+04 -7.21497477e-04 -9.69432868e-06  5.74563379e-07 -4.27617055e-05 
 3.73250158e+04 -7.18180712e-04 -9.62753755e-06  5.71920183e-07 -4.26632503e-05 
 3.74110588e+04 -7.14879203e-04 -9.56120684e-06  5.69289161e-07 -4.25650223e-05 
 3.74973002e+04 -7.11592880e-04 -9.49533338e-06  5.66670258e-07 -4.24670209e-05 
 3.75837404e+04 -7.08321671e-04 -9.42991401e-06  5.64063418e-07 -4.23692456e-05 
 3.76703799e+04 -7.05065509e-04 -9.36494561e-06  5.61468584e-07 -4.22716959e-05 
 3.77572191e+04 -7.01824323e-04 -9.30042506e-06  5.58885702e-07 -4.21743713e-05 
 3.78442585e+04 -6.98598044e-04 -9.23634927e-06  5.56314717e-07 -4.20772712e-05 
 3.79314985e+04 -6.95386604e-04 -9.17271517e-06  5.53755573e-07 -4.19803951e-05 
 3.80189396e+04 -6.92189935e-04 -9.10951971e-06  5.51208215e-07 -4.18837426e-05 
 3.81065823e+04 -6.89007969e-04 -9.04675988e-06  5.48672590e-07 -4.17873130e-05 
 3.81944271e+04 -6.85840637e-04 -8.98443265e-06  5.46148643e-07 -4.16911059e-05 
 3.82824743e+04 -6.82687873e-04 -8.92253505e-06  5.43636321e-07 -4.15951208e-05 
 3.83707245e+04 -6.79549609e-04 -8.86106412e-06  5.41135569e-07 -4.14993571e-05 
 3.84591782e+04 -6.76425779e-04 -8.80001690e-06  5.38646334e-07 -4.14038143e-05 
 3.85478358e+04 -6.73316316e-04 -8.73939048e-06  5.36168563e-07 -4.13084919e-05 
 3.86366977e+04 -6.70221154e-04 -8.67918196e-06  5.33702203e-07 -4.12133895e-05 
 3.87257645e+04 -6.67140228e-04 -8.61938845e-06  5.31247201e-07 -4.11185064e-05 
 3.88150366e+04 -6.64073471e-04 -8.56000708e-06  5.28803506e-07 -4.10238422e-05 
 3.89045145e+04 -6.61020818e-04 -8.50103502e-06  5.26371064e-07 -4.09293963e-05 
 3.89941987e+04 -6.57982205e-04 -8.44246944e-06  5.23949824e-07 -4.08351684e-05 
 3.90840896e+04 -6.54957567e-04 -8.38430754e-06  5.21539735e-07 -4.07411577e-05 
 3.91741877e+04 -6.51946840e-04 -8.32654652e-06  5.19140743e-07 -4.06473640e-05 
 3.92644935e+04 -6.48949959e-04 -8.26918364e-06  5.16752800e-07 -4.05537866e-05 
 3.93550075e+04 -6.45966861e-04 -8.21221613e-06  5.14375853e-07 -4.04604250e-05 
 3.94457302e+04 -6.42997482e-04 -8.15564128e-06  5.12009851e-07 -4.03672788e-05 
 3.95366620e+04 -6.40041760e-04 -8.09945637e-06  5.09654745e-07 -4.02743474e-05 
 3.96278034e+04 -6.37099630e-04 -8.04365871e-06  5.07310484e-07 -4.01816304e-05 
 3.97191549e+04 -6.34171032e-04 -7.98824564e-06  5.04977017e-07 -4.00891273e-05 
 3.98107171e+04 -6.31255902e-04 -7.93321449e-06  5.02654296e-07 -3.99968375e-05 
 3.99024902e+04 -6.28354178e-04 -7.87856264e-06  5.00342270e-07 -3.99047605e-05 
 3.99944750e+04 -6.25465799e-04 -7.82428747e-06  4.98040890e-07 -3.98128959e-05 
 4.00866718e+04 -6.22590703e-04 -7.77038638e-06  4.95750107e-07 -3.97212432e-05 
 4.01790811e+04 -6.19728830e-04 -7.71685679e-06  4.93469872e-07 -3.96298019e-05 
 4.02717034e+04 -6.16880118e-04 -7.66369614e-06  4.91200136e-07 -3.95385715e-05 
 4.03645393e+04 -6.14044506e-04 -7.61090188e-06  4.88940852e-07 -3.94475515e-05 
 4.04575892e+04 -6.11221935e-04 -7.55847148e-06  4.86691970e-07 -3.93567414e-05 
 4.05508535e+04 -6.08412345e-04 -7.50640244e-06  4.84453443e-07 -3.92661407e-05 
 4.06443329e+04 -6.05615675e-04 -7.45469227e-06  4.82225222e-07 -3.91757490e-05 
 4.07380278e+04 -6.02831866e-04 -7.40333848e-06  4.80007262e-07 -3.90855658e-05 
 4.08319386e+04 -6.00060859e-04 -7.35233862e-06  4.77799513e-07 -3.89955905e-05 
 4.09260660e+04 -5.97302595e-04 -7.30169025e-06  4.75601929e-07 -3.89058227e-05 
 4.10204103e+04 -5.94557016e-04 -7.25139095e-06  4.73414463e-07 -3.88162619e-05 
 4.11149721e+04 -5.91824062e-04 -7.20143830e-06  4.71237069e-07 -3.87269077e-05 
 4.12097519e+04 -5.89103677e-04 -7.15182992e-06  4.69069699e-07 -3.86377595e-05 
 4.13047502e+04 -5.86395801e-04 -7.10256343e-06  4.66912308e-07 -3.85488169e-05 
 4.13999675e+04 -5.83700378e-04 -7.05363647e-06  4.64764850e-07 -3.84600794e-05 
 4.14954043e+04 -5.81017350e-04 -7.00504670e-06  4.62627278e-07 -3.83715465e-05 
 4.15910610e+04 -5.78346661e-04 -6.95679180e-06  4.60499548e-07 -3.82832178e-05 
 4.16869383e+04 -5.75688252e-04 -6.90886946e-06  4.58381613e-07 -3.81950927e-05 
 4.17830367e+04 -5.73042069e-04 -6.86127738e-06  4.56273429e-07 -3.81071709e-05 
 4.18793565e+04 -5.70408054e-04 -6.81401329e-06  4.54174951e-07 -3.80194518e-05 
 4.19758984e+04 -5.67786151e-04 -6.76707491e-06  4.52086133e-07 -3.79319350e-05 
 4.20726628e+04 -5.65176305e-04 -6.72046002e-06  4.50006932e-07 -3.78446199e-05 
 4.21696503e+04 -5.62578461e-04 -6.67416637e-06  4.47937302e-07 -3.77575062e-05 
 4.22668614e+04 -5.59992562e-04 -6.62819175e-06  4.45877201e-07 -3.76705933e-05 
 4.23642966e+04 -5.57418555e-04 -6.58253397e-06  4.43826583e-07 -3.75838809e-05 
 4.24619564e+04 -5.54856384e-04 -6.53719082e-06  4.41785405e-07 -3.74973683e-05 
 4.25598413e+04 -5.52305995e-04 -6.49216016e-06  4.39753624e-07 -3.74110553e-05 
 4.26579519e+04 -5.49767333e-04 -6.44743981e-06  4.37731196e-07 -3.73249412e-05 
 4.27562886e+04 -5.47240346e-04 -6.40302765e-06  4.35718077e-07 -3.72390257e-05 
 4.28548520e+04 -5.44724978e-04 -6.35892154e-06  4.33714227e-07 -3.71533083e-05 
 4.29536427e+04 -5.42221176e-04 -6.31511937e-06  4.31719600e-07 -3.70677885e-05 
 4.30526610e+04 -5.39728888e-04 -6.27161905e-06  4.29734155e-07 -3.69824659e-05 
 4.31519077e+04 -5.37248060e-04 -6.22841851e-06  4.27757850e-07 -3.68973400e-05 
 4.32513831e+04 -5.34778640e-04 -6.18551566e-06  4.25790642e-07 -3.68124103e-05 
 4.33510878e+04 -5.32320575e-04 -6.14290845e-06  4.23832489e-07 -3.67276765e-05 
 4.34510224e+04 -5.29873812e-04 -6.10059486e-06  4.21883350e-07 -3.66431380e-05 
 4.35511874e+04 -5.27438301e-04 -6.05857285e-06  4.19943183e-07 -3.65587944e-05 
 4.36515832e+04 -5.25013988e-04 -6.01684041e-06  4.18011947e-07 -3.64746452e-05 
 4.37522105e+04 -5.22600823e-04 -5.97539555e-06  4.16089600e-07 -3.63906900e-05 
 4.38530698e+04 -5.20198753e-04 -5.93423628e-06  4.14176102e-07 -3.63069284e-05 
 4.39541615e+04 -5.17807729e-04 -5.89336064e-06  4.12271411e-07 -3.62233599e-05 
 4.40554864e+04 -5.15427700e-04 -5.85276667e-06  4.10375488e-07 -3.61399840e-05 
 4.41570447e+04 -5.13058613e-04 -5.81245242e-06  4.08488291e-07 -3.60568003e-05 
 4.42588372e+04 -5.10700421e-04 -5.77241597e-06  4.06609781e-07 -3.59738084e-05 
 4.43608644e+04 -5.08353071e-04 -5.73265539e-06  4.04739916e-07 -3.58910078e-05 
 4.44631267e+04 -5.06016515e-04 -5.69316880e-06  4.02878659e-07 -3.58083981e-05 
 4.45656248e+04 -5.03690702e-04 -5.65395430e-06  4.01025968e-07 -3.57259788e-05 
 4.46683592e+04 -5.01375584e-04 -5.61501002e-06  3.99181805e-07 -3.56437495e-05 
 4.47713304e+04 -4.99071110e-04 -5.57633408e-06  3.97346129e-07 -3.55617097e-05 
 4.48745390e+04 -4.96777233e-04 -5.53792465e-06  3.95518902e-07 -3.54798590e-05 
 4.49779855e+04 -4.94493902e-04 -5.49977987e-06  3.93700086e-07 -3.53981970e-05 
 4.50816705e+04 -4.92221071e-04 -5.46189794e-06  3.91889640e-07 -3.53167233e-05 
 4.51855944e+04 -4.89958690e-04 -5.42427703e-06  3.90087527e-07 -3.52354373e-05 
 4.52897580e+04 -4.87706711e-04 -5.38691535e-06  3.88293708e-07 -3.51543387e-05 
 4.53941617e+04 -4.85465086e-04 -5.34981111e-06  3.86508145e-07 -3.50734271e-05 
 4.54988060e+04 -4.83233769e-04 -5.31296253e-06  3.84730800e-07 -3.49927019e-05 
 4.56036916e+04 -4.81012710e-04 -5.27636786e-06  3.82961634e-07 -3.49121628e-05 
 4.57088190e+04 -4.78801864e-04 -5.24002533e-06  3.81200611e-07 -3.48318093e-05 
 4.58141887e+04 -4.76601184e-04 -5.20393322e-06  3.79447693e-07 -3.47516411e-05 
 4.59198013e+04 -4.74410621e-04 -5.16808979e-06  3.77702842e-07 -3.46716576e-05 
 4.60256574e+04 -4.72230131e-04 -5.13249333e-06  3.75966021e-07 -3.45918585e-05 
 4.61317575e+04 -4.70059666e-04 -5.09714215e-06  3.74237193e-07 -3.45122433e-05 
 4.62381021e+04 -4.67899180e-04 -5.06203454e-06  3.72516321e-07 -3.44328116e-05 
 4.63446920e+04 -4.65748628e-04 -5.02716882e-06  3.70803369e-07 -3.43535629e-05 
 4.64515275e+04 -4.63607963e-04 -4.99254334e-06  3.69098300e-07 -3.42744969e-05 
 4.65586094e+04 -4.61477141e-04 -4.95815643e-06  3.67401078e-07 -3.41956132e-05 
 4.66659380e+04 -4.59356116e-04 -4.92400646e-06  3.65711667e-07 -3.41169112e-05 
 4.67735141e+04 -4.57244843e-04 -4.89009177e-06  3.64030030e-07 -3.40383906e-05 
 4.68813382e+04 -4.55143277e-04 -4.85641076e-06  3.62356132e-07 -3.39600510e-05 
 4.69894109e+04 -4.53051373e-04 -4.82296182e-06  3.60689937e-07 -3.38818919e-05 
 4.70977326e+04 -4.50969087e-04 -4.78974334e-06  3.59031409e-07 -3.38039130e-05 
 4.72063041e+04 -4.48896375e-04 -4.75675373e-06  3.57380514e-07 -3.37261137e-05 
 4.73151259e+04 -4.46833193e-04 -4.72399142e-06  3.55737216e-07 -3.36484938e-05 
 4.74241985e+04 -4.44779496e-04 -4.69145483e-06  3.54101480e-07 -3.35710527e-05 
 4.75335226e+04 -4.42735241e-04 -4.65914242e-06  3.52473271e-07 -3.34937901e-05 
 4.76430987e+04 -4.40700386e-04 -4.62705264e-06  3.50852554e-07 -3.34167056e-05 
 4.77529274e+04 -4.38674885e-04 -4.59518396e-06  3.49239296e-07 -3.33397987e-05 
 4.78630092e+04 -4.36658697e-04 -4.56353484e-06  3.47633461e-07 -3.32630690e-05 
 4.79733449e+04 -4.34651779e-04 -4.53210377e-06  3.46035015e-07 -3.31865161e-05 
 4.80839348e+04 -4.32654088e-04 -4.50088926e-06  3.44443925e-07 -3.31101397e-05 
 4.81947798e+04 -4.30665581e-04 -4.46988981e-06  3.42860156e-07 -3.30339392e-05 
 4.83058802e+04 -4.28686216e-04 -4.43910393e-06  3.41283675e-07 -3.29579144e-05 
 4.84172368e+04 -4.26715952e-04 -4.40853016e-06  3.39714448e-07 -3.28820647e-05 
 4.85288500e+04 -4.24754746e-04 -4.37816703e-06  3.38152442e-07 -3.28063899e-05 
 4.86407206e+04 -4.22802556e-04 -4.34801309e-06  3.36597623e-07 -3.27308894e-05 
 4.87528490e+04 -4.20859342e-04 -4.31806690e-06  3.35049959e-07 -3.26555628e-05 
 4.88652359e+04 -4.18925062e-04 -4.28832703e-06  3.33509415e-07 -3.25804099e-05 
 4.89778819e+04 -4.16999674e-04 -4.25879205e-06  3.31975961e-07 -3.25054301e-05 
 4.90907876e+04 -4.15083138e-04 -4.22946055e-06  3.30449562e-07 -3.24306231e-05 
 4.92039536e+04 -4.13175414e-04 -4.20033113e-06  3.28930186e-07 -3.23559885e-05 
 4.93173804e+04 -4.11276460e-04 -4.17140240e-06  3.27417802e-07 -3.22815258e-05 
 4.94310687e+04 -4.09386236e-04 -4.14267297e-06  3.25912376e-07 -3.22072347e-05 
 4.95450191e+04 -4.07504702e-04 -4.11414147e-06  3.24413877e-07 -3.21331148e-05 
 4.96592321e+04 -4.05631819e-04 -4.08580653e-06  3.22922272e-07 -3.20591657e-05 
 4.97737085e+04 -4.03767546e-04 -4.05766680e-06  3.21437531e-07 -3.19853870e-05 
 4.98884487e+04 -4.01911843e-04 -4.02972094e-06  3.19959621e-07 -3.19117783e-05 
 5.00034535e+04 -4.00064672e-04 -4.00196760e-06  3.18488511e-07 -3.18383391e-05 
 5.01187234e+04 -3.98225993e-04 -3.97440547e-06  3.17024169e-07 -3.17650692e-05 
 5.02342590e+04 -3.96395767e-04 -3.94703321e-06  3.15566565e-07 -3.16919681e-05 
 5.03500609e+04 -3.94573955e-04 -3.91984954e-06  3.14115667e-07 -3.16190354e-05 
 5.04661298e+04 -3.92760518e-04 -3.89285313e-06  3.12671445e-07 -3.15462708e-05 
 5.05824662e+04 -3.90955419e-04 -3.86604271e-06  3.11233868e-07 -3.14736738e-05 
 5.06990708e+04 -3.89158618e-04 -3.83941699e-06  3.09802904e-07 -3.14012440e-05 
 5.08159443e+04 -3.87370077e-04 -3.81297470e-06  3.08378524e-07 -3.13289812e-05 
 5.09330871e+04 -3.85589759e-04 -3.78671457e-06  3.06960697e-07 -3.12568848e-05 
 5.10505000e+04 -3.83817625e-04 -3.76063536e-06  3.05549394e-07 -3.11849545e-05 
 5.11681836e+04 -3.82053638e-04 -3.73473580e-06  3.04144583e-07 -3.11131900e-05 
 5.12861384e+04 -3.80297760e-04 -3.70901467e-06  3.02746236e-07 -3.10415908e-05 
 5.14043652e+04 -3.78549955e-04 -3.68347073e-06  3.01354322e-07 -3.09701565e-05 
 5.15228645e+04 -3.76810184e-04 -3.65810276e-06  2.99968812e-07 -3.08988868e-05 
 5.16416369e+04 -3.75078412e-04 -3.63290955e-06  2.98589676e-07 -3.08277814e-05 
 5.17606832e+04 -3.73354601e-04 -3.60788990e-06  2.97216884e-07 -3.07568397e-05 
 5.18800039e+04 -3.71638714e-04 -3.58304260e-06  2.95850409e-07 -3.06860614e-05 
 5.19995997e+04 -3.69930716e-04 -3.55836648e-06  2.94490220e-07 -3.06154463e-05 
 5.21194711e+04 -3.68230569e-04 -3.53386034e-06  2.93136288e-07 -3.05449938e-05 
 5.22396189e+04 -3.66538238e-04 -3.50952303e-06  2.91788585e-07 -3.04747036e-05 
 5.23600437e+04 -3.64853687e-04 -3.48535337e-06  2.90447083e-07 -3.04045753e-05 
 5.24807460e+04 -3.63176880e-04 -3.46135021e-06  2.89111751e-07 -3.03346086e-05 
 5.26017266e+04 -3.61507782e-04 -3.43751241e-06  2.87782563e-07 -3.02648031e-05 
 5.27229861e+04 -3.59846356e-04 -3.41383882e-06  2.86459490e-07 -3.01951583e-05 
 5.28445252e+04 -3.58192568e-04 -3.39032831e-06  2.85142503e-07 -3.01256741e-05 
 5.29663444e+04 -3.56546383e-04 -3.36697975e-06  2.83831575e-07 -3.00563498e-05 
 5.30884444e+04 -3.54907765e-04 -3.34379204e-06  2.82526677e-07 -2.99871853e-05 
 5.32108259e+04 -3.53276680e-04 -3.32076407e-06  2.81227783e-07 -2.99181801e-05 
 5.33334895e+04 -3.51653093e-04 -3.29789472e-06  2.79934863e-07 -2.98493339e-05 
 5.34564359e+04 -3.50036970e-04 -3.27518291e-06  2.78647891e-07 -2.97806462e-05 
 5.35796658e+04 -3.48428276e-04 -3.25262756e-06  2.77366840e-07 -2.97121168e-05 
 5.37031796e+04 -3.46826977e-04 -3.23022758e-06  2.76091682e-07 -2.96437453e-05 
 5.38269783e+04 -3.45233040e-04 -3.20798190e-06  2.74822389e-07 -2.95755312e-05 
 5.39510623e+04 -3.43646429e-04 -3.18588947e-06  2.73558936e-07 -2.95074743e-05 
 5.40754323e+04 -3.42067112e-04 -3.16394922e-06  2.72301294e-07 -2.94395741e-05 
 5.42000890e+04 -3.40495055e-04 -3.14216010e-06  2.71049438e-07 -2.93718304e-05 
 5.43250331e+04 -3.38930225e-04 -3.12052108e-06  2.69803340e-07 -2.93042427e-05 
 5.44502653e+04 -3.37372588e-04 -3.09903112e-06  2.68562975e-07 -2.92368106e-05 
 5.45757861e+04 -3.35822112e-04 -3.07768919e-06  2.67328315e-07 -2.91695339e-05 
 5.47015963e+04 -3.34278762e-04 -3.05649427e-06  2.66099334e-07 -2.91024122e-05 
 5.48276965e+04 -3.32742508e-04 -3.03544536e-06  2.64876007e-07 -2.90354451e-05 
 5.49540874e+04 -3.31213315e-04 -3.01454143e-06  2.63658307e-07 -2.89686322e-05 
 5.50807696e+04 -3.29691152e-04 -2.99378150e-06  2.62446208e-07 -2.89019732e-05 
 5.52077439e+04 -3.28175986e-04 -2.97316458e-06  2.61239685e-07 -2.88354677e-05 
 5.53350109e+04 -3.26667785e-04 -2.95268966e-06  2.60038712e-07 -2.87691155e-05 
 5.54625713e+04 -3.25166517e-04 -2.93235579e-06  2.58843262e-07 -2.87029161e-05 
 5.55904257e+04 -3.23672150e-04 -2.91216198e-06  2.57653312e-07 -2.86368691e-05 
 5.57185749e+04 -3.22184652e-04 -2.89210727e-06  2.56468835e-07 -2.85709743e-05 
 5.58470195e+04 -3.20703992e-04 -2.87219071e-06  2.55289807e-07 -2.85052312e-05 
 5.59757601e+04 -3.19230139e-04 -2.85241133e-06  2.54116201e-07 -2.84396396e-05 
 5.61047976e+04 -3.17763060e-04 -2.83276820e-06  2.52947994e-07 -2.83741990e-05 
 5.62341325e+04 -3.16302725e-04 -2.81326037e-06  2.51785160e-07 -2.83089092e-05 
 5.63637656e+04 -3.14849103e-04 -2.79388692e-06  2.50627675e-07 -2.82437697e-05 
 5.64936975e+04 -3.13402163e-04 -2.77464691e-06  2.49475514e-07 -2.81787803e-05 
 5.66239289e+04 -3.11961874e-04 -2.75553943e-06  2.48328653e-07 -2.81139405e-05 
 5.67544605e+04 -3.10528205e-04 -2.73656357e-06  2.47187066e-07 -2.80492501e-05 
 5.68852931e+04 -3.09101127e-04 -2.71771841e-06  2.46050730e-07 -2.79847087e-05 
 5.70164272e+04 -3.07680609e-04 -2.69900306e-06  2.44919621e-07 -2.79203159e-05 
 5.71478637e+04 -3.06266620e-04 -2.68041663e-06  2.43793715e-07 -2.78560714e-05 
 5.72796031e+04 -3.04859131e-04 -2.66195821e-06  2.42672987e-07 -2.77919749e-05 
 5.74116462e+04 -3.03458112e-04 -2.64362694e-06  2.41557414e-07 -2.77280260e-05 
 5.75439937e+04 -3.02063533e-04 -2.62542194e-06  2.40446971e-07 -2.76642244e-05 
 5.76766463e+04 -3.00675364e-04 -2.60734233e-06  2.39341637e-07 -2.76005697e-05 
 5.78096047e+04 -2.99293576e-04 -2.58938725e-06  2.38241386e-07 -2.75370617e-05 
 5.79428696e+04 -2.97918140e-04 -2.57155584e-06  2.37146195e-07 -2.74736999e-05 
 5.80764418e+04 -2.96549026e-04 -2.55384726e-06  2.36056042e-07 -2.74104840e-05 
 5.82103218e+04 -2.95186205e-04 -2.53626065e-06  2.34970903e-07 -2.73474137e-05 
 5.83445104e+04 -2.93829649e-04 -2.51879518e-06  2.33890755e-07 -2.72844886e-05 
 5.84790084e+04 -2.92479328e-04 -2.50145000e-06  2.32815574e-07 -2.72217085e-05 
 5.86138165e+04 -2.91135215e-04 -2.48422430e-06  2.31745339e-07 -2.71590729e-05 
 5.87489353e+04 -2.89797279e-04 -2.46711725e-06  2.30680026e-07 -2.70965816e-05 
 5.88843655e+04 -2.88465494e-04 -2.45012802e-06  2.29619612e-07 -2.70342342e-05 
 5.90201080e+04 -2.87139830e-04 -2.43325582e-06  2.28564076e-07 -2.69720304e-05 
 5.91561634e+04 -2.85820259e-04 -2.41649982e-06  2.27513394e-07 -2.69099698e-05 
 5.92925325e+04 -2.84506754e-04 -2.39985924e-06  2.26467545e-07 -2.68480522e-05 
 5.94292159e+04 -2.83199287e-04 -2.38333327e-06  2.25426505e-07 -2.67862771e-05 
 5.95662144e+04 -2.81897829e-04 -2.36692113e-06  2.24390253e-07 -2.67246443e-05 
 5.97035287e+04 -2.80602354e-04 -2.35062203e-06  2.23358768e-07 -2.66631534e-05 
 5.98411595e+04 -2.79312833e-04 -2.33443520e-06  2.22332026e-07 -2.66018041e-05 
 5.99791076e+04 -2.78029240e-04 -2.31835985e-06  2.21310006e-07 -2.65405962e-05 
 6.01173737e+04 -2.76751546e-04 -2.30239523e-06  2.20292686e-07 -2.64795291e-05 
 6.02559586e+04 -2.75479726e-04 -2.28654057e-06  2.19280045e-07 -2.64186027e-05 
 6.03948629e+04 -2.74213751e-04 -2.27079510e-06  2.18272062e-07 -2.63578166e-05 
 6.05340875e+04 -2.72953595e-04 -2.25515809e-06  2.17268714e-07 -2.62971704e-05 
 6.06736330e+04 -2.71699232e-04 -2.23962877e-06  2.16269980e-07 -2.62366640e-05 
 6.08135001e+04 -2.70450634e-04 -2.22420642e-06  2.15275839e-07 -2.61762968e-05 
 6.09536897e+04 -2.69207776e-04 -2.20889028e-06  2.14286271e-07 -2.61160687e-05 
 6.10942025e+04 -2.67970630e-04 -2.19367964e-06  2.13301253e-07 -2.60559792e-05 
 6.12350392e+04 -2.66739170e-04 -2.17857376e-06  2.12320765e-07 -2.59960281e-05 
 6.13762005e+04 -2.65513371e-04 -2.16357193e-06  2.11344787e-07 -2.59362151e-05 
 6.15176873e+04 -2.64293206e-04 -2.14867342e-06  2.10373297e-07 -2.58765398e-05 
 6.16595002e+04 -2.63078650e-04 -2.13387752e-06  2.09406274e-07 -2.58170019e-05 
 6.18016400e+04 -2.61869676e-04 -2.11918353e-06  2.08443699e-07 -2.57576010e-05 
 6.19441075e+04 -2.60666259e-04 -2.10459074e-06  2.07485550e-07 -2.56983370e-05 
 6.20869034e+04 -2.59468373e-04 -2.09009846e-06  2.06531808e-07 -2.56392095e-05 
 6.22300285e+04 -2.58275993e-04 -2.07570599e-06  2.05582451e-07 -2.55802181e-05 
 6.23734835e+04 -2.57089094e-04 -2.06141265e-06  2.04637461e-07 -2.55213625e-05 
 6.25172693e+04 -2.55907650e-04 -2.04721775e-06  2.03696816e-07 -2.54626424e-05 
 6.26613865e+04 -2.54731637e-04 -2.03312062e-06  2.02760497e-07 -2.54040576e-05 
 6.28058359e+04 -2.53561029e-04 -2.01912058e-06  2.01828484e-07 -2.53456076e-05 
 6.29506183e+04 -2.52395801e-04 -2.00521697e-06  2.00900757e-07 -2.52872922e-05 
 6.30957344e+04 -2.51235929e-04 -1.99140911e-06  1.99977296e-07 -2.52291111e-05 
 6.32411851e+04 -2.50081389e-04 -1.97769635e-06  1.99058081e-07 -2.51710640e-05 
 6.33869711e+04 -2.48932155e-04 -1.96407803e-06  1.98143094e-07 -2.51131505e-05 
 6.35330932e+04 -2.47788203e-04 -1.95055351e-06  1.97232315e-07 -2.50553704e-05 
 6.36795521e+04 -2.46649509e-04 -1.93712214e-06  1.96325723e-07 -2.49977233e-05 
 6.38263486e+04 -2.45516049e-04 -1.92378327e-06  1.95423301e-07 -2.49402089e-05 
 6.39734835e+04 -2.44387798e-04 -1.91053626e-06  1.94525028e-07 -2.48828270e-05 
 6.41209577e+04 -2.43264733e-04 -1.89738050e-06  1.93630887e-07 -2.48255772e-05 
 6.42687717e+04 -2.42146830e-04 -1.88431534e-06  1.92740857e-07 -2.47684592e-05 
 6.44169266e+04 -2.41034066e-04 -1.87134016e-06  1.91854919e-07 -2.47114727e-05 
 6.45654229e+04 -2.39926415e-04 -1.85845434e-06  1.90973056e-07 -2.46546174e-05 
 6.47142616e+04 -2.38823856e-04 -1.84565727e-06  1.90095248e-07 -2.45978930e-05 
 6.48634434e+04 -2.37726365e-04 -1.83294834e-06  1.89221476e-07 -2.45412992e-05 
 6.50129690e+04 -2.36633918e-04 -1.82032693e-06  1.88351722e-07 -2.44848358e-05 
 6.51628394e+04 -2.35546491e-04 -1.80779245e-06  1.87485968e-07 -2.44285023e-05 
 6.53130553e+04 -2.34464063e-04 -1.79534429e-06  1.86624195e-07 -2.43722985e-05 
 6.54636174e+04 -2.33386610e-04 -1.78298187e-06  1.85766384e-07 -2.43162241e-05 
 6.56145266e+04 -2.32314109e-04 -1.77070458e-06  1.84912518e-07 -2.42602789e-05 
 6.57657837e+04 -2.31246538e-04 -1.75851185e-06  1.84062579e-07 -2.42044624e-05 
 6.59173895e+04 -2.30183873e-04 -1.74640310e-06  1.83216547e-07 -2.41487744e-05 
 6.60693448e+04 -2.29126093e-04 -1.73437773e-06  1.82374406e-07 -2.40932147e-05 
 6.62216504e+04 -2.28073174e-04 -1.72243519e-06  1.81536137e-07 -2.40377829e-05 
 6.63743070e+04 -2.27025094e-04 -1.71057489e-06  1.80701723e-07 -2.39824787e-05 
 6.65273156e+04 -2.25981832e-04 -1.69879627e-06  1.79871146e-07 -2.39273018e-05 
 6.66806769e+04 -2.24943365e-04 -1.68709878e-06  1.79044388e-07 -2.38722519e-05 
 6.68343918e+04 -2.23909670e-04 -1.67548184e-06  1.78221431e-07 -2.38173288e-05 
 6.69884609e+04 -2.22880727e-04 -1.66394491e-06  1.77402259e-07 -2.37625321e-05 
 6.71428853e+04 -2.21856513e-04 -1.65248743e-06  1.76586853e-07 -2.37078616e-05 
 6.72976656e+04 -2.20837006e-04 -1.64110886e-06  1.75775197e-07 -2.36533170e-05 
 6.74528028e+04 -2.19822185e-04 -1.62980865e-06  1.74967272e-07 -2.35988979e-05 
 6.76082975e+04 -2.18812028e-04 -1.61858627e-06  1.74163063e-07 -2.35446041e-05 
 6.77641508e+04 -2.17806513e-04 -1.60744117e-06  1.73362551e-07 -2.34904353e-05 
 6.79203633e+04 -2.16805621e-04 -1.59637283e-06  1.72565720e-07 -2.34363912e-05 
 6.80769359e+04 -2.15809328e-04 -1.58538071e-06  1.71772554e-07 -2.33824715e-05 
 6.82338694e+04 -2.14817615e-04 -1.57446430e-06  1.70983034e-07 -2.33286760e-05 
 6.83911647e+04 -2.13830459e-04 -1.56362306e-06  1.70197144e-07 -2.32750043e-05 
 6.85488226e+04 -2.12847841e-04 -1.55285648e-06  1.69414868e-07 -2.32214562e-05 
 6.87068440e+04 -2.11869738e-04 -1.54216406e-06  1.68636189e-07 -2.31680313e-05 
 6.88652296e+04 -2.10896131e-04 -1.53154526e-06  1.67861090e-07 -2.31147295e-05 
 6.90239804e+04 -2.09926999e-04 -1.52099960e-06  1.67089555e-07 -2.30615503e-05 
 6.91830971e+04 -2.08962321e-04 -1.51052656e-06  1.66321567e-07 -2.30084936e-05 
 6.93425806e+04 -2.08002076e-04 -1.50012565e-06  1.65557111e-07 -2.29555590e-05 
 6.95024318e+04 -2.07046245e-04 -1.48979637e-06  1.64796170e-07 -2.29027462e-05 
 6.96626514e+04 -2.06094807e-04 -1.47953822e-06  1.64038727e-07 -2.28500551e-05 
 6.98232404e+04 -2.05147742e-04 -1.46935071e-06  1.63284767e-07 -2.27974852e-05 
 6.99841996e+04 -2.04205029e-04 -1.45923337e-06  1.62534273e-07 -2.27450364e-05 
 7.01455298e+04 -2.03266649e-04 -1.44918570e-06  1.61787231e-07 -2.26927083e-05 
 7.03072320e+04 -2.02332582e-04 -1.43920722e-06  1.61043623e-07 -2.26405006e-05 
 7.04693069e+04 -2.01402808e-04 -1.42929746e-06  1.60303434e-07 -2.25884132e-05 
 7.06317554e+04 -2.00477307e-04 -1.41945595e-06  1.59566648e-07 -2.25364456e-05 
 7.07945784e+04 -1.99556060e-04 -1.40968221e-06  1.58833250e-07 -2.24845977e-05 
 7.09577768e+04 -1.98639046e-04 -1.39997578e-06  1.58103223e-07 -2.24328692e-05 
 7.11213514e+04 -1.97726248e-04 -1.39033620e-06  1.57376554e-07 -2.23812597e-05 
 7.12853030e+04 -1.96817644e-04 -1.38076299e-06  1.56653225e-07 -2.23297690e-05 
 7.14496326e+04 -1.95913216e-04 -1.37125572e-06  1.55933222e-07 -2.22783968e-05 
 7.16143410e+04 -1.95012945e-04 -1.36181391e-06  1.55216530e-07 -2.22271430e-05 
 7.17794291e+04 -1.94116811e-04 -1.35243713e-06  1.54503132e-07 -2.21760070e-05 
 7.19448978e+04 -1.93224797e-04 -1.34312492e-06  1.53793015e-07 -2.21249888e-05 
 7.21107479e+04 -1.92336881e-04 -1.33387685e-06  1.53086162e-07 -2.20740881e-05 
 7.22769804e+04 -1.91453047e-04 -1.32469245e-06  1.52382560e-07 -2.20233045e-05 
 7.24435960e+04 -1.90573274e-04 -1.31557131e-06  1.51682192e-07 -2.19726378e-05 
 7.26105957e+04 -1.89697545e-04 -1.30651298e-06  1.50985044e-07 -2.19220878e-05 
 7.27779805e+04 -1.88825840e-04 -1.29751703e-06  1.50291102e-07 -2.18716541e-05 
 7.29457510e+04 -1.87958142e-04 -1.28858303e-06  1.49600350e-07 -2.18213364e-05 
 7.31139083e+04 -1.87094432e-04 -1.27971055e-06  1.48912773e-07 -2.17711347e-05 
 7.32824533e+04 -1.86234691e-04 -1.27089917e-06  1.48228358e-07 -2.17210484e-05 
 7.34513868e+04 -1.85378901e-04 -1.26214847e-06  1.47547090e-07 -2.16710775e-05 
 7.36207097e+04 -1.84527045e-04 -1.25345804e-06  1.46868954e-07 -2.16212216e-05 
 7.37904230e+04 -1.83679103e-04 -1.24482745e-06  1.46193935e-07 -2.15714805e-05 
 7.39605275e+04 -1.82835059e-04 -1.23625629e-06  1.45522020e-07 -2.15218538e-05 
 7.41310241e+04 -1.81994893e-04 -1.22774415e-06  1.44853194e-07 -2.14723414e-05 
 7.43019138e+04 -1.81158589e-04 -1.21929064e-06  1.44187443e-07 -2.14229429e-05 
 7.44731974e+04 -1.80326128e-04 -1.21089534e-06  1.43524753e-07 -2.13736582e-05 
 7.46448758e+04 -1.79497494e-04 -1.20255785e-06  1.42865110e-07 -2.13244869e-05 
 7.48169501e+04 -1.78672667e-04 -1.19427778e-06  1.42208499e-07 -2.12754288e-05 
 7.49894209e+04 -1.77851631e-04 -1.18605472e-06  1.41554907e-07 -2.12264836e-05 
 7.51622894e+04 -1.77034369e-04 -1.17788829e-06  1.40904320e-07 -2.11776511e-05 
 7.53355564e+04 -1.76220862e-04 -1.16977810e-06  1.40256723e-07 -2.11289309e-05 
 7.55092228e+04 -1.75411094e-04 -1.16172376e-06  1.39612105e-07 -2.10803229e-05 
 7.56832895e+04 -1.74605048e-04 -1.15372488e-06  1.38970449e-07 -2.10318268e-05 
 7.58577575e+04 -1.73802706e-04 -1.14578109e-06  1.38331744e-07 -2.09834423e-05 
 7.60326277e+04 -1.73004052e-04 -1.13789200e-06  1.37695975e-07 -2.09351692e-05 
 7.62079010e+04 -1.72209068e-04 -1.13005723e-06  1.37063129e-07 -2.08870072e-05 
 7.63835784e+04 -1.71417737e-04 -1.12227642e-06  1.36433192e-07 -2.08389561e-05 
 7.65596607e+04 -1.70630043e-04 -1.11454919e-06  1.35806151e-07 -2.07910155e-05 
 7.67361489e+04 -1.69845970e-04 -1.10687516e-06  1.35181993e-07 -2.07431853e-05 
 7.69130440e+04 -1.69065499e-04 -1.09925399e-06  1.34560704e-07 -2.06954652e-05 
 7.70903469e+04 -1.68288616e-04 -1.09168529e-06  1.33942272e-07 -2.06478549e-05 
 7.72680585e+04 -1.67515303e-04 -1.08416872e-06  1.33326683e-07 -2.06003542e-05 
 7.74461798e+04 -1.66745544e-04 -1.07670390e-06  1.32713924e-07 -2.05529629e-05 
 7.76247117e+04 -1.65979322e-04 -1.06929049e-06  1.32103981e-07 -2.05056806e-05 
 7.78036551e+04 -1.65216622e-04 -1.06192813e-06  1.31496843e-07 -2.04585071e-05 
 7.79830111e+04 -1.64457427e-04 -1.05461647e-06  1.30892496e-07 -2.04114423e-05 
 7.81627805e+04 -1.63701721e-04 -1.04735515e-06  1.30290928e-07 -2.03644857e-05 
 7.83429643e+04 -1.62949488e-04 -1.04014384e-06  1.29692124e-07 -2.03176372e-05 
 7.85235635e+04 -1.62200712e-04 -1.03298219e-06  1.29096074e-07 -2.02708966e-05 
 7.87045790e+04 -1.61455377e-04 -1.02586985e-06  1.28502764e-07 -2.02242635e-05 
 7.88860118e+04 -1.60713468e-04 -1.01880649e-06  1.27912181e-07 -2.01777378e-05 
 7.90678628e+04 -1.59974968e-04 -1.01179177e-06  1.27324314e-07 -2.01313191e-05 
 7.92501330e+04 -1.59239862e-04 -1.00482535e-06  1.26739149e-07 -2.00850073e-05 
 7.94328235e+04 -1.58508134e-04 -9.97906904e-07  1.26156674e-07 -2.00388021e-05 
 7.96159350e+04 -1.57779769e-04 -9.91036099e-07  1.25576876e-07 -1.99927032e-05 
 7.97994687e+04 -1.57054752e-04 -9.84212606e-07  1.24999744e-07 -1.99467104e-05 
 7.99834255e+04 -1.56333066e-04 -9.77436099e-07  1.24425266e-07 -1.99008235e-05 
 8.01678063e+04 -1.55614697e-04 -9.70706256e-07  1.23853428e-07 -1.98550421e-05 
 8.03526122e+04 -1.54899629e-04 -9.64022755e-07  1.23284219e-07 -1.98093662e-05 
 8.05378441e+04 -1.54187848e-04 -9.57385277e-07  1.22717626e-07 -1.97637954e-05 
 8.07235030e+04 -1.53479338e-04 -9.50793504e-07  1.22153639e-07 -1.97183294e-05 
 8.09095899e+04 -1.52774083e-04 -9.44247123e-07  1.21592244e-07 -1.96729681e-05 
 8.10961058e+04 -1.52072070e-04 -9.37745819e-07  1.21033429e-07 -1.96277112e-05 
 8.12830516e+04 -1.51373283e-04 -9.31289284e-07  1.20477184e-07 -1.95825585e-05 
 8.14704284e+04 -1.50677707e-04 -9.24877208e-07  1.19923496e-07 -1.95375096e-05 
 8.16582371e+04 -1.49985328e-04 -9.18509285e-07  1.19372352e-07 -1.94925645e-05 
 8.18464788e+04 -1.49296131e-04 -9.12185212e-07  1.18823743e-07 -1.94477228e-05 
 8.20351544e+04 -1.48610101e-04 -9.05904685e-07  1.18277656e-07 -1.94029843e-05 
 8.22242650e+04 -1.47927224e-04 -8.99667406e-07  1.17734078e-07 -1.93583487e-05 
 8.24138115e+04 -1.47247485e-04 -8.93473077e-07  1.17193000e-07 -1.93138159e-05 
 8.26037950e+04 -1.46570870e-04 -8.87321401e-07  1.16654409e-07 -1.92693856e-05 
 8.27942164e+04 -1.45897364e-04 -8.81212085e-07  1.16118294e-07 -1.92250576e-05 
 8.29850768e+04 -1.45226954e-04 -8.75144837e-07  1.15584643e-07 -1.91808315e-05 
 8.31763771e+04 -1.44559624e-04 -8.69119367e-07  1.15053446e-07 -1.91367072e-05 
 8.33681185e+04 -1.43895362e-04 -8.63135389e-07  1.14524690e-07 -1.90926845e-05 
 8.35603018e+04 -1.43234151e-04 -8.57192615e-07  1.13998365e-07 -1.90487631e-05 
 8.37529282e+04 -1.42575980e-04 -8.51290762e-07  1.13474459e-07 -1.90049428e-05 
 8.39459987e+04 -1.41920833e-04 -8.45429548e-07  1.12952962e-07 -1.89612233e-05 
 8.41395142e+04 -1.41268697e-04 -8.39608694e-07  1.12433862e-07 -1.89176045e-05 
 8.43334758e+04 -1.40619558e-04 -8.33827921e-07  1.11917148e-07 -1.88740860e-05 
 8.45278845e+04 -1.39973402e-04 -8.28086954e-07  1.11402810e-07 -1.88306677e-05 
 8.47227414e+04 -1.39330215e-04 -8.22385518e-07  1.10890836e-07 -1.87873493e-05 
 8.49180475e+04 -1.38689985e-04 -8.16723341e-07  1.10381215e-07 -1.87441306e-05 
 8.51138038e+04 -1.38052696e-04 -8.11100153e-07  1.09873937e-07 -1.87010114e-05 
 8.53100114e+04 -1.37418336e-04 -8.05515684e-07  1.09368990e-07 -1.86579913e-05 
 8.55066713e+04 -1.36786891e-04 -7.99969669e-07  1.08866365e-07 -1.86150703e-05 
 8.57037845e+04 -1.36158349e-04 -7.94461843e-07  1.08366050e-07 -1.85722481e-05 
 8.59013522e+04 -1.35532694e-04 -7.88991943e-07  1.07868036e-07 -1.85295244e-05 
 8.60993752e+04 -1.34909915e-04 -7.83559706e-07  1.07372310e-07 -1.84868991e-05 
 8.62978548e+04 -1.34289998e-04 -7.78164875e-07  1.06878863e-07 -1.84443718e-05 
 8.64967919e+04 -1.33672929e-04 -7.72807191e-07  1.06387684e-07 -1.84019424e-05 
 8.66961876e+04 -1.33058697e-04 -7.67486399e-07  1.05898764e-07 -1.83596107e-05 
 8.68960429e+04 -1.32447287e-04 -7.62202245e-07  1.05412090e-07 -1.83173763e-05 
 8.70963590e+04 -1.31838687e-04 -7.56954475e-07  1.04927654e-07 -1.82752392e-05 
 8.72971368e+04 -1.31232883e-04 -7.51742840e-07  1.04445444e-07 -1.82331990e-05 
 8.74983775e+04 -1.30629864e-04 -7.46567091e-07  1.03965452e-07 -1.81912556e-05 
 8.77000821e+04 -1.30029616e-04 -7.41426981e-07  1.03487665e-07 -1.81494087e-05 
 8.79022517e+04 -1.29432126e-04 -7.36322264e-07  1.03012075e-07 -1.81076581e-05 
 8.81048873e+04 -1.28837382e-04 -7.31252696e-07  1.02538670e-07 -1.80660036e-05 
 8.83079900e+04 -1.28245371e-04 -7.26218035e-07  1.02067442e-07 -1.80244450e-05 
 8.85115610e+04 -1.27656081e-04 -7.21218042e-07  1.01598380e-07 -1.79829819e-05 
 8.87156012e+04 -1.27069498e-04 -7.16252477e-07  1.01131474e-07 -1.79416143e-05 
 8.89201118e+04 -1.26485612e-04 -7.11321103e-07  1.00666715e-07 -1.79003419e-05 
 8.91250938e+04 -1.25904408e-04 -7.06423684e-07  1.00204091e-07 -1.78591645e-05 
 8.93305484e+04 -1.25325876e-04 -7.01559987e-07  9.97435941e-08 -1.78180818e-05 
 8.95364766e+04 -1.24750002e-04 -6.96729780e-07  9.92852139e-08 -1.77770937e-05 
 8.97428795e+04 -1.24176774e-04 -6.91932832e-07  9.88289407e-08 -1.77361999e-05 
 8.99497582e+04 -1.23606181e-04 -6.87168914e-07  9.83747647e-08 -1.76954002e-05 
 9.01571138e+04 -1.23038210e-04 -6.82437798e-07  9.79226764e-08 -1.76546944e-05 
 9.03649474e+04 -1.22472848e-04 -6.77739259e-07  9.74726661e-08 -1.76140823e-05 
 9.05732601e+04 -1.21910085e-04 -6.73073072e-07  9.70247244e-08 -1.75735636e-05 
 9.07820530e+04 -1.21349908e-04 -6.68439014e-07  9.65788416e-08 -1.75331381e-05 
 9.09913273e+04 -1.20792306e-04 -6.63836865e-07  9.61350083e-08 -1.74928057e-05 
 9.12010839e+04 -1.20237265e-04 -6.59266404e-07  9.56932151e-08 -1.74525661e-05 
 9.14113241e+04 -1.19684776e-04 -6.54727413e-07  9.52534527e-08 -1.74124191e-05 
 9.16220490e+04 -1.19134825e-04 -6.50219675e-07  9.48157116e-08 -1.73723645e-05 
 9.18332596e+04 -1.18587402e-04 -6.45742976e-07  9.43799825e-08 -1.73324021e-05 
 9.20449572e+04 -1.18042494e-04 -6.41297101e-07  9.39462563e-08 -1.72925316e-05 
 9.22571427e+04 -1.17500090e-04 -6.36881838e-07  9.35145237e-08 -1.72527528e-05 
 9.24698174e+04 -1.16960179e-04 -6.32496977e-07  9.30847756e-08 -1.72130656e-05 
 9.26829823e+04 -1.16422749e-04 -6.28142308e-07  9.26570028e-08 -1.71734698e-05 
 9.28966387e+04 -1.15887788e-04 -6.23817623e-07  9.22311962e-08 -1.71339650e-05 
 9.31107875e+04 -1.15355286e-04 -6.19522715e-07  9.18073468e-08 -1.70945512e-05 
 9.33254301e+04 -1.14825231e-04 -6.15257380e-07  9.13854456e-08 -1.70552280e-05 
 9.35405674e+04 -1.14297612e-04 -6.11021414e-07  9.09654836e-08 -1.70159953e-05 
 9.37562007e+04 -1.13772417e-04 -6.06814615e-07  9.05474519e-08 -1.69768529e-05 
 9.39723311e+04 -1.13249636e-04 -6.02636781e-07  9.01313417e-08 -1.69378006e-05 
 9.41889597e+04 -1.12729257e-04 -5.98487713e-07  8.97171442e-08 -1.68988382e-05 
 9.44060876e+04 -1.12211270e-04 -5.94367214e-07  8.93048504e-08 -1.68599654e-05 
 9.46237161e+04 -1.11695663e-04 -5.90275087e-07  8.88944517e-08 -1.68211820e-05 
 9.48418463e+04 -1.11182425e-04 -5.86211135e-07  8.84859393e-08 -1.67824879e-05 
 9.50604794e+04 -1.10671546e-04 -5.82175166e-07  8.80793046e-08 -1.67438829e-05 
 9.52796164e+04 -1.10163014e-04 -5.78166985e-07  8.76745389e-08 -1.67053666e-05 
 9.54992586e+04 -1.09656819e-04 -5.74186403e-07  8.72716337e-08 -1.66669390e-05 
 9.57194071e+04 -1.09152951e-04 -5.70233229e-07  8.68705804e-08 -1.66285998e-05 
 9.59400632e+04 -1.08651398e-04 -5.66307274e-07  8.64713704e-08 -1.65903489e-05 
 9.61612278e+04 -1.08152149e-04 -5.62408351e-07  8.60739954e-08 -1.65521859e-05 
 9.63829024e+04 -1.07655195e-04 -5.58536273e-07  8.56784468e-08 -1.65141108e-05 
 9.66050879e+04 -1.07160525e-04 -5.54690857e-07  8.52847163e-08 -1.64761233e-05 
 9.68277856e+04 -1.06668127e-04 -5.50871917e-07  8.48927954e-08 -1.64382232e-05 
 9.70509967e+04 -1.06177993e-04 -5.47079272e-07  8.45026760e-08 -1.64004103e-05 
 9.72747224e+04 -1.05690111e-04 -5.43312741e-07  8.41143497e-08 -1.63626844e-05 
 9.74989638e+04 -1.05204470e-04 -5.39572144e-07  8.37278082e-08 -1.63250454e-05 
 9.77237221e+04 -1.04721062e-04 -5.35857302e-07  8.33430433e-08 -1.62874929e-05 
 9.79489985e+04 -1.04239875e-04 -5.32168038e-07  8.29600470e-08 -1.62500268e-05 
 9.81747943e+04 -1.03760899e-04 -5.28504176e-07  8.25788110e-08 -1.62126470e-05 
 9.84011106e+04 -1.03284124e-04 -5.24865541e-07  8.21993272e-08 -1.61753531e-05 
 9.86279486e+04 -1.02809540e-04 -5.21251960e-07  8.18215877e-08 -1.61381451e-05 
 9.88553095e+04 -1.02337137e-04 -5.17663258e-07  8.14455843e-08 -1.61010227e-05 
 9.90831945e+04 -1.01866904e-04 -5.14099267e-07  8.10713091e-08 -1.60639857e-05 
 9.93116048e+04 -1.01398833e-04 -5.10559814e-07  8.06987542e-08 -1.60270340e-05 
 9.95405417e+04 -1.00932912e-04 -5.07044732e-07  8.03279116e-08 -1.59901672e-05 
 9.97700064e+04 -1.00469133e-04 -5.03553851e-07  7.99587735e-08 -1.59533853e-05 
 1.00000000e+05 -1.00007484e-04 -5.00087007e-07  7.95913320e-08 -1.59166880e-05 
